id_campaign,customer_id,campaign_status,campaign_channel,activity_subject,start_date,end_date,last_modified_date
CAMPAIGN_00001,CUST_00548,Failed,email,Holiday Sale,2023-06-27,2023-07-05,2023-07-05
CAMPAIGN_00002,CUST_01086,Done,letter,Personalized Offer,2024-07-01,2024-07-04,2024-07-07
CAMPAIGN_00003,CUST_01524,Failed,sms,VIP Re-engagement,2024-11-30,2024-12-09,2024-12-13
CAMPAIGN_00004,CUST_02811,Done,sms,Spring Collection Launch,2024-08-27,2024-09-01,2024-09-04
CAMPAIGN_00005,CUST_01135,Done,email,Spring Collection Launch,2024-09-22,2024-09-28,2024-10-02
CAMPAIGN_00006,CUST_01064,Done,letter,Spring Collection Launch,2023-12-06,2023-12-09,2023-12-13
CAMPAIGN_00007,CUST_02231,Done,letter,Personalized Offer,2024-01-14,2024-01-17,2024-01-19
CAMPAIGN_00008,CUST_00251,Done,letter,Spring Collection Launch,2024-08-20,2024-08-28,2024-09-01
CAMPAIGN_00009,CUST_01039,Done,email,Anniversary Campaign,2023-07-26,2023-07-29,2023-08-02
CAMPAIGN_00010,CUST_03301,Failed,call,Spring Collection Launch,2023-11-30,2023-12-01,2023-12-02
CAMPAIGN_00011,CUST_00952,Failed,call,Personalized Offer,2024-11-12,2024-11-18,2024-11-19
CAMPAIGN_00012,CUST_00854,Done,email,Exclusive Preview,2024-08-08,2024-08-17,2024-08-19
CAMPAIGN_00013,CUST_03442,Done,call,VIP Re-engagement,2023-04-03,2023-04-07,2023-04-11
CAMPAIGN_00014,CUST_02723,Done,email,Exclusive Preview,2024-08-16,2024-08-17,2024-08-18
CAMPAIGN_00015,CUST_02282,Failed,sms,Anniversary Campaign,2023-10-02,2023-10-10,2023-10-14
CAMPAIGN_00016,CUST_02855,Done,letter,Holiday Sale,2024-03-26,2024-04-05,2024-04-10
CAMPAIGN_00017,CUST_00208,Failed,call,Anniversary Campaign,2023-12-08,2023-12-13,2023-12-13
CAMPAIGN_00018,CUST_00998,Failed,sms,New Arrivals,2023-11-19,2023-11-24,2023-11-28
CAMPAIGN_00019,CUST_01066,Done,letter,New Arrivals,2023-09-04,2023-09-06,2023-09-06
CAMPAIGN_00020,CUST_02896,Done,letter,Anniversary Campaign,2023-04-23,2023-05-01,2023-05-02
CAMPAIGN_00021,CUST_02749,Done,email,Exclusive Preview,2023-02-02,2023-02-04,2023-02-08
CAMPAIGN_00022,CUST_01337,Failed,call,VIP Re-engagement,2024-10-10,2024-10-15,2024-10-15
CAMPAIGN_00023,CUST_02539,Done,email,Personalized Offer,2023-08-15,2023-08-22,2023-08-22
CAMPAIGN_00024,CUST_01467,Done,letter,Personalized Offer,2023-02-26,2023-03-03,2023-03-03
CAMPAIGN_00025,CUST_00065,Done,email,Loyalty Program Update,2024-04-09,2024-04-18,2024-04-19
CAMPAIGN_00026,CUST_02922,Failed,email,Loyalty Program Update,2024-04-08,2024-04-15,2024-04-19
CAMPAIGN_00027,CUST_02573,Done,call,Loyalty Program Update,2023-10-24,2023-10-25,2023-10-26
CAMPAIGN_00028,CUST_00605,Done,email,Holiday Sale,2023-08-13,2023-08-15,2023-08-20
CAMPAIGN_00029,CUST_02295,Done,call,Anniversary Campaign,2023-06-28,2023-06-29,2023-07-04
CAMPAIGN_00030,CUST_02587,Done,letter,Spring Collection Launch,2023-10-01,2023-10-11,2023-10-15
CAMPAIGN_00031,CUST_03197,Done,letter,Personalized Offer,2023-09-08,2023-09-18,2023-09-22
CAMPAIGN_00032,CUST_01826,Done,sms,Anniversary Campaign,2023-11-17,2023-11-27,2023-11-29
CAMPAIGN_00033,CUST_02812,Done,letter,Exclusive Preview,2024-08-05,2024-08-13,2024-08-16
CAMPAIGN_00034,CUST_00921,Done,call,New Arrivals,2024-08-20,2024-08-27,2024-08-29
CAMPAIGN_00035,CUST_03379,Done,sms,Holiday Sale,2024-10-22,2024-10-31,2024-11-04
CAMPAIGN_00036,CUST_02504,Done,sms,New Arrivals,2023-12-12,2023-12-20,2023-12-22
CAMPAIGN_00037,CUST_00270,Failed,sms,Spring Collection Launch,2023-09-11,2023-09-13,2023-09-13
CAMPAIGN_00038,CUST_02289,Failed,letter,Exclusive Preview,2024-12-21,2024-12-26,2024-12-31
CAMPAIGN_00039,CUST_02978,Done,email,Exclusive Preview,2023-11-07,2023-11-10,2023-11-12
CAMPAIGN_00040,CUST_03170,Done,email,Loyalty Program Update,2023-12-04,2023-12-11,2023-12-13
CAMPAIGN_00041,CUST_00612,Done,sms,Exclusive Preview,2024-08-03,2024-08-07,2024-08-08
CAMPAIGN_00042,CUST_02976,Done,sms,Exclusive Preview,2023-12-11,2023-12-16,2023-12-19
CAMPAIGN_00043,CUST_02537,Done,call,Spring Collection Launch,2024-02-15,2024-02-20,2024-02-24
CAMPAIGN_00044,CUST_00599,Failed,sms,Personalized Offer,2024-06-03,2024-06-12,2024-06-13
CAMPAIGN_00045,CUST_00875,Done,letter,New Arrivals,2024-10-23,2024-10-26,2024-10-29
CAMPAIGN_00046,CUST_00354,Done,email,Loyalty Program Update,2023-08-04,2023-08-09,2023-08-09
CAMPAIGN_00047,CUST_00373,Done,email,Anniversary Campaign,2024-09-22,2024-10-01,2024-10-05
CAMPAIGN_00048,CUST_03296,Failed,email,Spring Collection Launch,2024-04-17,2024-04-20,2024-04-20
CAMPAIGN_00049,CUST_02829,Failed,sms,Loyalty Program Update,2024-10-26,2024-11-01,2024-11-02
CAMPAIGN_00050,CUST_02377,Done,letter,Holiday Sale,2024-12-23,2025-01-02,2025-01-06
CAMPAIGN_00051,CUST_00868,Done,email,Exclusive Preview,2023-05-30,2023-06-03,2023-06-03
CAMPAIGN_00052,CUST_00473,Done,letter,Loyalty Program Update,2023-06-05,2023-06-14,2023-06-18
CAMPAIGN_00053,CUST_00123,Done,sms,Anniversary Campaign,2023-04-11,2023-04-14,2023-04-17
CAMPAIGN_00054,CUST_00884,Done,letter,Spring Collection Launch,2023-05-18,2023-05-22,2023-05-26
CAMPAIGN_00055,CUST_00297,Done,sms,Spring Collection Launch,2023-02-20,2023-02-21,2023-02-23
CAMPAIGN_00056,CUST_02590,Done,email,Spring Collection Launch,2023-12-02,2023-12-08,2023-12-11
CAMPAIGN_00057,CUST_01608,Failed,email,Spring Collection Launch,2024-03-10,2024-03-14,2024-03-14
CAMPAIGN_00058,CUST_02816,Done,email,Personalized Offer,2023-05-02,2023-05-05,2023-05-05
CAMPAIGN_00059,CUST_01776,Done,call,Holiday Sale,2023-07-20,2023-07-27,2023-07-27
CAMPAIGN_00060,CUST_02503,Failed,call,Spring Collection Launch,2024-11-19,2024-11-29,2024-12-04
CAMPAIGN_00061,CUST_00402,Failed,email,Loyalty Program Update,2024-11-19,2024-11-28,2024-12-02
CAMPAIGN_00062,CUST_02724,Failed,call,Anniversary Campaign,2023-05-04,2023-05-07,2023-05-09
CAMPAIGN_00063,CUST_02750,Done,email,Personalized Offer,2023-09-23,2023-10-01,2023-10-06
CAMPAIGN_00064,CUST_00503,Failed,letter,VIP Re-engagement,2024-09-04,2024-09-13,2024-09-18
CAMPAIGN_00065,CUST_03215,Done,letter,Loyalty Program Update,2023-02-18,2023-02-23,2023-02-28
CAMPAIGN_00066,CUST_00787,Failed,sms,Personalized Offer,2024-01-20,2024-01-27,2024-01-30
CAMPAIGN_00067,CUST_00907,Done,call,Exclusive Preview,2023-11-16,2023-11-22,2023-11-25
CAMPAIGN_00068,CUST_00806,Failed,letter,New Arrivals,2023-09-29,2023-10-08,2023-10-13
CAMPAIGN_00069,CUST_03479,Failed,sms,Exclusive Preview,2023-05-15,2023-05-16,2023-05-20
CAMPAIGN_00070,CUST_03131,Done,email,New Arrivals,2024-08-27,2024-09-06,2024-09-11
CAMPAIGN_00071,CUST_02102,Done,call,Loyalty Program Update,2024-12-17,2024-12-18,2024-12-18
CAMPAIGN_00072,CUST_01266,Failed,letter,New Arrivals,2024-03-22,2024-03-31,2024-03-31
CAMPAIGN_00073,CUST_02910,Done,sms,Exclusive Preview,2024-07-16,2024-07-19,2024-07-23
CAMPAIGN_00074,CUST_02934,Failed,sms,Spring Collection Launch,2024-10-06,2024-10-12,2024-10-17
CAMPAIGN_00075,CUST_02317,Done,letter,Spring Collection Launch,2024-05-10,2024-05-19,2024-05-21
CAMPAIGN_00076,CUST_00137,Done,sms,Loyalty Program Update,2023-02-16,2023-02-19,2023-02-22
CAMPAIGN_00077,CUST_03302,Done,sms,Exclusive Preview,2023-03-10,2023-03-16,2023-03-20
CAMPAIGN_00078,CUST_03379,Done,email,New Arrivals,2024-12-29,2025-01-06,2025-01-06
CAMPAIGN_00079,CUST_03182,Done,email,New Arrivals,2024-05-27,2024-05-30,2024-06-03
CAMPAIGN_00080,CUST_02201,Failed,call,Personalized Offer,2023-10-13,2023-10-17,2023-10-21
CAMPAIGN_00081,CUST_00577,Done,email,New Arrivals,2023-05-01,2023-05-02,2023-05-02
CAMPAIGN_00082,CUST_00537,Done,email,Loyalty Program Update,2023-02-08,2023-02-11,2023-02-16
CAMPAIGN_00083,CUST_02651,Done,email,Anniversary Campaign,2024-12-10,2024-12-17,2024-12-17
CAMPAIGN_00084,CUST_02619,Failed,letter,Spring Collection Launch,2023-03-23,2023-03-26,2023-03-26
CAMPAIGN_00085,CUST_03317,Done,sms,Personalized Offer,2024-08-08,2024-08-15,2024-08-17
CAMPAIGN_00086,CUST_03322,Done,email,Spring Collection Launch,2024-12-21,2024-12-25,2024-12-28
CAMPAIGN_00087,CUST_03355,Failed,letter,Holiday Sale,2024-06-12,2024-06-19,2024-06-23
CAMPAIGN_00088,CUST_01946,Done,letter,Anniversary Campaign,2024-05-27,2024-06-03,2024-06-07
CAMPAIGN_00089,CUST_03287,Done,sms,Spring Collection Launch,2023-11-05,2023-11-10,2023-11-11
CAMPAIGN_00090,CUST_03446,Done,email,Personalized Offer,2024-12-13,2024-12-18,2024-12-18
CAMPAIGN_00091,CUST_00713,Done,letter,Holiday Sale,2023-10-12,2023-10-17,2023-10-17
CAMPAIGN_00092,CUST_03471,Done,sms,New Arrivals,2023-10-28,2023-11-01,2023-11-04
CAMPAIGN_00093,CUST_02888,Failed,email,Anniversary Campaign,2023-02-01,2023-02-03,2023-02-03
CAMPAIGN_00094,CUST_02502,Failed,letter,Personalized Offer,2023-11-13,2023-11-16,2023-11-17
CAMPAIGN_00095,CUST_00581,Done,letter,Holiday Sale,2024-07-24,2024-08-01,2024-08-02
CAMPAIGN_00096,CUST_02133,Done,sms,VIP Re-engagement,2023-02-07,2023-02-12,2023-02-15
CAMPAIGN_00097,CUST_02013,Done,email,Holiday Sale,2023-11-18,2023-11-24,2023-11-25
CAMPAIGN_00098,CUST_00824,Failed,email,Spring Collection Launch,2023-05-26,2023-05-27,2023-05-30
CAMPAIGN_00099,CUST_00527,Failed,letter,Personalized Offer,2024-02-07,2024-02-17,2024-02-22
CAMPAIGN_00100,CUST_03357,Failed,call,VIP Re-engagement,2024-02-23,2024-03-03,2024-03-05
CAMPAIGN_00101,CUST_01114,Done,sms,Loyalty Program Update,2023-10-22,2023-11-01,2023-11-04
CAMPAIGN_00102,CUST_00127,Failed,call,VIP Re-engagement,2024-04-27,2024-05-04,2024-05-05
CAMPAIGN_00103,CUST_00468,Done,letter,Exclusive Preview,2023-04-29,2023-05-08,2023-05-11
CAMPAIGN_00104,CUST_00493,Done,sms,Spring Collection Launch,2023-06-16,2023-06-23,2023-06-23
CAMPAIGN_00105,CUST_02787,Failed,sms,Personalized Offer,2023-12-12,2023-12-16,2023-12-16
CAMPAIGN_00106,CUST_01388,Done,sms,New Arrivals,2024-01-25,2024-02-02,2024-02-02
CAMPAIGN_00107,CUST_01513,Done,sms,VIP Re-engagement,2023-08-27,2023-09-05,2023-09-05
CAMPAIGN_00108,CUST_01475,Done,letter,Anniversary Campaign,2023-01-30,2023-02-07,2023-02-09
CAMPAIGN_00109,CUST_02731,Done,sms,VIP Re-engagement,2024-04-10,2024-04-20,2024-04-20
CAMPAIGN_00110,CUST_01421,Done,call,Holiday Sale,2024-09-04,2024-09-14,2024-09-14
CAMPAIGN_00111,CUST_01577,Done,call,Holiday Sale,2024-03-23,2024-03-31,2024-04-03
CAMPAIGN_00112,CUST_01048,Failed,email,Exclusive Preview,2024-04-14,2024-04-16,2024-04-21
CAMPAIGN_00113,CUST_02058,Done,letter,New Arrivals,2024-08-24,2024-08-28,2024-08-31
CAMPAIGN_00114,CUST_02079,Done,email,Exclusive Preview,2024-03-17,2024-03-26,2024-03-26
CAMPAIGN_00115,CUST_03177,Done,sms,Holiday Sale,2024-06-05,2024-06-13,2024-06-18
CAMPAIGN_00116,CUST_01591,Done,email,Personalized Offer,2024-02-15,2024-02-19,2024-02-21
CAMPAIGN_00117,CUST_00816,Done,call,Personalized Offer,2024-05-15,2024-05-25,2024-05-26
CAMPAIGN_00118,CUST_00713,Done,call,VIP Re-engagement,2023-09-24,2023-09-26,2023-10-01
CAMPAIGN_00119,CUST_01976,Done,sms,New Arrivals,2024-11-09,2024-11-18,2024-11-21
CAMPAIGN_00120,CUST_01034,Done,email,Exclusive Preview,2024-05-24,2024-05-29,2024-06-02
CAMPAIGN_00121,CUST_02519,Done,email,Loyalty Program Update,2023-05-14,2023-05-20,2023-05-23
CAMPAIGN_00122,CUST_01281,Done,sms,Personalized Offer,2023-03-09,2023-03-10,2023-03-11
CAMPAIGN_00123,CUST_02636,Done,email,VIP Re-engagement,2023-10-15,2023-10-19,2023-10-20
CAMPAIGN_00124,CUST_00927,Done,call,Holiday Sale,2023-12-07,2023-12-08,2023-12-11
CAMPAIGN_00125,CUST_02755,Done,sms,Loyalty Program Update,2023-11-15,2023-11-24,2023-11-24
CAMPAIGN_00126,CUST_01274,Failed,letter,New Arrivals,2024-10-07,2024-10-08,2024-10-09
CAMPAIGN_00127,CUST_02588,Done,letter,VIP Re-engagement,2024-11-15,2024-11-24,2024-11-27
CAMPAIGN_00128,CUST_02749,Done,letter,VIP Re-engagement,2024-09-14,2024-09-17,2024-09-22
CAMPAIGN_00129,CUST_03095,Done,email,Exclusive Preview,2023-09-28,2023-09-30,2023-10-01
CAMPAIGN_00130,CUST_01679,Done,email,Loyalty Program Update,2023-04-07,2023-04-14,2023-04-15
CAMPAIGN_00131,CUST_00353,Done,call,New Arrivals,2023-07-08,2023-07-14,2023-07-17
CAMPAIGN_00132,CUST_01009,Done,email,Anniversary Campaign,2023-03-31,2023-04-08,2023-04-10
CAMPAIGN_00133,CUST_01373,Done,letter,Personalized Offer,2023-01-11,2023-01-20,2023-01-23
CAMPAIGN_00134,CUST_02396,Failed,letter,Spring Collection Launch,2024-08-14,2024-08-17,2024-08-17
CAMPAIGN_00135,CUST_00877,Done,letter,New Arrivals,2024-12-09,2024-12-18,2024-12-22
CAMPAIGN_00136,CUST_01366,Done,email,Spring Collection Launch,2023-07-11,2023-07-21,2023-07-22
CAMPAIGN_00137,CUST_02439,Failed,email,Personalized Offer,2024-09-24,2024-10-01,2024-10-01
CAMPAIGN_00138,CUST_03390,Failed,email,Anniversary Campaign,2024-10-06,2024-10-16,2024-10-16
CAMPAIGN_00139,CUST_01842,Done,call,Personalized Offer,2024-03-21,2024-03-29,2024-03-31
CAMPAIGN_00140,CUST_01445,Done,letter,Exclusive Preview,2024-11-28,2024-12-06,2024-12-09
CAMPAIGN_00141,CUST_03279,Done,email,VIP Re-engagement,2023-04-05,2023-04-09,2023-04-11
CAMPAIGN_00142,CUST_00792,Done,email,Loyalty Program Update,2023-07-29,2023-08-04,2023-08-06
CAMPAIGN_00143,CUST_02342,Done,letter,Exclusive Preview,2024-04-19,2024-04-23,2024-04-23
CAMPAIGN_00144,CUST_02459,Failed,call,Exclusive Preview,2024-09-20,2024-09-29,2024-09-29
CAMPAIGN_00145,CUST_02120,Done,sms,VIP Re-engagement,2023-12-02,2023-12-04,2023-12-04
CAMPAIGN_00146,CUST_03399,Done,email,Holiday Sale,2023-06-03,2023-06-07,2023-06-12
CAMPAIGN_00147,CUST_02994,Done,email,New Arrivals,2023-01-01,2023-01-08,2023-01-10
CAMPAIGN_00148,CUST_00952,Failed,call,Anniversary Campaign,2024-06-18,2024-06-24,2024-06-29
CAMPAIGN_00149,CUST_00128,Done,call,Anniversary Campaign,2024-11-06,2024-11-13,2024-11-15
CAMPAIGN_00150,CUST_01363,Done,letter,Anniversary Campaign,2023-12-20,2023-12-28,2023-12-30
CAMPAIGN_00151,CUST_01531,Failed,call,Exclusive Preview,2023-09-10,2023-09-15,2023-09-18
CAMPAIGN_00152,CUST_02579,Done,sms,Spring Collection Launch,2024-02-29,2024-03-10,2024-03-10
CAMPAIGN_00153,CUST_00760,Failed,letter,Spring Collection Launch,2023-10-12,2023-10-17,2023-10-21
CAMPAIGN_00154,CUST_01024,Failed,letter,New Arrivals,2023-01-12,2023-01-17,2023-01-22
CAMPAIGN_00155,CUST_02364,Done,call,Holiday Sale,2023-06-11,2023-06-15,2023-06-20
CAMPAIGN_00156,CUST_03144,Done,letter,Personalized Offer,2024-07-01,2024-07-09,2024-07-12
CAMPAIGN_00157,CUST_02080,Failed,email,Loyalty Program Update,2024-06-17,2024-06-26,2024-06-27
CAMPAIGN_00158,CUST_01717,Done,letter,VIP Re-engagement,2023-10-06,2023-10-12,2023-10-13
CAMPAIGN_00159,CUST_01119,Failed,sms,Loyalty Program Update,2024-08-07,2024-08-15,2024-08-19
CAMPAIGN_00160,CUST_00791,Done,email,New Arrivals,2023-06-26,2023-07-04,2023-07-04
CAMPAIGN_00161,CUST_00338,Failed,letter,Personalized Offer,2024-03-04,2024-03-06,2024-03-09
CAMPAIGN_00162,CUST_01635,Done,email,Loyalty Program Update,2023-02-21,2023-03-03,2023-03-07
CAMPAIGN_00163,CUST_00312,Done,letter,Exclusive Preview,2023-06-14,2023-06-24,2023-06-26
CAMPAIGN_00164,CUST_00915,Failed,sms,VIP Re-engagement,2024-05-24,2024-05-27,2024-05-29
CAMPAIGN_00165,CUST_02668,Failed,email,Loyalty Program Update,2024-04-01,2024-04-06,2024-04-09
CAMPAIGN_00166,CUST_03261,Done,sms,New Arrivals,2023-04-25,2023-04-27,2023-04-30
CAMPAIGN_00167,CUST_00938,Done,call,Anniversary Campaign,2023-04-11,2023-04-19,2023-04-22
CAMPAIGN_00168,CUST_01270,Done,letter,Holiday Sale,2023-09-11,2023-09-20,2023-09-25
CAMPAIGN_00169,CUST_00777,Failed,call,Personalized Offer,2023-06-07,2023-06-09,2023-06-12
CAMPAIGN_00170,CUST_01526,Done,sms,New Arrivals,2023-03-12,2023-03-14,2023-03-18
CAMPAIGN_00171,CUST_01233,Done,letter,Loyalty Program Update,2024-12-20,2024-12-29,2024-12-29
CAMPAIGN_00172,CUST_01987,Done,sms,VIP Re-engagement,2023-11-03,2023-11-05,2023-11-10
CAMPAIGN_00173,CUST_00294,Failed,sms,Spring Collection Launch,2024-07-12,2024-07-21,2024-07-21
CAMPAIGN_00174,CUST_00165,Failed,sms,Holiday Sale,2024-05-10,2024-05-11,2024-05-16
CAMPAIGN_00175,CUST_01881,Failed,call,Holiday Sale,2023-10-08,2023-10-11,2023-10-16
CAMPAIGN_00176,CUST_02066,Done,email,Holiday Sale,2023-09-18,2023-09-25,2023-09-29
CAMPAIGN_00177,CUST_02455,Done,sms,Spring Collection Launch,2024-05-03,2024-05-07,2024-05-09
CAMPAIGN_00178,CUST_02343,Done,letter,Holiday Sale,2024-09-07,2024-09-09,2024-09-09
CAMPAIGN_00179,CUST_00785,Failed,email,Exclusive Preview,2024-09-13,2024-09-20,2024-09-21
CAMPAIGN_00180,CUST_00641,Failed,sms,Personalized Offer,2024-04-25,2024-04-26,2024-04-27
CAMPAIGN_00181,CUST_00829,Done,call,Loyalty Program Update,2024-07-08,2024-07-10,2024-07-12
CAMPAIGN_00182,CUST_01186,Done,letter,Spring Collection Launch,2023-06-30,2023-07-08,2023-07-12
CAMPAIGN_00183,CUST_00641,Failed,sms,Exclusive Preview,2024-06-19,2024-06-20,2024-06-23
CAMPAIGN_00184,CUST_03171,Failed,letter,Personalized Offer,2023-02-08,2023-02-16,2023-02-21
CAMPAIGN_00185,CUST_00946,Done,sms,New Arrivals,2024-05-01,2024-05-02,2024-05-06
CAMPAIGN_00186,CUST_00895,Done,call,New Arrivals,2023-10-21,2023-10-29,2023-11-02
CAMPAIGN_00187,CUST_01600,Done,sms,Personalized Offer,2024-07-08,2024-07-11,2024-07-13
CAMPAIGN_00188,CUST_00035,Done,email,Spring Collection Launch,2023-06-29,2023-07-06,2023-07-10
CAMPAIGN_00189,CUST_03145,Failed,letter,Personalized Offer,2024-09-16,2024-09-25,2024-09-30
CAMPAIGN_00190,CUST_00279,Failed,email,Personalized Offer,2024-12-10,2024-12-20,2024-12-23
CAMPAIGN_00191,CUST_01749,Done,sms,Spring Collection Launch,2023-07-07,2023-07-08,2023-07-13
CAMPAIGN_00192,CUST_02006,Done,email,New Arrivals,2023-08-12,2023-08-15,2023-08-18
CAMPAIGN_00193,CUST_02313,Done,email,VIP Re-engagement,2024-02-04,2024-02-08,2024-02-08
CAMPAIGN_00194,CUST_00985,Done,email,VIP Re-engagement,2024-03-19,2024-03-25,2024-03-30
CAMPAIGN_00195,CUST_00184,Done,sms,Personalized Offer,2024-01-03,2024-01-12,2024-01-12
CAMPAIGN_00196,CUST_02352,Failed,email,Spring Collection Launch,2023-08-07,2023-08-10,2023-08-11
CAMPAIGN_00197,CUST_01259,Done,letter,Holiday Sale,2023-08-12,2023-08-19,2023-08-19
CAMPAIGN_00198,CUST_02806,Done,call,Personalized Offer,2024-05-13,2024-05-16,2024-05-19
CAMPAIGN_00199,CUST_02596,Done,letter,Personalized Offer,2024-03-19,2024-03-21,2024-03-22
CAMPAIGN_00200,CUST_02449,Failed,call,Spring Collection Launch,2024-06-26,2024-07-04,2024-07-05
CAMPAIGN_00201,CUST_02985,Done,email,New Arrivals,2024-01-23,2024-01-26,2024-01-29
CAMPAIGN_00202,CUST_00156,Done,call,Exclusive Preview,2024-08-08,2024-08-17,2024-08-20
CAMPAIGN_00203,CUST_01244,Done,letter,VIP Re-engagement,2024-08-20,2024-08-30,2024-08-31
CAMPAIGN_00204,CUST_03377,Done,call,Spring Collection Launch,2024-08-16,2024-08-17,2024-08-21
CAMPAIGN_00205,CUST_03361,Done,sms,Personalized Offer,2023-01-05,2023-01-07,2023-01-07
CAMPAIGN_00206,CUST_02970,Done,call,Spring Collection Launch,2024-05-02,2024-05-04,2024-05-08
CAMPAIGN_00207,CUST_01361,Failed,letter,Personalized Offer,2023-07-19,2023-07-22,2023-07-25
CAMPAIGN_00208,CUST_02621,Failed,sms,Exclusive Preview,2023-01-18,2023-01-23,2023-01-24
CAMPAIGN_00209,CUST_01510,Done,call,Anniversary Campaign,2024-06-02,2024-06-11,2024-06-13
CAMPAIGN_00210,CUST_02903,Done,letter,Anniversary Campaign,2024-07-03,2024-07-09,2024-07-14
CAMPAIGN_00211,CUST_00529,Done,letter,Personalized Offer,2024-10-02,2024-10-06,2024-10-11
CAMPAIGN_00212,CUST_01387,Done,sms,Exclusive Preview,2024-07-06,2024-07-11,2024-07-12
CAMPAIGN_00213,CUST_03398,Done,call,New Arrivals,2023-05-19,2023-05-24,2023-05-29
CAMPAIGN_00214,CUST_02641,Failed,call,Exclusive Preview,2023-06-11,2023-06-16,2023-06-17
CAMPAIGN_00215,CUST_03181,Failed,email,Holiday Sale,2024-03-27,2024-03-30,2024-04-03
CAMPAIGN_00216,CUST_01554,Done,call,Spring Collection Launch,2024-08-17,2024-08-27,2024-08-28
CAMPAIGN_00217,CUST_03463,Done,letter,Spring Collection Launch,2024-12-22,2024-12-31,2025-01-01
CAMPAIGN_00218,CUST_02947,Failed,email,Personalized Offer,2023-10-10,2023-10-18,2023-10-18
CAMPAIGN_00219,CUST_00062,Done,sms,Anniversary Campaign,2024-02-05,2024-02-09,2024-02-11
CAMPAIGN_00220,CUST_00076,Failed,letter,VIP Re-engagement,2023-04-09,2023-04-13,2023-04-14
CAMPAIGN_00221,CUST_01317,Done,sms,Spring Collection Launch,2024-03-07,2024-03-17,2024-03-22
CAMPAIGN_00222,CUST_02955,Done,email,Spring Collection Launch,2023-08-15,2023-08-25,2023-08-30
CAMPAIGN_00223,CUST_00307,Done,letter,VIP Re-engagement,2023-02-03,2023-02-13,2023-02-16
CAMPAIGN_00224,CUST_00454,Done,letter,Holiday Sale,2024-09-10,2024-09-11,2024-09-12
CAMPAIGN_00225,CUST_02700,Done,email,Anniversary Campaign,2023-08-07,2023-08-09,2023-08-10
CAMPAIGN_00226,CUST_00799,Failed,letter,VIP Re-engagement,2023-07-26,2023-07-29,2023-08-02
CAMPAIGN_00227,CUST_02408,Failed,letter,Spring Collection Launch,2024-12-28,2024-12-30,2025-01-02
CAMPAIGN_00228,CUST_02514,Done,letter,New Arrivals,2023-11-27,2023-11-30,2023-11-30
CAMPAIGN_00229,CUST_01301,Done,call,Loyalty Program Update,2023-03-07,2023-03-17,2023-03-18
CAMPAIGN_00230,CUST_02409,Failed,letter,Exclusive Preview,2023-04-22,2023-04-24,2023-04-24
CAMPAIGN_00231,CUST_01993,Done,call,Holiday Sale,2024-06-28,2024-07-07,2024-07-11
CAMPAIGN_00232,CUST_00119,Done,email,Anniversary Campaign,2024-11-03,2024-11-06,2024-11-09
CAMPAIGN_00233,CUST_01333,Done,sms,New Arrivals,2023-06-24,2023-06-28,2023-06-28
CAMPAIGN_00234,CUST_00318,Done,email,VIP Re-engagement,2023-09-22,2023-09-27,2023-09-30
CAMPAIGN_00235,CUST_03440,Done,sms,Anniversary Campaign,2024-11-02,2024-11-07,2024-11-07
CAMPAIGN_00236,CUST_00165,Failed,letter,Personalized Offer,2024-06-06,2024-06-09,2024-06-09
CAMPAIGN_00237,CUST_02243,Failed,sms,Personalized Offer,2024-12-25,2024-12-28,2024-12-30
CAMPAIGN_00238,CUST_02830,Done,sms,Exclusive Preview,2024-12-02,2024-12-04,2024-12-09
CAMPAIGN_00239,CUST_00044,Done,letter,Personalized Offer,2023-01-18,2023-01-21,2023-01-22
CAMPAIGN_00240,CUST_00219,Failed,sms,Holiday Sale,2024-04-25,2024-04-26,2024-04-26
CAMPAIGN_00241,CUST_03140,Done,letter,Spring Collection Launch,2024-11-27,2024-12-02,2024-12-07
CAMPAIGN_00242,CUST_00780,Failed,letter,Holiday Sale,2023-12-22,2023-12-25,2023-12-28
CAMPAIGN_00243,CUST_01206,Done,letter,Holiday Sale,2023-07-05,2023-07-10,2023-07-12
CAMPAIGN_00244,CUST_01460,Done,sms,New Arrivals,2024-02-12,2024-02-19,2024-02-22
CAMPAIGN_00245,CUST_03123,Failed,letter,Spring Collection Launch,2024-10-25,2024-10-30,2024-11-04
CAMPAIGN_00246,CUST_00357,Done,email,Exclusive Preview,2023-09-20,2023-09-30,2023-10-02
CAMPAIGN_00247,CUST_02384,Failed,letter,New Arrivals,2023-10-17,2023-10-25,2023-10-25
CAMPAIGN_00248,CUST_02219,Failed,email,Exclusive Preview,2024-05-29,2024-06-06,2024-06-07
CAMPAIGN_00249,CUST_02769,Failed,email,Spring Collection Launch,2023-11-02,2023-11-06,2023-11-08
CAMPAIGN_00250,CUST_01496,Done,call,Personalized Offer,2024-10-26,2024-11-04,2024-11-09
CAMPAIGN_00251,CUST_01420,Failed,sms,Spring Collection Launch,2023-12-28,2024-01-01,2024-01-03
CAMPAIGN_00252,CUST_00545,Failed,sms,Exclusive Preview,2023-02-11,2023-02-20,2023-02-24
CAMPAIGN_00253,CUST_01190,Done,letter,Spring Collection Launch,2024-02-05,2024-02-09,2024-02-10
CAMPAIGN_00254,CUST_00138,Done,sms,New Arrivals,2024-06-09,2024-06-12,2024-06-17
CAMPAIGN_00255,CUST_02969,Done,email,VIP Re-engagement,2024-03-29,2024-04-08,2024-04-08
CAMPAIGN_00256,CUST_00058,Failed,letter,Anniversary Campaign,2023-08-05,2023-08-15,2023-08-15
CAMPAIGN_00257,CUST_01222,Done,email,Spring Collection Launch,2024-09-01,2024-09-07,2024-09-09
CAMPAIGN_00258,CUST_00728,Done,call,Personalized Offer,2024-08-15,2024-08-21,2024-08-23
CAMPAIGN_00259,CUST_02485,Done,call,VIP Re-engagement,2023-05-13,2023-05-22,2023-05-27
CAMPAIGN_00260,CUST_02325,Failed,call,Holiday Sale,2024-02-02,2024-02-12,2024-02-12
CAMPAIGN_00261,CUST_01794,Done,email,Loyalty Program Update,2024-04-28,2024-05-08,2024-05-08
CAMPAIGN_00262,CUST_03147,Done,sms,Anniversary Campaign,2024-09-27,2024-09-30,2024-09-30
CAMPAIGN_00263,CUST_03347,Failed,email,Holiday Sale,2023-05-15,2023-05-23,2023-05-27
CAMPAIGN_00264,CUST_02536,Done,letter,Exclusive Preview,2024-11-29,2024-11-30,2024-12-01
CAMPAIGN_00265,CUST_01497,Done,sms,Holiday Sale,2024-01-06,2024-01-15,2024-01-19
CAMPAIGN_00266,CUST_02497,Failed,sms,Spring Collection Launch,2024-03-23,2024-03-25,2024-03-27
CAMPAIGN_00267,CUST_03074,Failed,call,New Arrivals,2023-12-05,2023-12-07,2023-12-10
CAMPAIGN_00268,CUST_00510,Done,email,New Arrivals,2023-11-07,2023-11-11,2023-11-14
CAMPAIGN_00269,CUST_02366,Done,sms,Loyalty Program Update,2024-01-25,2024-01-28,2024-01-29
CAMPAIGN_00270,CUST_00867,Failed,sms,Personalized Offer,2023-04-23,2023-04-24,2023-04-29
CAMPAIGN_00271,CUST_01242,Failed,call,New Arrivals,2023-06-20,2023-06-21,2023-06-24
CAMPAIGN_00272,CUST_00328,Done,letter,Anniversary Campaign,2023-05-30,2023-06-06,2023-06-09
CAMPAIGN_00273,CUST_01363,Done,sms,Loyalty Program Update,2023-04-09,2023-04-16,2023-04-18
CAMPAIGN_00274,CUST_01974,Failed,letter,New Arrivals,2024-08-12,2024-08-22,2024-08-24
CAMPAIGN_00275,CUST_02189,Done,sms,New Arrivals,2024-06-26,2024-06-28,2024-06-29
CAMPAIGN_00276,CUST_02222,Done,sms,Personalized Offer,2023-12-29,2024-01-04,2024-01-08
CAMPAIGN_00277,CUST_01793,Failed,letter,Anniversary Campaign,2023-08-26,2023-09-01,2023-09-05
CAMPAIGN_00278,CUST_02134,Done,email,Anniversary Campaign,2023-07-22,2023-07-30,2023-07-30
CAMPAIGN_00279,CUST_01505,Failed,sms,Loyalty Program Update,2023-12-09,2023-12-13,2023-12-17
CAMPAIGN_00280,CUST_02459,Failed,letter,Holiday Sale,2023-05-25,2023-05-30,2023-06-01
CAMPAIGN_00281,CUST_00293,Done,email,VIP Re-engagement,2023-05-20,2023-05-30,2023-05-30
CAMPAIGN_00282,CUST_02951,Done,sms,Spring Collection Launch,2024-09-21,2024-09-27,2024-09-29
CAMPAIGN_00283,CUST_03080,Failed,call,Spring Collection Launch,2024-05-03,2024-05-10,2024-05-12
CAMPAIGN_00284,CUST_01669,Done,call,Exclusive Preview,2023-10-31,2023-11-09,2023-11-12
CAMPAIGN_00285,CUST_02713,Done,email,New Arrivals,2023-07-02,2023-07-03,2023-07-08
CAMPAIGN_00286,CUST_01635,Done,call,Holiday Sale,2024-10-02,2024-10-10,2024-10-15
CAMPAIGN_00287,CUST_02925,Failed,email,Spring Collection Launch,2024-04-18,2024-04-25,2024-04-30
CAMPAIGN_00288,CUST_00822,Done,call,Personalized Offer,2023-06-14,2023-06-17,2023-06-21
CAMPAIGN_00289,CUST_01943,Failed,sms,Loyalty Program Update,2023-03-04,2023-03-06,2023-03-10
CAMPAIGN_00290,CUST_01002,Failed,email,Holiday Sale,2023-06-18,2023-06-25,2023-06-25
CAMPAIGN_00291,CUST_03241,Done,call,New Arrivals,2023-01-07,2023-01-10,2023-01-13
CAMPAIGN_00292,CUST_00208,Failed,letter,Anniversary Campaign,2023-02-15,2023-02-22,2023-02-26
CAMPAIGN_00293,CUST_03142,Done,email,VIP Re-engagement,2024-01-26,2024-01-30,2024-01-31
CAMPAIGN_00294,CUST_01523,Done,sms,Anniversary Campaign,2023-11-16,2023-11-26,2023-12-01
CAMPAIGN_00295,CUST_03347,Failed,call,Personalized Offer,2023-05-05,2023-05-13,2023-05-17
CAMPAIGN_00296,CUST_01629,Done,sms,Anniversary Campaign,2024-11-02,2024-11-07,2024-11-10
CAMPAIGN_00297,CUST_00284,Failed,letter,Spring Collection Launch,2023-11-21,2023-11-22,2023-11-23
CAMPAIGN_00298,CUST_00360,Done,sms,Spring Collection Launch,2023-12-06,2023-12-10,2023-12-13
CAMPAIGN_00299,CUST_03169,Done,letter,Anniversary Campaign,2024-06-23,2024-06-27,2024-06-27
CAMPAIGN_00300,CUST_02675,Failed,call,Holiday Sale,2024-03-23,2024-03-27,2024-03-31
CAMPAIGN_00301,CUST_00083,Failed,call,Anniversary Campaign,2024-10-02,2024-10-12,2024-10-12
CAMPAIGN_00302,CUST_02833,Failed,call,Anniversary Campaign,2024-03-26,2024-04-01,2024-04-03
CAMPAIGN_00303,CUST_02949,Done,sms,Spring Collection Launch,2023-03-31,2023-04-06,2023-04-09
CAMPAIGN_00304,CUST_02819,Done,sms,VIP Re-engagement,2024-02-22,2024-02-29,2024-02-29
CAMPAIGN_00305,CUST_00154,Failed,email,Personalized Offer,2024-09-27,2024-10-03,2024-10-08
CAMPAIGN_00306,CUST_00093,Done,email,VIP Re-engagement,2024-02-01,2024-02-08,2024-02-11
CAMPAIGN_00307,CUST_02735,Done,call,Exclusive Preview,2024-05-31,2024-06-03,2024-06-08
CAMPAIGN_00308,CUST_01567,Done,email,Exclusive Preview,2023-07-18,2023-07-26,2023-07-31
CAMPAIGN_00309,CUST_01756,Done,sms,Personalized Offer,2024-09-07,2024-09-16,2024-09-17
CAMPAIGN_00310,CUST_00074,Done,sms,Spring Collection Launch,2023-02-03,2023-02-04,2023-02-04
CAMPAIGN_00311,CUST_02241,Failed,call,New Arrivals,2024-05-02,2024-05-09,2024-05-14
CAMPAIGN_00312,CUST_00649,Done,call,Exclusive Preview,2023-01-06,2023-01-10,2023-01-13
CAMPAIGN_00313,CUST_02874,Failed,letter,Exclusive Preview,2024-02-08,2024-02-12,2024-02-16
CAMPAIGN_00314,CUST_01354,Done,letter,VIP Re-engagement,2024-02-22,2024-02-25,2024-03-01
CAMPAIGN_00315,CUST_00454,Done,call,New Arrivals,2024-04-12,2024-04-15,2024-04-18
CAMPAIGN_00316,CUST_01740,Failed,sms,New Arrivals,2023-04-18,2023-04-21,2023-04-23
CAMPAIGN_00317,CUST_03387,Done,call,New Arrivals,2023-02-11,2023-02-17,2023-02-17
CAMPAIGN_00318,CUST_00028,Done,letter,Anniversary Campaign,2024-07-04,2024-07-13,2024-07-15
CAMPAIGN_00319,CUST_02313,Done,sms,Holiday Sale,2024-06-01,2024-06-02,2024-06-05
CAMPAIGN_00320,CUST_01759,Done,letter,Anniversary Campaign,2023-05-25,2023-05-28,2023-05-30
CAMPAIGN_00321,CUST_02048,Done,sms,Holiday Sale,2024-03-21,2024-03-22,2024-03-26
CAMPAIGN_00322,CUST_03153,Done,letter,New Arrivals,2023-10-02,2023-10-10,2023-10-15
CAMPAIGN_00323,CUST_00345,Failed,email,Personalized Offer,2023-09-16,2023-09-21,2023-09-21
CAMPAIGN_00324,CUST_00208,Failed,call,Loyalty Program Update,2023-09-21,2023-09-26,2023-09-27
CAMPAIGN_00325,CUST_03335,Failed,sms,Holiday Sale,2023-08-04,2023-08-10,2023-08-12
CAMPAIGN_00326,CUST_01496,Done,email,New Arrivals,2024-03-22,2024-03-31,2024-03-31
CAMPAIGN_00327,CUST_02131,Done,call,Spring Collection Launch,2024-10-11,2024-10-12,2024-10-16
CAMPAIGN_00328,CUST_00452,Done,letter,Anniversary Campaign,2024-04-22,2024-04-27,2024-05-02
CAMPAIGN_00329,CUST_03084,Done,sms,Spring Collection Launch,2024-10-26,2024-11-02,2024-11-02
CAMPAIGN_00330,CUST_00778,Done,email,Personalized Offer,2023-09-02,2023-09-09,2023-09-12
CAMPAIGN_00331,CUST_01912,Done,sms,Personalized Offer,2024-07-16,2024-07-22,2024-07-23
CAMPAIGN_00332,CUST_00759,Done,letter,New Arrivals,2024-03-15,2024-03-20,2024-03-24
CAMPAIGN_00333,CUST_02523,Failed,sms,Exclusive Preview,2024-03-07,2024-03-17,2024-03-22
CAMPAIGN_00334,CUST_01370,Failed,sms,Spring Collection Launch,2024-03-03,2024-03-12,2024-03-13
CAMPAIGN_00335,CUST_02730,Done,call,Personalized Offer,2023-02-15,2023-02-19,2023-02-24
CAMPAIGN_00336,CUST_01730,Failed,sms,Holiday Sale,2024-10-04,2024-10-11,2024-10-12
CAMPAIGN_00337,CUST_02469,Done,sms,Anniversary Campaign,2023-04-08,2023-04-11,2023-04-13
CAMPAIGN_00338,CUST_00303,Done,email,Spring Collection Launch,2024-01-10,2024-01-20,2024-01-24
CAMPAIGN_00339,CUST_00773,Failed,sms,Spring Collection Launch,2024-04-13,2024-04-16,2024-04-19
CAMPAIGN_00340,CUST_01320,Failed,call,Exclusive Preview,2023-01-17,2023-01-25,2023-01-28
CAMPAIGN_00341,CUST_00382,Done,call,Holiday Sale,2023-03-10,2023-03-14,2023-03-18
CAMPAIGN_00342,CUST_02038,Failed,sms,Anniversary Campaign,2024-08-26,2024-08-28,2024-08-31
CAMPAIGN_00343,CUST_00558,Done,letter,New Arrivals,2023-04-21,2023-05-01,2023-05-05
CAMPAIGN_00344,CUST_01559,Failed,sms,Personalized Offer,2023-07-27,2023-08-01,2023-08-04
CAMPAIGN_00345,CUST_02023,Failed,letter,Loyalty Program Update,2024-02-27,2024-03-02,2024-03-02
CAMPAIGN_00346,CUST_02088,Done,email,Holiday Sale,2024-06-05,2024-06-14,2024-06-17
CAMPAIGN_00347,CUST_03458,Done,sms,Holiday Sale,2023-01-31,2023-02-06,2023-02-11
CAMPAIGN_00348,CUST_01904,Failed,letter,Loyalty Program Update,2024-12-18,2024-12-19,2024-12-22
CAMPAIGN_00349,CUST_01762,Failed,sms,Spring Collection Launch,2023-12-05,2023-12-09,2023-12-10
CAMPAIGN_00350,CUST_01305,Done,letter,Anniversary Campaign,2024-08-27,2024-08-29,2024-08-29
CAMPAIGN_00351,CUST_03039,Failed,call,Loyalty Program Update,2024-05-14,2024-05-16,2024-05-18
CAMPAIGN_00352,CUST_03229,Done,letter,Holiday Sale,2023-02-28,2023-03-06,2023-03-09
CAMPAIGN_00353,CUST_02264,Done,sms,VIP Re-engagement,2023-05-25,2023-05-28,2023-06-02
CAMPAIGN_00354,CUST_02629,Done,sms,Exclusive Preview,2024-10-18,2024-10-21,2024-10-25
CAMPAIGN_00355,CUST_02800,Failed,call,Holiday Sale,2024-08-17,2024-08-19,2024-08-23
CAMPAIGN_00356,CUST_00561,Done,email,Exclusive Preview,2023-07-18,2023-07-22,2023-07-24
CAMPAIGN_00357,CUST_01759,Done,call,Personalized Offer,2023-06-11,2023-06-17,2023-06-22
CAMPAIGN_00358,CUST_01972,Done,letter,Exclusive Preview,2024-09-11,2024-09-13,2024-09-15
CAMPAIGN_00359,CUST_02917,Done,call,Personalized Offer,2023-06-18,2023-06-22,2023-06-24
CAMPAIGN_00360,CUST_00333,Done,email,VIP Re-engagement,2024-09-17,2024-09-26,2024-09-30
CAMPAIGN_00361,CUST_01937,Done,call,Spring Collection Launch,2023-02-06,2023-02-16,2023-02-19
CAMPAIGN_00362,CUST_01701,Done,call,Personalized Offer,2024-08-04,2024-08-09,2024-08-10
CAMPAIGN_00363,CUST_03113,Done,sms,Spring Collection Launch,2024-04-14,2024-04-17,2024-04-22
CAMPAIGN_00364,CUST_01335,Done,sms,VIP Re-engagement,2024-02-24,2024-03-01,2024-03-04
CAMPAIGN_00365,CUST_03237,Done,call,Anniversary Campaign,2023-10-18,2023-10-22,2023-10-23
CAMPAIGN_00366,CUST_01694,Done,letter,Holiday Sale,2024-10-21,2024-10-30,2024-11-02
CAMPAIGN_00367,CUST_02289,Failed,letter,Holiday Sale,2023-11-18,2023-11-21,2023-11-23
CAMPAIGN_00368,CUST_02665,Done,call,New Arrivals,2024-10-01,2024-10-08,2024-10-09
CAMPAIGN_00369,CUST_02961,Done,letter,Loyalty Program Update,2023-10-11,2023-10-19,2023-10-21
CAMPAIGN_00370,CUST_00971,Failed,call,VIP Re-engagement,2024-09-23,2024-09-24,2024-09-25
CAMPAIGN_00371,CUST_00045,Failed,email,Personalized Offer,2024-10-17,2024-10-26,2024-10-26
CAMPAIGN_00372,CUST_03100,Done,letter,Exclusive Preview,2024-07-11,2024-07-19,2024-07-22
CAMPAIGN_00373,CUST_02861,Failed,sms,VIP Re-engagement,2024-12-16,2024-12-25,2024-12-25
CAMPAIGN_00374,CUST_03364,Done,call,Holiday Sale,2023-02-06,2023-02-09,2023-02-14
CAMPAIGN_00375,CUST_03291,Done,letter,Anniversary Campaign,2024-01-24,2024-01-27,2024-01-30
CAMPAIGN_00376,CUST_02743,Done,sms,Personalized Offer,2024-03-19,2024-03-23,2024-03-27
CAMPAIGN_00377,CUST_03169,Done,letter,Anniversary Campaign,2024-09-20,2024-09-27,2024-09-27
CAMPAIGN_00378,CUST_03150,Done,email,Anniversary Campaign,2023-02-23,2023-02-26,2023-02-28
CAMPAIGN_00379,CUST_01697,Failed,letter,Exclusive Preview,2024-03-08,2024-03-12,2024-03-14
CAMPAIGN_00380,CUST_02947,Failed,letter,Loyalty Program Update,2024-06-08,2024-06-17,2024-06-17
CAMPAIGN_00381,CUST_00993,Done,call,New Arrivals,2023-10-23,2023-10-31,2023-10-31
CAMPAIGN_00382,CUST_00861,Done,email,VIP Re-engagement,2024-03-18,2024-03-21,2024-03-22
CAMPAIGN_00383,CUST_00657,Failed,letter,Exclusive Preview,2023-05-17,2023-05-26,2023-05-28
CAMPAIGN_00384,CUST_02529,Failed,sms,Spring Collection Launch,2024-12-20,2024-12-25,2024-12-26
CAMPAIGN_00385,CUST_00690,Done,call,Exclusive Preview,2024-10-06,2024-10-14,2024-10-17
CAMPAIGN_00386,CUST_00059,Done,email,Exclusive Preview,2024-02-21,2024-03-01,2024-03-05
CAMPAIGN_00387,CUST_03118,Done,email,Anniversary Campaign,2024-11-16,2024-11-24,2024-11-26
CAMPAIGN_00388,CUST_01546,Done,email,Loyalty Program Update,2023-08-25,2023-08-29,2023-08-30
CAMPAIGN_00389,CUST_00214,Done,letter,VIP Re-engagement,2023-12-04,2023-12-05,2023-12-09
CAMPAIGN_00390,CUST_02709,Failed,call,Loyalty Program Update,2023-04-04,2023-04-11,2023-04-12
CAMPAIGN_00391,CUST_00209,Done,sms,Loyalty Program Update,2024-10-25,2024-10-28,2024-11-02
CAMPAIGN_00392,CUST_03060,Done,call,Exclusive Preview,2023-08-24,2023-08-27,2023-08-29
CAMPAIGN_00393,CUST_03499,Failed,email,Personalized Offer,2024-03-19,2024-03-23,2024-03-26
CAMPAIGN_00394,CUST_02623,Done,sms,Loyalty Program Update,2024-08-22,2024-08-23,2024-08-25
CAMPAIGN_00395,CUST_03080,Failed,letter,New Arrivals,2023-03-30,2023-03-31,2023-04-01
CAMPAIGN_00396,CUST_01523,Done,sms,New Arrivals,2023-05-31,2023-06-01,2023-06-01
CAMPAIGN_00397,CUST_00853,Done,sms,Exclusive Preview,2023-12-17,2023-12-21,2023-12-21
CAMPAIGN_00398,CUST_02562,Done,email,VIP Re-engagement,2024-10-10,2024-10-16,2024-10-21
CAMPAIGN_00399,CUST_03257,Done,call,Loyalty Program Update,2023-07-29,2023-08-05,2023-08-06
CAMPAIGN_00400,CUST_00204,Done,sms,VIP Re-engagement,2023-08-20,2023-08-22,2023-08-24
CAMPAIGN_00401,CUST_02371,Done,letter,Spring Collection Launch,2023-12-29,2024-01-06,2024-01-10
CAMPAIGN_00402,CUST_02007,Done,sms,Holiday Sale,2024-06-13,2024-06-17,2024-06-17
CAMPAIGN_00403,CUST_00167,Failed,sms,VIP Re-engagement,2023-06-07,2023-06-14,2023-06-18
CAMPAIGN_00404,CUST_00924,Done,email,Personalized Offer,2023-05-24,2023-06-01,2023-06-02
CAMPAIGN_00405,CUST_03064,Done,email,Spring Collection Launch,2024-10-29,2024-11-01,2024-11-02
CAMPAIGN_00406,CUST_03143,Done,call,Spring Collection Launch,2024-03-30,2024-04-07,2024-04-09
CAMPAIGN_00407,CUST_00830,Failed,sms,Personalized Offer,2024-07-16,2024-07-25,2024-07-25
CAMPAIGN_00408,CUST_01362,Done,email,VIP Re-engagement,2024-08-08,2024-08-18,2024-08-22
CAMPAIGN_00409,CUST_03229,Done,email,New Arrivals,2023-10-24,2023-10-29,2023-11-01
CAMPAIGN_00410,CUST_02781,Failed,email,Spring Collection Launch,2024-07-21,2024-07-31,2024-08-02
CAMPAIGN_00411,CUST_01832,Done,letter,Loyalty Program Update,2024-04-08,2024-04-15,2024-04-17
CAMPAIGN_00412,CUST_03195,Failed,letter,New Arrivals,2023-04-09,2023-04-15,2023-04-20
CAMPAIGN_00413,CUST_02266,Done,letter,Anniversary Campaign,2023-09-24,2023-10-01,2023-10-05
CAMPAIGN_00414,CUST_01564,Failed,sms,Holiday Sale,2024-02-12,2024-02-17,2024-02-22
CAMPAIGN_00415,CUST_02349,Failed,call,Personalized Offer,2024-07-31,2024-08-06,2024-08-08
CAMPAIGN_00416,CUST_02484,Failed,sms,Exclusive Preview,2024-01-04,2024-01-12,2024-01-14
CAMPAIGN_00417,CUST_00818,Done,email,Anniversary Campaign,2023-09-11,2023-09-16,2023-09-19
CAMPAIGN_00418,CUST_00673,Done,email,Loyalty Program Update,2024-11-10,2024-11-16,2024-11-17
CAMPAIGN_00419,CUST_00909,Done,email,Holiday Sale,2023-10-24,2023-10-28,2023-11-02
CAMPAIGN_00420,CUST_03088,Failed,letter,Holiday Sale,2023-09-27,2023-09-30,2023-10-03
CAMPAIGN_00421,CUST_02700,Done,letter,Anniversary Campaign,2024-06-19,2024-06-27,2024-06-27
CAMPAIGN_00422,CUST_03007,Done,letter,Personalized Offer,2023-08-12,2023-08-17,2023-08-21
CAMPAIGN_00423,CUST_00635,Done,sms,Holiday Sale,2023-12-11,2023-12-17,2023-12-20
CAMPAIGN_00424,CUST_01665,Failed,email,VIP Re-engagement,2023-11-25,2023-11-26,2023-12-01
CAMPAIGN_00425,CUST_03217,Done,email,Personalized Offer,2023-02-11,2023-02-20,2023-02-24
CAMPAIGN_00426,CUST_02803,Failed,email,Spring Collection Launch,2024-07-09,2024-07-14,2024-07-17
CAMPAIGN_00427,CUST_01729,Done,letter,New Arrivals,2024-10-09,2024-10-14,2024-10-19
CAMPAIGN_00428,CUST_01450,Done,letter,New Arrivals,2024-01-19,2024-01-24,2024-01-28
CAMPAIGN_00429,CUST_00899,Failed,sms,Loyalty Program Update,2023-03-16,2023-03-17,2023-03-22
CAMPAIGN_00430,CUST_01200,Done,call,Exclusive Preview,2023-06-12,2023-06-14,2023-06-16
CAMPAIGN_00431,CUST_00885,Done,call,Anniversary Campaign,2024-02-12,2024-02-19,2024-02-20
CAMPAIGN_00432,CUST_00019,Failed,email,Loyalty Program Update,2024-06-18,2024-06-28,2024-06-30
CAMPAIGN_00433,CUST_03194,Done,letter,New Arrivals,2023-01-01,2023-01-08,2023-01-11
CAMPAIGN_00434,CUST_01434,Done,letter,Exclusive Preview,2023-12-14,2023-12-17,2023-12-19
CAMPAIGN_00435,CUST_03447,Done,sms,Personalized Offer,2024-08-16,2024-08-23,2024-08-24
CAMPAIGN_00436,CUST_01736,Done,sms,Spring Collection Launch,2024-07-04,2024-07-14,2024-07-16
CAMPAIGN_00437,CUST_01599,Failed,letter,Anniversary Campaign,2023-09-23,2023-10-02,2023-10-06
CAMPAIGN_00438,CUST_00279,Failed,letter,Exclusive Preview,2023-11-08,2023-11-17,2023-11-22
CAMPAIGN_00439,CUST_02449,Failed,call,Spring Collection Launch,2023-12-26,2024-01-03,2024-01-05
CAMPAIGN_00440,CUST_00564,Done,letter,Exclusive Preview,2024-03-03,2024-03-09,2024-03-09
CAMPAIGN_00441,CUST_03002,Done,call,Personalized Offer,2023-07-04,2023-07-05,2023-07-08
CAMPAIGN_00442,CUST_02684,Failed,sms,Anniversary Campaign,2023-07-19,2023-07-28,2023-07-28
CAMPAIGN_00443,CUST_02956,Done,call,Spring Collection Launch,2023-02-01,2023-02-08,2023-02-09
CAMPAIGN_00444,CUST_02197,Done,letter,VIP Re-engagement,2024-03-24,2024-03-28,2024-03-29
CAMPAIGN_00445,CUST_00255,Done,call,Anniversary Campaign,2023-04-17,2023-04-27,2023-04-30
CAMPAIGN_00446,CUST_00211,Done,sms,Personalized Offer,2024-08-14,2024-08-24,2024-08-28
CAMPAIGN_00447,CUST_02678,Done,call,Spring Collection Launch,2023-03-05,2023-03-11,2023-03-12
CAMPAIGN_00448,CUST_01706,Done,email,New Arrivals,2023-03-04,2023-03-08,2023-03-08
CAMPAIGN_00449,CUST_00855,Done,call,Exclusive Preview,2023-02-19,2023-02-27,2023-03-02
CAMPAIGN_00450,CUST_01109,Failed,sms,VIP Re-engagement,2024-10-24,2024-11-03,2024-11-06
CAMPAIGN_00451,CUST_00382,Done,sms,VIP Re-engagement,2023-06-29,2023-06-30,2023-07-02
CAMPAIGN_00452,CUST_03373,Failed,email,VIP Re-engagement,2024-04-08,2024-04-09,2024-04-10
CAMPAIGN_00453,CUST_03484,Failed,call,Loyalty Program Update,2023-05-25,2023-06-03,2023-06-03
CAMPAIGN_00454,CUST_00489,Done,call,Spring Collection Launch,2024-04-07,2024-04-15,2024-04-18
CAMPAIGN_00455,CUST_02715,Done,email,VIP Re-engagement,2023-03-19,2023-03-29,2023-04-02
CAMPAIGN_00456,CUST_01043,Done,email,VIP Re-engagement,2023-06-11,2023-06-13,2023-06-13
CAMPAIGN_00457,CUST_00908,Done,sms,VIP Re-engagement,2024-08-11,2024-08-17,2024-08-18
CAMPAIGN_00458,CUST_01542,Failed,letter,Holiday Sale,2024-01-18,2024-01-19,2024-01-21
CAMPAIGN_00459,CUST_02355,Failed,email,Holiday Sale,2024-12-01,2024-12-05,2024-12-07
CAMPAIGN_00460,CUST_01345,Done,letter,VIP Re-engagement,2024-03-30,2024-04-05,2024-04-07
CAMPAIGN_00461,CUST_01443,Done,letter,Holiday Sale,2023-02-09,2023-02-14,2023-02-15
CAMPAIGN_00462,CUST_01287,Done,letter,Exclusive Preview,2024-08-19,2024-08-26,2024-08-28
CAMPAIGN_00463,CUST_00814,Done,email,Holiday Sale,2023-08-12,2023-08-16,2023-08-18
CAMPAIGN_00464,CUST_03227,Done,sms,Anniversary Campaign,2023-07-03,2023-07-10,2023-07-14
CAMPAIGN_00465,CUST_02240,Done,email,VIP Re-engagement,2024-12-20,2024-12-28,2024-12-30
CAMPAIGN_00466,CUST_03109,Failed,sms,Exclusive Preview,2023-04-07,2023-04-16,2023-04-21
CAMPAIGN_00467,CUST_03275,Done,call,Anniversary Campaign,2023-02-08,2023-02-09,2023-02-12
CAMPAIGN_00468,CUST_01159,Failed,email,Spring Collection Launch,2023-03-16,2023-03-19,2023-03-24
CAMPAIGN_00469,CUST_00777,Failed,sms,New Arrivals,2023-11-06,2023-11-07,2023-11-07
CAMPAIGN_00470,CUST_00466,Done,email,Spring Collection Launch,2024-02-06,2024-02-09,2024-02-10
CAMPAIGN_00471,CUST_01063,Done,letter,Personalized Offer,2024-10-09,2024-10-19,2024-10-20
CAMPAIGN_00472,CUST_01187,Failed,sms,Anniversary Campaign,2023-07-07,2023-07-12,2023-07-17
CAMPAIGN_00473,CUST_01372,Failed,call,Personalized Offer,2023-12-05,2023-12-11,2023-12-11
CAMPAIGN_00474,CUST_01784,Done,email,Holiday Sale,2024-07-18,2024-07-23,2024-07-28
CAMPAIGN_00475,CUST_00630,Failed,email,VIP Re-engagement,2024-10-02,2024-10-09,2024-10-09
CAMPAIGN_00476,CUST_01350,Done,sms,Holiday Sale,2023-08-25,2023-08-26,2023-08-29
CAMPAIGN_00477,CUST_00868,Done,call,Anniversary Campaign,2024-12-18,2024-12-19,2024-12-20
CAMPAIGN_00478,CUST_02014,Done,letter,Anniversary Campaign,2023-04-26,2023-04-30,2023-05-04
CAMPAIGN_00479,CUST_01760,Done,sms,Exclusive Preview,2024-01-27,2024-02-04,2024-02-05
CAMPAIGN_00480,CUST_02953,Done,sms,Exclusive Preview,2024-01-06,2024-01-09,2024-01-09
CAMPAIGN_00481,CUST_02887,Failed,call,Holiday Sale,2023-11-11,2023-11-20,2023-11-23
CAMPAIGN_00482,CUST_02978,Done,sms,Exclusive Preview,2024-08-06,2024-08-11,2024-08-12
CAMPAIGN_00483,CUST_01718,Failed,email,Holiday Sale,2023-02-25,2023-03-03,2023-03-04
CAMPAIGN_00484,CUST_02049,Failed,call,Spring Collection Launch,2024-08-15,2024-08-18,2024-08-21
CAMPAIGN_00485,CUST_00069,Done,email,Anniversary Campaign,2023-07-18,2023-07-26,2023-07-29
CAMPAIGN_00486,CUST_00240,Done,email,New Arrivals,2024-07-15,2024-07-24,2024-07-26
CAMPAIGN_00487,CUST_02054,Done,email,Spring Collection Launch,2024-08-15,2024-08-20,2024-08-23
CAMPAIGN_00488,CUST_02157,Failed,email,Personalized Offer,2024-03-27,2024-03-28,2024-03-30
CAMPAIGN_00489,CUST_00324,Failed,email,Anniversary Campaign,2023-10-28,2023-11-02,2023-11-02
CAMPAIGN_00490,CUST_01477,Done,sms,Anniversary Campaign,2024-12-07,2024-12-11,2024-12-12
CAMPAIGN_00491,CUST_00556,Done,call,Personalized Offer,2024-11-15,2024-11-25,2024-11-27
CAMPAIGN_00492,CUST_00416,Done,letter,Holiday Sale,2024-04-28,2024-05-07,2024-05-10
CAMPAIGN_00493,CUST_01417,Failed,email,Personalized Offer,2024-06-17,2024-06-20,2024-06-20
CAMPAIGN_00494,CUST_01107,Failed,sms,New Arrivals,2024-05-08,2024-05-11,2024-05-16
CAMPAIGN_00495,CUST_01535,Done,call,Personalized Offer,2023-02-17,2023-02-20,2023-02-20
CAMPAIGN_00496,CUST_02368,Done,call,Exclusive Preview,2024-07-15,2024-07-23,2024-07-24
CAMPAIGN_00497,CUST_02264,Done,sms,Spring Collection Launch,2024-03-17,2024-03-18,2024-03-18
CAMPAIGN_00498,CUST_00598,Done,email,Exclusive Preview,2023-04-24,2023-04-27,2023-04-29
CAMPAIGN_00499,CUST_01450,Done,call,Spring Collection Launch,2024-04-24,2024-04-30,2024-05-02
CAMPAIGN_00500,CUST_01140,Done,letter,New Arrivals,2024-08-08,2024-08-18,2024-08-18
CAMPAIGN_00501,CUST_02562,Done,letter,Holiday Sale,2023-12-29,2024-01-02,2024-01-07
CAMPAIGN_00502,CUST_03401,Done,sms,Holiday Sale,2024-06-25,2024-07-01,2024-07-01
CAMPAIGN_00503,CUST_03253,Done,letter,New Arrivals,2023-04-30,2023-05-06,2023-05-09
CAMPAIGN_00504,CUST_00099,Done,email,VIP Re-engagement,2023-03-05,2023-03-14,2023-03-15
CAMPAIGN_00505,CUST_00386,Failed,call,Holiday Sale,2024-08-30,2024-09-07,2024-09-11
CAMPAIGN_00506,CUST_03435,Done,letter,Spring Collection Launch,2023-06-19,2023-06-29,2023-06-30
CAMPAIGN_00507,CUST_03063,Done,email,Holiday Sale,2023-08-26,2023-09-01,2023-09-01
CAMPAIGN_00508,CUST_01622,Done,sms,Loyalty Program Update,2023-06-14,2023-06-21,2023-06-23
CAMPAIGN_00509,CUST_01133,Failed,email,Personalized Offer,2024-12-08,2024-12-12,2024-12-15
CAMPAIGN_00510,CUST_00696,Done,call,Exclusive Preview,2024-11-04,2024-11-12,2024-11-16
CAMPAIGN_00511,CUST_02216,Done,call,VIP Re-engagement,2024-02-24,2024-02-29,2024-03-04
CAMPAIGN_00512,CUST_00422,Done,letter,Anniversary Campaign,2023-07-26,2023-07-30,2023-08-03
CAMPAIGN_00513,CUST_01390,Done,email,Holiday Sale,2023-05-29,2023-06-07,2023-06-09
CAMPAIGN_00514,CUST_01070,Done,sms,Anniversary Campaign,2024-08-15,2024-08-25,2024-08-25
CAMPAIGN_00515,CUST_02730,Done,sms,Spring Collection Launch,2023-06-10,2023-06-14,2023-06-19
CAMPAIGN_00516,CUST_03045,Failed,call,Anniversary Campaign,2023-01-13,2023-01-22,2023-01-22
CAMPAIGN_00517,CUST_01431,Failed,call,Personalized Offer,2024-01-07,2024-01-10,2024-01-10
CAMPAIGN_00518,CUST_00551,Done,call,VIP Re-engagement,2023-07-11,2023-07-18,2023-07-20
CAMPAIGN_00519,CUST_00106,Done,email,VIP Re-engagement,2023-03-15,2023-03-22,2023-03-24
CAMPAIGN_00520,CUST_00984,Done,email,Holiday Sale,2023-10-04,2023-10-11,2023-10-15
CAMPAIGN_00521,CUST_01112,Done,sms,New Arrivals,2024-08-30,2024-09-06,2024-09-10
CAMPAIGN_00522,CUST_00805,Done,sms,Holiday Sale,2024-09-04,2024-09-08,2024-09-13
CAMPAIGN_00523,CUST_01081,Done,email,New Arrivals,2023-07-29,2023-08-03,2023-08-05
CAMPAIGN_00524,CUST_02687,Done,letter,Exclusive Preview,2024-02-14,2024-02-22,2024-02-26
CAMPAIGN_00525,CUST_01960,Done,letter,Anniversary Campaign,2024-03-19,2024-03-22,2024-03-27
CAMPAIGN_00526,CUST_02507,Failed,letter,Spring Collection Launch,2024-01-26,2024-02-03,2024-02-08
CAMPAIGN_00527,CUST_02527,Done,email,Exclusive Preview,2024-12-03,2024-12-11,2024-12-14
CAMPAIGN_00528,CUST_02443,Done,call,Holiday Sale,2023-01-21,2023-01-22,2023-01-27
CAMPAIGN_00529,CUST_03191,Failed,call,Anniversary Campaign,2024-05-11,2024-05-14,2024-05-19
CAMPAIGN_00530,CUST_01801,Failed,letter,Exclusive Preview,2024-05-26,2024-06-03,2024-06-06
CAMPAIGN_00531,CUST_00292,Failed,letter,Exclusive Preview,2024-04-07,2024-04-13,2024-04-18
CAMPAIGN_00532,CUST_02874,Failed,call,VIP Re-engagement,2023-01-17,2023-01-23,2023-01-23
CAMPAIGN_00533,CUST_00799,Failed,call,New Arrivals,2024-11-06,2024-11-11,2024-11-11
CAMPAIGN_00534,CUST_03323,Failed,sms,Personalized Offer,2024-07-10,2024-07-18,2024-07-22
CAMPAIGN_00535,CUST_02817,Done,sms,Anniversary Campaign,2024-12-10,2024-12-15,2024-12-16
CAMPAIGN_00536,CUST_01768,Done,letter,Personalized Offer,2023-09-16,2023-09-24,2023-09-25
CAMPAIGN_00537,CUST_02839,Done,call,Loyalty Program Update,2024-08-17,2024-08-18,2024-08-19
CAMPAIGN_00538,CUST_01469,Done,sms,New Arrivals,2023-05-16,2023-05-17,2023-05-22
CAMPAIGN_00539,CUST_02930,Failed,sms,Exclusive Preview,2023-06-28,2023-07-03,2023-07-06
CAMPAIGN_00540,CUST_00565,Done,email,Holiday Sale,2024-04-26,2024-05-06,2024-05-08
CAMPAIGN_00541,CUST_02042,Done,email,Anniversary Campaign,2024-08-18,2024-08-19,2024-08-19
CAMPAIGN_00542,CUST_02223,Failed,sms,VIP Re-engagement,2023-04-11,2023-04-20,2023-04-20
CAMPAIGN_00543,CUST_01679,Done,letter,Loyalty Program Update,2024-11-01,2024-11-07,2024-11-10
CAMPAIGN_00544,CUST_02951,Done,call,Holiday Sale,2024-08-03,2024-08-11,2024-08-13
CAMPAIGN_00545,CUST_01405,Failed,letter,New Arrivals,2024-12-18,2024-12-19,2024-12-21
CAMPAIGN_00546,CUST_01165,Done,call,Loyalty Program Update,2023-01-17,2023-01-24,2023-01-25
CAMPAIGN_00547,CUST_01654,Failed,letter,Anniversary Campaign,2024-03-14,2024-03-22,2024-03-26
CAMPAIGN_00548,CUST_02074,Done,email,Loyalty Program Update,2023-06-05,2023-06-09,2023-06-09
CAMPAIGN_00549,CUST_00037,Failed,call,Loyalty Program Update,2023-03-20,2023-03-25,2023-03-28
CAMPAIGN_00550,CUST_03211,Done,email,Loyalty Program Update,2023-05-12,2023-05-18,2023-05-18
CAMPAIGN_00551,CUST_00251,Done,sms,Holiday Sale,2024-02-24,2024-03-05,2024-03-05
CAMPAIGN_00552,CUST_03097,Done,email,Personalized Offer,2024-03-17,2024-03-22,2024-03-26
CAMPAIGN_00553,CUST_03017,Done,sms,Anniversary Campaign,2024-09-24,2024-09-26,2024-09-26
CAMPAIGN_00554,CUST_02133,Done,call,Personalized Offer,2024-02-28,2024-03-06,2024-03-06
CAMPAIGN_00555,CUST_00765,Done,email,VIP Re-engagement,2023-06-20,2023-06-26,2023-06-29
CAMPAIGN_00556,CUST_00345,Failed,sms,New Arrivals,2024-03-13,2024-03-18,2024-03-18
CAMPAIGN_00557,CUST_03472,Failed,sms,Personalized Offer,2024-07-27,2024-07-29,2024-08-02
CAMPAIGN_00558,CUST_03247,Done,letter,Personalized Offer,2023-09-07,2023-09-10,2023-09-13
CAMPAIGN_00559,CUST_01813,Done,call,Holiday Sale,2024-11-15,2024-11-25,2024-11-29
CAMPAIGN_00560,CUST_02764,Done,email,Personalized Offer,2023-06-05,2023-06-11,2023-06-11
CAMPAIGN_00561,CUST_02095,Done,sms,Personalized Offer,2023-01-17,2023-01-24,2023-01-25
CAMPAIGN_00562,CUST_02716,Done,sms,Personalized Offer,2023-09-23,2023-09-30,2023-10-03
CAMPAIGN_00563,CUST_01521,Failed,call,New Arrivals,2023-05-08,2023-05-18,2023-05-22
CAMPAIGN_00564,CUST_00763,Done,email,VIP Re-engagement,2023-01-02,2023-01-09,2023-01-14
CAMPAIGN_00565,CUST_00865,Done,letter,Personalized Offer,2024-07-06,2024-07-16,2024-07-20
CAMPAIGN_00566,CUST_00766,Failed,sms,Personalized Offer,2024-01-22,2024-01-27,2024-01-29
CAMPAIGN_00567,CUST_01739,Done,sms,Loyalty Program Update,2024-10-19,2024-10-29,2024-10-31
CAMPAIGN_00568,CUST_03034,Done,call,Personalized Offer,2024-02-16,2024-02-24,2024-02-24
CAMPAIGN_00569,CUST_03367,Done,sms,Anniversary Campaign,2024-02-26,2024-02-27,2024-03-01
CAMPAIGN_00570,CUST_02010,Done,sms,Loyalty Program Update,2023-11-12,2023-11-18,2023-11-21
CAMPAIGN_00571,CUST_01856,Done,email,Anniversary Campaign,2024-08-27,2024-09-04,2024-09-04
CAMPAIGN_00572,CUST_03119,Done,letter,Holiday Sale,2024-05-08,2024-05-15,2024-05-20
CAMPAIGN_00573,CUST_01495,Failed,email,Personalized Offer,2024-01-10,2024-01-18,2024-01-20
CAMPAIGN_00574,CUST_00186,Done,sms,Personalized Offer,2024-06-16,2024-06-19,2024-06-19
CAMPAIGN_00575,CUST_02028,Done,letter,Loyalty Program Update,2023-02-07,2023-02-15,2023-02-15
CAMPAIGN_00576,CUST_03399,Done,sms,Loyalty Program Update,2024-11-07,2024-11-14,2024-11-15
CAMPAIGN_00577,CUST_01611,Done,sms,New Arrivals,2024-04-08,2024-04-15,2024-04-15
CAMPAIGN_00578,CUST_00081,Failed,sms,Personalized Offer,2024-01-06,2024-01-12,2024-01-15
CAMPAIGN_00579,CUST_01196,Done,letter,Exclusive Preview,2024-08-17,2024-08-25,2024-08-30
CAMPAIGN_00580,CUST_01753,Done,call,Anniversary Campaign,2023-06-19,2023-06-22,2023-06-25
CAMPAIGN_00581,CUST_02043,Done,letter,Holiday Sale,2023-07-15,2023-07-17,2023-07-18
CAMPAIGN_00582,CUST_03255,Failed,letter,Holiday Sale,2023-11-13,2023-11-15,2023-11-15
CAMPAIGN_00583,CUST_02875,Done,letter,New Arrivals,2023-02-16,2023-02-17,2023-02-20
CAMPAIGN_00584,CUST_02524,Failed,sms,VIP Re-engagement,2023-04-07,2023-04-13,2023-04-17
CAMPAIGN_00585,CUST_01110,Failed,sms,Holiday Sale,2023-01-21,2023-01-26,2023-01-28
CAMPAIGN_00586,CUST_03149,Done,sms,Spring Collection Launch,2023-10-22,2023-10-29,2023-11-02
CAMPAIGN_00587,CUST_01955,Done,email,VIP Re-engagement,2023-11-23,2023-12-02,2023-12-02
CAMPAIGN_00588,CUST_00281,Done,call,Anniversary Campaign,2024-10-12,2024-10-13,2024-10-16
CAMPAIGN_00589,CUST_00487,Done,sms,VIP Re-engagement,2023-05-11,2023-05-20,2023-05-23
CAMPAIGN_00590,CUST_00495,Failed,call,Personalized Offer,2024-09-27,2024-10-06,2024-10-10
CAMPAIGN_00591,CUST_02822,Failed,call,Spring Collection Launch,2024-03-12,2024-03-19,2024-03-23
CAMPAIGN_00592,CUST_01211,Done,call,Anniversary Campaign,2023-09-23,2023-09-29,2023-10-04
CAMPAIGN_00593,CUST_02115,Done,email,Personalized Offer,2024-12-15,2024-12-18,2024-12-20
CAMPAIGN_00594,CUST_02126,Done,email,VIP Re-engagement,2023-05-07,2023-05-09,2023-05-11
CAMPAIGN_00595,CUST_03037,Failed,email,Exclusive Preview,2023-02-12,2023-02-13,2023-02-14
CAMPAIGN_00596,CUST_00455,Done,email,New Arrivals,2024-04-18,2024-04-23,2024-04-25
CAMPAIGN_00597,CUST_02683,Failed,email,Personalized Offer,2024-12-20,2024-12-27,2024-12-29
CAMPAIGN_00598,CUST_03153,Done,sms,Exclusive Preview,2023-06-29,2023-06-30,2023-07-03
CAMPAIGN_00599,CUST_00865,Done,email,Personalized Offer,2024-04-13,2024-04-20,2024-04-25
CAMPAIGN_00600,CUST_02076,Done,letter,VIP Re-engagement,2024-07-02,2024-07-05,2024-07-09
CAMPAIGN_00601,CUST_02494,Done,email,Holiday Sale,2024-05-02,2024-05-11,2024-05-15
CAMPAIGN_00602,CUST_00569,Failed,sms,New Arrivals,2023-10-15,2023-10-19,2023-10-19
CAMPAIGN_00603,CUST_00553,Done,email,Loyalty Program Update,2024-03-08,2024-03-10,2024-03-13
CAMPAIGN_00604,CUST_00898,Done,email,Spring Collection Launch,2023-03-02,2023-03-06,2023-03-10
CAMPAIGN_00605,CUST_00716,Failed,letter,Personalized Offer,2023-08-22,2023-08-24,2023-08-29
CAMPAIGN_00606,CUST_02927,Done,sms,Spring Collection Launch,2024-01-13,2024-01-21,2024-01-21
CAMPAIGN_00607,CUST_01927,Done,letter,Holiday Sale,2024-12-14,2024-12-22,2024-12-26
CAMPAIGN_00608,CUST_00742,Failed,sms,Holiday Sale,2023-09-05,2023-09-11,2023-09-15
CAMPAIGN_00609,CUST_03463,Done,letter,Holiday Sale,2024-04-02,2024-04-04,2024-04-06
CAMPAIGN_00610,CUST_00977,Failed,call,Spring Collection Launch,2023-12-25,2024-01-04,2024-01-06
CAMPAIGN_00611,CUST_03361,Done,letter,Personalized Offer,2024-06-20,2024-06-28,2024-06-28
CAMPAIGN_00612,CUST_02098,Done,email,VIP Re-engagement,2024-03-14,2024-03-21,2024-03-26
CAMPAIGN_00613,CUST_02852,Done,sms,Spring Collection Launch,2024-05-08,2024-05-17,2024-05-20
CAMPAIGN_00614,CUST_01384,Done,sms,Anniversary Campaign,2024-05-26,2024-06-03,2024-06-05
CAMPAIGN_00615,CUST_02826,Done,sms,Spring Collection Launch,2023-02-12,2023-02-18,2023-02-18
CAMPAIGN_00616,CUST_02640,Done,sms,Personalized Offer,2024-06-21,2024-06-26,2024-07-01
CAMPAIGN_00617,CUST_00013,Done,letter,Personalized Offer,2023-10-03,2023-10-11,2023-10-12
CAMPAIGN_00618,CUST_02354,Done,email,New Arrivals,2024-03-28,2024-03-31,2024-04-05
CAMPAIGN_00619,CUST_00776,Done,letter,Anniversary Campaign,2024-12-14,2024-12-24,2024-12-27
CAMPAIGN_00620,CUST_00316,Failed,call,VIP Re-engagement,2024-05-31,2024-06-01,2024-06-05
CAMPAIGN_00621,CUST_03323,Failed,call,New Arrivals,2023-12-20,2023-12-29,2024-01-02
CAMPAIGN_00622,CUST_03015,Done,sms,Exclusive Preview,2024-06-21,2024-06-22,2024-06-24
CAMPAIGN_00623,CUST_03017,Done,sms,Exclusive Preview,2024-12-31,2025-01-07,2025-01-12
CAMPAIGN_00624,CUST_01599,Failed,letter,Spring Collection Launch,2023-08-10,2023-08-18,2023-08-22
CAMPAIGN_00625,CUST_03202,Done,email,Holiday Sale,2023-08-09,2023-08-14,2023-08-17
CAMPAIGN_00626,CUST_00565,Done,email,Holiday Sale,2024-10-18,2024-10-20,2024-10-23
CAMPAIGN_00627,CUST_00909,Done,call,Loyalty Program Update,2024-04-22,2024-04-24,2024-04-27
CAMPAIGN_00628,CUST_01344,Done,sms,Loyalty Program Update,2023-05-09,2023-05-16,2023-05-21
CAMPAIGN_00629,CUST_03031,Done,letter,Holiday Sale,2024-02-04,2024-02-08,2024-02-09
CAMPAIGN_00630,CUST_00384,Done,email,Holiday Sale,2023-03-31,2023-04-06,2023-04-11
CAMPAIGN_00631,CUST_01894,Failed,sms,New Arrivals,2024-02-04,2024-02-07,2024-02-12
CAMPAIGN_00632,CUST_02650,Failed,sms,Loyalty Program Update,2023-10-22,2023-10-28,2023-11-02
CAMPAIGN_00633,CUST_03004,Done,sms,Loyalty Program Update,2024-05-06,2024-05-14,2024-05-18
CAMPAIGN_00634,CUST_00633,Failed,email,Spring Collection Launch,2023-12-24,2023-12-30,2024-01-02
CAMPAIGN_00635,CUST_03078,Failed,call,New Arrivals,2024-04-09,2024-04-16,2024-04-20
CAMPAIGN_00636,CUST_03414,Failed,sms,Exclusive Preview,2024-05-15,2024-05-19,2024-05-24
CAMPAIGN_00637,CUST_02933,Done,email,Spring Collection Launch,2024-11-24,2024-11-29,2024-12-01
CAMPAIGN_00638,CUST_02077,Failed,sms,Exclusive Preview,2024-08-24,2024-08-31,2024-08-31
CAMPAIGN_00639,CUST_02662,Done,letter,Anniversary Campaign,2024-07-12,2024-07-18,2024-07-23
CAMPAIGN_00640,CUST_01509,Done,sms,Exclusive Preview,2023-04-16,2023-04-24,2023-04-27
CAMPAIGN_00641,CUST_01610,Failed,call,New Arrivals,2023-10-31,2023-11-02,2023-11-04
CAMPAIGN_00642,CUST_00951,Failed,email,Personalized Offer,2024-07-17,2024-07-18,2024-07-23
CAMPAIGN_00643,CUST_01234,Done,letter,Loyalty Program Update,2023-11-28,2023-11-29,2023-11-30
CAMPAIGN_00644,CUST_00763,Done,letter,VIP Re-engagement,2023-12-28,2023-12-30,2023-12-30
CAMPAIGN_00645,CUST_00698,Failed,sms,Holiday Sale,2024-07-17,2024-07-22,2024-07-27
CAMPAIGN_00646,CUST_03406,Done,sms,Exclusive Preview,2024-09-08,2024-09-13,2024-09-13
CAMPAIGN_00647,CUST_00411,Failed,call,Loyalty Program Update,2024-04-11,2024-04-20,2024-04-23
CAMPAIGN_00648,CUST_02718,Done,letter,Personalized Offer,2023-11-10,2023-11-17,2023-11-18
CAMPAIGN_00649,CUST_00020,Done,sms,VIP Re-engagement,2024-06-08,2024-06-14,2024-06-19
CAMPAIGN_00650,CUST_01817,Failed,letter,New Arrivals,2024-07-05,2024-07-14,2024-07-17
CAMPAIGN_00651,CUST_00236,Done,sms,Spring Collection Launch,2023-08-01,2023-08-03,2023-08-05
CAMPAIGN_00652,CUST_01412,Done,call,Loyalty Program Update,2023-09-12,2023-09-17,2023-09-21
CAMPAIGN_00653,CUST_02468,Done,letter,Personalized Offer,2023-09-15,2023-09-22,2023-09-24
CAMPAIGN_00654,CUST_01255,Failed,call,Holiday Sale,2024-12-17,2024-12-21,2024-12-26
CAMPAIGN_00655,CUST_02254,Done,call,Exclusive Preview,2024-05-02,2024-05-05,2024-05-05
CAMPAIGN_00656,CUST_01374,Failed,email,VIP Re-engagement,2024-11-13,2024-11-18,2024-11-18
CAMPAIGN_00657,CUST_02241,Failed,call,Loyalty Program Update,2023-09-01,2023-09-06,2023-09-10
CAMPAIGN_00658,CUST_02939,Failed,sms,Holiday Sale,2024-03-08,2024-03-17,2024-03-19
CAMPAIGN_00659,CUST_02385,Done,email,Anniversary Campaign,2024-03-05,2024-03-08,2024-03-10
CAMPAIGN_00660,CUST_00418,Done,call,Spring Collection Launch,2024-07-09,2024-07-16,2024-07-18
CAMPAIGN_00661,CUST_01805,Done,call,Exclusive Preview,2024-05-07,2024-05-15,2024-05-18
CAMPAIGN_00662,CUST_00831,Done,email,Personalized Offer,2023-11-07,2023-11-16,2023-11-19
CAMPAIGN_00663,CUST_03156,Done,call,Holiday Sale,2024-03-13,2024-03-15,2024-03-18
CAMPAIGN_00664,CUST_03040,Done,call,Exclusive Preview,2023-02-16,2023-02-25,2023-03-01
CAMPAIGN_00665,CUST_01785,Done,email,Exclusive Preview,2024-10-22,2024-11-01,2024-11-01
CAMPAIGN_00666,CUST_03022,Failed,call,Personalized Offer,2024-01-22,2024-01-30,2024-01-30
CAMPAIGN_00667,CUST_02119,Done,sms,Holiday Sale,2024-02-12,2024-02-18,2024-02-18
CAMPAIGN_00668,CUST_00138,Done,email,Loyalty Program Update,2023-04-15,2023-04-18,2023-04-21
CAMPAIGN_00669,CUST_03181,Failed,sms,Holiday Sale,2024-06-23,2024-06-27,2024-06-30
CAMPAIGN_00670,CUST_01656,Done,letter,Spring Collection Launch,2023-08-04,2023-08-10,2023-08-12
CAMPAIGN_00671,CUST_01634,Done,email,Exclusive Preview,2023-12-08,2023-12-18,2023-12-23
CAMPAIGN_00672,CUST_02812,Done,call,Loyalty Program Update,2024-05-07,2024-05-10,2024-05-10
CAMPAIGN_00673,CUST_03105,Done,letter,Holiday Sale,2023-03-21,2023-03-25,2023-03-26
CAMPAIGN_00674,CUST_03482,Done,call,New Arrivals,2023-02-14,2023-02-21,2023-02-25
CAMPAIGN_00675,CUST_00695,Failed,sms,New Arrivals,2024-11-19,2024-11-25,2024-11-30
CAMPAIGN_00676,CUST_00535,Done,email,Exclusive Preview,2024-06-19,2024-06-21,2024-06-21
CAMPAIGN_00677,CUST_00729,Done,sms,Holiday Sale,2024-08-23,2024-08-30,2024-09-01
CAMPAIGN_00678,CUST_03005,Done,sms,Exclusive Preview,2024-04-02,2024-04-04,2024-04-04
CAMPAIGN_00679,CUST_01760,Done,letter,VIP Re-engagement,2023-12-20,2023-12-21,2023-12-22
CAMPAIGN_00680,CUST_03288,Done,email,Personalized Offer,2023-11-19,2023-11-24,2023-11-25
CAMPAIGN_00681,CUST_02000,Failed,letter,New Arrivals,2023-03-21,2023-03-31,2023-04-05
CAMPAIGN_00682,CUST_00335,Done,sms,Holiday Sale,2023-07-27,2023-08-01,2023-08-05
CAMPAIGN_00683,CUST_03188,Failed,sms,Spring Collection Launch,2024-01-27,2024-01-29,2024-02-02
CAMPAIGN_00684,CUST_01559,Failed,letter,Loyalty Program Update,2023-07-23,2023-08-02,2023-08-05
CAMPAIGN_00685,CUST_00435,Failed,sms,Personalized Offer,2023-03-22,2023-04-01,2023-04-05
CAMPAIGN_00686,CUST_00425,Done,sms,Spring Collection Launch,2024-05-12,2024-05-16,2024-05-20
CAMPAIGN_00687,CUST_00197,Failed,email,VIP Re-engagement,2023-08-28,2023-08-31,2023-09-04
CAMPAIGN_00688,CUST_03114,Failed,email,Exclusive Preview,2023-03-28,2023-03-31,2023-04-05
CAMPAIGN_00689,CUST_03444,Done,email,Holiday Sale,2024-09-05,2024-09-07,2024-09-11
CAMPAIGN_00690,CUST_00424,Failed,email,Exclusive Preview,2023-04-06,2023-04-10,2023-04-14
CAMPAIGN_00691,CUST_03352,Done,email,Personalized Offer,2023-05-04,2023-05-09,2023-05-12
CAMPAIGN_00692,CUST_01375,Done,email,Exclusive Preview,2024-10-07,2024-10-16,2024-10-16
CAMPAIGN_00693,CUST_02510,Failed,call,Holiday Sale,2024-05-09,2024-05-17,2024-05-20
CAMPAIGN_00694,CUST_02413,Done,letter,Loyalty Program Update,2024-01-28,2024-02-05,2024-02-06
CAMPAIGN_00695,CUST_02586,Failed,sms,New Arrivals,2024-05-28,2024-05-30,2024-05-30
CAMPAIGN_00696,CUST_00278,Failed,letter,New Arrivals,2023-03-25,2023-03-27,2023-03-30
CAMPAIGN_00697,CUST_03027,Done,letter,Spring Collection Launch,2024-02-01,2024-02-05,2024-02-08
CAMPAIGN_00698,CUST_02885,Failed,email,Loyalty Program Update,2024-06-17,2024-06-20,2024-06-21
CAMPAIGN_00699,CUST_01583,Failed,call,Personalized Offer,2024-09-01,2024-09-09,2024-09-11
CAMPAIGN_00700,CUST_01176,Failed,email,Holiday Sale,2024-12-20,2024-12-24,2024-12-24
CAMPAIGN_00701,CUST_03177,Done,letter,VIP Re-engagement,2024-08-30,2024-09-07,2024-09-10
CAMPAIGN_00702,CUST_00221,Done,email,New Arrivals,2023-11-18,2023-11-22,2023-11-27
CAMPAIGN_00703,CUST_03003,Done,sms,Anniversary Campaign,2023-02-10,2023-02-17,2023-02-18
CAMPAIGN_00704,CUST_03118,Done,email,Loyalty Program Update,2024-07-11,2024-07-17,2024-07-17
CAMPAIGN_00705,CUST_02746,Done,sms,VIP Re-engagement,2023-05-04,2023-05-13,2023-05-13
CAMPAIGN_00706,CUST_01363,Done,email,Personalized Offer,2024-07-25,2024-07-27,2024-08-01
CAMPAIGN_00707,CUST_02815,Done,sms,New Arrivals,2024-05-15,2024-05-16,2024-05-17
CAMPAIGN_00708,CUST_00066,Done,sms,Loyalty Program Update,2024-04-19,2024-04-24,2024-04-28
CAMPAIGN_00709,CUST_02926,Done,sms,Exclusive Preview,2024-10-30,2024-11-01,2024-11-04
CAMPAIGN_00710,CUST_01514,Done,email,New Arrivals,2024-01-02,2024-01-07,2024-01-10
CAMPAIGN_00711,CUST_00257,Failed,letter,Spring Collection Launch,2023-10-05,2023-10-08,2023-10-12
CAMPAIGN_00712,CUST_02660,Done,sms,Holiday Sale,2024-08-29,2024-09-04,2024-09-07
CAMPAIGN_00713,CUST_02513,Done,call,Holiday Sale,2023-11-22,2023-11-30,2023-12-02
CAMPAIGN_00714,CUST_01860,Done,email,Holiday Sale,2023-03-29,2023-03-31,2023-03-31
CAMPAIGN_00715,CUST_01470,Done,letter,Holiday Sale,2024-05-24,2024-05-26,2024-05-27
CAMPAIGN_00716,CUST_00327,Done,letter,VIP Re-engagement,2024-07-09,2024-07-10,2024-07-14
CAMPAIGN_00717,CUST_00328,Done,call,Loyalty Program Update,2023-07-03,2023-07-12,2023-07-17
CAMPAIGN_00718,CUST_00183,Done,sms,New Arrivals,2024-03-13,2024-03-21,2024-03-21
CAMPAIGN_00719,CUST_00913,Done,letter,Loyalty Program Update,2024-08-13,2024-08-16,2024-08-20
CAMPAIGN_00720,CUST_02932,Done,sms,Loyalty Program Update,2024-05-19,2024-05-24,2024-05-27
CAMPAIGN_00721,CUST_02105,Failed,email,New Arrivals,2023-03-15,2023-03-16,2023-03-21
CAMPAIGN_00722,CUST_02190,Done,letter,Spring Collection Launch,2023-10-16,2023-10-21,2023-10-21
CAMPAIGN_00723,CUST_03382,Done,email,Loyalty Program Update,2023-05-29,2023-06-08,2023-06-11
CAMPAIGN_00724,CUST_02672,Done,email,Personalized Offer,2024-01-12,2024-01-21,2024-01-23
CAMPAIGN_00725,CUST_00024,Done,letter,Loyalty Program Update,2024-09-28,2024-10-05,2024-10-08
CAMPAIGN_00726,CUST_03008,Done,email,Spring Collection Launch,2023-11-07,2023-11-08,2023-11-12
CAMPAIGN_00727,CUST_01407,Done,sms,Loyalty Program Update,2023-04-24,2023-05-03,2023-05-06
CAMPAIGN_00728,CUST_01565,Done,call,Exclusive Preview,2023-11-02,2023-11-12,2023-11-17
CAMPAIGN_00729,CUST_00130,Done,sms,Loyalty Program Update,2023-08-31,2023-09-07,2023-09-11
CAMPAIGN_00730,CUST_02280,Done,sms,VIP Re-engagement,2024-08-09,2024-08-12,2024-08-15
CAMPAIGN_00731,CUST_02562,Done,email,Anniversary Campaign,2023-04-10,2023-04-15,2023-04-19
CAMPAIGN_00732,CUST_02183,Done,call,Personalized Offer,2024-04-18,2024-04-28,2024-04-29
CAMPAIGN_00733,CUST_01793,Failed,email,Loyalty Program Update,2024-08-06,2024-08-10,2024-08-14
CAMPAIGN_00734,CUST_02150,Done,email,Loyalty Program Update,2024-06-04,2024-06-08,2024-06-12
CAMPAIGN_00735,CUST_00466,Done,letter,Loyalty Program Update,2023-09-09,2023-09-13,2023-09-13
CAMPAIGN_00736,CUST_02705,Failed,sms,Holiday Sale,2024-08-21,2024-08-28,2024-08-30
CAMPAIGN_00737,CUST_01537,Done,sms,Personalized Offer,2023-12-16,2023-12-18,2023-12-22
CAMPAIGN_00738,CUST_03416,Failed,call,Spring Collection Launch,2023-01-11,2023-01-13,2023-01-16
CAMPAIGN_00739,CUST_03327,Done,call,Exclusive Preview,2023-12-12,2023-12-17,2023-12-22
CAMPAIGN_00740,CUST_02395,Done,email,Anniversary Campaign,2024-11-05,2024-11-15,2024-11-16
CAMPAIGN_00741,CUST_03455,Failed,letter,Spring Collection Launch,2023-04-14,2023-04-24,2023-04-29
CAMPAIGN_00742,CUST_02814,Done,sms,Spring Collection Launch,2023-08-15,2023-08-24,2023-08-28
CAMPAIGN_00743,CUST_02780,Done,call,Personalized Offer,2024-06-28,2024-07-04,2024-07-05
CAMPAIGN_00744,CUST_00257,Failed,call,Spring Collection Launch,2024-09-08,2024-09-14,2024-09-14
CAMPAIGN_00745,CUST_02404,Done,sms,Personalized Offer,2023-09-11,2023-09-19,2023-09-19
CAMPAIGN_00746,CUST_02739,Done,sms,Loyalty Program Update,2023-01-12,2023-01-19,2023-01-20
CAMPAIGN_00747,CUST_02240,Done,email,Loyalty Program Update,2023-05-11,2023-05-18,2023-05-22
CAMPAIGN_00748,CUST_01567,Done,sms,Spring Collection Launch,2024-01-12,2024-01-19,2024-01-23
CAMPAIGN_00749,CUST_02624,Done,sms,Holiday Sale,2024-10-10,2024-10-16,2024-10-20
CAMPAIGN_00750,CUST_02689,Done,email,Holiday Sale,2023-04-10,2023-04-17,2023-04-22
CAMPAIGN_00751,CUST_00427,Done,letter,Spring Collection Launch,2023-05-25,2023-05-30,2023-06-04
CAMPAIGN_00752,CUST_02666,Failed,letter,Personalized Offer,2024-11-01,2024-11-07,2024-11-10
CAMPAIGN_00753,CUST_03238,Failed,letter,VIP Re-engagement,2023-04-09,2023-04-12,2023-04-16
CAMPAIGN_00754,CUST_01072,Done,email,VIP Re-engagement,2024-12-29,2025-01-08,2025-01-08
CAMPAIGN_00755,CUST_01711,Done,email,Holiday Sale,2023-11-13,2023-11-17,2023-11-20
CAMPAIGN_00756,CUST_00373,Done,call,Anniversary Campaign,2023-07-25,2023-08-04,2023-08-05
CAMPAIGN_00757,CUST_02060,Failed,letter,Holiday Sale,2023-11-26,2023-12-01,2023-12-02
CAMPAIGN_00758,CUST_01592,Done,sms,Personalized Offer,2023-09-26,2023-10-05,2023-10-05
CAMPAIGN_00759,CUST_03482,Done,letter,VIP Re-engagement,2023-08-28,2023-09-04,2023-09-05
CAMPAIGN_00760,CUST_01663,Done,letter,Spring Collection Launch,2023-11-16,2023-11-20,2023-11-21
CAMPAIGN_00761,CUST_02436,Done,letter,Personalized Offer,2023-07-08,2023-07-16,2023-07-21
CAMPAIGN_00762,CUST_00058,Failed,email,VIP Re-engagement,2024-12-05,2024-12-07,2024-12-10
CAMPAIGN_00763,CUST_01722,Failed,sms,Personalized Offer,2024-10-06,2024-10-08,2024-10-09
CAMPAIGN_00764,CUST_02367,Done,letter,Personalized Offer,2023-04-23,2023-04-25,2023-04-30
CAMPAIGN_00765,CUST_00242,Failed,sms,New Arrivals,2024-09-03,2024-09-11,2024-09-16
CAMPAIGN_00766,CUST_03258,Failed,call,Exclusive Preview,2024-02-21,2024-02-28,2024-03-04
CAMPAIGN_00767,CUST_00357,Done,call,VIP Re-engagement,2024-03-08,2024-03-14,2024-03-18
CAMPAIGN_00768,CUST_00891,Done,sms,Anniversary Campaign,2024-01-02,2024-01-11,2024-01-12
CAMPAIGN_00769,CUST_00759,Done,email,Exclusive Preview,2023-07-11,2023-07-14,2023-07-18
CAMPAIGN_00770,CUST_02251,Done,sms,Loyalty Program Update,2023-10-08,2023-10-11,2023-10-14
CAMPAIGN_00771,CUST_01319,Done,letter,Loyalty Program Update,2023-07-03,2023-07-09,2023-07-14
CAMPAIGN_00772,CUST_01278,Done,call,Exclusive Preview,2023-11-30,2023-12-05,2023-12-05
CAMPAIGN_00773,CUST_02458,Done,email,Personalized Offer,2024-09-27,2024-10-06,2024-10-11
CAMPAIGN_00774,CUST_00642,Done,email,Anniversary Campaign,2024-12-19,2024-12-21,2024-12-25
CAMPAIGN_00775,CUST_01509,Done,letter,Exclusive Preview,2024-05-12,2024-05-20,2024-05-24
CAMPAIGN_00776,CUST_03113,Done,email,Spring Collection Launch,2023-11-13,2023-11-19,2023-11-20
CAMPAIGN_00777,CUST_03117,Done,call,VIP Re-engagement,2024-03-08,2024-03-16,2024-03-20
CAMPAIGN_00778,CUST_00440,Failed,sms,Exclusive Preview,2023-07-25,2023-08-02,2023-08-05
CAMPAIGN_00779,CUST_02722,Done,call,VIP Re-engagement,2024-05-29,2024-06-07,2024-06-09
CAMPAIGN_00780,CUST_01045,Done,call,Personalized Offer,2023-09-23,2023-10-03,2023-10-03
CAMPAIGN_00781,CUST_00191,Failed,call,Holiday Sale,2024-07-13,2024-07-23,2024-07-27
CAMPAIGN_00782,CUST_03164,Done,letter,VIP Re-engagement,2023-06-12,2023-06-16,2023-06-16
CAMPAIGN_00783,CUST_01920,Done,letter,VIP Re-engagement,2024-09-25,2024-10-05,2024-10-10
CAMPAIGN_00784,CUST_00600,Done,email,Spring Collection Launch,2023-08-01,2023-08-03,2023-08-06
CAMPAIGN_00785,CUST_03200,Done,email,Exclusive Preview,2023-04-03,2023-04-05,2023-04-06
CAMPAIGN_00786,CUST_01827,Done,letter,Anniversary Campaign,2023-09-24,2023-09-30,2023-10-02
CAMPAIGN_00787,CUST_02207,Failed,sms,Anniversary Campaign,2024-09-30,2024-10-01,2024-10-04
CAMPAIGN_00788,CUST_02636,Done,email,Exclusive Preview,2024-10-16,2024-10-25,2024-10-27
CAMPAIGN_00789,CUST_02591,Failed,email,VIP Re-engagement,2024-08-15,2024-08-19,2024-08-19
CAMPAIGN_00790,CUST_02169,Done,call,New Arrivals,2024-04-03,2024-04-07,2024-04-12
CAMPAIGN_00791,CUST_00452,Done,email,VIP Re-engagement,2024-10-08,2024-10-11,2024-10-12
CAMPAIGN_00792,CUST_01089,Done,email,Holiday Sale,2023-10-07,2023-10-15,2023-10-15
CAMPAIGN_00793,CUST_01515,Done,letter,New Arrivals,2024-05-26,2024-05-27,2024-05-28
CAMPAIGN_00794,CUST_01090,Done,letter,Anniversary Campaign,2024-06-13,2024-06-20,2024-06-23
CAMPAIGN_00795,CUST_02845,Done,email,Anniversary Campaign,2024-06-12,2024-06-22,2024-06-26
CAMPAIGN_00796,CUST_02459,Failed,email,Exclusive Preview,2023-11-19,2023-11-23,2023-11-24
CAMPAIGN_00797,CUST_01041,Done,call,New Arrivals,2024-05-21,2024-05-23,2024-05-28
CAMPAIGN_00798,CUST_00903,Done,call,Personalized Offer,2023-07-23,2023-07-30,2023-08-03
CAMPAIGN_00799,CUST_01303,Done,sms,Loyalty Program Update,2023-12-18,2023-12-26,2023-12-31
CAMPAIGN_00800,CUST_02200,Done,sms,Holiday Sale,2023-12-31,2024-01-04,2024-01-07
CAMPAIGN_00801,CUST_01805,Done,call,Anniversary Campaign,2024-03-04,2024-03-09,2024-03-14
CAMPAIGN_00802,CUST_01354,Done,sms,Personalized Offer,2024-05-22,2024-05-27,2024-05-28
CAMPAIGN_00803,CUST_01429,Done,letter,New Arrivals,2024-03-15,2024-03-18,2024-03-18
CAMPAIGN_00804,CUST_00606,Done,letter,Personalized Offer,2024-09-19,2024-09-23,2024-09-27
CAMPAIGN_00805,CUST_03124,Done,sms,Anniversary Campaign,2024-02-18,2024-02-27,2024-03-02
CAMPAIGN_00806,CUST_03219,Failed,email,Personalized Offer,2024-11-05,2024-11-08,2024-11-11
CAMPAIGN_00807,CUST_01643,Done,call,VIP Re-engagement,2024-10-08,2024-10-09,2024-10-09
CAMPAIGN_00808,CUST_01460,Done,sms,Spring Collection Launch,2023-05-20,2023-05-25,2023-05-29
CAMPAIGN_00809,CUST_02134,Done,sms,Personalized Offer,2023-03-30,2023-04-02,2023-04-02
CAMPAIGN_00810,CUST_00665,Failed,letter,VIP Re-engagement,2023-10-28,2023-11-04,2023-11-07
CAMPAIGN_00811,CUST_00844,Failed,letter,Personalized Offer,2023-06-24,2023-06-28,2023-07-02
CAMPAIGN_00812,CUST_00784,Failed,email,New Arrivals,2024-02-28,2024-02-29,2024-03-03
CAMPAIGN_00813,CUST_01161,Failed,letter,VIP Re-engagement,2024-07-26,2024-08-04,2024-08-05
CAMPAIGN_00814,CUST_00280,Failed,call,Anniversary Campaign,2024-05-08,2024-05-12,2024-05-17
CAMPAIGN_00815,CUST_02719,Failed,letter,Exclusive Preview,2023-09-20,2023-09-27,2023-09-27
CAMPAIGN_00816,CUST_03265,Done,email,Anniversary Campaign,2024-03-29,2024-04-06,2024-04-09
CAMPAIGN_00817,CUST_00241,Done,sms,Anniversary Campaign,2023-05-26,2023-06-01,2023-06-06
CAMPAIGN_00818,CUST_02901,Done,sms,Anniversary Campaign,2024-07-13,2024-07-21,2024-07-24
CAMPAIGN_00819,CUST_01774,Done,call,Holiday Sale,2024-05-30,2024-06-07,2024-06-10
CAMPAIGN_00820,CUST_00301,Failed,call,Loyalty Program Update,2023-03-22,2023-03-24,2023-03-25
CAMPAIGN_00821,CUST_02659,Done,call,Loyalty Program Update,2023-02-13,2023-02-22,2023-02-24
CAMPAIGN_00822,CUST_01905,Done,sms,VIP Re-engagement,2024-03-25,2024-04-03,2024-04-06
CAMPAIGN_00823,CUST_02124,Failed,letter,New Arrivals,2024-06-24,2024-06-27,2024-07-01
CAMPAIGN_00824,CUST_01560,Done,sms,VIP Re-engagement,2024-07-28,2024-08-01,2024-08-01
CAMPAIGN_00825,CUST_01869,Done,email,Personalized Offer,2024-01-16,2024-01-21,2024-01-25
CAMPAIGN_00826,CUST_00705,Failed,call,VIP Re-engagement,2023-04-01,2023-04-05,2023-04-07
CAMPAIGN_00827,CUST_00422,Done,call,Holiday Sale,2023-07-30,2023-08-01,2023-08-01
CAMPAIGN_00828,CUST_00453,Done,sms,Loyalty Program Update,2023-12-01,2023-12-09,2023-12-13
CAMPAIGN_00829,CUST_00173,Done,email,Exclusive Preview,2023-02-23,2023-03-02,2023-03-05
CAMPAIGN_00830,CUST_00233,Done,sms,Holiday Sale,2024-04-14,2024-04-21,2024-04-21
CAMPAIGN_00831,CUST_01839,Done,sms,Exclusive Preview,2024-11-05,2024-11-08,2024-11-13
CAMPAIGN_00832,CUST_01339,Done,sms,Anniversary Campaign,2023-10-10,2023-10-11,2023-10-16
CAMPAIGN_00833,CUST_01979,Done,call,New Arrivals,2023-08-20,2023-08-23,2023-08-25
CAMPAIGN_00834,CUST_02757,Done,call,Loyalty Program Update,2023-12-21,2023-12-23,2023-12-27
CAMPAIGN_00835,CUST_01599,Failed,letter,Loyalty Program Update,2024-10-24,2024-11-02,2024-11-04
CAMPAIGN_00836,CUST_02482,Done,letter,Spring Collection Launch,2024-09-23,2024-10-03,2024-10-06
CAMPAIGN_00837,CUST_02935,Failed,email,New Arrivals,2024-12-14,2024-12-19,2024-12-23
CAMPAIGN_00838,CUST_00243,Done,call,Holiday Sale,2023-01-24,2023-01-31,2023-02-01
CAMPAIGN_00839,CUST_03290,Done,call,Loyalty Program Update,2024-09-28,2024-10-08,2024-10-13
CAMPAIGN_00840,CUST_02257,Failed,call,VIP Re-engagement,2024-09-02,2024-09-10,2024-09-12
CAMPAIGN_00841,CUST_01468,Done,sms,Anniversary Campaign,2023-01-09,2023-01-10,2023-01-12
CAMPAIGN_00842,CUST_02361,Done,call,Personalized Offer,2024-10-16,2024-10-25,2024-10-28
CAMPAIGN_00843,CUST_02131,Done,sms,Anniversary Campaign,2024-02-23,2024-02-24,2024-02-24
CAMPAIGN_00844,CUST_03126,Done,email,Loyalty Program Update,2024-05-17,2024-05-20,2024-05-22
CAMPAIGN_00845,CUST_02758,Failed,letter,Exclusive Preview,2023-12-04,2023-12-11,2023-12-12
CAMPAIGN_00846,CUST_02109,Done,letter,Anniversary Campaign,2023-12-15,2023-12-24,2023-12-29
CAMPAIGN_00847,CUST_01693,Done,letter,New Arrivals,2024-09-05,2024-09-12,2024-09-14
CAMPAIGN_00848,CUST_00945,Failed,letter,Personalized Offer,2024-02-01,2024-02-06,2024-02-08
CAMPAIGN_00849,CUST_00820,Done,call,Anniversary Campaign,2024-03-07,2024-03-16,2024-03-19
CAMPAIGN_00850,CUST_01565,Done,letter,Anniversary Campaign,2024-03-14,2024-03-15,2024-03-20
CAMPAIGN_00851,CUST_03204,Failed,email,VIP Re-engagement,2023-02-08,2023-02-11,2023-02-14
CAMPAIGN_00852,CUST_02734,Done,letter,Holiday Sale,2024-08-20,2024-08-26,2024-08-31
CAMPAIGN_00853,CUST_01537,Done,sms,Personalized Offer,2024-01-25,2024-01-31,2024-01-31
CAMPAIGN_00854,CUST_01815,Done,letter,Loyalty Program Update,2024-06-04,2024-06-13,2024-06-13
CAMPAIGN_00855,CUST_03434,Done,letter,VIP Re-engagement,2023-07-01,2023-07-05,2023-07-08
CAMPAIGN_00856,CUST_02934,Failed,letter,Spring Collection Launch,2023-12-10,2023-12-14,2023-12-14
CAMPAIGN_00857,CUST_03092,Done,sms,Loyalty Program Update,2024-04-17,2024-04-24,2024-04-28
CAMPAIGN_00858,CUST_01660,Done,sms,Loyalty Program Update,2023-07-11,2023-07-14,2023-07-14
CAMPAIGN_00859,CUST_01870,Done,call,New Arrivals,2024-10-22,2024-10-24,2024-10-28
CAMPAIGN_00860,CUST_02659,Done,email,Spring Collection Launch,2023-06-12,2023-06-15,2023-06-15
CAMPAIGN_00861,CUST_00780,Failed,sms,Holiday Sale,2024-12-11,2024-12-15,2024-12-18
CAMPAIGN_00862,CUST_00799,Failed,call,New Arrivals,2024-01-08,2024-01-12,2024-01-16
CAMPAIGN_00863,CUST_01625,Failed,sms,VIP Re-engagement,2023-03-14,2023-03-18,2023-03-23
CAMPAIGN_00864,CUST_00092,Done,email,New Arrivals,2024-02-10,2024-02-15,2024-02-20
CAMPAIGN_00865,CUST_01290,Done,sms,Loyalty Program Update,2023-07-31,2023-08-08,2023-08-12
CAMPAIGN_00866,CUST_00624,Failed,letter,VIP Re-engagement,2023-10-23,2023-10-26,2023-10-28
CAMPAIGN_00867,CUST_01420,Failed,letter,Holiday Sale,2023-04-13,2023-04-23,2023-04-23
CAMPAIGN_00868,CUST_03462,Failed,sms,New Arrivals,2024-06-05,2024-06-13,2024-06-18
CAMPAIGN_00869,CUST_00339,Done,letter,VIP Re-engagement,2023-02-18,2023-02-19,2023-02-19
CAMPAIGN_00870,CUST_01255,Failed,call,Exclusive Preview,2024-04-13,2024-04-21,2024-04-25
CAMPAIGN_00871,CUST_03113,Done,sms,Loyalty Program Update,2024-07-27,2024-08-04,2024-08-04
CAMPAIGN_00872,CUST_00178,Done,letter,VIP Re-engagement,2023-05-05,2023-05-07,2023-05-07
CAMPAIGN_00873,CUST_02269,Done,letter,New Arrivals,2023-06-09,2023-06-15,2023-06-18
CAMPAIGN_00874,CUST_03296,Failed,call,Anniversary Campaign,2024-07-26,2024-07-30,2024-08-03
CAMPAIGN_00875,CUST_02550,Failed,letter,Personalized Offer,2024-10-14,2024-10-20,2024-10-20
CAMPAIGN_00876,CUST_01656,Done,email,Holiday Sale,2023-09-28,2023-10-07,2023-10-09
CAMPAIGN_00877,CUST_03443,Done,email,New Arrivals,2023-08-31,2023-09-10,2023-09-14
CAMPAIGN_00878,CUST_01145,Done,letter,Anniversary Campaign,2023-10-16,2023-10-22,2023-10-26
CAMPAIGN_00879,CUST_02538,Failed,sms,Holiday Sale,2024-03-14,2024-03-16,2024-03-20
CAMPAIGN_00880,CUST_01236,Failed,call,Anniversary Campaign,2023-06-16,2023-06-18,2023-06-23
CAMPAIGN_00881,CUST_02901,Done,sms,Personalized Offer,2024-07-17,2024-07-22,2024-07-25
CAMPAIGN_00882,CUST_00352,Done,letter,Holiday Sale,2024-05-24,2024-05-30,2024-05-31
CAMPAIGN_00883,CUST_01734,Done,letter,Loyalty Program Update,2024-02-22,2024-03-01,2024-03-03
CAMPAIGN_00884,CUST_00998,Failed,email,Anniversary Campaign,2024-02-24,2024-03-02,2024-03-05
CAMPAIGN_00885,CUST_02505,Done,sms,New Arrivals,2023-07-05,2023-07-13,2023-07-14
CAMPAIGN_00886,CUST_01361,Failed,letter,VIP Re-engagement,2023-09-21,2023-09-29,2023-09-30
CAMPAIGN_00887,CUST_01460,Done,email,Holiday Sale,2024-10-20,2024-10-24,2024-10-29
CAMPAIGN_00888,CUST_02148,Failed,call,Spring Collection Launch,2023-08-03,2023-08-09,2023-08-11
CAMPAIGN_00889,CUST_02702,Done,email,New Arrivals,2023-04-07,2023-04-14,2023-04-16
CAMPAIGN_00890,CUST_03355,Failed,call,Loyalty Program Update,2023-01-04,2023-01-14,2023-01-18
CAMPAIGN_00891,CUST_00581,Done,email,Anniversary Campaign,2023-07-18,2023-07-25,2023-07-25
CAMPAIGN_00892,CUST_00107,Done,letter,Holiday Sale,2023-10-18,2023-10-24,2023-10-25
CAMPAIGN_00893,CUST_02451,Done,sms,Loyalty Program Update,2023-01-02,2023-01-03,2023-01-05
CAMPAIGN_00894,CUST_01440,Done,sms,Loyalty Program Update,2024-11-20,2024-11-29,2024-12-03
CAMPAIGN_00895,CUST_01604,Failed,call,New Arrivals,2023-12-31,2024-01-03,2024-01-08
CAMPAIGN_00896,CUST_02878,Done,sms,Personalized Offer,2023-03-17,2023-03-18,2023-03-21
CAMPAIGN_00897,CUST_01226,Failed,call,Personalized Offer,2024-05-17,2024-05-20,2024-05-21
CAMPAIGN_00898,CUST_03381,Failed,call,VIP Re-engagement,2024-05-06,2024-05-12,2024-05-16
CAMPAIGN_00899,CUST_02818,Done,call,Loyalty Program Update,2023-09-13,2023-09-18,2023-09-23
CAMPAIGN_00900,CUST_03131,Done,email,Loyalty Program Update,2024-11-09,2024-11-11,2024-11-11
CAMPAIGN_00901,CUST_01463,Failed,sms,Spring Collection Launch,2023-09-01,2023-09-11,2023-09-16
CAMPAIGN_00902,CUST_03041,Done,email,Anniversary Campaign,2023-04-12,2023-04-18,2023-04-19
CAMPAIGN_00903,CUST_00895,Done,email,Holiday Sale,2024-08-09,2024-08-14,2024-08-14
CAMPAIGN_00904,CUST_01818,Done,email,Exclusive Preview,2024-08-22,2024-08-25,2024-08-25
CAMPAIGN_00905,CUST_01618,Done,letter,Loyalty Program Update,2024-03-16,2024-03-22,2024-03-26
CAMPAIGN_00906,CUST_01255,Failed,call,Anniversary Campaign,2023-11-04,2023-11-13,2023-11-16
CAMPAIGN_00907,CUST_01583,Failed,email,Personalized Offer,2024-05-22,2024-05-29,2024-05-31
CAMPAIGN_00908,CUST_01178,Done,sms,Exclusive Preview,2024-09-15,2024-09-24,2024-09-29
CAMPAIGN_00909,CUST_00963,Done,email,Anniversary Campaign,2023-09-12,2023-09-13,2023-09-18
CAMPAIGN_00910,CUST_00186,Done,sms,Anniversary Campaign,2023-11-07,2023-11-11,2023-11-14
CAMPAIGN_00911,CUST_03292,Done,email,Exclusive Preview,2024-10-27,2024-11-02,2024-11-07
CAMPAIGN_00912,CUST_00218,Done,letter,Spring Collection Launch,2023-08-18,2023-08-21,2023-08-24
CAMPAIGN_00913,CUST_02651,Done,letter,Personalized Offer,2024-12-27,2025-01-06,2025-01-08
CAMPAIGN_00914,CUST_00860,Done,call,Loyalty Program Update,2023-04-05,2023-04-14,2023-04-16
CAMPAIGN_00915,CUST_01206,Done,call,Exclusive Preview,2023-11-21,2023-11-28,2023-12-03
CAMPAIGN_00916,CUST_01463,Failed,call,Holiday Sale,2024-10-10,2024-10-11,2024-10-14
CAMPAIGN_00917,CUST_02425,Failed,letter,Anniversary Campaign,2023-11-05,2023-11-14,2023-11-18
CAMPAIGN_00918,CUST_02793,Failed,letter,Exclusive Preview,2024-11-21,2024-11-24,2024-11-28
CAMPAIGN_00919,CUST_02567,Done,email,Exclusive Preview,2023-09-23,2023-09-25,2023-09-26
CAMPAIGN_00920,CUST_02455,Done,email,VIP Re-engagement,2024-03-30,2024-04-05,2024-04-08
CAMPAIGN_00921,CUST_01592,Done,letter,Anniversary Campaign,2024-05-31,2024-06-07,2024-06-08
CAMPAIGN_00922,CUST_00089,Done,email,Personalized Offer,2024-01-20,2024-01-27,2024-01-30
CAMPAIGN_00923,CUST_00964,Done,sms,Exclusive Preview,2024-06-04,2024-06-06,2024-06-07
CAMPAIGN_00924,CUST_02297,Done,letter,Spring Collection Launch,2024-08-05,2024-08-14,2024-08-18
CAMPAIGN_00925,CUST_00170,Failed,call,Anniversary Campaign,2023-11-08,2023-11-15,2023-11-20
CAMPAIGN_00926,CUST_02410,Failed,letter,Loyalty Program Update,2024-05-18,2024-05-25,2024-05-29
CAMPAIGN_00927,CUST_00340,Done,sms,Anniversary Campaign,2023-04-15,2023-04-18,2023-04-23
CAMPAIGN_00928,CUST_02810,Failed,sms,New Arrivals,2024-07-01,2024-07-03,2024-07-08
CAMPAIGN_00929,CUST_00010,Done,call,Loyalty Program Update,2024-01-04,2024-01-09,2024-01-11
CAMPAIGN_00930,CUST_00325,Done,call,Anniversary Campaign,2024-12-31,2025-01-02,2025-01-06
CAMPAIGN_00931,CUST_02177,Failed,email,Loyalty Program Update,2023-11-14,2023-11-24,2023-11-24
CAMPAIGN_00932,CUST_00565,Done,sms,Exclusive Preview,2023-01-26,2023-01-29,2023-01-31
CAMPAIGN_00933,CUST_00031,Done,call,Exclusive Preview,2024-10-03,2024-10-08,2024-10-12
CAMPAIGN_00934,CUST_02626,Done,letter,Personalized Offer,2023-03-03,2023-03-05,2023-03-09
CAMPAIGN_00935,CUST_02455,Done,sms,VIP Re-engagement,2023-03-26,2023-04-02,2023-04-03
CAMPAIGN_00936,CUST_00078,Failed,call,Anniversary Campaign,2024-01-23,2024-01-30,2024-02-04
CAMPAIGN_00937,CUST_02186,Done,email,Spring Collection Launch,2023-04-23,2023-04-27,2023-04-29
CAMPAIGN_00938,CUST_01026,Done,call,New Arrivals,2023-06-09,2023-06-13,2023-06-15
CAMPAIGN_00939,CUST_01878,Done,sms,Spring Collection Launch,2024-12-22,2024-12-30,2024-12-30
CAMPAIGN_00940,CUST_00074,Done,call,Spring Collection Launch,2024-10-01,2024-10-07,2024-10-10
CAMPAIGN_00941,CUST_01091,Done,letter,New Arrivals,2023-10-10,2023-10-11,2023-10-12
CAMPAIGN_00942,CUST_02744,Done,sms,Anniversary Campaign,2023-01-29,2023-02-05,2023-02-06
CAMPAIGN_00943,CUST_00195,Failed,letter,VIP Re-engagement,2023-07-07,2023-07-12,2023-07-14
CAMPAIGN_00944,CUST_01950,Done,call,Exclusive Preview,2023-08-23,2023-08-26,2023-08-31
CAMPAIGN_00945,CUST_00514,Failed,letter,Personalized Offer,2024-04-10,2024-04-14,2024-04-17
CAMPAIGN_00946,CUST_01557,Done,letter,Anniversary Campaign,2023-05-20,2023-05-27,2023-05-31
CAMPAIGN_00947,CUST_03331,Done,call,New Arrivals,2024-08-12,2024-08-17,2024-08-17
CAMPAIGN_00948,CUST_01905,Done,email,Anniversary Campaign,2024-09-08,2024-09-11,2024-09-13
CAMPAIGN_00949,CUST_00319,Done,call,New Arrivals,2024-06-13,2024-06-20,2024-06-23
CAMPAIGN_00950,CUST_01975,Done,call,Exclusive Preview,2023-01-21,2023-01-26,2023-01-29
CAMPAIGN_00951,CUST_02855,Done,sms,VIP Re-engagement,2023-07-29,2023-08-02,2023-08-07
CAMPAIGN_00952,CUST_02577,Done,letter,Loyalty Program Update,2024-05-19,2024-05-23,2024-05-28
CAMPAIGN_00953,CUST_00484,Done,email,Loyalty Program Update,2023-01-28,2023-01-29,2023-01-31
CAMPAIGN_00954,CUST_03070,Failed,sms,Anniversary Campaign,2024-02-13,2024-02-14,2024-02-15
CAMPAIGN_00955,CUST_03045,Failed,letter,VIP Re-engagement,2024-04-24,2024-04-29,2024-04-29
CAMPAIGN_00956,CUST_02197,Done,letter,Personalized Offer,2024-06-08,2024-06-14,2024-06-16
CAMPAIGN_00957,CUST_01194,Done,email,Spring Collection Launch,2024-05-06,2024-05-15,2024-05-18
CAMPAIGN_00958,CUST_01361,Failed,sms,Loyalty Program Update,2023-05-26,2023-05-28,2023-06-02
CAMPAIGN_00959,CUST_02331,Done,sms,Spring Collection Launch,2024-09-16,2024-09-17,2024-09-18
CAMPAIGN_00960,CUST_01151,Done,email,Personalized Offer,2023-05-21,2023-05-27,2023-05-28
CAMPAIGN_00961,CUST_02751,Failed,email,New Arrivals,2024-03-19,2024-03-24,2024-03-24
CAMPAIGN_00962,CUST_01497,Done,call,Holiday Sale,2024-07-10,2024-07-16,2024-07-17
CAMPAIGN_00963,CUST_01871,Done,letter,Personalized Offer,2023-06-01,2023-06-04,2023-06-04
CAMPAIGN_00964,CUST_03282,Done,sms,Personalized Offer,2023-01-04,2023-01-08,2023-01-11
CAMPAIGN_00965,CUST_03321,Done,call,Exclusive Preview,2024-03-26,2024-04-03,2024-04-06
CAMPAIGN_00966,CUST_01047,Done,letter,Exclusive Preview,2023-07-13,2023-07-18,2023-07-21
CAMPAIGN_00967,CUST_03062,Done,call,New Arrivals,2023-01-06,2023-01-07,2023-01-10
CAMPAIGN_00968,CUST_01019,Done,letter,Loyalty Program Update,2023-09-19,2023-09-24,2023-09-29
CAMPAIGN_00969,CUST_02377,Done,sms,New Arrivals,2024-11-30,2024-12-08,2024-12-08
CAMPAIGN_00970,CUST_02242,Done,letter,Personalized Offer,2023-02-10,2023-02-14,2023-02-17
CAMPAIGN_00971,CUST_00074,Done,email,VIP Re-engagement,2024-12-09,2024-12-16,2024-12-21
CAMPAIGN_00972,CUST_03143,Done,call,Loyalty Program Update,2024-12-22,2024-12-30,2025-01-01
CAMPAIGN_00973,CUST_03345,Failed,sms,VIP Re-engagement,2024-04-29,2024-04-30,2024-05-03
CAMPAIGN_00974,CUST_03375,Done,sms,New Arrivals,2024-01-01,2024-01-10,2024-01-13
CAMPAIGN_00975,CUST_00514,Failed,email,Holiday Sale,2023-05-29,2023-06-04,2023-06-09
CAMPAIGN_00976,CUST_02411,Failed,letter,Personalized Offer,2023-11-21,2023-11-22,2023-11-22
CAMPAIGN_00977,CUST_02324,Done,email,Spring Collection Launch,2023-02-08,2023-02-18,2023-02-21
CAMPAIGN_00978,CUST_03149,Done,call,Personalized Offer,2024-05-19,2024-05-22,2024-05-24
CAMPAIGN_00979,CUST_01284,Done,letter,Loyalty Program Update,2023-02-04,2023-02-08,2023-02-08
CAMPAIGN_00980,CUST_01503,Done,email,VIP Re-engagement,2024-12-07,2024-12-17,2024-12-21
CAMPAIGN_00981,CUST_01524,Failed,letter,Spring Collection Launch,2024-07-21,2024-07-31,2024-08-03
CAMPAIGN_00982,CUST_01673,Failed,email,New Arrivals,2024-07-04,2024-07-08,2024-07-09
CAMPAIGN_00983,CUST_01775,Done,sms,VIP Re-engagement,2024-02-07,2024-02-10,2024-02-15
CAMPAIGN_00984,CUST_03444,Done,letter,Anniversary Campaign,2023-06-22,2023-06-30,2023-07-03
CAMPAIGN_00985,CUST_02312,Done,sms,Anniversary Campaign,2024-08-04,2024-08-09,2024-08-09
CAMPAIGN_00986,CUST_02220,Done,call,Exclusive Preview,2024-05-11,2024-05-21,2024-05-22
CAMPAIGN_00987,CUST_00254,Done,letter,Holiday Sale,2024-04-07,2024-04-10,2024-04-11
CAMPAIGN_00988,CUST_01839,Done,call,VIP Re-engagement,2024-06-30,2024-07-08,2024-07-10
CAMPAIGN_00989,CUST_00878,Done,letter,New Arrivals,2023-07-13,2023-07-18,2023-07-22
CAMPAIGN_00990,CUST_01146,Failed,email,Spring Collection Launch,2023-10-11,2023-10-14,2023-10-18
CAMPAIGN_00991,CUST_01356,Done,letter,Holiday Sale,2023-05-06,2023-05-15,2023-05-20
CAMPAIGN_00992,CUST_02434,Done,call,Loyalty Program Update,2023-10-02,2023-10-05,2023-10-05
CAMPAIGN_00993,CUST_02109,Done,letter,Personalized Offer,2023-10-02,2023-10-05,2023-10-05
CAMPAIGN_00994,CUST_00206,Done,letter,Loyalty Program Update,2023-08-17,2023-08-26,2023-08-26
CAMPAIGN_00995,CUST_02526,Failed,email,Exclusive Preview,2024-04-17,2024-04-27,2024-05-02
CAMPAIGN_00996,CUST_01415,Failed,call,Spring Collection Launch,2024-03-13,2024-03-15,2024-03-19
CAMPAIGN_00997,CUST_01554,Done,email,Holiday Sale,2023-06-17,2023-06-22,2023-06-22
CAMPAIGN_00998,CUST_01837,Done,letter,Spring Collection Launch,2023-01-11,2023-01-19,2023-01-24
CAMPAIGN_00999,CUST_00886,Done,sms,New Arrivals,2023-11-20,2023-11-29,2023-11-29
CAMPAIGN_01000,CUST_00419,Failed,email,Exclusive Preview,2023-02-25,2023-03-04,2023-03-05
CAMPAIGN_01001,CUST_02003,Failed,email,VIP Re-engagement,2024-02-29,2024-03-09,2024-03-14
CAMPAIGN_01002,CUST_01092,Done,email,New Arrivals,2023-04-24,2023-04-28,2023-04-29
CAMPAIGN_01003,CUST_00284,Failed,email,Loyalty Program Update,2024-01-07,2024-01-11,2024-01-12
CAMPAIGN_01004,CUST_02220,Done,call,Personalized Offer,2024-09-24,2024-09-30,2024-09-30
CAMPAIGN_01005,CUST_00807,Failed,letter,Loyalty Program Update,2024-08-23,2024-08-26,2024-08-29
CAMPAIGN_01006,CUST_01647,Failed,sms,Personalized Offer,2024-09-02,2024-09-09,2024-09-10
CAMPAIGN_01007,CUST_00406,Failed,letter,VIP Re-engagement,2023-01-10,2023-01-19,2023-01-23
CAMPAIGN_01008,CUST_03380,Failed,call,Loyalty Program Update,2024-06-22,2024-07-02,2024-07-07
CAMPAIGN_01009,CUST_01613,Done,sms,New Arrivals,2024-10-30,2024-11-08,2024-11-08
CAMPAIGN_01010,CUST_00975,Done,sms,New Arrivals,2023-05-27,2023-06-03,2023-06-08
CAMPAIGN_01011,CUST_01333,Done,call,Holiday Sale,2024-05-20,2024-05-29,2024-06-02
CAMPAIGN_01012,CUST_02807,Done,sms,Anniversary Campaign,2024-03-26,2024-03-31,2024-04-04
CAMPAIGN_01013,CUST_02567,Done,email,Exclusive Preview,2024-10-10,2024-10-11,2024-10-16
CAMPAIGN_01014,CUST_00605,Done,sms,VIP Re-engagement,2024-08-03,2024-08-08,2024-08-11
CAMPAIGN_01015,CUST_03457,Failed,email,VIP Re-engagement,2023-11-23,2023-11-29,2023-12-03
CAMPAIGN_01016,CUST_01081,Done,letter,New Arrivals,2023-08-16,2023-08-22,2023-08-23
CAMPAIGN_01017,CUST_01609,Failed,sms,Anniversary Campaign,2024-07-03,2024-07-08,2024-07-08
CAMPAIGN_01018,CUST_01752,Done,call,Personalized Offer,2024-09-25,2024-09-27,2024-09-28
CAMPAIGN_01019,CUST_02113,Done,sms,Holiday Sale,2024-01-14,2024-01-21,2024-01-23
CAMPAIGN_01020,CUST_00826,Failed,email,Holiday Sale,2023-10-25,2023-10-31,2023-11-01
CAMPAIGN_01021,CUST_00482,Done,letter,Loyalty Program Update,2024-03-25,2024-04-03,2024-04-08
CAMPAIGN_01022,CUST_03319,Done,email,New Arrivals,2024-02-20,2024-02-24,2024-02-27
CAMPAIGN_01023,CUST_01130,Done,letter,Anniversary Campaign,2024-03-05,2024-03-15,2024-03-19
CAMPAIGN_01024,CUST_02915,Done,call,VIP Re-engagement,2023-03-02,2023-03-09,2023-03-10
CAMPAIGN_01025,CUST_00791,Done,call,Loyalty Program Update,2023-09-14,2023-09-16,2023-09-21
CAMPAIGN_01026,CUST_02891,Failed,email,Loyalty Program Update,2024-03-29,2024-03-31,2024-04-01
CAMPAIGN_01027,CUST_03058,Done,sms,Loyalty Program Update,2023-04-20,2023-04-22,2023-04-26
CAMPAIGN_01028,CUST_02153,Done,call,Exclusive Preview,2024-03-13,2024-03-14,2024-03-14
CAMPAIGN_01029,CUST_01977,Done,sms,Anniversary Campaign,2023-06-26,2023-07-01,2023-07-05
CAMPAIGN_01030,CUST_01791,Done,sms,Spring Collection Launch,2024-03-15,2024-03-19,2024-03-19
CAMPAIGN_01031,CUST_00898,Done,sms,VIP Re-engagement,2023-12-06,2023-12-10,2023-12-12
CAMPAIGN_01032,CUST_00992,Done,call,VIP Re-engagement,2023-01-15,2023-01-17,2023-01-18
CAMPAIGN_01033,CUST_02756,Done,call,Loyalty Program Update,2023-05-07,2023-05-14,2023-05-14
CAMPAIGN_01034,CUST_03165,Done,sms,Holiday Sale,2023-03-07,2023-03-09,2023-03-12
CAMPAIGN_01035,CUST_03000,Done,call,VIP Re-engagement,2023-05-24,2023-05-31,2023-05-31
CAMPAIGN_01036,CUST_01388,Done,email,New Arrivals,2023-06-25,2023-07-03,2023-07-06
CAMPAIGN_01037,CUST_02306,Done,sms,Spring Collection Launch,2023-01-28,2023-01-30,2023-02-04
CAMPAIGN_01038,CUST_00409,Done,call,Loyalty Program Update,2024-07-08,2024-07-16,2024-07-20
CAMPAIGN_01039,CUST_00246,Done,call,VIP Re-engagement,2024-12-09,2024-12-19,2024-12-22
CAMPAIGN_01040,CUST_03388,Done,letter,Personalized Offer,2024-06-03,2024-06-05,2024-06-06
CAMPAIGN_01041,CUST_01362,Done,sms,Spring Collection Launch,2024-09-14,2024-09-20,2024-09-20
CAMPAIGN_01042,CUST_00214,Done,email,Loyalty Program Update,2023-02-14,2023-02-23,2023-02-25
CAMPAIGN_01043,CUST_03138,Done,sms,Holiday Sale,2023-03-30,2023-04-02,2023-04-02
CAMPAIGN_01044,CUST_01410,Done,email,Anniversary Campaign,2023-01-02,2023-01-08,2023-01-09
CAMPAIGN_01045,CUST_02610,Failed,sms,VIP Re-engagement,2024-09-18,2024-09-25,2024-09-26
CAMPAIGN_01046,CUST_02620,Done,call,VIP Re-engagement,2024-08-05,2024-08-15,2024-08-18
CAMPAIGN_01047,CUST_02246,Done,email,Personalized Offer,2024-10-08,2024-10-16,2024-10-17
CAMPAIGN_01048,CUST_02808,Done,email,Holiday Sale,2024-06-15,2024-06-16,2024-06-16
CAMPAIGN_01049,CUST_02468,Done,email,VIP Re-engagement,2023-10-31,2023-11-09,2023-11-10
CAMPAIGN_01050,CUST_03340,Done,sms,Anniversary Campaign,2024-02-14,2024-02-23,2024-02-28
CAMPAIGN_01051,CUST_02994,Done,letter,Anniversary Campaign,2024-07-25,2024-08-03,2024-08-06
CAMPAIGN_01052,CUST_03412,Done,call,Personalized Offer,2023-05-09,2023-05-12,2023-05-13
CAMPAIGN_01053,CUST_00208,Failed,letter,VIP Re-engagement,2023-12-02,2023-12-05,2023-12-05
CAMPAIGN_01054,CUST_03184,Done,call,Holiday Sale,2024-07-29,2024-07-30,2024-08-03
CAMPAIGN_01055,CUST_01107,Failed,letter,Holiday Sale,2023-02-21,2023-02-28,2023-03-05
CAMPAIGN_01056,CUST_00934,Done,letter,Loyalty Program Update,2024-10-02,2024-10-08,2024-10-13
CAMPAIGN_01057,CUST_00421,Done,call,Holiday Sale,2023-02-04,2023-02-06,2023-02-07
CAMPAIGN_01058,CUST_03240,Done,letter,Loyalty Program Update,2023-12-18,2023-12-25,2023-12-26
CAMPAIGN_01059,CUST_01139,Done,letter,Anniversary Campaign,2024-07-19,2024-07-29,2024-07-31
CAMPAIGN_01060,CUST_02686,Done,sms,Anniversary Campaign,2024-06-02,2024-06-03,2024-06-07
CAMPAIGN_01061,CUST_01706,Done,letter,Exclusive Preview,2024-01-30,2024-02-05,2024-02-10
CAMPAIGN_01062,CUST_01499,Done,email,VIP Re-engagement,2024-11-09,2024-11-14,2024-11-16
CAMPAIGN_01063,CUST_02022,Done,letter,New Arrivals,2024-07-27,2024-07-30,2024-08-03
CAMPAIGN_01064,CUST_02018,Done,sms,Anniversary Campaign,2023-01-29,2023-02-04,2023-02-05
CAMPAIGN_01065,CUST_00364,Failed,letter,Anniversary Campaign,2023-02-25,2023-03-01,2023-03-05
CAMPAIGN_01066,CUST_00522,Done,email,Loyalty Program Update,2024-04-14,2024-04-23,2024-04-24
CAMPAIGN_01067,CUST_01959,Done,email,VIP Re-engagement,2024-10-15,2024-10-20,2024-10-25
CAMPAIGN_01068,CUST_02642,Done,email,Anniversary Campaign,2023-11-29,2023-11-30,2023-12-04
CAMPAIGN_01069,CUST_00396,Failed,letter,Anniversary Campaign,2024-03-02,2024-03-08,2024-03-10
CAMPAIGN_01070,CUST_02117,Failed,sms,Holiday Sale,2023-10-17,2023-10-23,2023-10-26
CAMPAIGN_01071,CUST_01475,Done,letter,Personalized Offer,2024-07-31,2024-08-05,2024-08-06
CAMPAIGN_01072,CUST_03424,Done,sms,Exclusive Preview,2024-03-23,2024-03-25,2024-03-27
CAMPAIGN_01073,CUST_03325,Done,sms,Personalized Offer,2023-01-24,2023-01-27,2023-01-28
CAMPAIGN_01074,CUST_00351,Failed,email,VIP Re-engagement,2023-08-31,2023-09-10,2023-09-10
CAMPAIGN_01075,CUST_02092,Failed,call,Spring Collection Launch,2024-12-23,2024-12-30,2024-12-31
CAMPAIGN_01076,CUST_03084,Done,call,Personalized Offer,2024-04-26,2024-05-06,2024-05-10
CAMPAIGN_01077,CUST_00562,Failed,sms,Exclusive Preview,2024-01-11,2024-01-21,2024-01-22
CAMPAIGN_01078,CUST_00281,Done,letter,New Arrivals,2023-09-18,2023-09-24,2023-09-27
CAMPAIGN_01079,CUST_00098,Done,letter,Anniversary Campaign,2024-04-17,2024-04-18,2024-04-22
CAMPAIGN_01080,CUST_03221,Done,sms,Personalized Offer,2024-05-08,2024-05-13,2024-05-18
CAMPAIGN_01081,CUST_00173,Done,call,Spring Collection Launch,2023-11-24,2023-12-02,2023-12-04
CAMPAIGN_01082,CUST_00767,Failed,letter,Holiday Sale,2023-11-06,2023-11-14,2023-11-16
CAMPAIGN_01083,CUST_02840,Done,sms,VIP Re-engagement,2024-01-24,2024-01-28,2024-02-02
CAMPAIGN_01084,CUST_01721,Done,call,Anniversary Campaign,2023-12-23,2023-12-30,2024-01-01
CAMPAIGN_01085,CUST_00267,Failed,sms,Exclusive Preview,2023-09-06,2023-09-07,2023-09-07
CAMPAIGN_01086,CUST_02980,Done,call,Anniversary Campaign,2023-06-22,2023-06-25,2023-06-25
CAMPAIGN_01087,CUST_00053,Done,letter,Exclusive Preview,2024-04-05,2024-04-10,2024-04-12
CAMPAIGN_01088,CUST_02846,Done,call,New Arrivals,2024-02-08,2024-02-10,2024-02-13
CAMPAIGN_01089,CUST_01521,Failed,call,Personalized Offer,2023-12-30,2024-01-03,2024-01-07
CAMPAIGN_01090,CUST_02755,Done,sms,New Arrivals,2023-10-08,2023-10-15,2023-10-17
CAMPAIGN_01091,CUST_00189,Done,call,Exclusive Preview,2023-11-05,2023-11-15,2023-11-15
CAMPAIGN_01092,CUST_01562,Failed,email,Holiday Sale,2024-04-01,2024-04-11,2024-04-14
CAMPAIGN_01093,CUST_01729,Done,email,Anniversary Campaign,2023-04-25,2023-04-27,2023-04-30
CAMPAIGN_01094,CUST_02965,Done,call,VIP Re-engagement,2024-11-06,2024-11-09,2024-11-10
CAMPAIGN_01095,CUST_01602,Done,letter,New Arrivals,2024-03-25,2024-04-02,2024-04-06
CAMPAIGN_01096,CUST_00414,Done,email,Holiday Sale,2023-01-29,2023-02-05,2023-02-08
CAMPAIGN_01097,CUST_02256,Failed,letter,Personalized Offer,2023-02-20,2023-03-02,2023-03-05
CAMPAIGN_01098,CUST_00402,Failed,email,Holiday Sale,2024-04-07,2024-04-08,2024-04-11
CAMPAIGN_01099,CUST_02881,Failed,email,Spring Collection Launch,2023-09-26,2023-09-29,2023-10-02
CAMPAIGN_01100,CUST_01373,Done,email,Exclusive Preview,2024-04-22,2024-04-25,2024-04-28
CAMPAIGN_01101,CUST_01229,Failed,letter,Spring Collection Launch,2024-04-12,2024-04-15,2024-04-18
CAMPAIGN_01102,CUST_02072,Failed,call,Loyalty Program Update,2023-07-13,2023-07-17,2023-07-19
CAMPAIGN_01103,CUST_01327,Done,sms,VIP Re-engagement,2023-05-20,2023-05-25,2023-05-25
CAMPAIGN_01104,CUST_01325,Done,call,Anniversary Campaign,2024-12-09,2024-12-16,2024-12-21
CAMPAIGN_01105,CUST_01500,Done,sms,Spring Collection Launch,2024-02-03,2024-02-11,2024-02-12
CAMPAIGN_01106,CUST_00978,Done,sms,Anniversary Campaign,2023-05-02,2023-05-08,2023-05-08
CAMPAIGN_01107,CUST_01794,Done,letter,Holiday Sale,2024-08-04,2024-08-13,2024-08-17
CAMPAIGN_01108,CUST_02767,Done,call,Spring Collection Launch,2024-12-25,2024-12-31,2025-01-02
CAMPAIGN_01109,CUST_03119,Done,call,Personalized Offer,2024-07-02,2024-07-11,2024-07-13
CAMPAIGN_01110,CUST_00898,Done,call,VIP Re-engagement,2023-03-31,2023-04-10,2023-04-12
CAMPAIGN_01111,CUST_02373,Done,sms,VIP Re-engagement,2023-03-09,2023-03-19,2023-03-19
CAMPAIGN_01112,CUST_03325,Done,email,Anniversary Campaign,2023-09-07,2023-09-14,2023-09-17
CAMPAIGN_01113,CUST_00944,Failed,letter,Spring Collection Launch,2024-11-18,2024-11-22,2024-11-26
CAMPAIGN_01114,CUST_02047,Done,call,Exclusive Preview,2023-06-01,2023-06-06,2023-06-07
CAMPAIGN_01115,CUST_01205,Done,email,Loyalty Program Update,2023-04-15,2023-04-22,2023-04-24
CAMPAIGN_01116,CUST_03322,Done,email,New Arrivals,2024-01-18,2024-01-22,2024-01-23
CAMPAIGN_01117,CUST_02445,Failed,email,Anniversary Campaign,2024-06-01,2024-06-05,2024-06-08
CAMPAIGN_01118,CUST_02167,Done,call,Holiday Sale,2023-07-13,2023-07-19,2023-07-21
CAMPAIGN_01119,CUST_03061,Done,call,VIP Re-engagement,2024-04-25,2024-05-05,2024-05-09
CAMPAIGN_01120,CUST_00554,Done,email,New Arrivals,2024-12-30,2025-01-01,2025-01-03
CAMPAIGN_01121,CUST_01318,Done,call,Anniversary Campaign,2023-11-03,2023-11-05,2023-11-05
CAMPAIGN_01122,CUST_02269,Done,sms,Loyalty Program Update,2024-08-22,2024-08-24,2024-08-28
CAMPAIGN_01123,CUST_01184,Failed,email,New Arrivals,2023-03-20,2023-03-27,2023-03-31
CAMPAIGN_01124,CUST_01933,Failed,letter,Exclusive Preview,2023-06-15,2023-06-17,2023-06-21
CAMPAIGN_01125,CUST_03007,Done,email,Loyalty Program Update,2024-11-04,2024-11-14,2024-11-17
CAMPAIGN_01126,CUST_01613,Done,sms,Loyalty Program Update,2024-03-27,2024-04-02,2024-04-03
CAMPAIGN_01127,CUST_03374,Done,sms,Holiday Sale,2024-01-18,2024-01-20,2024-01-20
CAMPAIGN_01128,CUST_03137,Done,letter,Anniversary Campaign,2023-02-03,2023-02-07,2023-02-08
CAMPAIGN_01129,CUST_00018,Done,call,Exclusive Preview,2024-03-23,2024-04-01,2024-04-06
CAMPAIGN_01130,CUST_00628,Failed,letter,Exclusive Preview,2024-06-14,2024-06-18,2024-06-20
CAMPAIGN_01131,CUST_01854,Done,email,Spring Collection Launch,2023-07-23,2023-08-02,2023-08-05
CAMPAIGN_01132,CUST_01771,Done,email,Personalized Offer,2024-06-07,2024-06-11,2024-06-11
CAMPAIGN_01133,CUST_01596,Failed,email,Spring Collection Launch,2023-05-15,2023-05-18,2023-05-21
CAMPAIGN_01134,CUST_02095,Done,sms,Holiday Sale,2023-05-28,2023-06-05,2023-06-06
CAMPAIGN_01135,CUST_02010,Done,call,Loyalty Program Update,2024-03-16,2024-03-23,2024-03-23
CAMPAIGN_01136,CUST_00772,Done,letter,Loyalty Program Update,2024-06-03,2024-06-07,2024-06-08
CAMPAIGN_01137,CUST_00580,Done,sms,Loyalty Program Update,2023-03-04,2023-03-05,2023-03-10
CAMPAIGN_01138,CUST_01445,Done,email,New Arrivals,2024-02-12,2024-02-20,2024-02-22
CAMPAIGN_01139,CUST_00978,Done,sms,VIP Re-engagement,2024-01-08,2024-01-14,2024-01-15
CAMPAIGN_01140,CUST_02685,Done,email,New Arrivals,2023-01-10,2023-01-12,2023-01-13
CAMPAIGN_01141,CUST_00071,Done,email,Spring Collection Launch,2023-03-16,2023-03-18,2023-03-22
CAMPAIGN_01142,CUST_03261,Done,email,Spring Collection Launch,2023-02-14,2023-02-15,2023-02-15
CAMPAIGN_01143,CUST_00293,Done,call,Loyalty Program Update,2023-05-29,2023-06-05,2023-06-08
CAMPAIGN_01144,CUST_02993,Done,letter,VIP Re-engagement,2024-04-27,2024-04-29,2024-05-03
CAMPAIGN_01145,CUST_00484,Done,sms,New Arrivals,2023-03-10,2023-03-11,2023-03-12
CAMPAIGN_01146,CUST_02182,Done,call,Loyalty Program Update,2023-08-11,2023-08-21,2023-08-25
CAMPAIGN_01147,CUST_00552,Done,letter,Spring Collection Launch,2023-01-05,2023-01-14,2023-01-19
CAMPAIGN_01148,CUST_01575,Done,call,Loyalty Program Update,2023-08-15,2023-08-22,2023-08-24
CAMPAIGN_01149,CUST_03305,Failed,call,Anniversary Campaign,2024-06-07,2024-06-17,2024-06-21
CAMPAIGN_01150,CUST_00603,Done,letter,Loyalty Program Update,2023-04-27,2023-05-05,2023-05-06
CAMPAIGN_01151,CUST_02827,Done,letter,Loyalty Program Update,2023-06-17,2023-06-19,2023-06-23
CAMPAIGN_01152,CUST_01554,Done,sms,VIP Re-engagement,2023-03-17,2023-03-25,2023-03-29
CAMPAIGN_01153,CUST_00415,Done,letter,VIP Re-engagement,2024-02-16,2024-02-22,2024-02-23
CAMPAIGN_01154,CUST_00174,Done,letter,VIP Re-engagement,2024-02-02,2024-02-06,2024-02-07
CAMPAIGN_01155,CUST_00330,Done,call,Personalized Offer,2023-11-11,2023-11-12,2023-11-17
CAMPAIGN_01156,CUST_02167,Done,letter,Anniversary Campaign,2023-04-14,2023-04-24,2023-04-26
CAMPAIGN_01157,CUST_00857,Failed,letter,Holiday Sale,2023-10-15,2023-10-19,2023-10-21
CAMPAIGN_01158,CUST_03406,Done,email,New Arrivals,2024-04-06,2024-04-13,2024-04-16
CAMPAIGN_01159,CUST_01174,Done,call,Exclusive Preview,2024-02-12,2024-02-14,2024-02-17
CAMPAIGN_01160,CUST_01334,Done,call,Loyalty Program Update,2023-09-11,2023-09-15,2023-09-17
CAMPAIGN_01161,CUST_03131,Done,call,Personalized Offer,2023-11-15,2023-11-21,2023-11-21
CAMPAIGN_01162,CUST_02510,Failed,call,Spring Collection Launch,2023-06-03,2023-06-04,2023-06-04
CAMPAIGN_01163,CUST_02055,Done,sms,Personalized Offer,2024-12-13,2024-12-18,2024-12-22
CAMPAIGN_01164,CUST_01566,Done,call,New Arrivals,2023-03-24,2023-04-01,2023-04-02
CAMPAIGN_01165,CUST_00549,Done,letter,New Arrivals,2024-04-13,2024-04-19,2024-04-23
CAMPAIGN_01166,CUST_02772,Done,email,Spring Collection Launch,2023-02-11,2023-02-12,2023-02-15
CAMPAIGN_01167,CUST_00299,Done,call,Spring Collection Launch,2023-02-19,2023-02-25,2023-03-02
CAMPAIGN_01168,CUST_02897,Done,letter,Loyalty Program Update,2024-06-19,2024-06-27,2024-07-01
CAMPAIGN_01169,CUST_00529,Done,call,Anniversary Campaign,2024-07-13,2024-07-21,2024-07-25
CAMPAIGN_01170,CUST_00302,Done,call,VIP Re-engagement,2023-03-17,2023-03-22,2023-03-26
CAMPAIGN_01171,CUST_02232,Failed,sms,Loyalty Program Update,2024-07-28,2024-08-01,2024-08-03
CAMPAIGN_01172,CUST_01330,Done,sms,Anniversary Campaign,2024-08-31,2024-09-02,2024-09-03
CAMPAIGN_01173,CUST_02873,Done,letter,Personalized Offer,2024-01-25,2024-01-29,2024-02-01
CAMPAIGN_01174,CUST_01507,Failed,call,New Arrivals,2023-01-05,2023-01-15,2023-01-16
CAMPAIGN_01175,CUST_02949,Done,letter,Exclusive Preview,2023-04-04,2023-04-12,2023-04-12
CAMPAIGN_01176,CUST_02584,Done,email,Holiday Sale,2023-08-31,2023-09-02,2023-09-05
CAMPAIGN_01177,CUST_03081,Failed,letter,Holiday Sale,2023-06-12,2023-06-17,2023-06-21
CAMPAIGN_01178,CUST_03321,Done,sms,Holiday Sale,2023-01-19,2023-01-28,2023-01-28
CAMPAIGN_01179,CUST_01400,Done,letter,Spring Collection Launch,2024-07-29,2024-08-07,2024-08-08
CAMPAIGN_01180,CUST_00464,Done,letter,Spring Collection Launch,2024-10-27,2024-10-29,2024-11-01
CAMPAIGN_01181,CUST_00188,Done,sms,Exclusive Preview,2024-10-24,2024-10-29,2024-11-01
CAMPAIGN_01182,CUST_02368,Done,letter,Loyalty Program Update,2024-04-05,2024-04-08,2024-04-11
CAMPAIGN_01183,CUST_00573,Done,sms,Holiday Sale,2023-09-05,2023-09-15,2023-09-16
CAMPAIGN_01184,CUST_02439,Failed,sms,Exclusive Preview,2024-07-12,2024-07-18,2024-07-22
CAMPAIGN_01185,CUST_00019,Failed,sms,Loyalty Program Update,2024-07-19,2024-07-25,2024-07-30
CAMPAIGN_01186,CUST_03105,Done,sms,Loyalty Program Update,2024-12-24,2025-01-02,2025-01-06
CAMPAIGN_01187,CUST_01227,Done,sms,Exclusive Preview,2024-10-04,2024-10-12,2024-10-17
CAMPAIGN_01188,CUST_02841,Done,email,Spring Collection Launch,2024-02-14,2024-02-22,2024-02-22
CAMPAIGN_01189,CUST_02087,Failed,call,Holiday Sale,2024-07-14,2024-07-22,2024-07-26
CAMPAIGN_01190,CUST_00919,Done,sms,VIP Re-engagement,2023-05-17,2023-05-24,2023-05-25
CAMPAIGN_01191,CUST_01781,Done,letter,VIP Re-engagement,2024-08-20,2024-08-22,2024-08-24
CAMPAIGN_01192,CUST_03319,Done,sms,Spring Collection Launch,2024-11-19,2024-11-21,2024-11-21
CAMPAIGN_01193,CUST_00013,Done,letter,New Arrivals,2023-05-19,2023-05-25,2023-05-29
CAMPAIGN_01194,CUST_00347,Failed,sms,Spring Collection Launch,2024-08-22,2024-08-29,2024-09-02
CAMPAIGN_01195,CUST_01229,Failed,letter,Holiday Sale,2023-01-06,2023-01-12,2023-01-14
CAMPAIGN_01196,CUST_02070,Failed,call,Holiday Sale,2024-08-15,2024-08-23,2024-08-25
CAMPAIGN_01197,CUST_00453,Done,email,VIP Re-engagement,2023-03-20,2023-03-24,2023-03-26
CAMPAIGN_01198,CUST_01081,Done,letter,Personalized Offer,2024-09-07,2024-09-09,2024-09-13
CAMPAIGN_01199,CUST_02655,Done,sms,Anniversary Campaign,2024-09-19,2024-09-28,2024-10-03
CAMPAIGN_01200,CUST_00688,Done,sms,Loyalty Program Update,2023-11-16,2023-11-26,2023-11-29
CAMPAIGN_01201,CUST_00009,Failed,call,New Arrivals,2023-04-25,2023-05-03,2023-05-05
CAMPAIGN_01202,CUST_03248,Done,letter,Spring Collection Launch,2023-07-08,2023-07-12,2023-07-12
CAMPAIGN_01203,CUST_00079,Done,email,Personalized Offer,2023-02-13,2023-02-23,2023-02-27
CAMPAIGN_01204,CUST_02606,Failed,email,Anniversary Campaign,2023-08-05,2023-08-13,2023-08-16
CAMPAIGN_01205,CUST_02315,Failed,call,New Arrivals,2024-05-07,2024-05-17,2024-05-22
CAMPAIGN_01206,CUST_00025,Done,sms,Holiday Sale,2023-01-26,2023-02-01,2023-02-02
CAMPAIGN_01207,CUST_01441,Done,letter,Personalized Offer,2024-11-23,2024-12-03,2024-12-06
CAMPAIGN_01208,CUST_00651,Done,letter,Loyalty Program Update,2024-02-08,2024-02-14,2024-02-18
CAMPAIGN_01209,CUST_02578,Done,letter,VIP Re-engagement,2024-03-17,2024-03-24,2024-03-29
CAMPAIGN_01210,CUST_00289,Done,call,Holiday Sale,2024-11-29,2024-12-03,2024-12-03
CAMPAIGN_01211,CUST_02902,Done,call,Spring Collection Launch,2024-10-31,2024-11-03,2024-11-08
CAMPAIGN_01212,CUST_00416,Done,sms,Anniversary Campaign,2024-08-14,2024-08-21,2024-08-21
CAMPAIGN_01213,CUST_00397,Failed,email,Personalized Offer,2023-11-19,2023-11-20,2023-11-21
CAMPAIGN_01214,CUST_02172,Done,letter,Loyalty Program Update,2023-09-09,2023-09-15,2023-09-15
CAMPAIGN_01215,CUST_02052,Done,call,VIP Re-engagement,2023-06-18,2023-06-28,2023-07-03
CAMPAIGN_01216,CUST_03142,Done,call,Personalized Offer,2024-10-17,2024-10-22,2024-10-27
CAMPAIGN_01217,CUST_02683,Failed,letter,Loyalty Program Update,2024-10-08,2024-10-18,2024-10-23
CAMPAIGN_01218,CUST_01381,Failed,call,Anniversary Campaign,2024-05-17,2024-05-19,2024-05-22
CAMPAIGN_01219,CUST_02775,Done,call,Personalized Offer,2023-04-17,2023-04-20,2023-04-22
CAMPAIGN_01220,CUST_01807,Done,call,Personalized Offer,2024-01-02,2024-01-07,2024-01-11
CAMPAIGN_01221,CUST_01298,Done,sms,Loyalty Program Update,2023-08-19,2023-08-26,2023-08-29
CAMPAIGN_01222,CUST_00077,Done,email,Loyalty Program Update,2023-12-19,2023-12-21,2023-12-24
CAMPAIGN_01223,CUST_01785,Done,email,VIP Re-engagement,2023-02-17,2023-02-25,2023-02-28
CAMPAIGN_01224,CUST_02064,Done,letter,Exclusive Preview,2024-10-23,2024-10-30,2024-11-02
CAMPAIGN_01225,CUST_00833,Done,call,Holiday Sale,2023-04-27,2023-05-03,2023-05-03
CAMPAIGN_01226,CUST_03495,Done,call,Personalized Offer,2024-12-07,2024-12-11,2024-12-15
CAMPAIGN_01227,CUST_03418,Failed,sms,Loyalty Program Update,2023-09-03,2023-09-11,2023-09-14
CAMPAIGN_01228,CUST_02452,Failed,call,VIP Re-engagement,2023-10-20,2023-10-23,2023-10-26
CAMPAIGN_01229,CUST_00550,Done,email,Exclusive Preview,2024-06-24,2024-06-29,2024-07-01
CAMPAIGN_01230,CUST_02894,Failed,call,Anniversary Campaign,2023-06-28,2023-07-04,2023-07-09
CAMPAIGN_01231,CUST_00756,Done,email,Loyalty Program Update,2024-01-10,2024-01-20,2024-01-25
CAMPAIGN_01232,CUST_01713,Done,call,Holiday Sale,2023-01-09,2023-01-13,2023-01-18
CAMPAIGN_01233,CUST_01570,Done,sms,New Arrivals,2023-09-19,2023-09-27,2023-09-29
CAMPAIGN_01234,CUST_02861,Failed,call,Loyalty Program Update,2023-04-25,2023-04-27,2023-04-27
CAMPAIGN_01235,CUST_03216,Done,call,Exclusive Preview,2023-05-09,2023-05-12,2023-05-14
CAMPAIGN_01236,CUST_01101,Failed,letter,Exclusive Preview,2023-10-26,2023-11-05,2023-11-06
CAMPAIGN_01237,CUST_02953,Done,email,Loyalty Program Update,2023-11-11,2023-11-14,2023-11-17
CAMPAIGN_01238,CUST_02597,Failed,email,New Arrivals,2024-11-11,2024-11-21,2024-11-24
CAMPAIGN_01239,CUST_00980,Done,email,Personalized Offer,2024-01-23,2024-01-30,2024-02-01
CAMPAIGN_01240,CUST_01027,Failed,email,Spring Collection Launch,2023-04-05,2023-04-10,2023-04-11
CAMPAIGN_01241,CUST_00937,Failed,email,Personalized Offer,2023-05-29,2023-05-31,2023-05-31
CAMPAIGN_01242,CUST_00541,Done,call,New Arrivals,2024-06-12,2024-06-22,2024-06-22
CAMPAIGN_01243,CUST_02879,Done,call,Personalized Offer,2024-03-07,2024-03-14,2024-03-18
CAMPAIGN_01244,CUST_01543,Done,sms,Exclusive Preview,2024-11-03,2024-11-09,2024-11-09
CAMPAIGN_01245,CUST_02243,Failed,email,Holiday Sale,2024-01-24,2024-01-25,2024-01-25
CAMPAIGN_01246,CUST_02928,Done,letter,Exclusive Preview,2024-02-01,2024-02-02,2024-02-05
CAMPAIGN_01247,CUST_01413,Failed,sms,Personalized Offer,2023-09-16,2023-09-26,2023-10-01
CAMPAIGN_01248,CUST_02453,Done,letter,Personalized Offer,2023-11-04,2023-11-13,2023-11-18
CAMPAIGN_01249,CUST_01270,Done,sms,VIP Re-engagement,2023-11-08,2023-11-16,2023-11-18
CAMPAIGN_01250,CUST_01725,Done,call,Anniversary Campaign,2023-10-25,2023-10-27,2023-10-28
CAMPAIGN_01251,CUST_00923,Failed,call,Anniversary Campaign,2024-09-21,2024-09-22,2024-09-24
CAMPAIGN_01252,CUST_02621,Failed,email,Anniversary Campaign,2024-06-03,2024-06-09,2024-06-09
CAMPAIGN_01253,CUST_00951,Failed,call,Exclusive Preview,2023-08-07,2023-08-09,2023-08-13
CAMPAIGN_01254,CUST_00492,Done,call,Spring Collection Launch,2024-01-25,2024-02-02,2024-02-06
CAMPAIGN_01255,CUST_03183,Failed,letter,VIP Re-engagement,2024-03-23,2024-03-26,2024-03-31
CAMPAIGN_01256,CUST_02081,Failed,sms,Holiday Sale,2024-02-22,2024-03-03,2024-03-04
CAMPAIGN_01257,CUST_03345,Failed,email,Spring Collection Launch,2023-02-05,2023-02-08,2023-02-11
CAMPAIGN_01258,CUST_00022,Done,sms,Anniversary Campaign,2024-01-19,2024-01-24,2024-01-24
CAMPAIGN_01259,CUST_00179,Failed,email,Anniversary Campaign,2023-01-05,2023-01-13,2023-01-15
CAMPAIGN_01260,CUST_02365,Done,sms,Personalized Offer,2023-03-01,2023-03-06,2023-03-08
CAMPAIGN_01261,CUST_02306,Done,call,Spring Collection Launch,2024-07-14,2024-07-16,2024-07-20
CAMPAIGN_01262,CUST_02881,Failed,email,Personalized Offer,2024-01-18,2024-01-22,2024-01-23
CAMPAIGN_01263,CUST_00587,Done,call,Holiday Sale,2024-11-03,2024-11-05,2024-11-10
CAMPAIGN_01264,CUST_00565,Done,email,Exclusive Preview,2024-05-14,2024-05-20,2024-05-20
CAMPAIGN_01265,CUST_02399,Done,letter,New Arrivals,2023-04-27,2023-05-02,2023-05-05
CAMPAIGN_01266,CUST_03058,Done,call,Personalized Offer,2024-12-03,2024-12-12,2024-12-13
CAMPAIGN_01267,CUST_03115,Done,letter,Personalized Offer,2024-07-21,2024-07-23,2024-07-23
CAMPAIGN_01268,CUST_00137,Done,call,Loyalty Program Update,2023-01-05,2023-01-09,2023-01-09
CAMPAIGN_01269,CUST_03496,Done,letter,Holiday Sale,2024-01-12,2024-01-17,2024-01-18
CAMPAIGN_01270,CUST_00742,Failed,call,Exclusive Preview,2024-12-06,2024-12-09,2024-12-14
CAMPAIGN_01271,CUST_02837,Done,email,Personalized Offer,2024-07-04,2024-07-09,2024-07-13
CAMPAIGN_01272,CUST_02267,Done,letter,Holiday Sale,2024-01-18,2024-01-19,2024-01-23
CAMPAIGN_01273,CUST_00059,Done,call,New Arrivals,2024-03-18,2024-03-24,2024-03-26
CAMPAIGN_01274,CUST_00592,Failed,sms,Holiday Sale,2023-06-02,2023-06-03,2023-06-07
CAMPAIGN_01275,CUST_01157,Done,letter,Personalized Offer,2023-04-03,2023-04-11,2023-04-13
CAMPAIGN_01276,CUST_02802,Done,letter,Holiday Sale,2024-11-23,2024-12-02,2024-12-05
CAMPAIGN_01277,CUST_01021,Done,letter,Exclusive Preview,2024-07-05,2024-07-09,2024-07-09
CAMPAIGN_01278,CUST_01237,Failed,letter,Personalized Offer,2024-05-02,2024-05-06,2024-05-10
CAMPAIGN_01279,CUST_03279,Done,call,New Arrivals,2023-01-02,2023-01-10,2023-01-10
CAMPAIGN_01280,CUST_02827,Done,email,Anniversary Campaign,2024-08-20,2024-08-24,2024-08-24
CAMPAIGN_01281,CUST_00048,Done,email,Spring Collection Launch,2024-07-03,2024-07-04,2024-07-07
CAMPAIGN_01282,CUST_01034,Done,sms,Spring Collection Launch,2023-09-01,2023-09-07,2023-09-09
CAMPAIGN_01283,CUST_03473,Done,call,Holiday Sale,2023-01-19,2023-01-23,2023-01-24
CAMPAIGN_01284,CUST_00753,Failed,sms,Holiday Sale,2023-08-12,2023-08-13,2023-08-14
CAMPAIGN_01285,CUST_00967,Failed,call,New Arrivals,2023-02-27,2023-03-03,2023-03-03
CAMPAIGN_01286,CUST_00630,Failed,letter,New Arrivals,2023-07-06,2023-07-15,2023-07-18
CAMPAIGN_01287,CUST_00288,Failed,letter,Exclusive Preview,2023-11-02,2023-11-03,2023-11-05
CAMPAIGN_01288,CUST_01596,Failed,email,Anniversary Campaign,2023-02-07,2023-02-08,2023-02-12
CAMPAIGN_01289,CUST_01036,Done,sms,Exclusive Preview,2024-01-27,2024-02-01,2024-02-02
CAMPAIGN_01290,CUST_01594,Failed,email,Spring Collection Launch,2023-05-20,2023-05-22,2023-05-27
CAMPAIGN_01291,CUST_00018,Done,email,Holiday Sale,2024-12-21,2024-12-29,2024-12-31
CAMPAIGN_01292,CUST_01706,Done,email,VIP Re-engagement,2024-02-06,2024-02-13,2024-02-15
CAMPAIGN_01293,CUST_01178,Done,sms,VIP Re-engagement,2023-04-13,2023-04-20,2023-04-23
CAMPAIGN_01294,CUST_01163,Done,sms,Personalized Offer,2024-03-24,2024-04-02,2024-04-07
CAMPAIGN_01295,CUST_03340,Done,email,Exclusive Preview,2024-07-07,2024-07-09,2024-07-11
CAMPAIGN_01296,CUST_01446,Done,letter,Exclusive Preview,2024-12-26,2024-12-29,2024-12-29
CAMPAIGN_01297,CUST_00752,Failed,email,Personalized Offer,2023-11-29,2023-12-04,2023-12-08
CAMPAIGN_01298,CUST_00430,Done,email,Personalized Offer,2024-01-30,2024-02-02,2024-02-02
CAMPAIGN_01299,CUST_03021,Done,call,Holiday Sale,2024-12-19,2024-12-29,2025-01-02
CAMPAIGN_01300,CUST_02986,Failed,letter,Anniversary Campaign,2024-03-19,2024-03-20,2024-03-21
CAMPAIGN_01301,CUST_02583,Failed,call,Anniversary Campaign,2024-12-24,2025-01-02,2025-01-05
CAMPAIGN_01302,CUST_02560,Done,sms,Spring Collection Launch,2024-06-15,2024-06-19,2024-06-23
CAMPAIGN_01303,CUST_01381,Failed,call,Spring Collection Launch,2024-04-09,2024-04-18,2024-04-21
CAMPAIGN_01304,CUST_02091,Failed,call,Exclusive Preview,2024-11-23,2024-12-03,2024-12-05
CAMPAIGN_01305,CUST_02077,Failed,email,Personalized Offer,2024-12-15,2024-12-21,2024-12-24
CAMPAIGN_01306,CUST_01517,Done,sms,Spring Collection Launch,2023-06-19,2023-06-22,2023-06-27
CAMPAIGN_01307,CUST_00630,Failed,email,Anniversary Campaign,2023-04-30,2023-05-02,2023-05-02
CAMPAIGN_01308,CUST_02780,Done,email,Spring Collection Launch,2023-10-11,2023-10-12,2023-10-13
CAMPAIGN_01309,CUST_03003,Done,call,Exclusive Preview,2024-09-07,2024-09-13,2024-09-18
CAMPAIGN_01310,CUST_01609,Failed,letter,Loyalty Program Update,2024-01-09,2024-01-10,2024-01-11
CAMPAIGN_01311,CUST_02597,Failed,call,Loyalty Program Update,2023-08-18,2023-08-25,2023-08-26
CAMPAIGN_01312,CUST_01704,Done,sms,VIP Re-engagement,2024-04-04,2024-04-13,2024-04-14
CAMPAIGN_01313,CUST_00279,Failed,call,Anniversary Campaign,2024-11-17,2024-11-18,2024-11-22
CAMPAIGN_01314,CUST_00013,Done,call,Personalized Offer,2024-10-07,2024-10-13,2024-10-18
CAMPAIGN_01315,CUST_03147,Done,email,New Arrivals,2023-05-09,2023-05-10,2023-05-11
CAMPAIGN_01316,CUST_01938,Done,email,Holiday Sale,2023-12-06,2023-12-12,2023-12-15
CAMPAIGN_01317,CUST_02205,Done,sms,Spring Collection Launch,2023-04-23,2023-05-02,2023-05-06
CAMPAIGN_01318,CUST_01227,Done,call,Anniversary Campaign,2024-10-12,2024-10-17,2024-10-19
CAMPAIGN_01319,CUST_01403,Done,call,Personalized Offer,2023-08-22,2023-08-30,2023-09-03
CAMPAIGN_01320,CUST_02436,Done,email,Anniversary Campaign,2024-10-29,2024-11-02,2024-11-02
CAMPAIGN_01321,CUST_01869,Done,call,Loyalty Program Update,2023-01-17,2023-01-19,2023-01-20
CAMPAIGN_01322,CUST_00940,Done,email,VIP Re-engagement,2023-01-02,2023-01-10,2023-01-10
CAMPAIGN_01323,CUST_02664,Failed,letter,VIP Re-engagement,2023-08-24,2023-09-02,2023-09-02
CAMPAIGN_01324,CUST_03480,Done,email,VIP Re-engagement,2024-07-29,2024-08-03,2024-08-03
CAMPAIGN_01325,CUST_00536,Failed,sms,Loyalty Program Update,2024-08-11,2024-08-20,2024-08-25
CAMPAIGN_01326,CUST_02227,Failed,call,Holiday Sale,2024-03-11,2024-03-15,2024-03-19
CAMPAIGN_01327,CUST_02083,Failed,email,Holiday Sale,2023-07-15,2023-07-22,2023-07-24
CAMPAIGN_01328,CUST_01402,Failed,sms,Anniversary Campaign,2024-08-17,2024-08-27,2024-08-29
CAMPAIGN_01329,CUST_02367,Done,email,Holiday Sale,2023-10-16,2023-10-17,2023-10-18
CAMPAIGN_01330,CUST_00501,Failed,letter,Anniversary Campaign,2023-03-05,2023-03-09,2023-03-12
CAMPAIGN_01331,CUST_00299,Done,sms,Holiday Sale,2024-09-08,2024-09-13,2024-09-14
CAMPAIGN_01332,CUST_01707,Done,sms,Loyalty Program Update,2023-01-20,2023-01-29,2023-02-03
CAMPAIGN_01333,CUST_01120,Done,email,New Arrivals,2023-07-13,2023-07-23,2023-07-25
CAMPAIGN_01334,CUST_03162,Done,email,Anniversary Campaign,2023-11-10,2023-11-12,2023-11-16
CAMPAIGN_01335,CUST_03496,Done,email,Personalized Offer,2024-02-04,2024-02-06,2024-02-07
CAMPAIGN_01336,CUST_01059,Failed,call,Exclusive Preview,2024-05-25,2024-06-01,2024-06-02
CAMPAIGN_01337,CUST_02272,Failed,call,Loyalty Program Update,2024-08-07,2024-08-13,2024-08-16
CAMPAIGN_01338,CUST_02153,Done,call,Exclusive Preview,2023-05-18,2023-05-20,2023-05-21
CAMPAIGN_01339,CUST_03299,Done,letter,Holiday Sale,2023-02-25,2023-03-06,2023-03-07
CAMPAIGN_01340,CUST_00316,Failed,letter,Loyalty Program Update,2024-03-02,2024-03-08,2024-03-09
CAMPAIGN_01341,CUST_02257,Failed,call,Spring Collection Launch,2023-07-30,2023-08-05,2023-08-05
CAMPAIGN_01342,CUST_00176,Failed,letter,Anniversary Campaign,2023-01-28,2023-02-03,2023-02-06
CAMPAIGN_01343,CUST_00692,Failed,email,Exclusive Preview,2023-10-15,2023-10-17,2023-10-22
CAMPAIGN_01344,CUST_02133,Done,sms,Loyalty Program Update,2024-03-29,2024-04-08,2024-04-08
CAMPAIGN_01345,CUST_03093,Done,sms,VIP Re-engagement,2024-09-21,2024-09-28,2024-09-28
CAMPAIGN_01346,CUST_01833,Done,letter,New Arrivals,2024-12-28,2024-12-31,2025-01-01
CAMPAIGN_01347,CUST_01974,Failed,call,Anniversary Campaign,2024-06-06,2024-06-16,2024-06-17
CAMPAIGN_01348,CUST_03325,Done,call,Loyalty Program Update,2024-07-09,2024-07-11,2024-07-13
CAMPAIGN_01349,CUST_01352,Done,sms,Anniversary Campaign,2024-06-05,2024-06-14,2024-06-15
CAMPAIGN_01350,CUST_00084,Done,call,New Arrivals,2024-03-02,2024-03-04,2024-03-09
CAMPAIGN_01351,CUST_00244,Done,call,Spring Collection Launch,2024-05-21,2024-05-25,2024-05-27
CAMPAIGN_01352,CUST_00243,Done,letter,VIP Re-engagement,2024-11-25,2024-11-26,2024-11-26
CAMPAIGN_01353,CUST_03455,Failed,sms,Exclusive Preview,2023-07-05,2023-07-11,2023-07-15
CAMPAIGN_01354,CUST_02644,Done,call,Anniversary Campaign,2024-04-15,2024-04-21,2024-04-22
CAMPAIGN_01355,CUST_01443,Done,call,Holiday Sale,2023-05-02,2023-05-11,2023-05-11
CAMPAIGN_01356,CUST_03457,Failed,letter,New Arrivals,2023-12-20,2023-12-28,2023-12-30
CAMPAIGN_01357,CUST_01684,Failed,letter,Anniversary Campaign,2024-09-27,2024-10-01,2024-10-02
CAMPAIGN_01358,CUST_03227,Done,letter,Anniversary Campaign,2024-09-09,2024-09-15,2024-09-17
CAMPAIGN_01359,CUST_03376,Done,letter,New Arrivals,2024-08-27,2024-09-05,2024-09-10
CAMPAIGN_01360,CUST_00873,Done,call,Loyalty Program Update,2023-08-20,2023-08-23,2023-08-27
CAMPAIGN_01361,CUST_02467,Done,email,Holiday Sale,2024-06-03,2024-06-09,2024-06-12
CAMPAIGN_01362,CUST_00857,Failed,call,New Arrivals,2024-03-15,2024-03-18,2024-03-22
CAMPAIGN_01363,CUST_00856,Failed,call,Anniversary Campaign,2023-01-23,2023-01-27,2023-01-28
CAMPAIGN_01364,CUST_01877,Done,letter,Spring Collection Launch,2024-10-11,2024-10-18,2024-10-19
CAMPAIGN_01365,CUST_03150,Done,letter,Personalized Offer,2024-09-29,2024-10-04,2024-10-08
CAMPAIGN_01366,CUST_01659,Done,call,VIP Re-engagement,2024-09-17,2024-09-25,2024-09-27
CAMPAIGN_01367,CUST_03149,Done,email,New Arrivals,2024-01-27,2024-02-06,2024-02-09
CAMPAIGN_01368,CUST_00375,Done,sms,Spring Collection Launch,2023-10-14,2023-10-22,2023-10-27
CAMPAIGN_01369,CUST_02116,Failed,call,New Arrivals,2024-07-28,2024-07-30,2024-07-30
CAMPAIGN_01370,CUST_02985,Done,sms,VIP Re-engagement,2023-11-08,2023-11-16,2023-11-20
CAMPAIGN_01371,CUST_02847,Done,email,Anniversary Campaign,2024-09-18,2024-09-23,2024-09-27
CAMPAIGN_01372,CUST_01622,Done,letter,VIP Re-engagement,2024-02-19,2024-02-24,2024-02-27
CAMPAIGN_01373,CUST_00082,Done,email,Loyalty Program Update,2023-03-26,2023-04-05,2023-04-08
CAMPAIGN_01374,CUST_01227,Done,letter,Spring Collection Launch,2023-06-11,2023-06-17,2023-06-21
CAMPAIGN_01375,CUST_01131,Done,call,Exclusive Preview,2023-12-04,2023-12-08,2023-12-11
CAMPAIGN_01376,CUST_00081,Failed,letter,Loyalty Program Update,2024-11-25,2024-12-02,2024-12-03
CAMPAIGN_01377,CUST_00457,Done,call,Spring Collection Launch,2024-11-06,2024-11-08,2024-11-11
CAMPAIGN_01378,CUST_03311,Done,call,New Arrivals,2024-06-22,2024-06-30,2024-07-03
CAMPAIGN_01379,CUST_03351,Done,sms,Spring Collection Launch,2024-01-28,2024-02-06,2024-02-06
CAMPAIGN_01380,CUST_03276,Failed,email,Exclusive Preview,2023-03-18,2023-03-19,2023-03-23
CAMPAIGN_01381,CUST_00491,Done,call,Spring Collection Launch,2023-01-11,2023-01-20,2023-01-23
CAMPAIGN_01382,CUST_01304,Done,sms,Anniversary Campaign,2023-05-13,2023-05-15,2023-05-19
CAMPAIGN_01383,CUST_00799,Failed,letter,Anniversary Campaign,2024-02-08,2024-02-11,2024-02-12
CAMPAIGN_01384,CUST_02793,Failed,call,Holiday Sale,2024-10-09,2024-10-11,2024-10-14
CAMPAIGN_01385,CUST_02683,Failed,email,Loyalty Program Update,2024-08-21,2024-08-26,2024-08-29
CAMPAIGN_01386,CUST_02104,Failed,letter,Anniversary Campaign,2023-02-20,2023-02-22,2023-02-25
CAMPAIGN_01387,CUST_00428,Failed,email,Holiday Sale,2024-05-29,2024-06-03,2024-06-03
CAMPAIGN_01388,CUST_03198,Done,email,Anniversary Campaign,2023-11-05,2023-11-14,2023-11-16
CAMPAIGN_01389,CUST_01921,Done,email,Holiday Sale,2023-01-29,2023-02-03,2023-02-05
CAMPAIGN_01390,CUST_02778,Done,call,Spring Collection Launch,2023-07-02,2023-07-03,2023-07-08
CAMPAIGN_01391,CUST_00973,Failed,letter,Spring Collection Launch,2023-11-22,2023-11-30,2023-12-02
CAMPAIGN_01392,CUST_01724,Done,sms,Spring Collection Launch,2024-03-17,2024-03-23,2024-03-28
CAMPAIGN_01393,CUST_00496,Done,letter,New Arrivals,2023-11-20,2023-11-21,2023-11-26
CAMPAIGN_01394,CUST_00026,Failed,email,Exclusive Preview,2023-07-26,2023-08-03,2023-08-03
CAMPAIGN_01395,CUST_00969,Done,sms,New Arrivals,2024-05-02,2024-05-10,2024-05-11
CAMPAIGN_01396,CUST_00171,Failed,email,Spring Collection Launch,2023-03-28,2023-04-01,2023-04-04
CAMPAIGN_01397,CUST_01326,Done,letter,Spring Collection Launch,2024-06-02,2024-06-05,2024-06-06
CAMPAIGN_01398,CUST_02863,Done,sms,Anniversary Campaign,2024-01-06,2024-01-08,2024-01-12
CAMPAIGN_01399,CUST_01972,Done,sms,Spring Collection Launch,2023-08-12,2023-08-15,2023-08-20
CAMPAIGN_01400,CUST_01335,Done,sms,Personalized Offer,2024-01-31,2024-02-09,2024-02-10
CAMPAIGN_01401,CUST_00613,Done,sms,Personalized Offer,2024-07-24,2024-07-26,2024-07-30
CAMPAIGN_01402,CUST_01495,Failed,letter,Loyalty Program Update,2023-12-03,2023-12-05,2023-12-08
CAMPAIGN_01403,CUST_03375,Done,email,Holiday Sale,2023-06-03,2023-06-09,2023-06-09
CAMPAIGN_01404,CUST_00459,Done,sms,New Arrivals,2024-05-21,2024-05-26,2024-05-30
CAMPAIGN_01405,CUST_00844,Failed,sms,New Arrivals,2023-04-16,2023-04-18,2023-04-23
CAMPAIGN_01406,CUST_00520,Done,letter,VIP Re-engagement,2024-11-15,2024-11-22,2024-11-25
CAMPAIGN_01407,CUST_01294,Failed,sms,Anniversary Campaign,2024-08-28,2024-08-31,2024-09-03
CAMPAIGN_01408,CUST_00115,Done,email,Exclusive Preview,2024-12-14,2024-12-21,2024-12-25
CAMPAIGN_01409,CUST_02700,Done,call,New Arrivals,2024-01-29,2024-02-04,2024-02-09
CAMPAIGN_01410,CUST_02774,Failed,call,Spring Collection Launch,2024-07-11,2024-07-21,2024-07-21
CAMPAIGN_01411,CUST_02170,Done,call,Personalized Offer,2023-10-05,2023-10-08,2023-10-11
CAMPAIGN_01412,CUST_02105,Failed,letter,VIP Re-engagement,2024-12-21,2024-12-23,2024-12-24
CAMPAIGN_01413,CUST_01188,Done,email,New Arrivals,2023-11-23,2023-12-03,2023-12-04
CAMPAIGN_01414,CUST_03247,Done,sms,Loyalty Program Update,2023-04-20,2023-04-25,2023-04-30
CAMPAIGN_01415,CUST_01338,Done,sms,Loyalty Program Update,2023-06-29,2023-07-09,2023-07-14
CAMPAIGN_01416,CUST_00759,Done,call,Holiday Sale,2023-07-20,2023-07-30,2023-08-01
CAMPAIGN_01417,CUST_01237,Failed,sms,Holiday Sale,2024-02-29,2024-03-03,2024-03-04
CAMPAIGN_01418,CUST_01991,Done,sms,New Arrivals,2024-08-13,2024-08-17,2024-08-20
CAMPAIGN_01419,CUST_03155,Done,sms,Holiday Sale,2023-03-30,2023-04-02,2023-04-02
CAMPAIGN_01420,CUST_02095,Done,call,Spring Collection Launch,2023-05-25,2023-06-02,2023-06-03
CAMPAIGN_01421,CUST_03125,Done,letter,New Arrivals,2024-05-18,2024-05-28,2024-05-31
CAMPAIGN_01422,CUST_02234,Failed,email,Exclusive Preview,2024-09-08,2024-09-16,2024-09-20
CAMPAIGN_01423,CUST_01982,Failed,call,Loyalty Program Update,2023-05-15,2023-05-20,2023-05-20
CAMPAIGN_01424,CUST_02839,Done,sms,Exclusive Preview,2024-07-30,2024-07-31,2024-08-02
CAMPAIGN_01425,CUST_03050,Failed,sms,New Arrivals,2023-11-01,2023-11-08,2023-11-12
CAMPAIGN_01426,CUST_00616,Done,email,Loyalty Program Update,2023-08-22,2023-08-28,2023-09-01
CAMPAIGN_01427,CUST_01964,Done,call,VIP Re-engagement,2024-08-06,2024-08-14,2024-08-15
CAMPAIGN_01428,CUST_02425,Failed,email,Anniversary Campaign,2024-12-16,2024-12-21,2024-12-23
CAMPAIGN_01429,CUST_00125,Done,email,VIP Re-engagement,2024-12-20,2024-12-24,2024-12-26
CAMPAIGN_01430,CUST_00133,Failed,sms,Holiday Sale,2024-06-27,2024-07-07,2024-07-08
CAMPAIGN_01431,CUST_01866,Done,call,VIP Re-engagement,2023-10-09,2023-10-14,2023-10-18
CAMPAIGN_01432,CUST_01485,Failed,letter,Anniversary Campaign,2023-08-11,2023-08-16,2023-08-18
CAMPAIGN_01433,CUST_00815,Done,letter,Spring Collection Launch,2024-10-30,2024-11-09,2024-11-10
CAMPAIGN_01434,CUST_01591,Done,email,New Arrivals,2024-01-25,2024-02-03,2024-02-06
CAMPAIGN_01435,CUST_01302,Done,email,Loyalty Program Update,2024-05-07,2024-05-08,2024-05-08
CAMPAIGN_01436,CUST_02039,Done,email,Anniversary Campaign,2023-03-04,2023-03-10,2023-03-14
CAMPAIGN_01437,CUST_02434,Done,email,Personalized Offer,2024-09-04,2024-09-14,2024-09-17
CAMPAIGN_01438,CUST_01731,Done,letter,Loyalty Program Update,2023-03-07,2023-03-12,2023-03-14
CAMPAIGN_01439,CUST_01833,Done,letter,Anniversary Campaign,2024-08-03,2024-08-13,2024-08-14
CAMPAIGN_01440,CUST_02307,Done,call,New Arrivals,2024-10-05,2024-10-13,2024-10-14
CAMPAIGN_01441,CUST_00729,Done,sms,Exclusive Preview,2024-11-03,2024-11-10,2024-11-14
CAMPAIGN_01442,CUST_01721,Done,sms,Spring Collection Launch,2023-11-04,2023-11-13,2023-11-18
CAMPAIGN_01443,CUST_02903,Done,call,Loyalty Program Update,2024-06-22,2024-06-25,2024-06-30
CAMPAIGN_01444,CUST_00624,Failed,email,Holiday Sale,2023-03-31,2023-04-06,2023-04-10
CAMPAIGN_01445,CUST_01078,Done,email,Personalized Offer,2023-09-26,2023-10-06,2023-10-09
CAMPAIGN_01446,CUST_01837,Done,call,Personalized Offer,2023-12-28,2024-01-01,2024-01-02
CAMPAIGN_01447,CUST_01433,Done,call,Anniversary Campaign,2024-02-03,2024-02-04,2024-02-09
CAMPAIGN_01448,CUST_00988,Done,letter,VIP Re-engagement,2024-05-02,2024-05-10,2024-05-11
CAMPAIGN_01449,CUST_02649,Done,sms,Exclusive Preview,2023-09-16,2023-09-20,2023-09-22
CAMPAIGN_01450,CUST_01742,Done,letter,Loyalty Program Update,2024-07-06,2024-07-15,2024-07-16
CAMPAIGN_01451,CUST_00273,Failed,letter,Anniversary Campaign,2024-11-11,2024-11-18,2024-11-23
CAMPAIGN_01452,CUST_02702,Done,call,Holiday Sale,2024-11-11,2024-11-18,2024-11-20
CAMPAIGN_01453,CUST_00337,Done,call,Exclusive Preview,2023-09-15,2023-09-25,2023-09-28
CAMPAIGN_01454,CUST_02420,Failed,sms,Spring Collection Launch,2024-10-07,2024-10-13,2024-10-16
CAMPAIGN_01455,CUST_00915,Failed,call,Spring Collection Launch,2023-09-26,2023-10-02,2023-10-02
CAMPAIGN_01456,CUST_03077,Failed,call,Loyalty Program Update,2023-08-06,2023-08-09,2023-08-10
CAMPAIGN_01457,CUST_00233,Done,call,Loyalty Program Update,2024-08-15,2024-08-16,2024-08-20
CAMPAIGN_01458,CUST_01843,Done,email,New Arrivals,2023-03-05,2023-03-14,2023-03-18
CAMPAIGN_01459,CUST_03416,Failed,call,Exclusive Preview,2023-02-07,2023-02-09,2023-02-11
CAMPAIGN_01460,CUST_00764,Done,letter,Anniversary Campaign,2024-02-07,2024-02-09,2024-02-13
CAMPAIGN_01461,CUST_01081,Done,email,Exclusive Preview,2023-07-11,2023-07-14,2023-07-19
CAMPAIGN_01462,CUST_02156,Failed,call,New Arrivals,2024-10-20,2024-10-24,2024-10-29
CAMPAIGN_01463,CUST_00542,Done,email,Anniversary Campaign,2023-10-24,2023-10-25,2023-10-29
CAMPAIGN_01464,CUST_01565,Done,call,Exclusive Preview,2024-08-10,2024-08-16,2024-08-18
CAMPAIGN_01465,CUST_02424,Done,email,Personalized Offer,2024-08-28,2024-08-31,2024-08-31
CAMPAIGN_01466,CUST_00246,Done,email,Spring Collection Launch,2024-12-15,2024-12-19,2024-12-21
CAMPAIGN_01467,CUST_01118,Failed,email,Holiday Sale,2024-09-28,2024-10-02,2024-10-03
CAMPAIGN_01468,CUST_01703,Done,sms,Personalized Offer,2024-07-06,2024-07-14,2024-07-16
CAMPAIGN_01469,CUST_02952,Failed,sms,VIP Re-engagement,2023-01-03,2023-01-06,2023-01-11
CAMPAIGN_01470,CUST_00800,Failed,call,New Arrivals,2024-12-02,2024-12-03,2024-12-04
CAMPAIGN_01471,CUST_02477,Done,call,VIP Re-engagement,2024-10-23,2024-10-31,2024-11-04
CAMPAIGN_01472,CUST_02378,Done,letter,Anniversary Campaign,2024-08-20,2024-08-25,2024-08-30
CAMPAIGN_01473,CUST_00598,Done,call,Anniversary Campaign,2024-07-10,2024-07-18,2024-07-18
CAMPAIGN_01474,CUST_00362,Failed,call,Loyalty Program Update,2024-04-20,2024-04-26,2024-04-30
CAMPAIGN_01475,CUST_01186,Done,sms,VIP Re-engagement,2024-02-19,2024-02-28,2024-03-03
CAMPAIGN_01476,CUST_01221,Done,call,Spring Collection Launch,2023-12-19,2023-12-29,2023-12-29
CAMPAIGN_01477,CUST_02839,Done,letter,Spring Collection Launch,2023-10-19,2023-10-29,2023-10-30
CAMPAIGN_01478,CUST_01017,Done,letter,New Arrivals,2023-05-06,2023-05-12,2023-05-16
CAMPAIGN_01479,CUST_02305,Failed,sms,VIP Re-engagement,2023-04-11,2023-04-16,2023-04-18
CAMPAIGN_01480,CUST_02781,Failed,call,Loyalty Program Update,2024-06-06,2024-06-15,2024-06-16
CAMPAIGN_01481,CUST_03324,Done,sms,Loyalty Program Update,2023-03-20,2023-03-30,2023-04-01
CAMPAIGN_01482,CUST_01138,Failed,letter,Anniversary Campaign,2024-08-05,2024-08-11,2024-08-14
CAMPAIGN_01483,CUST_01216,Done,call,Loyalty Program Update,2024-02-07,2024-02-16,2024-02-19
CAMPAIGN_01484,CUST_01875,Done,letter,Loyalty Program Update,2024-08-08,2024-08-18,2024-08-20
CAMPAIGN_01485,CUST_03195,Failed,call,New Arrivals,2024-12-07,2024-12-15,2024-12-16
CAMPAIGN_01486,CUST_00985,Done,email,Holiday Sale,2023-01-15,2023-01-21,2023-01-25
CAMPAIGN_01487,CUST_00172,Done,letter,VIP Re-engagement,2023-09-28,2023-10-06,2023-10-07
CAMPAIGN_01488,CUST_01343,Failed,email,New Arrivals,2024-10-05,2024-10-14,2024-10-19
CAMPAIGN_01489,CUST_00756,Done,sms,Loyalty Program Update,2024-02-26,2024-03-06,2024-03-11
CAMPAIGN_01490,CUST_01241,Done,letter,Spring Collection Launch,2024-03-25,2024-03-30,2024-04-03
CAMPAIGN_01491,CUST_01500,Done,email,Personalized Offer,2023-09-14,2023-09-23,2023-09-27
CAMPAIGN_01492,CUST_02810,Failed,sms,Loyalty Program Update,2024-11-11,2024-11-16,2024-11-21
CAMPAIGN_01493,CUST_03136,Failed,call,Spring Collection Launch,2024-11-01,2024-11-02,2024-11-07
CAMPAIGN_01494,CUST_00317,Done,letter,VIP Re-engagement,2023-03-13,2023-03-20,2023-03-25
CAMPAIGN_01495,CUST_01107,Failed,sms,New Arrivals,2023-03-19,2023-03-21,2023-03-23
CAMPAIGN_01496,CUST_02951,Done,sms,New Arrivals,2024-02-15,2024-02-25,2024-02-26
CAMPAIGN_01497,CUST_00250,Done,letter,Spring Collection Launch,2024-12-03,2024-12-04,2024-12-06
CAMPAIGN_01498,CUST_01900,Done,email,Holiday Sale,2023-04-02,2023-04-03,2023-04-08
CAMPAIGN_01499,CUST_01264,Done,call,Spring Collection Launch,2023-06-19,2023-06-20,2023-06-22
CAMPAIGN_01500,CUST_02744,Done,letter,Exclusive Preview,2024-11-27,2024-12-06,2024-12-08
CAMPAIGN_01501,CUST_02832,Failed,call,Exclusive Preview,2024-08-24,2024-08-25,2024-08-28
CAMPAIGN_01502,CUST_02866,Done,call,Anniversary Campaign,2023-04-20,2023-04-22,2023-04-24
CAMPAIGN_01503,CUST_00743,Done,call,Holiday Sale,2024-04-26,2024-05-04,2024-05-04
CAMPAIGN_01504,CUST_01260,Failed,letter,Holiday Sale,2023-02-04,2023-02-05,2023-02-05
CAMPAIGN_01505,CUST_00288,Failed,email,Loyalty Program Update,2023-01-30,2023-02-08,2023-02-09
CAMPAIGN_01506,CUST_01689,Failed,email,Exclusive Preview,2023-09-26,2023-09-28,2023-10-01
CAMPAIGN_01507,CUST_02444,Failed,call,Holiday Sale,2023-01-15,2023-01-21,2023-01-23
CAMPAIGN_01508,CUST_01927,Done,call,Loyalty Program Update,2024-04-01,2024-04-02,2024-04-03
CAMPAIGN_01509,CUST_00409,Done,call,Personalized Offer,2023-07-26,2023-08-03,2023-08-05
CAMPAIGN_01510,CUST_02611,Done,sms,Loyalty Program Update,2024-06-04,2024-06-11,2024-06-13
CAMPAIGN_01511,CUST_00684,Done,email,Personalized Offer,2024-04-08,2024-04-12,2024-04-17
CAMPAIGN_01512,CUST_00411,Failed,sms,Holiday Sale,2023-08-08,2023-08-09,2023-08-12
CAMPAIGN_01513,CUST_02206,Done,call,VIP Re-engagement,2023-03-09,2023-03-15,2023-03-19
CAMPAIGN_01514,CUST_00124,Failed,sms,New Arrivals,2024-03-11,2024-03-13,2024-03-13
CAMPAIGN_01515,CUST_01531,Failed,call,Loyalty Program Update,2024-04-21,2024-04-23,2024-04-26
CAMPAIGN_01516,CUST_03258,Failed,email,Exclusive Preview,2023-06-03,2023-06-07,2023-06-07
CAMPAIGN_01517,CUST_01066,Done,sms,Holiday Sale,2023-11-06,2023-11-09,2023-11-09
CAMPAIGN_01518,CUST_00498,Failed,call,VIP Re-engagement,2023-02-27,2023-03-05,2023-03-06
CAMPAIGN_01519,CUST_01173,Done,call,Anniversary Campaign,2024-04-04,2024-04-11,2024-04-13
CAMPAIGN_01520,CUST_01273,Failed,email,VIP Re-engagement,2023-11-26,2023-12-05,2023-12-10
CAMPAIGN_01521,CUST_00204,Done,email,Exclusive Preview,2023-04-09,2023-04-16,2023-04-20
CAMPAIGN_01522,CUST_00104,Done,email,Spring Collection Launch,2023-02-18,2023-02-22,2023-02-26
CAMPAIGN_01523,CUST_02496,Failed,sms,Personalized Offer,2023-05-08,2023-05-11,2023-05-14
CAMPAIGN_01524,CUST_00462,Done,email,New Arrivals,2023-12-02,2023-12-10,2023-12-13
CAMPAIGN_01525,CUST_01656,Done,email,Anniversary Campaign,2024-06-22,2024-06-29,2024-07-02
CAMPAIGN_01526,CUST_01193,Done,email,Holiday Sale,2024-06-23,2024-07-02,2024-07-02
CAMPAIGN_01527,CUST_03485,Done,sms,VIP Re-engagement,2023-12-07,2023-12-17,2023-12-21
CAMPAIGN_01528,CUST_00073,Done,email,Spring Collection Launch,2024-11-22,2024-11-27,2024-12-02
CAMPAIGN_01529,CUST_01454,Failed,sms,VIP Re-engagement,2023-03-06,2023-03-13,2023-03-15
CAMPAIGN_01530,CUST_01801,Failed,call,Personalized Offer,2023-06-18,2023-06-24,2023-06-29
CAMPAIGN_01531,CUST_01937,Done,letter,VIP Re-engagement,2024-11-05,2024-11-11,2024-11-12
CAMPAIGN_01532,CUST_01312,Done,email,Loyalty Program Update,2023-02-18,2023-02-19,2023-02-19
CAMPAIGN_01533,CUST_01357,Done,sms,Exclusive Preview,2024-05-13,2024-05-20,2024-05-23
CAMPAIGN_01534,CUST_02497,Failed,sms,Exclusive Preview,2023-06-04,2023-06-06,2023-06-08
CAMPAIGN_01535,CUST_01193,Done,letter,New Arrivals,2024-09-23,2024-09-29,2024-10-01
CAMPAIGN_01536,CUST_01193,Done,letter,Loyalty Program Update,2023-03-22,2023-03-26,2023-03-31
CAMPAIGN_01537,CUST_01473,Done,sms,Spring Collection Launch,2023-09-18,2023-09-28,2023-09-29
CAMPAIGN_01538,CUST_00993,Done,email,Loyalty Program Update,2024-12-07,2024-12-10,2024-12-10
CAMPAIGN_01539,CUST_02635,Failed,letter,Exclusive Preview,2024-09-16,2024-09-21,2024-09-21
CAMPAIGN_01540,CUST_01921,Done,call,VIP Re-engagement,2024-12-25,2025-01-04,2025-01-08
CAMPAIGN_01541,CUST_03005,Done,call,New Arrivals,2024-05-24,2024-05-27,2024-05-29
CAMPAIGN_01542,CUST_02946,Done,email,Exclusive Preview,2023-03-24,2023-03-27,2023-03-30
CAMPAIGN_01543,CUST_01634,Done,email,New Arrivals,2023-06-20,2023-06-21,2023-06-24
CAMPAIGN_01544,CUST_00284,Failed,letter,Holiday Sale,2024-12-30,2025-01-07,2025-01-12
CAMPAIGN_01545,CUST_01531,Failed,sms,Anniversary Campaign,2023-03-05,2023-03-09,2023-03-09
CAMPAIGN_01546,CUST_02585,Failed,call,Exclusive Preview,2024-12-10,2024-12-11,2024-12-11
CAMPAIGN_01547,CUST_02166,Done,letter,VIP Re-engagement,2023-11-14,2023-11-17,2023-11-21
CAMPAIGN_01548,CUST_01674,Done,sms,Anniversary Campaign,2024-07-09,2024-07-13,2024-07-17
CAMPAIGN_01549,CUST_02790,Failed,sms,Exclusive Preview,2024-07-15,2024-07-23,2024-07-26
CAMPAIGN_01550,CUST_00122,Done,sms,Loyalty Program Update,2024-12-02,2024-12-11,2024-12-12
CAMPAIGN_01551,CUST_00527,Failed,letter,Holiday Sale,2024-05-25,2024-05-30,2024-06-03
CAMPAIGN_01552,CUST_03258,Failed,letter,Holiday Sale,2024-12-03,2024-12-13,2024-12-17
CAMPAIGN_01553,CUST_00808,Failed,sms,Exclusive Preview,2024-06-09,2024-06-12,2024-06-12
CAMPAIGN_01554,CUST_02894,Failed,call,VIP Re-engagement,2024-01-08,2024-01-14,2024-01-16
CAMPAIGN_01555,CUST_03265,Done,email,Anniversary Campaign,2024-11-23,2024-12-03,2024-12-07
CAMPAIGN_01556,CUST_02941,Failed,call,Loyalty Program Update,2023-12-04,2023-12-05,2023-12-05
CAMPAIGN_01557,CUST_03083,Done,call,Holiday Sale,2024-12-22,2025-01-01,2025-01-05
CAMPAIGN_01558,CUST_02826,Done,email,Holiday Sale,2024-05-24,2024-05-30,2024-06-03
CAMPAIGN_01559,CUST_01928,Failed,email,Holiday Sale,2024-06-02,2024-06-07,2024-06-12
CAMPAIGN_01560,CUST_02604,Failed,email,Spring Collection Launch,2023-09-02,2023-09-11,2023-09-11
CAMPAIGN_01561,CUST_01789,Done,letter,New Arrivals,2024-09-27,2024-09-30,2024-10-02
CAMPAIGN_01562,CUST_00630,Failed,sms,Loyalty Program Update,2023-08-28,2023-09-03,2023-09-08
CAMPAIGN_01563,CUST_00734,Done,sms,VIP Re-engagement,2024-04-24,2024-04-27,2024-05-01
CAMPAIGN_01564,CUST_00094,Done,email,Loyalty Program Update,2024-05-31,2024-06-06,2024-06-07
CAMPAIGN_01565,CUST_00496,Done,sms,Personalized Offer,2024-01-16,2024-01-22,2024-01-26
CAMPAIGN_01566,CUST_01631,Done,call,VIP Re-engagement,2023-07-13,2023-07-18,2023-07-23
CAMPAIGN_01567,CUST_02587,Done,sms,Spring Collection Launch,2024-07-19,2024-07-20,2024-07-24
CAMPAIGN_01568,CUST_02705,Failed,sms,Spring Collection Launch,2024-11-16,2024-11-25,2024-11-30
CAMPAIGN_01569,CUST_00433,Done,email,Loyalty Program Update,2023-02-08,2023-02-14,2023-02-19
CAMPAIGN_01570,CUST_00824,Failed,call,Holiday Sale,2023-01-25,2023-01-27,2023-01-30
CAMPAIGN_01571,CUST_00487,Done,call,Spring Collection Launch,2024-08-05,2024-08-08,2024-08-10
CAMPAIGN_01572,CUST_00664,Done,sms,Holiday Sale,2023-10-31,2023-11-01,2023-11-06
CAMPAIGN_01573,CUST_02950,Failed,email,Loyalty Program Update,2024-08-05,2024-08-07,2024-08-07
CAMPAIGN_01574,CUST_02028,Done,email,Loyalty Program Update,2023-11-15,2023-11-24,2023-11-29
CAMPAIGN_01575,CUST_00093,Done,call,Anniversary Campaign,2024-01-18,2024-01-19,2024-01-21
CAMPAIGN_01576,CUST_00606,Done,sms,Personalized Offer,2023-02-03,2023-02-09,2023-02-14
CAMPAIGN_01577,CUST_03420,Done,call,Anniversary Campaign,2023-11-08,2023-11-18,2023-11-20
CAMPAIGN_01578,CUST_02774,Failed,email,Personalized Offer,2023-05-12,2023-05-15,2023-05-15
CAMPAIGN_01579,CUST_02774,Failed,letter,VIP Re-engagement,2023-03-19,2023-03-21,2023-03-26
CAMPAIGN_01580,CUST_01592,Done,call,Spring Collection Launch,2023-01-22,2023-01-27,2023-01-31
CAMPAIGN_01581,CUST_01916,Done,sms,Personalized Offer,2024-01-20,2024-01-27,2024-01-29
CAMPAIGN_01582,CUST_03442,Done,sms,Holiday Sale,2023-01-15,2023-01-16,2023-01-21
CAMPAIGN_01583,CUST_01656,Done,sms,New Arrivals,2023-02-03,2023-02-07,2023-02-07
CAMPAIGN_01584,CUST_00033,Failed,call,Spring Collection Launch,2024-06-22,2024-06-30,2024-07-04
CAMPAIGN_01585,CUST_00144,Done,sms,VIP Re-engagement,2023-09-11,2023-09-14,2023-09-17
CAMPAIGN_01586,CUST_02048,Done,call,Anniversary Campaign,2023-06-11,2023-06-19,2023-06-20
CAMPAIGN_01587,CUST_01139,Done,email,VIP Re-engagement,2023-12-02,2023-12-05,2023-12-07
CAMPAIGN_01588,CUST_00576,Failed,call,Spring Collection Launch,2023-02-05,2023-02-11,2023-02-14
CAMPAIGN_01589,CUST_01374,Failed,letter,Anniversary Campaign,2023-02-15,2023-02-16,2023-02-16
CAMPAIGN_01590,CUST_03016,Done,sms,Loyalty Program Update,2024-07-31,2024-08-06,2024-08-07
CAMPAIGN_01591,CUST_00080,Done,letter,New Arrivals,2023-06-08,2023-06-11,2023-06-13
CAMPAIGN_01592,CUST_03107,Done,sms,Exclusive Preview,2023-12-27,2024-01-06,2024-01-08
CAMPAIGN_01593,CUST_01266,Failed,call,Holiday Sale,2024-03-06,2024-03-11,2024-03-15
CAMPAIGN_01594,CUST_02178,Done,letter,Anniversary Campaign,2024-07-16,2024-07-21,2024-07-23
CAMPAIGN_01595,CUST_02676,Failed,sms,Holiday Sale,2023-08-28,2023-09-05,2023-09-10
CAMPAIGN_01596,CUST_00924,Done,sms,New Arrivals,2024-12-22,2024-12-24,2024-12-26
CAMPAIGN_01597,CUST_00108,Done,call,Personalized Offer,2023-11-19,2023-11-22,2023-11-23
CAMPAIGN_01598,CUST_03157,Failed,sms,Anniversary Campaign,2023-08-19,2023-08-24,2023-08-29
CAMPAIGN_01599,CUST_02603,Failed,email,New Arrivals,2024-08-04,2024-08-10,2024-08-10
CAMPAIGN_01600,CUST_03138,Done,call,New Arrivals,2023-03-08,2023-03-14,2023-03-17
CAMPAIGN_01601,CUST_01369,Failed,sms,Anniversary Campaign,2023-02-04,2023-02-14,2023-02-16
CAMPAIGN_01602,CUST_02777,Done,sms,Exclusive Preview,2024-08-17,2024-08-23,2024-08-28
CAMPAIGN_01603,CUST_03151,Done,sms,Spring Collection Launch,2023-11-03,2023-11-08,2023-11-08
CAMPAIGN_01604,CUST_03476,Failed,email,Exclusive Preview,2023-05-14,2023-05-22,2023-05-26
CAMPAIGN_01605,CUST_02625,Failed,letter,Holiday Sale,2023-05-21,2023-05-26,2023-05-27
CAMPAIGN_01606,CUST_01582,Failed,letter,Anniversary Campaign,2024-10-29,2024-11-02,2024-11-05
CAMPAIGN_01607,CUST_00656,Done,call,Exclusive Preview,2023-04-25,2023-05-05,2023-05-08
CAMPAIGN_01608,CUST_01594,Failed,sms,Personalized Offer,2023-12-26,2024-01-04,2024-01-08
CAMPAIGN_01609,CUST_00605,Done,call,Holiday Sale,2024-08-22,2024-09-01,2024-09-05
CAMPAIGN_01610,CUST_02449,Failed,letter,Anniversary Campaign,2024-03-09,2024-03-15,2024-03-17
CAMPAIGN_01611,CUST_03077,Failed,sms,Spring Collection Launch,2024-05-13,2024-05-20,2024-05-23
CAMPAIGN_01612,CUST_02727,Done,letter,New Arrivals,2023-01-16,2023-01-21,2023-01-26
CAMPAIGN_01613,CUST_02363,Done,sms,Anniversary Campaign,2023-03-12,2023-03-18,2023-03-21
CAMPAIGN_01614,CUST_02885,Failed,letter,Loyalty Program Update,2024-04-14,2024-04-24,2024-04-25
CAMPAIGN_01615,CUST_01368,Failed,call,New Arrivals,2024-09-17,2024-09-22,2024-09-25
CAMPAIGN_01616,CUST_01252,Done,call,Holiday Sale,2024-10-24,2024-10-27,2024-10-27
CAMPAIGN_01617,CUST_01106,Done,call,Exclusive Preview,2024-12-16,2024-12-26,2024-12-28
CAMPAIGN_01618,CUST_03352,Done,call,New Arrivals,2024-10-25,2024-10-29,2024-10-29
CAMPAIGN_01619,CUST_02283,Done,sms,Personalized Offer,2023-03-18,2023-03-28,2023-04-02
CAMPAIGN_01620,CUST_02636,Done,email,Anniversary Campaign,2024-09-08,2024-09-17,2024-09-20
CAMPAIGN_01621,CUST_02789,Done,letter,Loyalty Program Update,2024-04-20,2024-04-24,2024-04-27
CAMPAIGN_01622,CUST_00805,Done,email,VIP Re-engagement,2024-05-07,2024-05-14,2024-05-16
CAMPAIGN_01623,CUST_01854,Done,email,Spring Collection Launch,2024-12-31,2025-01-06,2025-01-08
CAMPAIGN_01624,CUST_00164,Failed,email,Anniversary Campaign,2024-09-19,2024-09-21,2024-09-25
CAMPAIGN_01625,CUST_00583,Failed,sms,Holiday Sale,2023-03-21,2023-03-31,2023-04-05
CAMPAIGN_01626,CUST_02960,Done,call,Exclusive Preview,2024-04-26,2024-04-30,2024-05-03
CAMPAIGN_01627,CUST_00883,Done,email,Holiday Sale,2024-12-20,2024-12-28,2024-12-30
CAMPAIGN_01628,CUST_02494,Done,letter,Holiday Sale,2023-02-25,2023-03-04,2023-03-05
CAMPAIGN_01629,CUST_03273,Done,sms,Spring Collection Launch,2023-09-07,2023-09-09,2023-09-13
CAMPAIGN_01630,CUST_02856,Done,sms,Spring Collection Launch,2023-08-21,2023-08-22,2023-08-23
CAMPAIGN_01631,CUST_00183,Done,call,Personalized Offer,2023-06-09,2023-06-15,2023-06-19
CAMPAIGN_01632,CUST_00305,Failed,email,VIP Re-engagement,2024-05-20,2024-05-30,2024-06-02
CAMPAIGN_01633,CUST_02395,Done,sms,New Arrivals,2024-05-05,2024-05-13,2024-05-17
CAMPAIGN_01634,CUST_01137,Failed,email,New Arrivals,2024-04-19,2024-04-22,2024-04-24
CAMPAIGN_01635,CUST_00896,Done,letter,Holiday Sale,2023-08-07,2023-08-08,2023-08-12
CAMPAIGN_01636,CUST_00923,Failed,call,Loyalty Program Update,2023-03-12,2023-03-17,2023-03-19
CAMPAIGN_01637,CUST_01246,Done,letter,Personalized Offer,2023-01-24,2023-02-03,2023-02-03
CAMPAIGN_01638,CUST_03086,Done,sms,Exclusive Preview,2023-01-22,2023-01-24,2023-01-24
CAMPAIGN_01639,CUST_01040,Done,call,New Arrivals,2023-02-11,2023-02-14,2023-02-15
CAMPAIGN_01640,CUST_01865,Done,sms,Exclusive Preview,2023-02-21,2023-02-28,2023-03-05
CAMPAIGN_01641,CUST_01437,Done,sms,Anniversary Campaign,2024-03-21,2024-03-26,2024-03-28
CAMPAIGN_01642,CUST_00725,Failed,sms,Loyalty Program Update,2024-11-23,2024-11-29,2024-12-04
CAMPAIGN_01643,CUST_02766,Failed,call,Exclusive Preview,2024-02-13,2024-02-18,2024-02-19
CAMPAIGN_01644,CUST_02925,Failed,sms,Spring Collection Launch,2023-12-04,2023-12-07,2023-12-10
CAMPAIGN_01645,CUST_02960,Done,call,Spring Collection Launch,2024-04-24,2024-04-27,2024-05-02
CAMPAIGN_01646,CUST_02694,Done,letter,Anniversary Campaign,2024-12-26,2024-12-31,2025-01-02
CAMPAIGN_01647,CUST_00657,Failed,call,Loyalty Program Update,2024-10-16,2024-10-20,2024-10-24
CAMPAIGN_01648,CUST_02570,Failed,sms,Exclusive Preview,2023-10-04,2023-10-08,2023-10-09
CAMPAIGN_01649,CUST_03206,Failed,letter,Holiday Sale,2023-12-20,2023-12-24,2023-12-28
CAMPAIGN_01650,CUST_00742,Failed,call,New Arrivals,2023-10-01,2023-10-05,2023-10-05
CAMPAIGN_01651,CUST_02657,Failed,call,VIP Re-engagement,2024-07-10,2024-07-13,2024-07-16
CAMPAIGN_01652,CUST_01505,Failed,call,Personalized Offer,2024-12-28,2025-01-04,2025-01-05
CAMPAIGN_01653,CUST_00493,Done,sms,New Arrivals,2024-10-14,2024-10-22,2024-10-23
CAMPAIGN_01654,CUST_00598,Done,call,Holiday Sale,2023-05-07,2023-05-12,2023-05-12
CAMPAIGN_01655,CUST_01020,Failed,sms,VIP Re-engagement,2023-08-18,2023-08-22,2023-08-23
CAMPAIGN_01656,CUST_03258,Failed,letter,Exclusive Preview,2023-06-04,2023-06-08,2023-06-13
CAMPAIGN_01657,CUST_00017,Failed,sms,Anniversary Campaign,2024-11-24,2024-12-03,2024-12-08
CAMPAIGN_01658,CUST_00379,Done,letter,Loyalty Program Update,2024-11-26,2024-12-01,2024-12-02
CAMPAIGN_01659,CUST_03323,Failed,call,Personalized Offer,2023-12-26,2024-01-05,2024-01-06
CAMPAIGN_01660,CUST_01485,Failed,email,VIP Re-engagement,2024-02-18,2024-02-19,2024-02-21
CAMPAIGN_01661,CUST_03499,Failed,email,Anniversary Campaign,2024-02-21,2024-02-28,2024-03-02
CAMPAIGN_01662,CUST_01472,Done,sms,Personalized Offer,2023-08-12,2023-08-15,2023-08-20
CAMPAIGN_01663,CUST_01832,Done,letter,New Arrivals,2024-11-03,2024-11-11,2024-11-13
CAMPAIGN_01664,CUST_03100,Done,call,Spring Collection Launch,2024-06-15,2024-06-18,2024-06-23
CAMPAIGN_01665,CUST_02728,Failed,email,New Arrivals,2023-10-21,2023-10-30,2023-11-03
CAMPAIGN_01666,CUST_00317,Done,letter,Holiday Sale,2024-01-06,2024-01-15,2024-01-20
CAMPAIGN_01667,CUST_02531,Done,letter,New Arrivals,2024-06-25,2024-07-04,2024-07-07
CAMPAIGN_01668,CUST_01900,Done,call,Anniversary Campaign,2023-01-10,2023-01-15,2023-01-18
CAMPAIGN_01669,CUST_00240,Done,sms,Loyalty Program Update,2024-06-20,2024-06-26,2024-06-28
CAMPAIGN_01670,CUST_02476,Done,call,Anniversary Campaign,2023-07-17,2023-07-27,2023-07-31
CAMPAIGN_01671,CUST_00293,Done,letter,Anniversary Campaign,2024-10-24,2024-10-31,2024-11-04
CAMPAIGN_01672,CUST_02948,Done,letter,Loyalty Program Update,2023-11-29,2023-12-05,2023-12-08
CAMPAIGN_01673,CUST_00982,Failed,sms,Holiday Sale,2023-05-01,2023-05-08,2023-05-09
CAMPAIGN_01674,CUST_01548,Done,call,Exclusive Preview,2024-01-08,2024-01-18,2024-01-22
CAMPAIGN_01675,CUST_00253,Failed,sms,Anniversary Campaign,2023-04-23,2023-04-25,2023-04-28
CAMPAIGN_01676,CUST_00075,Done,email,Spring Collection Launch,2024-09-22,2024-10-01,2024-10-01
CAMPAIGN_01677,CUST_02552,Done,email,Holiday Sale,2023-04-06,2023-04-08,2023-04-13
CAMPAIGN_01678,CUST_02732,Done,email,Spring Collection Launch,2024-06-25,2024-07-03,2024-07-08
CAMPAIGN_01679,CUST_00886,Done,call,Exclusive Preview,2023-02-02,2023-02-11,2023-02-14
CAMPAIGN_01680,CUST_02403,Done,sms,Anniversary Campaign,2024-04-12,2024-04-17,2024-04-18
CAMPAIGN_01681,CUST_02518,Done,sms,Loyalty Program Update,2023-03-24,2023-03-26,2023-03-28
CAMPAIGN_01682,CUST_00107,Done,email,New Arrivals,2023-11-15,2023-11-22,2023-11-24
CAMPAIGN_01683,CUST_01577,Done,call,Personalized Offer,2024-03-26,2024-04-02,2024-04-02
CAMPAIGN_01684,CUST_01816,Failed,sms,Spring Collection Launch,2023-04-03,2023-04-11,2023-04-12
CAMPAIGN_01685,CUST_01934,Done,call,New Arrivals,2023-03-26,2023-03-29,2023-03-31
CAMPAIGN_01686,CUST_03175,Done,letter,Personalized Offer,2023-04-05,2023-04-06,2023-04-09
CAMPAIGN_01687,CUST_01912,Done,letter,Anniversary Campaign,2023-03-10,2023-03-11,2023-03-16
CAMPAIGN_01688,CUST_00294,Failed,letter,VIP Re-engagement,2024-02-11,2024-02-14,2024-02-18
CAMPAIGN_01689,CUST_00300,Done,email,Personalized Offer,2023-02-09,2023-02-15,2023-02-18
CAMPAIGN_01690,CUST_03202,Done,email,Loyalty Program Update,2024-01-01,2024-01-10,2024-01-15
CAMPAIGN_01691,CUST_01766,Done,call,Anniversary Campaign,2024-11-08,2024-11-13,2024-11-18
CAMPAIGN_01692,CUST_02003,Failed,call,Spring Collection Launch,2023-08-12,2023-08-22,2023-08-25
CAMPAIGN_01693,CUST_00027,Done,letter,Personalized Offer,2023-06-09,2023-06-11,2023-06-11
CAMPAIGN_01694,CUST_00367,Failed,email,VIP Re-engagement,2024-10-15,2024-10-16,2024-10-18
CAMPAIGN_01695,CUST_02869,Done,call,Loyalty Program Update,2023-04-15,2023-04-19,2023-04-23
CAMPAIGN_01696,CUST_02386,Done,email,Personalized Offer,2023-06-26,2023-07-05,2023-07-06
CAMPAIGN_01697,CUST_03345,Failed,sms,Loyalty Program Update,2023-05-14,2023-05-17,2023-05-21
CAMPAIGN_01698,CUST_00701,Done,email,New Arrivals,2023-04-23,2023-05-01,2023-05-01
CAMPAIGN_01699,CUST_03248,Done,call,New Arrivals,2023-03-17,2023-03-19,2023-03-19
CAMPAIGN_01700,CUST_02341,Done,call,Personalized Offer,2023-07-15,2023-07-22,2023-07-24
CAMPAIGN_01701,CUST_02949,Done,letter,Exclusive Preview,2024-01-04,2024-01-06,2024-01-09
CAMPAIGN_01702,CUST_01372,Failed,email,Spring Collection Launch,2023-08-08,2023-08-17,2023-08-18
CAMPAIGN_01703,CUST_01517,Done,letter,Exclusive Preview,2023-09-18,2023-09-20,2023-09-22
CAMPAIGN_01704,CUST_01854,Done,call,Loyalty Program Update,2023-09-28,2023-10-02,2023-10-02
CAMPAIGN_01705,CUST_01618,Done,sms,Personalized Offer,2023-12-12,2023-12-19,2023-12-24
CAMPAIGN_01706,CUST_02424,Done,sms,Exclusive Preview,2023-11-30,2023-12-02,2023-12-05
CAMPAIGN_01707,CUST_03398,Done,letter,Exclusive Preview,2023-09-19,2023-09-27,2023-09-29
CAMPAIGN_01708,CUST_02000,Failed,sms,Anniversary Campaign,2024-03-23,2024-03-30,2024-04-04
CAMPAIGN_01709,CUST_03270,Done,email,Loyalty Program Update,2024-04-30,2024-05-03,2024-05-05
CAMPAIGN_01710,CUST_02527,Done,call,Holiday Sale,2024-01-19,2024-01-29,2024-01-30
CAMPAIGN_01711,CUST_01728,Done,call,VIP Re-engagement,2023-05-09,2023-05-10,2023-05-11
CAMPAIGN_01712,CUST_02618,Failed,sms,Loyalty Program Update,2024-12-07,2024-12-11,2024-12-11
CAMPAIGN_01713,CUST_00990,Done,call,Anniversary Campaign,2023-10-11,2023-10-14,2023-10-19
CAMPAIGN_01714,CUST_00968,Done,call,Personalized Offer,2023-10-25,2023-11-04,2023-11-07
CAMPAIGN_01715,CUST_00129,Done,call,VIP Re-engagement,2024-09-18,2024-09-22,2024-09-25
CAMPAIGN_01716,CUST_00743,Done,call,Holiday Sale,2023-09-30,2023-10-03,2023-10-04
CAMPAIGN_01717,CUST_03129,Failed,call,VIP Re-engagement,2023-02-03,2023-02-05,2023-02-06
CAMPAIGN_01718,CUST_00894,Done,call,VIP Re-engagement,2023-11-06,2023-11-16,2023-11-17
CAMPAIGN_01719,CUST_00514,Failed,email,Holiday Sale,2024-01-28,2024-01-30,2024-02-02
CAMPAIGN_01720,CUST_01013,Done,email,New Arrivals,2024-02-09,2024-02-11,2024-02-12
CAMPAIGN_01721,CUST_00602,Done,call,Holiday Sale,2023-10-30,2023-11-09,2023-11-13
CAMPAIGN_01722,CUST_00253,Failed,letter,VIP Re-engagement,2023-05-16,2023-05-26,2023-05-26
CAMPAIGN_01723,CUST_02555,Done,sms,Anniversary Campaign,2024-01-23,2024-01-29,2024-01-31
CAMPAIGN_01724,CUST_02234,Failed,email,Spring Collection Launch,2023-01-24,2023-01-29,2023-02-03
CAMPAIGN_01725,CUST_02882,Failed,sms,Spring Collection Launch,2024-07-17,2024-07-20,2024-07-21
CAMPAIGN_01726,CUST_01352,Done,email,Exclusive Preview,2024-05-05,2024-05-06,2024-05-09
CAMPAIGN_01727,CUST_00284,Failed,email,Loyalty Program Update,2024-07-06,2024-07-12,2024-07-15
CAMPAIGN_01728,CUST_03305,Failed,sms,Anniversary Campaign,2023-01-09,2023-01-17,2023-01-19
CAMPAIGN_01729,CUST_02855,Done,letter,New Arrivals,2023-07-16,2023-07-19,2023-07-20
CAMPAIGN_01730,CUST_01457,Failed,letter,Exclusive Preview,2023-01-29,2023-02-03,2023-02-05
CAMPAIGN_01731,CUST_02126,Done,call,New Arrivals,2023-12-10,2023-12-12,2023-12-17
CAMPAIGN_01732,CUST_02326,Done,call,Spring Collection Launch,2024-12-30,2025-01-08,2025-01-09
CAMPAIGN_01733,CUST_01096,Failed,email,Exclusive Preview,2024-01-23,2024-01-27,2024-01-29
CAMPAIGN_01734,CUST_00881,Done,letter,VIP Re-engagement,2023-04-15,2023-04-20,2023-04-25
CAMPAIGN_01735,CUST_00419,Failed,letter,Personalized Offer,2023-04-13,2023-04-20,2023-04-24
CAMPAIGN_01736,CUST_02221,Done,email,Spring Collection Launch,2024-11-29,2024-12-06,2024-12-06
CAMPAIGN_01737,CUST_01142,Failed,sms,New Arrivals,2023-01-22,2023-01-23,2023-01-23
CAMPAIGN_01738,CUST_01531,Failed,sms,Loyalty Program Update,2024-09-07,2024-09-17,2024-09-21
CAMPAIGN_01739,CUST_01001,Failed,email,Exclusive Preview,2024-08-13,2024-08-17,2024-08-18
CAMPAIGN_01740,CUST_03357,Failed,email,Loyalty Program Update,2024-12-11,2024-12-13,2024-12-16
CAMPAIGN_01741,CUST_02874,Failed,email,Holiday Sale,2023-05-27,2023-06-05,2023-06-09
CAMPAIGN_01742,CUST_02972,Done,email,Exclusive Preview,2023-08-12,2023-08-15,2023-08-20
CAMPAIGN_01743,CUST_03470,Done,call,VIP Re-engagement,2023-05-14,2023-05-22,2023-05-22
CAMPAIGN_01744,CUST_02410,Failed,sms,VIP Re-engagement,2024-08-16,2024-08-24,2024-08-29
CAMPAIGN_01745,CUST_01617,Done,letter,Anniversary Campaign,2024-08-06,2024-08-13,2024-08-18
CAMPAIGN_01746,CUST_01056,Done,email,Anniversary Campaign,2023-12-09,2023-12-15,2023-12-19
CAMPAIGN_01747,CUST_00708,Failed,email,Loyalty Program Update,2023-08-16,2023-08-18,2023-08-20
CAMPAIGN_01748,CUST_00144,Done,sms,Anniversary Campaign,2023-07-29,2023-08-04,2023-08-07
CAMPAIGN_01749,CUST_01028,Done,sms,VIP Re-engagement,2023-09-06,2023-09-15,2023-09-17
CAMPAIGN_01750,CUST_02641,Failed,letter,Personalized Offer,2024-06-09,2024-06-12,2024-06-13
CAMPAIGN_01751,CUST_03072,Done,sms,Personalized Offer,2024-01-27,2024-01-30,2024-02-01
CAMPAIGN_01752,CUST_03054,Failed,email,Spring Collection Launch,2023-04-26,2023-05-06,2023-05-11
CAMPAIGN_01753,CUST_03016,Done,call,Anniversary Campaign,2023-07-03,2023-07-05,2023-07-09
CAMPAIGN_01754,CUST_00717,Failed,sms,VIP Re-engagement,2023-10-22,2023-10-30,2023-10-31
CAMPAIGN_01755,CUST_02360,Failed,letter,VIP Re-engagement,2023-03-07,2023-03-08,2023-03-11
CAMPAIGN_01756,CUST_02740,Failed,email,Exclusive Preview,2024-12-18,2024-12-20,2024-12-23
CAMPAIGN_01757,CUST_03298,Done,sms,Holiday Sale,2024-01-18,2024-01-26,2024-01-29
CAMPAIGN_01758,CUST_00571,Done,email,Holiday Sale,2023-03-17,2023-03-25,2023-03-27
CAMPAIGN_01759,CUST_03048,Failed,call,Personalized Offer,2023-10-26,2023-11-04,2023-11-05
CAMPAIGN_01760,CUST_02551,Done,letter,Exclusive Preview,2023-09-11,2023-09-16,2023-09-17
CAMPAIGN_01761,CUST_00966,Done,sms,Loyalty Program Update,2024-03-07,2024-03-17,2024-03-22
CAMPAIGN_01762,CUST_01490,Done,call,Holiday Sale,2023-11-23,2023-11-24,2023-11-29
CAMPAIGN_01763,CUST_00467,Done,letter,Anniversary Campaign,2024-11-05,2024-11-13,2024-11-17
CAMPAIGN_01764,CUST_00294,Failed,call,Holiday Sale,2024-07-20,2024-07-27,2024-07-27
CAMPAIGN_01765,CUST_03292,Done,sms,Spring Collection Launch,2023-04-14,2023-04-15,2023-04-15
CAMPAIGN_01766,CUST_03187,Done,letter,VIP Re-engagement,2024-04-02,2024-04-03,2024-04-07
CAMPAIGN_01767,CUST_03045,Failed,email,Personalized Offer,2023-06-24,2023-06-28,2023-07-03
CAMPAIGN_01768,CUST_02504,Done,email,VIP Re-engagement,2023-12-23,2024-01-02,2024-01-07
CAMPAIGN_01769,CUST_00369,Done,call,Anniversary Campaign,2023-08-27,2023-08-29,2023-08-29
CAMPAIGN_01770,CUST_00135,Failed,letter,New Arrivals,2024-09-19,2024-09-27,2024-09-28
CAMPAIGN_01771,CUST_01972,Done,email,New Arrivals,2023-05-09,2023-05-17,2023-05-20
CAMPAIGN_01772,CUST_01963,Failed,call,Exclusive Preview,2023-10-25,2023-10-27,2023-11-01
CAMPAIGN_01773,CUST_00658,Done,sms,Personalized Offer,2023-05-12,2023-05-22,2023-05-25
CAMPAIGN_01774,CUST_00929,Done,call,Personalized Offer,2024-09-10,2024-09-19,2024-09-19
CAMPAIGN_01775,CUST_00097,Done,sms,Holiday Sale,2024-05-30,2024-06-09,2024-06-10
CAMPAIGN_01776,CUST_00367,Failed,email,Personalized Offer,2024-01-02,2024-01-08,2024-01-10
CAMPAIGN_01777,CUST_00378,Failed,sms,Exclusive Preview,2024-02-18,2024-02-27,2024-03-01
CAMPAIGN_01778,CUST_02072,Failed,sms,Anniversary Campaign,2023-01-16,2023-01-23,2023-01-23
CAMPAIGN_01779,CUST_02367,Done,letter,Anniversary Campaign,2024-02-26,2024-03-03,2024-03-08
CAMPAIGN_01780,CUST_03146,Failed,letter,New Arrivals,2023-01-14,2023-01-18,2023-01-23
CAMPAIGN_01781,CUST_01834,Done,call,Anniversary Campaign,2024-02-10,2024-02-13,2024-02-15
CAMPAIGN_01782,CUST_01341,Done,sms,Exclusive Preview,2024-04-18,2024-04-19,2024-04-23
CAMPAIGN_01783,CUST_03051,Done,email,Exclusive Preview,2024-09-21,2024-09-28,2024-10-02
CAMPAIGN_01784,CUST_02280,Done,call,Holiday Sale,2024-11-25,2024-12-05,2024-12-05
CAMPAIGN_01785,CUST_02021,Done,email,Anniversary Campaign,2024-12-13,2024-12-18,2024-12-21
CAMPAIGN_01786,CUST_01984,Done,email,New Arrivals,2023-07-14,2023-07-20,2023-07-23
CAMPAIGN_01787,CUST_00434,Done,call,Anniversary Campaign,2023-07-13,2023-07-16,2023-07-18
CAMPAIGN_01788,CUST_01004,Done,call,Personalized Offer,2023-08-31,2023-09-06,2023-09-11
CAMPAIGN_01789,CUST_01303,Done,sms,Spring Collection Launch,2023-03-10,2023-03-17,2023-03-21
CAMPAIGN_01790,CUST_00934,Done,letter,Spring Collection Launch,2024-08-18,2024-08-25,2024-08-27
CAMPAIGN_01791,CUST_00409,Done,email,Anniversary Campaign,2024-02-20,2024-02-28,2024-03-01
CAMPAIGN_01792,CUST_01379,Failed,sms,Personalized Offer,2023-09-19,2023-09-27,2023-09-27
CAMPAIGN_01793,CUST_03012,Done,call,New Arrivals,2024-11-09,2024-11-11,2024-11-15
CAMPAIGN_01794,CUST_03174,Done,sms,Loyalty Program Update,2024-03-04,2024-03-07,2024-03-11
CAMPAIGN_01795,CUST_01306,Done,letter,Anniversary Campaign,2024-03-23,2024-03-30,2024-04-01
CAMPAIGN_01796,CUST_03241,Done,call,Spring Collection Launch,2024-10-27,2024-10-30,2024-10-31
CAMPAIGN_01797,CUST_00389,Done,email,VIP Re-engagement,2024-10-05,2024-10-12,2024-10-16
CAMPAIGN_01798,CUST_00161,Done,sms,Anniversary Campaign,2023-03-28,2023-04-07,2023-04-07
CAMPAIGN_01799,CUST_02788,Failed,call,Loyalty Program Update,2023-05-12,2023-05-20,2023-05-20
CAMPAIGN_01800,CUST_00581,Done,email,New Arrivals,2023-08-24,2023-09-03,2023-09-08
CAMPAIGN_01801,CUST_00139,Done,call,Loyalty Program Update,2024-09-13,2024-09-19,2024-09-23
CAMPAIGN_01802,CUST_02434,Done,letter,Anniversary Campaign,2023-01-02,2023-01-08,2023-01-08
CAMPAIGN_01803,CUST_02990,Done,call,Holiday Sale,2023-09-22,2023-09-27,2023-09-28
CAMPAIGN_01804,CUST_03098,Done,letter,Holiday Sale,2024-05-12,2024-05-22,2024-05-23
CAMPAIGN_01805,CUST_02630,Done,letter,VIP Re-engagement,2023-05-08,2023-05-10,2023-05-10
CAMPAIGN_01806,CUST_01244,Done,call,Anniversary Campaign,2024-12-29,2025-01-06,2025-01-07
CAMPAIGN_01807,CUST_03338,Failed,call,Holiday Sale,2023-03-08,2023-03-12,2023-03-14
CAMPAIGN_01808,CUST_01854,Done,call,VIP Re-engagement,2024-08-09,2024-08-11,2024-08-15
CAMPAIGN_01809,CUST_02634,Done,letter,Personalized Offer,2023-08-01,2023-08-04,2023-08-04
CAMPAIGN_01810,CUST_01806,Done,sms,Personalized Offer,2024-10-10,2024-10-19,2024-10-22
CAMPAIGN_01811,CUST_03254,Done,call,New Arrivals,2024-03-25,2024-03-29,2024-04-03
CAMPAIGN_01812,CUST_02490,Done,letter,Personalized Offer,2024-02-23,2024-02-28,2024-03-04
CAMPAIGN_01813,CUST_01822,Failed,letter,Holiday Sale,2023-06-23,2023-06-26,2023-06-30
CAMPAIGN_01814,CUST_00012,Failed,letter,New Arrivals,2023-09-20,2023-09-27,2023-10-01
CAMPAIGN_01815,CUST_00307,Done,sms,Exclusive Preview,2023-06-08,2023-06-12,2023-06-14
CAMPAIGN_01816,CUST_03081,Failed,sms,Spring Collection Launch,2023-01-30,2023-02-02,2023-02-05
CAMPAIGN_01817,CUST_02187,Done,sms,Spring Collection Launch,2024-12-30,2025-01-08,2025-01-10
CAMPAIGN_01818,CUST_02483,Failed,letter,New Arrivals,2023-09-17,2023-09-18,2023-09-23
CAMPAIGN_01819,CUST_01921,Done,call,New Arrivals,2024-02-24,2024-03-03,2024-03-08
CAMPAIGN_01820,CUST_02209,Done,letter,Spring Collection Launch,2023-01-07,2023-01-17,2023-01-21
CAMPAIGN_01821,CUST_00349,Done,call,Anniversary Campaign,2023-11-20,2023-11-30,2023-12-05
CAMPAIGN_01822,CUST_00987,Done,letter,New Arrivals,2024-12-07,2024-12-08,2024-12-11
CAMPAIGN_01823,CUST_02010,Done,call,VIP Re-engagement,2024-03-13,2024-03-17,2024-03-22
CAMPAIGN_01824,CUST_01092,Done,letter,Anniversary Campaign,2023-07-11,2023-07-15,2023-07-18
CAMPAIGN_01825,CUST_01489,Done,call,New Arrivals,2023-01-31,2023-02-06,2023-02-11
CAMPAIGN_01826,CUST_00217,Done,sms,Exclusive Preview,2024-02-15,2024-02-18,2024-02-20
CAMPAIGN_01827,CUST_02120,Done,email,Holiday Sale,2023-05-27,2023-05-28,2023-05-31
CAMPAIGN_01828,CUST_00763,Done,letter,New Arrivals,2023-06-18,2023-06-20,2023-06-24
CAMPAIGN_01829,CUST_00178,Done,call,Spring Collection Launch,2023-08-11,2023-08-12,2023-08-12
CAMPAIGN_01830,CUST_00036,Failed,letter,Exclusive Preview,2024-01-11,2024-01-12,2024-01-16
CAMPAIGN_01831,CUST_00693,Done,call,Exclusive Preview,2024-09-22,2024-09-29,2024-10-02
CAMPAIGN_01832,CUST_01369,Failed,email,Spring Collection Launch,2024-11-22,2024-12-02,2024-12-04
CAMPAIGN_01833,CUST_01960,Done,sms,Personalized Offer,2023-04-04,2023-04-07,2023-04-07
CAMPAIGN_01834,CUST_00609,Done,sms,Personalized Offer,2023-05-01,2023-05-09,2023-05-09
CAMPAIGN_01835,CUST_00335,Done,email,VIP Re-engagement,2024-10-31,2024-11-04,2024-11-05
CAMPAIGN_01836,CUST_01910,Done,call,Holiday Sale,2024-10-01,2024-10-08,2024-10-11
CAMPAIGN_01837,CUST_02854,Done,letter,Holiday Sale,2024-06-19,2024-06-22,2024-06-26
CAMPAIGN_01838,CUST_02377,Done,sms,Personalized Offer,2024-01-24,2024-02-01,2024-02-06
CAMPAIGN_01839,CUST_00475,Failed,letter,Anniversary Campaign,2023-07-24,2023-07-25,2023-07-30
CAMPAIGN_01840,CUST_00089,Done,sms,Personalized Offer,2023-03-17,2023-03-23,2023-03-23
CAMPAIGN_01841,CUST_00621,Done,call,Anniversary Campaign,2023-02-09,2023-02-18,2023-02-18
CAMPAIGN_01842,CUST_02741,Failed,sms,Loyalty Program Update,2023-02-19,2023-02-28,2023-03-04
CAMPAIGN_01843,CUST_02545,Failed,call,Loyalty Program Update,2023-09-06,2023-09-15,2023-09-17
CAMPAIGN_01844,CUST_02953,Done,sms,Loyalty Program Update,2024-10-23,2024-10-26,2024-10-31
CAMPAIGN_01845,CUST_02162,Done,sms,Personalized Offer,2023-02-25,2023-02-26,2023-02-28
CAMPAIGN_01846,CUST_02021,Done,call,Loyalty Program Update,2024-12-04,2024-12-12,2024-12-16
CAMPAIGN_01847,CUST_02160,Done,sms,Personalized Offer,2024-08-26,2024-09-02,2024-09-02
CAMPAIGN_01848,CUST_00081,Failed,sms,Exclusive Preview,2024-09-18,2024-09-22,2024-09-25
CAMPAIGN_01849,CUST_02428,Done,email,Spring Collection Launch,2023-03-26,2023-03-28,2023-03-29
CAMPAIGN_01850,CUST_00076,Failed,call,Personalized Offer,2023-02-18,2023-02-21,2023-02-22
CAMPAIGN_01851,CUST_00860,Done,sms,Personalized Offer,2023-03-21,2023-03-28,2023-03-29
CAMPAIGN_01852,CUST_02179,Failed,email,Exclusive Preview,2023-08-13,2023-08-18,2023-08-18
CAMPAIGN_01853,CUST_00528,Done,sms,Personalized Offer,2023-11-08,2023-11-14,2023-11-16
CAMPAIGN_01854,CUST_01818,Done,sms,Personalized Offer,2023-11-03,2023-11-05,2023-11-09
CAMPAIGN_01855,CUST_01052,Failed,sms,Holiday Sale,2023-12-11,2023-12-13,2023-12-15
CAMPAIGN_01856,CUST_00124,Failed,sms,Anniversary Campaign,2024-07-01,2024-07-06,2024-07-07
CAMPAIGN_01857,CUST_02877,Done,call,Exclusive Preview,2023-09-20,2023-09-24,2023-09-24
CAMPAIGN_01858,CUST_01834,Done,email,Exclusive Preview,2024-10-29,2024-11-01,2024-11-03
CAMPAIGN_01859,CUST_00862,Done,email,Exclusive Preview,2024-03-24,2024-04-03,2024-04-03
CAMPAIGN_01860,CUST_00157,Done,email,Spring Collection Launch,2023-03-15,2023-03-16,2023-03-16
CAMPAIGN_01861,CUST_00794,Done,email,Loyalty Program Update,2023-06-11,2023-06-15,2023-06-20
CAMPAIGN_01862,CUST_02525,Done,email,VIP Re-engagement,2024-12-05,2024-12-07,2024-12-07
CAMPAIGN_01863,CUST_01810,Failed,email,Anniversary Campaign,2024-12-29,2025-01-05,2025-01-08
CAMPAIGN_01864,CUST_03148,Done,email,New Arrivals,2023-04-18,2023-04-28,2023-05-02
CAMPAIGN_01865,CUST_03089,Failed,call,New Arrivals,2024-03-11,2024-03-19,2024-03-22
CAMPAIGN_01866,CUST_00098,Done,call,Holiday Sale,2023-12-31,2024-01-05,2024-01-08
CAMPAIGN_01867,CUST_01691,Failed,letter,Spring Collection Launch,2024-08-10,2024-08-15,2024-08-15
CAMPAIGN_01868,CUST_02193,Done,call,New Arrivals,2024-04-29,2024-05-08,2024-05-12
CAMPAIGN_01869,CUST_03285,Failed,sms,Anniversary Campaign,2023-04-27,2023-04-29,2023-05-04
CAMPAIGN_01870,CUST_00557,Failed,sms,New Arrivals,2024-01-01,2024-01-07,2024-01-12
CAMPAIGN_01871,CUST_01491,Done,sms,Personalized Offer,2023-07-31,2023-08-07,2023-08-07
CAMPAIGN_01872,CUST_00006,Done,call,Exclusive Preview,2023-03-07,2023-03-16,2023-03-17
CAMPAIGN_01873,CUST_00301,Failed,letter,Exclusive Preview,2024-04-20,2024-04-28,2024-05-02
CAMPAIGN_01874,CUST_00811,Done,email,Exclusive Preview,2023-06-15,2023-06-16,2023-06-21
CAMPAIGN_01875,CUST_03474,Done,sms,VIP Re-engagement,2023-12-07,2023-12-17,2023-12-22
CAMPAIGN_01876,CUST_03384,Done,call,Spring Collection Launch,2023-11-09,2023-11-11,2023-11-14
CAMPAIGN_01877,CUST_03204,Failed,call,New Arrivals,2023-06-21,2023-06-22,2023-06-24
CAMPAIGN_01878,CUST_02410,Failed,sms,Spring Collection Launch,2023-03-08,2023-03-15,2023-03-20
CAMPAIGN_01879,CUST_00230,Done,email,Loyalty Program Update,2024-05-06,2024-05-12,2024-05-12
CAMPAIGN_01880,CUST_00269,Failed,call,New Arrivals,2023-08-15,2023-08-24,2023-08-29
CAMPAIGN_01881,CUST_00878,Done,call,VIP Re-engagement,2023-03-24,2023-03-31,2023-04-01
CAMPAIGN_01882,CUST_00183,Done,call,Exclusive Preview,2023-07-29,2023-07-30,2023-08-04
CAMPAIGN_01883,CUST_02021,Done,call,VIP Re-engagement,2023-07-24,2023-08-01,2023-08-06
CAMPAIGN_01884,CUST_00659,Done,call,Anniversary Campaign,2023-03-04,2023-03-09,2023-03-14
CAMPAIGN_01885,CUST_02811,Done,letter,Spring Collection Launch,2024-02-26,2024-03-07,2024-03-12
CAMPAIGN_01886,CUST_03214,Done,email,Exclusive Preview,2023-03-08,2023-03-13,2023-03-16
CAMPAIGN_01887,CUST_02003,Failed,call,Holiday Sale,2024-09-24,2024-10-02,2024-10-03
CAMPAIGN_01888,CUST_00210,Failed,email,Personalized Offer,2023-08-12,2023-08-19,2023-08-23
CAMPAIGN_01889,CUST_01272,Done,letter,Personalized Offer,2024-07-16,2024-07-22,2024-07-23
CAMPAIGN_01890,CUST_03241,Done,sms,Loyalty Program Update,2023-04-15,2023-04-19,2023-04-24
CAMPAIGN_01891,CUST_02180,Failed,sms,New Arrivals,2024-09-30,2024-10-10,2024-10-15
CAMPAIGN_01892,CUST_01478,Done,letter,New Arrivals,2024-10-16,2024-10-19,2024-10-20
CAMPAIGN_01893,CUST_00219,Failed,email,Loyalty Program Update,2024-02-05,2024-02-10,2024-02-13
CAMPAIGN_01894,CUST_00679,Failed,email,Spring Collection Launch,2023-12-05,2023-12-13,2023-12-16
CAMPAIGN_01895,CUST_02456,Done,email,Holiday Sale,2023-05-21,2023-05-22,2023-05-27
CAMPAIGN_01896,CUST_01912,Done,email,Personalized Offer,2024-02-22,2024-02-26,2024-03-01
CAMPAIGN_01897,CUST_00233,Done,letter,Holiday Sale,2023-02-07,2023-02-14,2023-02-17
CAMPAIGN_01898,CUST_01171,Failed,sms,Personalized Offer,2023-11-13,2023-11-15,2023-11-19
CAMPAIGN_01899,CUST_01854,Done,email,Anniversary Campaign,2024-04-17,2024-04-21,2024-04-22
CAMPAIGN_01900,CUST_02335,Done,letter,Exclusive Preview,2023-07-06,2023-07-14,2023-07-17
CAMPAIGN_01901,CUST_00436,Done,letter,Loyalty Program Update,2023-03-09,2023-03-15,2023-03-16
CAMPAIGN_01902,CUST_00698,Failed,email,New Arrivals,2023-12-14,2023-12-21,2023-12-23
CAMPAIGN_01903,CUST_02985,Done,call,Loyalty Program Update,2024-09-29,2024-10-02,2024-10-06
CAMPAIGN_01904,CUST_02480,Done,sms,Exclusive Preview,2024-12-12,2024-12-18,2024-12-18
CAMPAIGN_01905,CUST_01259,Done,call,Spring Collection Launch,2024-10-31,2024-11-10,2024-11-14
CAMPAIGN_01906,CUST_01289,Done,email,Exclusive Preview,2023-12-09,2023-12-14,2023-12-18
CAMPAIGN_01907,CUST_00027,Done,call,Exclusive Preview,2024-07-29,2024-08-02,2024-08-05
CAMPAIGN_01908,CUST_01195,Failed,email,Anniversary Campaign,2024-09-11,2024-09-15,2024-09-20
CAMPAIGN_01909,CUST_00807,Failed,letter,Exclusive Preview,2023-06-03,2023-06-12,2023-06-16
CAMPAIGN_01910,CUST_01781,Done,call,VIP Re-engagement,2024-02-15,2024-02-25,2024-02-25
CAMPAIGN_01911,CUST_00412,Done,call,Personalized Offer,2023-04-26,2023-04-28,2023-04-28
CAMPAIGN_01912,CUST_02710,Done,sms,Spring Collection Launch,2023-06-02,2023-06-10,2023-06-10
CAMPAIGN_01913,CUST_01674,Done,letter,Exclusive Preview,2023-11-21,2023-11-24,2023-11-26
CAMPAIGN_01914,CUST_03285,Failed,letter,Personalized Offer,2024-01-22,2024-02-01,2024-02-05
CAMPAIGN_01915,CUST_03080,Failed,sms,Personalized Offer,2023-12-23,2023-12-24,2023-12-27
CAMPAIGN_01916,CUST_03414,Failed,email,Exclusive Preview,2024-03-26,2024-03-28,2024-04-01
CAMPAIGN_01917,CUST_02461,Failed,email,VIP Re-engagement,2023-03-31,2023-04-09,2023-04-10
CAMPAIGN_01918,CUST_03441,Done,letter,Holiday Sale,2023-07-21,2023-07-31,2023-07-31
CAMPAIGN_01919,CUST_02851,Done,call,Anniversary Campaign,2023-06-13,2023-06-16,2023-06-18
CAMPAIGN_01920,CUST_00242,Failed,letter,Spring Collection Launch,2023-01-13,2023-01-21,2023-01-22
CAMPAIGN_01921,CUST_01770,Done,letter,New Arrivals,2024-12-17,2024-12-23,2024-12-25
CAMPAIGN_01922,CUST_01083,Done,letter,New Arrivals,2023-11-08,2023-11-12,2023-11-14
CAMPAIGN_01923,CUST_00129,Done,call,Anniversary Campaign,2023-04-19,2023-04-26,2023-04-27
CAMPAIGN_01924,CUST_00714,Failed,email,Holiday Sale,2024-09-10,2024-09-12,2024-09-13
CAMPAIGN_01925,CUST_03228,Failed,letter,Loyalty Program Update,2023-07-29,2023-08-05,2023-08-06
CAMPAIGN_01926,CUST_01777,Done,call,VIP Re-engagement,2024-06-14,2024-06-16,2024-06-17
CAMPAIGN_01927,CUST_01942,Done,email,Spring Collection Launch,2024-05-11,2024-05-20,2024-05-23
CAMPAIGN_01928,CUST_00116,Failed,letter,VIP Re-engagement,2023-05-06,2023-05-09,2023-05-13
CAMPAIGN_01929,CUST_02556,Done,sms,Exclusive Preview,2023-05-07,2023-05-14,2023-05-16
CAMPAIGN_01930,CUST_03072,Done,email,Exclusive Preview,2024-01-26,2024-01-30,2024-02-02
CAMPAIGN_01931,CUST_01616,Done,sms,Exclusive Preview,2023-05-18,2023-05-28,2023-05-31
CAMPAIGN_01932,CUST_02811,Done,email,Loyalty Program Update,2024-05-08,2024-05-17,2024-05-19
CAMPAIGN_01933,CUST_00746,Failed,letter,VIP Re-engagement,2024-07-30,2024-08-06,2024-08-07
CAMPAIGN_01934,CUST_03420,Done,call,Spring Collection Launch,2023-08-01,2023-08-03,2023-08-06
CAMPAIGN_01935,CUST_01819,Done,call,New Arrivals,2023-03-27,2023-04-04,2023-04-05
CAMPAIGN_01936,CUST_01947,Done,letter,Anniversary Campaign,2023-04-04,2023-04-07,2023-04-12
CAMPAIGN_01937,CUST_01858,Done,call,Spring Collection Launch,2024-02-16,2024-02-22,2024-02-22
CAMPAIGN_01938,CUST_01974,Failed,call,Spring Collection Launch,2024-05-23,2024-05-29,2024-06-03
CAMPAIGN_01939,CUST_01037,Done,letter,New Arrivals,2024-01-22,2024-01-26,2024-01-26
CAMPAIGN_01940,CUST_01512,Done,sms,Anniversary Campaign,2023-02-15,2023-02-20,2023-02-23
CAMPAIGN_01941,CUST_00703,Done,letter,Exclusive Preview,2024-09-14,2024-09-16,2024-09-21
CAMPAIGN_01942,CUST_02866,Done,email,Holiday Sale,2023-07-07,2023-07-10,2023-07-11
CAMPAIGN_01943,CUST_02427,Failed,email,Loyalty Program Update,2024-09-20,2024-09-22,2024-09-24
CAMPAIGN_01944,CUST_00396,Failed,call,Holiday Sale,2023-11-22,2023-11-30,2023-12-01
CAMPAIGN_01945,CUST_01214,Done,sms,Loyalty Program Update,2024-02-25,2024-03-02,2024-03-06
CAMPAIGN_01946,CUST_02912,Failed,call,Exclusive Preview,2023-02-05,2023-02-11,2023-02-13
CAMPAIGN_01947,CUST_02308,Done,sms,Exclusive Preview,2023-05-26,2023-05-28,2023-06-02
CAMPAIGN_01948,CUST_01227,Done,letter,Holiday Sale,2023-10-31,2023-11-07,2023-11-10
CAMPAIGN_01949,CUST_02421,Done,letter,Loyalty Program Update,2024-11-29,2024-12-06,2024-12-08
CAMPAIGN_01950,CUST_00732,Failed,call,Loyalty Program Update,2024-11-22,2024-11-26,2024-12-01
CAMPAIGN_01951,CUST_01500,Done,letter,Exclusive Preview,2024-06-24,2024-06-28,2024-06-30
CAMPAIGN_01952,CUST_00333,Done,letter,Anniversary Campaign,2024-11-30,2024-12-05,2024-12-05
CAMPAIGN_01953,CUST_02735,Done,sms,Personalized Offer,2024-05-07,2024-05-12,2024-05-17
CAMPAIGN_01954,CUST_03410,Done,sms,New Arrivals,2024-10-07,2024-10-09,2024-10-10
CAMPAIGN_01955,CUST_01828,Done,call,Personalized Offer,2023-10-30,2023-11-07,2023-11-12
CAMPAIGN_01956,CUST_00842,Done,sms,New Arrivals,2023-11-11,2023-11-13,2023-11-13
CAMPAIGN_01957,CUST_01899,Done,call,Holiday Sale,2024-12-19,2024-12-21,2024-12-23
CAMPAIGN_01958,CUST_02008,Failed,call,Anniversary Campaign,2024-03-05,2024-03-15,2024-03-19
CAMPAIGN_01959,CUST_01856,Done,email,Exclusive Preview,2024-05-15,2024-05-17,2024-05-21
CAMPAIGN_01960,CUST_03120,Done,letter,Spring Collection Launch,2023-03-08,2023-03-15,2023-03-17
CAMPAIGN_01961,CUST_00111,Done,sms,Personalized Offer,2024-10-03,2024-10-09,2024-10-10
CAMPAIGN_01962,CUST_02765,Done,call,Loyalty Program Update,2024-04-16,2024-04-26,2024-04-28
CAMPAIGN_01963,CUST_02998,Done,call,Loyalty Program Update,2023-01-03,2023-01-11,2023-01-15
CAMPAIGN_01964,CUST_02378,Done,letter,Holiday Sale,2023-11-11,2023-11-21,2023-11-22
CAMPAIGN_01965,CUST_03429,Done,sms,Anniversary Campaign,2024-06-09,2024-06-15,2024-06-17
CAMPAIGN_01966,CUST_00890,Failed,sms,New Arrivals,2023-05-02,2023-05-11,2023-05-13
CAMPAIGN_01967,CUST_02638,Done,email,Anniversary Campaign,2024-08-12,2024-08-18,2024-08-18
CAMPAIGN_01968,CUST_02364,Done,email,Exclusive Preview,2024-12-25,2024-12-29,2024-12-29
CAMPAIGN_01969,CUST_00464,Done,letter,Personalized Offer,2024-02-14,2024-02-17,2024-02-22
CAMPAIGN_01970,CUST_00676,Done,call,Exclusive Preview,2023-09-20,2023-09-26,2023-09-29
CAMPAIGN_01971,CUST_00171,Failed,email,New Arrivals,2024-07-30,2024-08-05,2024-08-09
CAMPAIGN_01972,CUST_01901,Done,sms,Personalized Offer,2023-03-12,2023-03-17,2023-03-17
CAMPAIGN_01973,CUST_03291,Done,call,VIP Re-engagement,2024-11-29,2024-12-05,2024-12-06
CAMPAIGN_01974,CUST_01654,Failed,letter,Personalized Offer,2023-07-25,2023-08-04,2023-08-09
CAMPAIGN_01975,CUST_03284,Done,sms,Loyalty Program Update,2024-11-19,2024-11-22,2024-11-24
CAMPAIGN_01976,CUST_02039,Done,sms,Exclusive Preview,2023-05-06,2023-05-10,2023-05-13
CAMPAIGN_01977,CUST_03466,Done,sms,VIP Re-engagement,2024-06-08,2024-06-18,2024-06-23
CAMPAIGN_01978,CUST_01995,Done,letter,New Arrivals,2024-04-13,2024-04-18,2024-04-18
CAMPAIGN_01979,CUST_01041,Done,email,Exclusive Preview,2023-03-26,2023-04-03,2023-04-06
CAMPAIGN_01980,CUST_02236,Done,letter,Spring Collection Launch,2024-10-06,2024-10-09,2024-10-12
CAMPAIGN_01981,CUST_02298,Failed,call,Anniversary Campaign,2024-03-15,2024-03-17,2024-03-20
CAMPAIGN_01982,CUST_03495,Done,sms,Anniversary Campaign,2023-11-29,2023-11-30,2023-12-04
CAMPAIGN_01983,CUST_03187,Done,call,Loyalty Program Update,2024-08-02,2024-08-05,2024-08-09
CAMPAIGN_01984,CUST_00872,Failed,email,Anniversary Campaign,2023-01-24,2023-01-30,2023-02-03
CAMPAIGN_01985,CUST_03106,Failed,sms,Personalized Offer,2023-12-12,2023-12-18,2023-12-21
CAMPAIGN_01986,CUST_00162,Done,letter,Spring Collection Launch,2023-12-12,2023-12-17,2023-12-18
CAMPAIGN_01987,CUST_02163,Failed,letter,Exclusive Preview,2024-02-05,2024-02-12,2024-02-12
CAMPAIGN_01988,CUST_02312,Done,email,Spring Collection Launch,2024-02-27,2024-02-29,2024-03-05
CAMPAIGN_01989,CUST_01427,Done,email,Loyalty Program Update,2024-10-12,2024-10-20,2024-10-21
CAMPAIGN_01990,CUST_03085,Done,letter,Personalized Offer,2023-08-07,2023-08-11,2023-08-16
CAMPAIGN_01991,CUST_02719,Failed,sms,New Arrivals,2024-06-24,2024-07-04,2024-07-09
CAMPAIGN_01992,CUST_01444,Failed,sms,New Arrivals,2023-12-31,2024-01-10,2024-01-12
CAMPAIGN_01993,CUST_00478,Done,letter,Anniversary Campaign,2023-02-24,2023-02-28,2023-03-03
CAMPAIGN_01994,CUST_02403,Done,call,New Arrivals,2024-09-02,2024-09-08,2024-09-09
CAMPAIGN_01995,CUST_01412,Done,call,VIP Re-engagement,2023-03-02,2023-03-05,2023-03-08
CAMPAIGN_01996,CUST_02795,Done,email,Anniversary Campaign,2024-09-03,2024-09-04,2024-09-05
CAMPAIGN_01997,CUST_03307,Done,call,New Arrivals,2024-04-03,2024-04-04,2024-04-04
CAMPAIGN_01998,CUST_03198,Done,email,New Arrivals,2024-06-25,2024-06-26,2024-07-01
CAMPAIGN_01999,CUST_01586,Done,sms,VIP Re-engagement,2024-02-14,2024-02-24,2024-02-24
CAMPAIGN_02000,CUST_01380,Done,sms,Spring Collection Launch,2024-04-07,2024-04-09,2024-04-12
CAMPAIGN_02001,CUST_02940,Done,sms,Holiday Sale,2024-07-23,2024-07-31,2024-08-01
CAMPAIGN_02002,CUST_01701,Done,letter,Anniversary Campaign,2024-03-11,2024-03-15,2024-03-16
CAMPAIGN_02003,CUST_03162,Done,sms,New Arrivals,2024-01-25,2024-01-31,2024-02-02
CAMPAIGN_02004,CUST_00783,Done,letter,Anniversary Campaign,2024-02-15,2024-02-24,2024-02-28
CAMPAIGN_02005,CUST_02173,Done,letter,Spring Collection Launch,2024-03-09,2024-03-13,2024-03-13
CAMPAIGN_02006,CUST_02469,Done,sms,Anniversary Campaign,2024-05-05,2024-05-11,2024-05-15
CAMPAIGN_02007,CUST_00475,Failed,sms,VIP Re-engagement,2023-02-04,2023-02-08,2023-02-12
CAMPAIGN_02008,CUST_01162,Done,letter,Holiday Sale,2024-12-20,2024-12-29,2025-01-03
CAMPAIGN_02009,CUST_00877,Done,call,VIP Re-engagement,2024-12-27,2024-12-31,2024-12-31
CAMPAIGN_02010,CUST_02344,Done,call,Personalized Offer,2024-08-21,2024-08-22,2024-08-22
CAMPAIGN_02011,CUST_01986,Done,call,New Arrivals,2023-08-30,2023-09-03,2023-09-03
CAMPAIGN_02012,CUST_00610,Done,sms,Holiday Sale,2023-03-03,2023-03-08,2023-03-13
CAMPAIGN_02013,CUST_03320,Done,call,Anniversary Campaign,2024-08-19,2024-08-21,2024-08-24
CAMPAIGN_02014,CUST_01004,Done,call,New Arrivals,2024-04-09,2024-04-10,2024-04-11
CAMPAIGN_02015,CUST_03021,Done,email,Holiday Sale,2024-11-26,2024-11-29,2024-12-03
CAMPAIGN_02016,CUST_01151,Done,email,Exclusive Preview,2023-01-19,2023-01-22,2023-01-22
CAMPAIGN_02017,CUST_01265,Failed,sms,Exclusive Preview,2024-06-01,2024-06-07,2024-06-11
CAMPAIGN_02018,CUST_00584,Done,email,Spring Collection Launch,2023-05-19,2023-05-27,2023-05-27
CAMPAIGN_02019,CUST_01614,Failed,email,Exclusive Preview,2024-08-16,2024-08-24,2024-08-27
CAMPAIGN_02020,CUST_01511,Failed,email,Personalized Offer,2023-11-05,2023-11-07,2023-11-07
CAMPAIGN_02021,CUST_00599,Failed,email,New Arrivals,2024-08-04,2024-08-05,2024-08-10
CAMPAIGN_02022,CUST_01291,Done,letter,VIP Re-engagement,2024-11-02,2024-11-06,2024-11-10
CAMPAIGN_02023,CUST_00128,Done,sms,Personalized Offer,2023-04-01,2023-04-09,2023-04-12
CAMPAIGN_02024,CUST_03082,Failed,email,VIP Re-engagement,2024-01-31,2024-02-04,2024-02-07
CAMPAIGN_02025,CUST_00695,Failed,sms,Exclusive Preview,2024-04-12,2024-04-16,2024-04-16
CAMPAIGN_02026,CUST_00284,Failed,call,Personalized Offer,2024-09-14,2024-09-21,2024-09-23
CAMPAIGN_02027,CUST_01213,Failed,sms,VIP Re-engagement,2023-06-27,2023-07-06,2023-07-09
CAMPAIGN_02028,CUST_03260,Done,sms,Holiday Sale,2023-10-28,2023-10-31,2023-11-05
CAMPAIGN_02029,CUST_02399,Done,call,New Arrivals,2023-01-27,2023-02-01,2023-02-02
CAMPAIGN_02030,CUST_03236,Done,email,Anniversary Campaign,2023-09-09,2023-09-11,2023-09-12
CAMPAIGN_02031,CUST_02377,Done,letter,Loyalty Program Update,2024-11-25,2024-11-27,2024-11-30
CAMPAIGN_02032,CUST_01329,Done,call,Holiday Sale,2023-09-11,2023-09-14,2023-09-17
CAMPAIGN_02033,CUST_02124,Failed,letter,Spring Collection Launch,2023-03-17,2023-03-27,2023-03-28
CAMPAIGN_02034,CUST_02752,Failed,letter,New Arrivals,2023-09-06,2023-09-15,2023-09-17
CAMPAIGN_02035,CUST_01485,Failed,call,Exclusive Preview,2024-11-20,2024-11-22,2024-11-25
CAMPAIGN_02036,CUST_02347,Done,sms,VIP Re-engagement,2023-06-10,2023-06-17,2023-06-19
CAMPAIGN_02037,CUST_01575,Done,letter,Exclusive Preview,2024-09-11,2024-09-12,2024-09-15
CAMPAIGN_02038,CUST_00528,Done,sms,New Arrivals,2023-11-25,2023-12-02,2023-12-03
CAMPAIGN_02039,CUST_00369,Done,letter,Spring Collection Launch,2024-09-20,2024-09-21,2024-09-24
CAMPAIGN_02040,CUST_00189,Done,email,Loyalty Program Update,2023-01-30,2023-02-02,2023-02-05
CAMPAIGN_02041,CUST_03179,Done,email,VIP Re-engagement,2023-02-07,2023-02-10,2023-02-13
CAMPAIGN_02042,CUST_02670,Done,call,Loyalty Program Update,2023-09-23,2023-10-01,2023-10-02
CAMPAIGN_02043,CUST_02938,Failed,sms,Holiday Sale,2024-05-02,2024-05-04,2024-05-04
CAMPAIGN_02044,CUST_00888,Done,call,Anniversary Campaign,2023-09-07,2023-09-17,2023-09-21
CAMPAIGN_02045,CUST_01365,Failed,letter,Anniversary Campaign,2024-07-24,2024-07-26,2024-07-27
CAMPAIGN_02046,CUST_00576,Failed,letter,New Arrivals,2024-01-06,2024-01-07,2024-01-07
CAMPAIGN_02047,CUST_00242,Failed,letter,Holiday Sale,2023-08-01,2023-08-07,2023-08-07
CAMPAIGN_02048,CUST_02494,Done,sms,VIP Re-engagement,2023-02-24,2023-02-27,2023-02-28
CAMPAIGN_02049,CUST_02583,Failed,call,New Arrivals,2024-06-07,2024-06-12,2024-06-17
CAMPAIGN_02050,CUST_01885,Done,call,Anniversary Campaign,2024-01-17,2024-01-24,2024-01-24
CAMPAIGN_02051,CUST_00199,Done,letter,Loyalty Program Update,2024-02-28,2024-03-01,2024-03-02
CAMPAIGN_02052,CUST_01939,Done,letter,Holiday Sale,2023-05-17,2023-05-26,2023-05-26
CAMPAIGN_02053,CUST_00943,Done,sms,Anniversary Campaign,2024-07-29,2024-07-30,2024-08-02
CAMPAIGN_02054,CUST_00508,Done,letter,New Arrivals,2023-09-03,2023-09-07,2023-09-12
CAMPAIGN_02055,CUST_02528,Done,letter,Holiday Sale,2024-11-24,2024-11-25,2024-11-29
CAMPAIGN_02056,CUST_02476,Done,sms,Holiday Sale,2023-12-02,2023-12-05,2023-12-07
CAMPAIGN_02057,CUST_00726,Done,letter,Anniversary Campaign,2023-07-23,2023-08-02,2023-08-04
CAMPAIGN_02058,CUST_00474,Done,email,Exclusive Preview,2024-11-26,2024-12-02,2024-12-06
CAMPAIGN_02059,CUST_02944,Done,letter,Loyalty Program Update,2023-01-30,2023-02-02,2023-02-06
CAMPAIGN_02060,CUST_01619,Done,call,New Arrivals,2023-11-24,2023-12-01,2023-12-01
CAMPAIGN_02061,CUST_03132,Done,sms,Spring Collection Launch,2023-02-01,2023-02-06,2023-02-07
CAMPAIGN_02062,CUST_01456,Done,email,Personalized Offer,2023-08-14,2023-08-18,2023-08-23
CAMPAIGN_02063,CUST_00499,Done,letter,Spring Collection Launch,2023-03-01,2023-03-08,2023-03-11
CAMPAIGN_02064,CUST_01215,Done,call,Exclusive Preview,2023-07-15,2023-07-19,2023-07-22
CAMPAIGN_02065,CUST_01591,Done,letter,Anniversary Campaign,2024-07-05,2024-07-10,2024-07-10
CAMPAIGN_02066,CUST_03167,Done,letter,Loyalty Program Update,2023-03-13,2023-03-20,2023-03-24
CAMPAIGN_02067,CUST_03379,Done,sms,Loyalty Program Update,2023-07-28,2023-08-01,2023-08-01
CAMPAIGN_02068,CUST_01622,Done,sms,Spring Collection Launch,2023-03-28,2023-03-31,2023-03-31
CAMPAIGN_02069,CUST_03154,Done,letter,Personalized Offer,2023-05-21,2023-05-31,2023-06-03
CAMPAIGN_02070,CUST_00442,Done,sms,VIP Re-engagement,2024-12-18,2024-12-26,2024-12-27
CAMPAIGN_02071,CUST_01854,Done,call,Exclusive Preview,2023-06-10,2023-06-15,2023-06-15
CAMPAIGN_02072,CUST_03283,Done,email,Spring Collection Launch,2023-06-27,2023-07-07,2023-07-10
CAMPAIGN_02073,CUST_01465,Failed,letter,Personalized Offer,2023-08-10,2023-08-15,2023-08-17
CAMPAIGN_02074,CUST_01662,Done,email,Personalized Offer,2023-10-31,2023-11-10,2023-11-11
CAMPAIGN_02075,CUST_01544,Failed,sms,Exclusive Preview,2024-02-08,2024-02-10,2024-02-12
CAMPAIGN_02076,CUST_00816,Done,sms,Spring Collection Launch,2024-03-31,2024-04-04,2024-04-04
CAMPAIGN_02077,CUST_03363,Failed,email,Anniversary Campaign,2023-07-11,2023-07-19,2023-07-21
CAMPAIGN_02078,CUST_03393,Done,letter,VIP Re-engagement,2023-06-15,2023-06-22,2023-06-22
CAMPAIGN_02079,CUST_02770,Failed,call,Spring Collection Launch,2023-06-30,2023-07-01,2023-07-04
CAMPAIGN_02080,CUST_01902,Done,letter,New Arrivals,2024-06-05,2024-06-10,2024-06-13
CAMPAIGN_02081,CUST_01626,Done,email,Spring Collection Launch,2023-12-02,2023-12-03,2023-12-06
CAMPAIGN_02082,CUST_02665,Done,email,New Arrivals,2023-11-29,2023-12-06,2023-12-10
CAMPAIGN_02083,CUST_02734,Done,call,Anniversary Campaign,2024-04-20,2024-04-29,2024-04-30
CAMPAIGN_02084,CUST_01661,Failed,sms,Spring Collection Launch,2024-04-01,2024-04-07,2024-04-07
CAMPAIGN_02085,CUST_03118,Done,call,Holiday Sale,2024-04-26,2024-05-05,2024-05-08
CAMPAIGN_02086,CUST_01745,Done,letter,Holiday Sale,2023-08-31,2023-09-02,2023-09-07
CAMPAIGN_02087,CUST_01870,Done,sms,Personalized Offer,2024-12-12,2024-12-14,2024-12-18
CAMPAIGN_02088,CUST_01221,Done,call,Spring Collection Launch,2023-11-05,2023-11-09,2023-11-14
CAMPAIGN_02089,CUST_02846,Done,sms,Personalized Offer,2023-11-06,2023-11-08,2023-11-13
CAMPAIGN_02090,CUST_01810,Failed,sms,Spring Collection Launch,2024-06-14,2024-06-23,2024-06-27
CAMPAIGN_02091,CUST_03290,Done,letter,Personalized Offer,2024-06-10,2024-06-20,2024-06-23
CAMPAIGN_02092,CUST_00115,Done,call,New Arrivals,2023-11-08,2023-11-11,2023-11-16
CAMPAIGN_02093,CUST_00701,Done,email,Anniversary Campaign,2023-09-06,2023-09-07,2023-09-12
CAMPAIGN_02094,CUST_00904,Done,email,Anniversary Campaign,2024-04-26,2024-05-04,2024-05-09
CAMPAIGN_02095,CUST_00446,Done,call,Holiday Sale,2024-07-03,2024-07-04,2024-07-09
CAMPAIGN_02096,CUST_02381,Failed,email,Personalized Offer,2023-03-05,2023-03-06,2023-03-11
CAMPAIGN_02097,CUST_02612,Failed,sms,Spring Collection Launch,2023-11-11,2023-11-21,2023-11-21
CAMPAIGN_02098,CUST_01758,Done,letter,Anniversary Campaign,2023-01-13,2023-01-23,2023-01-26
CAMPAIGN_02099,CUST_01030,Done,sms,VIP Re-engagement,2023-02-22,2023-02-25,2023-03-02
CAMPAIGN_02100,CUST_02052,Done,email,VIP Re-engagement,2024-03-02,2024-03-04,2024-03-04
CAMPAIGN_02101,CUST_02050,Done,letter,Personalized Offer,2024-07-22,2024-07-30,2024-08-01
CAMPAIGN_02102,CUST_01545,Done,email,Anniversary Campaign,2024-04-06,2024-04-15,2024-04-17
CAMPAIGN_02103,CUST_02893,Done,letter,Spring Collection Launch,2024-08-13,2024-08-19,2024-08-23
CAMPAIGN_02104,CUST_02600,Failed,call,Loyalty Program Update,2023-01-25,2023-01-29,2023-01-29
CAMPAIGN_02105,CUST_03243,Done,call,Loyalty Program Update,2024-06-29,2024-07-04,2024-07-05
CAMPAIGN_02106,CUST_02208,Done,letter,Exclusive Preview,2024-11-05,2024-11-06,2024-11-07
CAMPAIGN_02107,CUST_00193,Done,letter,Spring Collection Launch,2024-12-22,2024-12-25,2024-12-26
CAMPAIGN_02108,CUST_00052,Failed,sms,Personalized Offer,2024-03-31,2024-04-08,2024-04-13
CAMPAIGN_02109,CUST_01214,Done,call,Holiday Sale,2024-02-02,2024-02-09,2024-02-09
CAMPAIGN_02110,CUST_00197,Failed,call,Anniversary Campaign,2023-06-23,2023-06-25,2023-06-30
CAMPAIGN_02111,CUST_00376,Done,email,Holiday Sale,2023-02-24,2023-03-06,2023-03-10
CAMPAIGN_02112,CUST_01688,Done,email,Exclusive Preview,2024-10-16,2024-10-26,2024-10-29
CAMPAIGN_02113,CUST_02335,Done,email,Spring Collection Launch,2024-04-18,2024-04-22,2024-04-25
CAMPAIGN_02114,CUST_01264,Done,sms,New Arrivals,2023-01-26,2023-01-30,2023-01-30
CAMPAIGN_02115,CUST_00818,Done,letter,Personalized Offer,2023-08-09,2023-08-16,2023-08-20
CAMPAIGN_02116,CUST_02290,Done,letter,Spring Collection Launch,2023-06-14,2023-06-15,2023-06-18
CAMPAIGN_02117,CUST_01674,Done,email,Holiday Sale,2023-03-12,2023-03-20,2023-03-20
CAMPAIGN_02118,CUST_02205,Done,letter,Exclusive Preview,2023-03-01,2023-03-11,2023-03-16
CAMPAIGN_02119,CUST_00740,Done,email,Exclusive Preview,2023-11-20,2023-11-27,2023-12-02
CAMPAIGN_02120,CUST_02870,Done,email,Personalized Offer,2023-01-03,2023-01-08,2023-01-09
CAMPAIGN_02121,CUST_01748,Done,sms,Exclusive Preview,2024-12-09,2024-12-11,2024-12-13
CAMPAIGN_02122,CUST_03274,Done,sms,Personalized Offer,2024-10-20,2024-10-21,2024-10-25
CAMPAIGN_02123,CUST_02431,Done,sms,New Arrivals,2024-11-13,2024-11-23,2024-11-25
CAMPAIGN_02124,CUST_00522,Done,letter,Anniversary Campaign,2024-08-19,2024-08-25,2024-08-30
CAMPAIGN_02125,CUST_00104,Done,letter,Loyalty Program Update,2024-09-25,2024-10-02,2024-10-02
CAMPAIGN_02126,CUST_01514,Done,call,Personalized Offer,2023-11-14,2023-11-18,2023-11-19
CAMPAIGN_02127,CUST_00805,Done,call,VIP Re-engagement,2023-04-29,2023-05-02,2023-05-05
CAMPAIGN_02128,CUST_03409,Done,call,Exclusive Preview,2023-04-02,2023-04-07,2023-04-12
CAMPAIGN_02129,CUST_00282,Failed,letter,Exclusive Preview,2024-10-22,2024-10-23,2024-10-28
CAMPAIGN_02130,CUST_02644,Done,sms,Holiday Sale,2024-02-28,2024-03-07,2024-03-11
CAMPAIGN_02131,CUST_01516,Done,email,Loyalty Program Update,2023-04-10,2023-04-12,2023-04-12
CAMPAIGN_02132,CUST_01539,Done,email,New Arrivals,2024-07-20,2024-07-25,2024-07-26
CAMPAIGN_02133,CUST_01878,Done,letter,New Arrivals,2024-12-05,2024-12-15,2024-12-19
CAMPAIGN_02134,CUST_01844,Failed,call,VIP Re-engagement,2023-08-22,2023-08-24,2023-08-27
CAMPAIGN_02135,CUST_01460,Done,call,Personalized Offer,2024-03-02,2024-03-12,2024-03-12
CAMPAIGN_02136,CUST_01097,Done,email,Spring Collection Launch,2023-07-30,2023-08-05,2023-08-08
CAMPAIGN_02137,CUST_01514,Done,letter,Holiday Sale,2023-04-18,2023-04-25,2023-04-27
CAMPAIGN_02138,CUST_01686,Failed,email,Personalized Offer,2023-09-05,2023-09-14,2023-09-14
CAMPAIGN_02139,CUST_01033,Done,letter,Holiday Sale,2024-03-13,2024-03-18,2024-03-21
CAMPAIGN_02140,CUST_00166,Done,email,Spring Collection Launch,2024-01-08,2024-01-16,2024-01-19
CAMPAIGN_02141,CUST_01602,Done,email,Personalized Offer,2023-02-27,2023-02-28,2023-03-01
CAMPAIGN_02142,CUST_02292,Failed,call,New Arrivals,2023-04-16,2023-04-26,2023-05-01
CAMPAIGN_02143,CUST_02667,Failed,email,Anniversary Campaign,2023-10-02,2023-10-11,2023-10-15
CAMPAIGN_02144,CUST_03065,Done,sms,Loyalty Program Update,2024-12-27,2025-01-01,2025-01-01
CAMPAIGN_02145,CUST_01680,Done,call,Personalized Offer,2023-01-25,2023-02-04,2023-02-04
CAMPAIGN_02146,CUST_02739,Done,sms,Loyalty Program Update,2024-08-02,2024-08-11,2024-08-13
CAMPAIGN_02147,CUST_03488,Done,letter,Holiday Sale,2023-05-30,2023-05-31,2023-05-31
CAMPAIGN_02148,CUST_00130,Done,email,VIP Re-engagement,2023-09-01,2023-09-10,2023-09-15
CAMPAIGN_02149,CUST_01934,Done,sms,VIP Re-engagement,2024-08-21,2024-08-29,2024-09-01
CAMPAIGN_02150,CUST_02870,Done,email,Loyalty Program Update,2024-04-16,2024-04-26,2024-04-28
CAMPAIGN_02151,CUST_01986,Done,email,Personalized Offer,2023-12-18,2023-12-28,2024-01-01
CAMPAIGN_02152,CUST_00255,Done,call,Personalized Offer,2023-02-03,2023-02-09,2023-02-11
CAMPAIGN_02153,CUST_00815,Done,letter,VIP Re-engagement,2023-02-25,2023-03-02,2023-03-05
CAMPAIGN_02154,CUST_00290,Failed,letter,Anniversary Campaign,2023-08-31,2023-09-06,2023-09-08
CAMPAIGN_02155,CUST_02981,Done,sms,Anniversary Campaign,2023-06-25,2023-06-30,2023-07-02
CAMPAIGN_02156,CUST_01328,Done,call,Exclusive Preview,2024-11-24,2024-11-26,2024-11-29
CAMPAIGN_02157,CUST_02131,Done,email,Exclusive Preview,2024-10-07,2024-10-15,2024-10-15
CAMPAIGN_02158,CUST_01182,Done,sms,Anniversary Campaign,2023-06-10,2023-06-19,2023-06-20
CAMPAIGN_02159,CUST_00547,Failed,letter,VIP Re-engagement,2024-08-28,2024-09-03,2024-09-05
CAMPAIGN_02160,CUST_00962,Done,sms,VIP Re-engagement,2024-05-10,2024-05-13,2024-05-14
CAMPAIGN_02161,CUST_01504,Done,call,Holiday Sale,2023-11-30,2023-12-07,2023-12-08
CAMPAIGN_02162,CUST_01606,Done,call,Exclusive Preview,2024-11-08,2024-11-16,2024-11-18
CAMPAIGN_02163,CUST_02741,Failed,email,VIP Re-engagement,2023-04-02,2023-04-10,2023-04-15
CAMPAIGN_02164,CUST_00903,Done,call,Anniversary Campaign,2023-12-20,2023-12-30,2024-01-04
CAMPAIGN_02165,CUST_01242,Failed,sms,New Arrivals,2023-09-27,2023-10-03,2023-10-04
CAMPAIGN_02166,CUST_00307,Done,sms,Holiday Sale,2024-01-08,2024-01-12,2024-01-14
CAMPAIGN_02167,CUST_02077,Failed,email,Exclusive Preview,2024-09-22,2024-10-02,2024-10-04
CAMPAIGN_02168,CUST_01013,Done,sms,VIP Re-engagement,2023-12-22,2023-12-31,2024-01-04
CAMPAIGN_02169,CUST_02264,Done,letter,Exclusive Preview,2024-01-01,2024-01-04,2024-01-06
CAMPAIGN_02170,CUST_02000,Failed,letter,VIP Re-engagement,2023-05-28,2023-06-07,2023-06-12
CAMPAIGN_02171,CUST_03143,Done,sms,Personalized Offer,2024-09-03,2024-09-04,2024-09-04
CAMPAIGN_02172,CUST_00528,Done,sms,Personalized Offer,2024-10-02,2024-10-09,2024-10-13
CAMPAIGN_02173,CUST_02480,Done,letter,Holiday Sale,2023-12-07,2023-12-17,2023-12-17
CAMPAIGN_02174,CUST_02253,Done,email,Holiday Sale,2023-09-03,2023-09-09,2023-09-12
CAMPAIGN_02175,CUST_02338,Done,letter,Exclusive Preview,2024-12-21,2024-12-30,2024-12-30
CAMPAIGN_02176,CUST_00636,Failed,email,Spring Collection Launch,2023-09-13,2023-09-20,2023-09-22
CAMPAIGN_02177,CUST_03373,Failed,letter,VIP Re-engagement,2023-12-29,2024-01-02,2024-01-02
CAMPAIGN_02178,CUST_00945,Failed,email,New Arrivals,2023-01-14,2023-01-24,2023-01-26
CAMPAIGN_02179,CUST_01904,Failed,call,Loyalty Program Update,2023-09-10,2023-09-15,2023-09-16
CAMPAIGN_02180,CUST_02131,Done,letter,Loyalty Program Update,2023-06-22,2023-06-29,2023-07-02
CAMPAIGN_02181,CUST_00960,Done,letter,VIP Re-engagement,2024-12-09,2024-12-10,2024-12-12
CAMPAIGN_02182,CUST_01817,Failed,letter,Anniversary Campaign,2024-05-10,2024-05-17,2024-05-20
CAMPAIGN_02183,CUST_02812,Done,email,Anniversary Campaign,2024-08-25,2024-08-31,2024-09-02
CAMPAIGN_02184,CUST_01381,Failed,sms,Anniversary Campaign,2023-09-29,2023-10-01,2023-10-02
CAMPAIGN_02185,CUST_02801,Failed,email,Anniversary Campaign,2024-03-27,2024-04-03,2024-04-05
CAMPAIGN_02186,CUST_01316,Done,email,VIP Re-engagement,2024-12-24,2025-01-02,2025-01-04
CAMPAIGN_02187,CUST_02732,Done,call,Loyalty Program Update,2023-06-24,2023-06-29,2023-07-03
CAMPAIGN_02188,CUST_01778,Done,email,Spring Collection Launch,2023-09-23,2023-09-24,2023-09-28
CAMPAIGN_02189,CUST_02620,Done,sms,New Arrivals,2024-11-28,2024-12-06,2024-12-06
CAMPAIGN_02190,CUST_00958,Done,email,VIP Re-engagement,2023-01-10,2023-01-17,2023-01-21
CAMPAIGN_02191,CUST_03195,Failed,email,Holiday Sale,2023-01-20,2023-01-21,2023-01-25
CAMPAIGN_02192,CUST_01592,Done,letter,Holiday Sale,2023-05-18,2023-05-21,2023-05-23
CAMPAIGN_02193,CUST_01761,Failed,sms,New Arrivals,2023-02-09,2023-02-18,2023-02-19
CAMPAIGN_02194,CUST_01461,Done,email,VIP Re-engagement,2024-04-17,2024-04-27,2024-05-02
CAMPAIGN_02195,CUST_01565,Done,email,Anniversary Campaign,2023-04-03,2023-04-09,2023-04-10
CAMPAIGN_02196,CUST_01010,Done,call,Loyalty Program Update,2023-11-14,2023-11-17,2023-11-19
CAMPAIGN_02197,CUST_02050,Done,email,Spring Collection Launch,2023-09-27,2023-10-04,2023-10-07
CAMPAIGN_02198,CUST_00683,Done,call,New Arrivals,2023-02-23,2023-03-01,2023-03-01
CAMPAIGN_02199,CUST_02411,Failed,letter,Loyalty Program Update,2024-01-23,2024-01-26,2024-01-26
CAMPAIGN_02200,CUST_01560,Done,call,Holiday Sale,2024-03-11,2024-03-17,2024-03-22
CAMPAIGN_02201,CUST_00484,Done,sms,New Arrivals,2024-03-22,2024-03-30,2024-03-30
CAMPAIGN_02202,CUST_03092,Done,letter,New Arrivals,2024-03-22,2024-03-24,2024-03-26
CAMPAIGN_02203,CUST_03242,Done,sms,Loyalty Program Update,2024-09-20,2024-09-30,2024-09-30
CAMPAIGN_02204,CUST_01123,Done,email,Exclusive Preview,2023-08-11,2023-08-17,2023-08-20
CAMPAIGN_02205,CUST_00577,Done,letter,Spring Collection Launch,2024-02-28,2024-03-04,2024-03-08
CAMPAIGN_02206,CUST_00245,Failed,letter,Spring Collection Launch,2023-04-15,2023-04-22,2023-04-25
CAMPAIGN_02207,CUST_00360,Done,sms,VIP Re-engagement,2023-05-14,2023-05-16,2023-05-19
CAMPAIGN_02208,CUST_02378,Done,letter,Spring Collection Launch,2024-04-24,2024-04-29,2024-04-30
CAMPAIGN_02209,CUST_00413,Failed,sms,Anniversary Campaign,2024-12-28,2025-01-05,2025-01-07
CAMPAIGN_02210,CUST_01223,Done,letter,VIP Re-engagement,2024-04-14,2024-04-17,2024-04-18
CAMPAIGN_02211,CUST_01205,Done,email,Exclusive Preview,2023-05-25,2023-05-30,2023-05-30
CAMPAIGN_02212,CUST_01128,Done,email,Loyalty Program Update,2024-06-27,2024-06-29,2024-06-30
CAMPAIGN_02213,CUST_01607,Failed,sms,Spring Collection Launch,2023-10-24,2023-10-27,2023-10-28
CAMPAIGN_02214,CUST_03465,Done,email,Spring Collection Launch,2023-01-04,2023-01-13,2023-01-14
CAMPAIGN_02215,CUST_02636,Done,call,New Arrivals,2023-01-21,2023-01-30,2023-01-31
CAMPAIGN_02216,CUST_02506,Failed,letter,Loyalty Program Update,2023-10-05,2023-10-13,2023-10-15
CAMPAIGN_02217,CUST_02296,Done,sms,Holiday Sale,2023-03-15,2023-03-16,2023-03-21
CAMPAIGN_02218,CUST_00903,Done,call,Personalized Offer,2023-01-02,2023-01-04,2023-01-07
CAMPAIGN_02219,CUST_01668,Done,email,Anniversary Campaign,2024-03-15,2024-03-25,2024-03-30
CAMPAIGN_02220,CUST_03358,Done,sms,Loyalty Program Update,2024-09-11,2024-09-12,2024-09-15
CAMPAIGN_02221,CUST_02010,Done,call,VIP Re-engagement,2024-01-12,2024-01-14,2024-01-16
CAMPAIGN_02222,CUST_01635,Done,call,Loyalty Program Update,2024-02-06,2024-02-14,2024-02-15
CAMPAIGN_02223,CUST_03039,Failed,letter,Spring Collection Launch,2024-12-31,2025-01-04,2025-01-05
CAMPAIGN_02224,CUST_02412,Done,email,Spring Collection Launch,2023-06-08,2023-06-13,2023-06-14
CAMPAIGN_02225,CUST_01065,Failed,call,Loyalty Program Update,2023-07-21,2023-07-31,2023-08-04
CAMPAIGN_02226,CUST_00221,Done,sms,Anniversary Campaign,2024-07-04,2024-07-11,2024-07-11
CAMPAIGN_02227,CUST_03298,Done,call,Anniversary Campaign,2023-08-13,2023-08-16,2023-08-16
CAMPAIGN_02228,CUST_02793,Failed,call,Spring Collection Launch,2023-04-21,2023-04-27,2023-04-30
CAMPAIGN_02229,CUST_00609,Done,email,Loyalty Program Update,2024-04-23,2024-04-28,2024-04-29
CAMPAIGN_02230,CUST_01580,Done,call,New Arrivals,2023-09-20,2023-09-24,2023-09-25
CAMPAIGN_02231,CUST_00479,Done,letter,VIP Re-engagement,2023-09-01,2023-09-10,2023-09-10
CAMPAIGN_02232,CUST_00571,Done,sms,Loyalty Program Update,2024-09-24,2024-10-03,2024-10-07
CAMPAIGN_02233,CUST_03054,Failed,sms,New Arrivals,2023-09-21,2023-09-30,2023-10-04
CAMPAIGN_02234,CUST_02848,Done,sms,Holiday Sale,2023-12-08,2023-12-14,2023-12-19
CAMPAIGN_02235,CUST_00052,Failed,sms,Anniversary Campaign,2024-12-29,2025-01-01,2025-01-04
CAMPAIGN_02236,CUST_01737,Done,letter,VIP Re-engagement,2023-05-06,2023-05-14,2023-05-18
CAMPAIGN_02237,CUST_02649,Done,letter,Anniversary Campaign,2024-06-05,2024-06-06,2024-06-06
CAMPAIGN_02238,CUST_03320,Done,call,Loyalty Program Update,2023-08-16,2023-08-24,2023-08-28
CAMPAIGN_02239,CUST_01070,Done,letter,VIP Re-engagement,2024-01-17,2024-01-26,2024-01-31
CAMPAIGN_02240,CUST_03113,Done,call,Personalized Offer,2024-03-17,2024-03-24,2024-03-28
CAMPAIGN_02241,CUST_00813,Done,call,Spring Collection Launch,2024-03-09,2024-03-10,2024-03-13
CAMPAIGN_02242,CUST_03218,Done,letter,New Arrivals,2023-12-11,2023-12-20,2023-12-21
CAMPAIGN_02243,CUST_00133,Failed,letter,Exclusive Preview,2024-05-26,2024-05-28,2024-05-29
CAMPAIGN_02244,CUST_00851,Done,sms,Personalized Offer,2024-03-07,2024-03-15,2024-03-20
CAMPAIGN_02245,CUST_01262,Done,letter,Anniversary Campaign,2023-05-29,2023-06-06,2023-06-11
CAMPAIGN_02246,CUST_00924,Done,email,Loyalty Program Update,2023-01-18,2023-01-27,2023-01-28
CAMPAIGN_02247,CUST_00900,Failed,email,Exclusive Preview,2024-03-03,2024-03-13,2024-03-13
CAMPAIGN_02248,CUST_00874,Failed,sms,VIP Re-engagement,2024-07-21,2024-07-30,2024-07-31
CAMPAIGN_02249,CUST_02835,Failed,email,Personalized Offer,2023-08-08,2023-08-11,2023-08-14
CAMPAIGN_02250,CUST_00512,Done,email,Holiday Sale,2023-04-09,2023-04-17,2023-04-19
CAMPAIGN_02251,CUST_02814,Done,sms,VIP Re-engagement,2023-10-27,2023-11-03,2023-11-03
CAMPAIGN_02252,CUST_00926,Failed,sms,Loyalty Program Update,2023-10-19,2023-10-21,2023-10-25
CAMPAIGN_02253,CUST_01351,Failed,email,Exclusive Preview,2024-10-21,2024-10-29,2024-10-30
CAMPAIGN_02254,CUST_01728,Done,sms,Anniversary Campaign,2023-12-29,2024-01-02,2024-01-03
CAMPAIGN_02255,CUST_02444,Failed,letter,VIP Re-engagement,2024-02-29,2024-03-04,2024-03-06
CAMPAIGN_02256,CUST_01915,Failed,call,Spring Collection Launch,2023-02-19,2023-02-26,2023-02-27
CAMPAIGN_02257,CUST_00373,Done,letter,Personalized Offer,2023-03-05,2023-03-13,2023-03-15
CAMPAIGN_02258,CUST_01670,Done,call,Exclusive Preview,2023-06-07,2023-06-11,2023-06-16
CAMPAIGN_02259,CUST_00280,Failed,letter,Spring Collection Launch,2023-04-25,2023-05-05,2023-05-06
CAMPAIGN_02260,CUST_02475,Done,sms,Anniversary Campaign,2024-12-24,2024-12-28,2024-12-30
CAMPAIGN_02261,CUST_02299,Done,email,Holiday Sale,2023-04-22,2023-04-28,2023-04-29
CAMPAIGN_02262,CUST_01263,Failed,sms,Exclusive Preview,2023-10-22,2023-10-23,2023-10-25
CAMPAIGN_02263,CUST_00275,Done,call,Spring Collection Launch,2023-04-29,2023-05-08,2023-05-08
CAMPAIGN_02264,CUST_00447,Failed,sms,New Arrivals,2024-08-14,2024-08-17,2024-08-20
CAMPAIGN_02265,CUST_02659,Done,call,VIP Re-engagement,2024-01-29,2024-02-08,2024-02-08
CAMPAIGN_02266,CUST_03091,Failed,sms,Anniversary Campaign,2024-04-19,2024-04-25,2024-04-26
CAMPAIGN_02267,CUST_00748,Failed,sms,Loyalty Program Update,2024-03-27,2024-03-29,2024-04-01
CAMPAIGN_02268,CUST_02311,Failed,email,Exclusive Preview,2024-04-03,2024-04-09,2024-04-11
CAMPAIGN_02269,CUST_02872,Done,letter,Spring Collection Launch,2023-01-08,2023-01-11,2023-01-14
CAMPAIGN_02270,CUST_01957,Done,email,Holiday Sale,2024-01-13,2024-01-17,2024-01-22
CAMPAIGN_02271,CUST_00959,Failed,sms,Anniversary Campaign,2023-07-27,2023-08-06,2023-08-09
CAMPAIGN_02272,CUST_03195,Failed,sms,Anniversary Campaign,2023-02-13,2023-02-18,2023-02-22
CAMPAIGN_02273,CUST_02722,Done,call,Loyalty Program Update,2024-12-08,2024-12-13,2024-12-18
CAMPAIGN_02274,CUST_01904,Failed,call,Spring Collection Launch,2023-03-12,2023-03-20,2023-03-25
CAMPAIGN_02275,CUST_01966,Done,letter,VIP Re-engagement,2023-02-18,2023-02-26,2023-03-01
CAMPAIGN_02276,CUST_00355,Done,call,VIP Re-engagement,2024-08-26,2024-09-02,2024-09-06
CAMPAIGN_02277,CUST_02837,Done,letter,New Arrivals,2024-12-10,2024-12-17,2024-12-21
CAMPAIGN_02278,CUST_03170,Done,call,Exclusive Preview,2023-09-18,2023-09-25,2023-09-28
CAMPAIGN_02279,CUST_01217,Failed,letter,Spring Collection Launch,2024-11-29,2024-12-08,2024-12-10
CAMPAIGN_02280,CUST_02503,Failed,call,Personalized Offer,2023-08-03,2023-08-08,2023-08-08
CAMPAIGN_02281,CUST_01325,Done,email,Anniversary Campaign,2023-11-04,2023-11-11,2023-11-15
CAMPAIGN_02282,CUST_02152,Done,call,Personalized Offer,2024-11-13,2024-11-21,2024-11-24
CAMPAIGN_02283,CUST_01895,Failed,sms,Personalized Offer,2024-03-27,2024-03-28,2024-03-31
CAMPAIGN_02284,CUST_01920,Done,email,Spring Collection Launch,2024-06-14,2024-06-23,2024-06-25
CAMPAIGN_02285,CUST_02537,Done,call,Personalized Offer,2024-07-11,2024-07-13,2024-07-15
CAMPAIGN_02286,CUST_01923,Failed,call,VIP Re-engagement,2023-08-19,2023-08-27,2023-08-30
CAMPAIGN_02287,CUST_00051,Done,email,Exclusive Preview,2024-06-02,2024-06-06,2024-06-11
CAMPAIGN_02288,CUST_00738,Done,email,Exclusive Preview,2023-03-29,2023-04-03,2023-04-06
CAMPAIGN_02289,CUST_03247,Done,letter,Loyalty Program Update,2024-06-04,2024-06-10,2024-06-12
CAMPAIGN_02290,CUST_00362,Failed,call,Spring Collection Launch,2023-05-19,2023-05-22,2023-05-26
CAMPAIGN_02291,CUST_00197,Failed,call,Exclusive Preview,2023-12-29,2024-01-01,2024-01-05
CAMPAIGN_02292,CUST_00401,Done,sms,Exclusive Preview,2024-01-24,2024-01-25,2024-01-25
CAMPAIGN_02293,CUST_02209,Done,call,New Arrivals,2024-04-05,2024-04-07,2024-04-08
CAMPAIGN_02294,CUST_02827,Done,email,Loyalty Program Update,2023-02-18,2023-02-28,2023-02-28
CAMPAIGN_02295,CUST_01403,Done,email,Spring Collection Launch,2023-03-09,2023-03-14,2023-03-18
CAMPAIGN_02296,CUST_02791,Done,email,Exclusive Preview,2024-07-09,2024-07-10,2024-07-11
CAMPAIGN_02297,CUST_02676,Failed,email,Exclusive Preview,2024-09-01,2024-09-05,2024-09-08
CAMPAIGN_02298,CUST_02202,Done,call,Anniversary Campaign,2024-02-06,2024-02-09,2024-02-11
CAMPAIGN_02299,CUST_00322,Done,letter,Personalized Offer,2024-01-19,2024-01-23,2024-01-24
CAMPAIGN_02300,CUST_00306,Done,call,New Arrivals,2024-02-21,2024-02-25,2024-02-28
CAMPAIGN_02301,CUST_00025,Done,letter,Personalized Offer,2024-06-06,2024-06-07,2024-06-11
CAMPAIGN_02302,CUST_00805,Done,letter,Exclusive Preview,2024-12-07,2024-12-16,2024-12-18
CAMPAIGN_02303,CUST_00579,Failed,sms,Anniversary Campaign,2023-11-11,2023-11-21,2023-11-23
CAMPAIGN_02304,CUST_03002,Done,call,Loyalty Program Update,2023-12-01,2023-12-06,2023-12-10
CAMPAIGN_02305,CUST_01169,Done,call,VIP Re-engagement,2024-07-09,2024-07-14,2024-07-15
CAMPAIGN_02306,CUST_01556,Failed,call,Loyalty Program Update,2024-09-22,2024-10-02,2024-10-05
CAMPAIGN_02307,CUST_01685,Done,letter,Anniversary Campaign,2023-12-27,2023-12-29,2024-01-02
CAMPAIGN_02308,CUST_00987,Done,letter,Loyalty Program Update,2024-09-18,2024-09-28,2024-09-30
CAMPAIGN_02309,CUST_02605,Failed,letter,Loyalty Program Update,2023-06-05,2023-06-14,2023-06-14
CAMPAIGN_02310,CUST_01632,Failed,email,Spring Collection Launch,2024-07-07,2024-07-11,2024-07-13
CAMPAIGN_02311,CUST_01972,Done,sms,Holiday Sale,2023-11-27,2023-12-02,2023-12-05
CAMPAIGN_02312,CUST_00035,Done,sms,Anniversary Campaign,2023-11-14,2023-11-24,2023-11-27
CAMPAIGN_02313,CUST_02758,Failed,email,Anniversary Campaign,2024-06-11,2024-06-18,2024-06-23
CAMPAIGN_02314,CUST_02936,Done,letter,Personalized Offer,2023-12-17,2023-12-24,2023-12-27
CAMPAIGN_02315,CUST_01738,Failed,letter,Holiday Sale,2024-12-11,2024-12-13,2024-12-17
CAMPAIGN_02316,CUST_01666,Done,letter,Holiday Sale,2023-06-27,2023-07-07,2023-07-10
CAMPAIGN_02317,CUST_01498,Done,sms,New Arrivals,2024-07-20,2024-07-29,2024-08-02
CAMPAIGN_02318,CUST_00982,Failed,letter,New Arrivals,2024-03-11,2024-03-19,2024-03-20
CAMPAIGN_02319,CUST_02167,Done,call,Personalized Offer,2024-06-14,2024-06-17,2024-06-19
CAMPAIGN_02320,CUST_02672,Done,call,New Arrivals,2024-05-30,2024-06-01,2024-06-04
CAMPAIGN_02321,CUST_02382,Failed,call,Spring Collection Launch,2023-11-19,2023-11-23,2023-11-24
CAMPAIGN_02322,CUST_03110,Failed,call,VIP Re-engagement,2023-07-31,2023-08-08,2023-08-08
CAMPAIGN_02323,CUST_02628,Done,letter,Holiday Sale,2023-02-19,2023-02-28,2023-03-05
CAMPAIGN_02324,CUST_02787,Failed,email,New Arrivals,2023-05-24,2023-05-29,2023-06-03
CAMPAIGN_02325,CUST_00497,Done,call,Spring Collection Launch,2024-02-08,2024-02-13,2024-02-18
CAMPAIGN_02326,CUST_03428,Done,email,Holiday Sale,2024-08-13,2024-08-17,2024-08-22
CAMPAIGN_02327,CUST_01463,Failed,letter,Spring Collection Launch,2023-07-16,2023-07-21,2023-07-22
CAMPAIGN_02328,CUST_03348,Done,call,Personalized Offer,2024-05-19,2024-05-21,2024-05-22
CAMPAIGN_02329,CUST_02302,Done,email,New Arrivals,2023-05-30,2023-06-02,2023-06-06
CAMPAIGN_02330,CUST_02968,Failed,email,VIP Re-engagement,2023-03-03,2023-03-13,2023-03-13
CAMPAIGN_02331,CUST_02915,Done,call,New Arrivals,2024-11-06,2024-11-13,2024-11-15
CAMPAIGN_02332,CUST_03025,Done,email,VIP Re-engagement,2024-03-15,2024-03-19,2024-03-21
CAMPAIGN_02333,CUST_01292,Done,sms,Spring Collection Launch,2024-09-08,2024-09-18,2024-09-20
CAMPAIGN_02334,CUST_00488,Done,email,Loyalty Program Update,2023-12-11,2023-12-18,2023-12-22
CAMPAIGN_02335,CUST_01338,Done,call,Spring Collection Launch,2023-06-28,2023-07-08,2023-07-13
CAMPAIGN_02336,CUST_03052,Failed,call,Spring Collection Launch,2024-03-09,2024-03-12,2024-03-17
CAMPAIGN_02337,CUST_03490,Done,letter,Anniversary Campaign,2023-06-26,2023-07-01,2023-07-05
CAMPAIGN_02338,CUST_01099,Done,sms,Anniversary Campaign,2023-07-31,2023-08-09,2023-08-13
CAMPAIGN_02339,CUST_02820,Done,call,Personalized Offer,2023-05-22,2023-06-01,2023-06-02
CAMPAIGN_02340,CUST_00350,Failed,email,Loyalty Program Update,2023-10-23,2023-10-27,2023-10-27
CAMPAIGN_02341,CUST_00935,Done,email,New Arrivals,2024-11-22,2024-11-28,2024-11-30
CAMPAIGN_02342,CUST_02923,Done,letter,New Arrivals,2023-02-22,2023-02-25,2023-02-25
CAMPAIGN_02343,CUST_01304,Done,letter,Personalized Offer,2024-08-07,2024-08-12,2024-08-15
CAMPAIGN_02344,CUST_00603,Done,sms,Anniversary Campaign,2024-06-15,2024-06-17,2024-06-20
CAMPAIGN_02345,CUST_03231,Done,email,Spring Collection Launch,2024-07-29,2024-08-06,2024-08-08
CAMPAIGN_02346,CUST_01400,Done,letter,New Arrivals,2023-02-23,2023-03-05,2023-03-05
CAMPAIGN_02347,CUST_00128,Done,call,Exclusive Preview,2023-07-08,2023-07-14,2023-07-15
CAMPAIGN_02348,CUST_01568,Done,sms,Loyalty Program Update,2023-12-26,2024-01-03,2024-01-04
CAMPAIGN_02349,CUST_02090,Done,sms,VIP Re-engagement,2024-11-23,2024-11-27,2024-11-30
CAMPAIGN_02350,CUST_01191,Done,email,Spring Collection Launch,2024-04-11,2024-04-20,2024-04-21
CAMPAIGN_02351,CUST_00024,Done,sms,Personalized Offer,2024-03-17,2024-03-18,2024-03-22
CAMPAIGN_02352,CUST_02911,Done,letter,VIP Re-engagement,2023-05-04,2023-05-13,2023-05-17
CAMPAIGN_02353,CUST_02520,Failed,call,Personalized Offer,2023-08-08,2023-08-09,2023-08-09
CAMPAIGN_02354,CUST_02086,Done,email,VIP Re-engagement,2023-12-22,2023-12-23,2023-12-23
CAMPAIGN_02355,CUST_01285,Done,call,Anniversary Campaign,2023-10-01,2023-10-08,2023-10-13
CAMPAIGN_02356,CUST_02838,Failed,sms,New Arrivals,2023-02-10,2023-02-11,2023-02-11
CAMPAIGN_02357,CUST_00733,Failed,call,Loyalty Program Update,2023-08-05,2023-08-07,2023-08-09
CAMPAIGN_02358,CUST_01376,Done,letter,Spring Collection Launch,2024-04-03,2024-04-11,2024-04-12
CAMPAIGN_02359,CUST_01181,Done,sms,New Arrivals,2023-07-07,2023-07-16,2023-07-17
CAMPAIGN_02360,CUST_00103,Done,email,Holiday Sale,2023-06-05,2023-06-06,2023-06-10
CAMPAIGN_02361,CUST_00661,Done,sms,New Arrivals,2024-11-08,2024-11-10,2024-11-13
CAMPAIGN_02362,CUST_02363,Done,email,Personalized Offer,2024-06-07,2024-06-13,2024-06-16
CAMPAIGN_02363,CUST_01023,Failed,email,Anniversary Campaign,2024-02-16,2024-02-21,2024-02-26
CAMPAIGN_02364,CUST_01501,Failed,email,Exclusive Preview,2024-08-23,2024-08-28,2024-08-30
CAMPAIGN_02365,CUST_01552,Done,sms,Spring Collection Launch,2024-04-24,2024-05-01,2024-05-05
CAMPAIGN_02366,CUST_01587,Failed,letter,Loyalty Program Update,2023-11-04,2023-11-13,2023-11-14
CAMPAIGN_02367,CUST_00555,Failed,sms,Loyalty Program Update,2023-05-29,2023-06-05,2023-06-07
CAMPAIGN_02368,CUST_03403,Done,email,Anniversary Campaign,2023-03-11,2023-03-16,2023-03-20
CAMPAIGN_02369,CUST_01623,Failed,sms,Holiday Sale,2024-06-28,2024-06-29,2024-07-02
CAMPAIGN_02370,CUST_02639,Failed,letter,Spring Collection Launch,2024-09-22,2024-09-26,2024-09-30
CAMPAIGN_02371,CUST_02321,Failed,call,Anniversary Campaign,2023-10-24,2023-10-26,2023-10-30
CAMPAIGN_02372,CUST_02193,Done,sms,New Arrivals,2023-09-25,2023-09-30,2023-10-02
CAMPAIGN_02373,CUST_03218,Done,letter,Holiday Sale,2024-07-01,2024-07-08,2024-07-11
CAMPAIGN_02374,CUST_00699,Done,call,New Arrivals,2024-09-25,2024-09-29,2024-10-03
CAMPAIGN_02375,CUST_02256,Failed,letter,Spring Collection Launch,2023-07-18,2023-07-23,2023-07-26
CAMPAIGN_02376,CUST_03367,Done,call,VIP Re-engagement,2024-03-30,2024-04-02,2024-04-04
CAMPAIGN_02377,CUST_01316,Done,letter,Anniversary Campaign,2023-03-27,2023-04-02,2023-04-06
CAMPAIGN_02378,CUST_01289,Done,call,Exclusive Preview,2024-07-08,2024-07-11,2024-07-11
CAMPAIGN_02379,CUST_01586,Done,call,Personalized Offer,2024-04-09,2024-04-15,2024-04-16
CAMPAIGN_02380,CUST_02233,Done,sms,VIP Re-engagement,2023-01-18,2023-01-21,2023-01-23
CAMPAIGN_02381,CUST_00636,Failed,email,New Arrivals,2024-09-15,2024-09-17,2024-09-22
CAMPAIGN_02382,CUST_02823,Done,call,Spring Collection Launch,2023-06-14,2023-06-24,2023-06-26
CAMPAIGN_02383,CUST_02847,Done,letter,Anniversary Campaign,2024-04-20,2024-04-30,2024-04-30
CAMPAIGN_02384,CUST_01714,Done,call,Exclusive Preview,2023-04-02,2023-04-05,2023-04-07
CAMPAIGN_02385,CUST_00262,Done,letter,Exclusive Preview,2024-10-16,2024-10-24,2024-10-27
CAMPAIGN_02386,CUST_00284,Failed,sms,New Arrivals,2024-08-05,2024-08-11,2024-08-14
CAMPAIGN_02387,CUST_00401,Done,call,Anniversary Campaign,2023-01-19,2023-01-20,2023-01-21
CAMPAIGN_02388,CUST_00711,Failed,email,Holiday Sale,2023-07-04,2023-07-11,2023-07-14
CAMPAIGN_02389,CUST_00419,Failed,call,Anniversary Campaign,2024-11-23,2024-11-28,2024-12-02
CAMPAIGN_02390,CUST_02985,Done,sms,Spring Collection Launch,2024-09-12,2024-09-19,2024-09-19
CAMPAIGN_02391,CUST_00560,Done,sms,Anniversary Campaign,2024-09-26,2024-10-03,2024-10-05
CAMPAIGN_02392,CUST_02067,Done,letter,Exclusive Preview,2024-03-17,2024-03-19,2024-03-23
CAMPAIGN_02393,CUST_02538,Failed,call,Spring Collection Launch,2024-07-25,2024-08-04,2024-08-07
CAMPAIGN_02394,CUST_00443,Failed,letter,Exclusive Preview,2024-05-22,2024-05-28,2024-06-01
CAMPAIGN_02395,CUST_02804,Done,letter,Personalized Offer,2024-05-02,2024-05-03,2024-05-04
CAMPAIGN_02396,CUST_02034,Done,email,Anniversary Campaign,2024-11-27,2024-12-01,2024-12-02
CAMPAIGN_02397,CUST_01662,Done,letter,Exclusive Preview,2023-05-31,2023-06-02,2023-06-03
CAMPAIGN_02398,CUST_01859,Done,email,Holiday Sale,2023-05-23,2023-05-31,2023-06-05
CAMPAIGN_02399,CUST_03030,Failed,letter,VIP Re-engagement,2023-03-30,2023-04-05,2023-04-06
CAMPAIGN_02400,CUST_01171,Failed,letter,New Arrivals,2023-05-10,2023-05-16,2023-05-19
CAMPAIGN_02401,CUST_02249,Failed,sms,Personalized Offer,2023-12-27,2024-01-06,2024-01-07
CAMPAIGN_02402,CUST_03487,Done,email,New Arrivals,2024-06-05,2024-06-11,2024-06-15
CAMPAIGN_02403,CUST_02743,Done,sms,Spring Collection Launch,2023-01-14,2023-01-21,2023-01-26
CAMPAIGN_02404,CUST_02817,Done,call,Personalized Offer,2023-11-06,2023-11-10,2023-11-11
CAMPAIGN_02405,CUST_03456,Failed,letter,Spring Collection Launch,2023-10-25,2023-10-26,2023-10-27
CAMPAIGN_02406,CUST_01103,Done,sms,New Arrivals,2023-03-08,2023-03-10,2023-03-15
CAMPAIGN_02407,CUST_01196,Done,sms,Loyalty Program Update,2023-02-07,2023-02-13,2023-02-14
CAMPAIGN_02408,CUST_00735,Failed,call,New Arrivals,2024-03-10,2024-03-17,2024-03-19
CAMPAIGN_02409,CUST_00136,Done,letter,Spring Collection Launch,2023-05-22,2023-05-31,2023-06-01
CAMPAIGN_02410,CUST_03496,Done,sms,Loyalty Program Update,2024-10-05,2024-10-11,2024-10-14
CAMPAIGN_02411,CUST_02963,Done,call,Anniversary Campaign,2023-08-19,2023-08-21,2023-08-22
CAMPAIGN_02412,CUST_01941,Done,call,Personalized Offer,2024-11-20,2024-11-22,2024-11-23
CAMPAIGN_02413,CUST_02914,Done,sms,New Arrivals,2024-04-01,2024-04-08,2024-04-11
CAMPAIGN_02414,CUST_03080,Failed,sms,Exclusive Preview,2024-03-02,2024-03-11,2024-03-14
CAMPAIGN_02415,CUST_03122,Failed,email,Holiday Sale,2024-01-15,2024-01-16,2024-01-21
CAMPAIGN_02416,CUST_01222,Done,email,Exclusive Preview,2023-05-03,2023-05-13,2023-05-13
CAMPAIGN_02417,CUST_02598,Failed,email,VIP Re-engagement,2024-09-23,2024-09-27,2024-09-30
CAMPAIGN_02418,CUST_01879,Failed,sms,Personalized Offer,2024-08-26,2024-08-29,2024-09-01
CAMPAIGN_02419,CUST_01557,Done,letter,Spring Collection Launch,2024-06-09,2024-06-17,2024-06-17
CAMPAIGN_02420,CUST_00851,Done,letter,Holiday Sale,2023-08-12,2023-08-22,2023-08-24
CAMPAIGN_02421,CUST_00816,Done,letter,VIP Re-engagement,2023-05-18,2023-05-26,2023-05-29
CAMPAIGN_02422,CUST_00297,Done,call,VIP Re-engagement,2024-06-02,2024-06-03,2024-06-05
CAMPAIGN_02423,CUST_01117,Failed,email,Anniversary Campaign,2024-07-02,2024-07-09,2024-07-14
CAMPAIGN_02424,CUST_01660,Done,email,Loyalty Program Update,2023-01-29,2023-02-06,2023-02-11
CAMPAIGN_02425,CUST_01915,Failed,sms,Anniversary Campaign,2023-11-19,2023-11-25,2023-11-28
CAMPAIGN_02426,CUST_02590,Done,sms,Spring Collection Launch,2024-06-24,2024-07-01,2024-07-03
CAMPAIGN_02427,CUST_01164,Failed,sms,Holiday Sale,2023-07-22,2023-07-28,2023-07-28
CAMPAIGN_02428,CUST_00636,Failed,letter,Personalized Offer,2024-09-17,2024-09-20,2024-09-24
CAMPAIGN_02429,CUST_00420,Done,letter,Personalized Offer,2024-05-17,2024-05-19,2024-05-20
CAMPAIGN_02430,CUST_00352,Done,letter,VIP Re-engagement,2023-04-03,2023-04-06,2023-04-07
CAMPAIGN_02431,CUST_03128,Done,call,Personalized Offer,2023-11-21,2023-11-22,2023-11-22
CAMPAIGN_02432,CUST_02417,Failed,letter,Spring Collection Launch,2023-03-25,2023-04-03,2023-04-03
CAMPAIGN_02433,CUST_00991,Done,sms,Loyalty Program Update,2024-06-03,2024-06-12,2024-06-16
CAMPAIGN_02434,CUST_00182,Failed,sms,Holiday Sale,2023-11-27,2023-12-01,2023-12-03
CAMPAIGN_02435,CUST_01204,Failed,call,Holiday Sale,2023-03-05,2023-03-14,2023-03-15
CAMPAIGN_02436,CUST_00051,Done,call,Spring Collection Launch,2023-01-04,2023-01-13,2023-01-18
CAMPAIGN_02437,CUST_02384,Failed,sms,Exclusive Preview,2024-03-27,2024-04-04,2024-04-05
CAMPAIGN_02438,CUST_03151,Done,letter,VIP Re-engagement,2023-10-19,2023-10-20,2023-10-20
CAMPAIGN_02439,CUST_03491,Done,call,Holiday Sale,2024-11-22,2024-11-27,2024-11-30
CAMPAIGN_02440,CUST_00779,Done,letter,Anniversary Campaign,2023-10-29,2023-11-02,2023-11-07
CAMPAIGN_02441,CUST_01360,Done,sms,Personalized Offer,2024-02-19,2024-02-26,2024-02-28
CAMPAIGN_02442,CUST_02806,Done,email,VIP Re-engagement,2023-09-13,2023-09-20,2023-09-25
CAMPAIGN_02443,CUST_02296,Done,sms,Spring Collection Launch,2023-03-27,2023-04-01,2023-04-05
CAMPAIGN_02444,CUST_00458,Failed,call,Exclusive Preview,2024-02-20,2024-02-26,2024-02-29
CAMPAIGN_02445,CUST_00089,Done,sms,Spring Collection Launch,2024-02-26,2024-03-01,2024-03-02
CAMPAIGN_02446,CUST_00719,Failed,call,Loyalty Program Update,2024-01-25,2024-01-27,2024-01-28
CAMPAIGN_02447,CUST_01236,Failed,call,Personalized Offer,2024-11-14,2024-11-15,2024-11-18
CAMPAIGN_02448,CUST_03267,Done,email,VIP Re-engagement,2023-05-28,2023-06-04,2023-06-05
CAMPAIGN_02449,CUST_00791,Done,letter,Spring Collection Launch,2023-02-13,2023-02-16,2023-02-16
CAMPAIGN_02450,CUST_00436,Done,sms,VIP Re-engagement,2024-04-07,2024-04-08,2024-04-08
CAMPAIGN_02451,CUST_00847,Done,sms,Loyalty Program Update,2023-09-24,2023-09-28,2023-10-03
CAMPAIGN_02452,CUST_03488,Done,call,Spring Collection Launch,2023-08-03,2023-08-06,2023-08-07
CAMPAIGN_02453,CUST_00144,Done,letter,VIP Re-engagement,2023-03-09,2023-03-16,2023-03-19
CAMPAIGN_02454,CUST_03051,Done,email,Spring Collection Launch,2024-02-28,2024-02-29,2024-03-02
CAMPAIGN_02455,CUST_00170,Failed,email,VIP Re-engagement,2023-02-23,2023-02-27,2023-03-01
CAMPAIGN_02456,CUST_03460,Done,call,Spring Collection Launch,2024-05-15,2024-05-22,2024-05-24
CAMPAIGN_02457,CUST_00732,Failed,call,Personalized Offer,2024-01-03,2024-01-12,2024-01-12
CAMPAIGN_02458,CUST_03275,Done,email,Loyalty Program Update,2024-10-11,2024-10-14,2024-10-15
CAMPAIGN_02459,CUST_02095,Done,call,Exclusive Preview,2024-02-29,2024-03-09,2024-03-09
CAMPAIGN_02460,CUST_02122,Done,call,New Arrivals,2023-04-22,2023-05-01,2023-05-03
CAMPAIGN_02461,CUST_01216,Done,email,Personalized Offer,2023-09-28,2023-09-29,2023-10-02
CAMPAIGN_02462,CUST_00738,Done,email,Anniversary Campaign,2024-08-03,2024-08-07,2024-08-07
CAMPAIGN_02463,CUST_03155,Done,call,Loyalty Program Update,2023-06-03,2023-06-05,2023-06-09
CAMPAIGN_02464,CUST_00954,Done,email,Holiday Sale,2023-09-06,2023-09-13,2023-09-17
CAMPAIGN_02465,CUST_02478,Done,letter,VIP Re-engagement,2024-01-09,2024-01-10,2024-01-11
CAMPAIGN_02466,CUST_01874,Done,sms,Loyalty Program Update,2023-07-12,2023-07-13,2023-07-14
CAMPAIGN_02467,CUST_02187,Done,email,Loyalty Program Update,2023-11-03,2023-11-11,2023-11-11
CAMPAIGN_02468,CUST_00754,Done,letter,Holiday Sale,2023-03-17,2023-03-22,2023-03-25
CAMPAIGN_02469,CUST_02622,Done,email,VIP Re-engagement,2024-07-09,2024-07-15,2024-07-16
CAMPAIGN_02470,CUST_00927,Done,email,Loyalty Program Update,2024-01-31,2024-02-04,2024-02-07
CAMPAIGN_02471,CUST_01953,Done,email,Holiday Sale,2024-03-04,2024-03-07,2024-03-10
CAMPAIGN_02472,CUST_01945,Done,email,Anniversary Campaign,2024-04-11,2024-04-21,2024-04-21
CAMPAIGN_02473,CUST_00886,Done,letter,Holiday Sale,2023-08-27,2023-09-03,2023-09-07
CAMPAIGN_02474,CUST_03278,Done,call,Holiday Sale,2024-05-25,2024-05-26,2024-05-28
CAMPAIGN_02475,CUST_02143,Done,letter,Exclusive Preview,2024-02-25,2024-03-06,2024-03-11
CAMPAIGN_02476,CUST_02083,Failed,sms,VIP Re-engagement,2024-12-19,2024-12-26,2024-12-30
CAMPAIGN_02477,CUST_01830,Done,email,Holiday Sale,2024-10-24,2024-11-03,2024-11-05
CAMPAIGN_02478,CUST_02286,Done,call,Loyalty Program Update,2024-11-13,2024-11-20,2024-11-20
CAMPAIGN_02479,CUST_03476,Failed,email,Loyalty Program Update,2024-07-17,2024-07-19,2024-07-20
CAMPAIGN_02480,CUST_02358,Failed,sms,Exclusive Preview,2023-03-13,2023-03-16,2023-03-19
CAMPAIGN_02481,CUST_01789,Done,email,Exclusive Preview,2023-06-08,2023-06-15,2023-06-15
CAMPAIGN_02482,CUST_02221,Done,sms,New Arrivals,2023-10-31,2023-11-04,2023-11-06
CAMPAIGN_02483,CUST_00316,Failed,call,Anniversary Campaign,2023-12-03,2023-12-13,2023-12-16
CAMPAIGN_02484,CUST_03191,Failed,email,Anniversary Campaign,2024-04-22,2024-04-29,2024-05-03
CAMPAIGN_02485,CUST_02299,Done,letter,Loyalty Program Update,2024-11-01,2024-11-04,2024-11-04
CAMPAIGN_02486,CUST_02366,Done,letter,Anniversary Campaign,2024-01-05,2024-01-10,2024-01-11
CAMPAIGN_02487,CUST_03368,Done,call,Exclusive Preview,2024-09-27,2024-10-01,2024-10-01
CAMPAIGN_02488,CUST_02424,Done,email,Exclusive Preview,2023-11-17,2023-11-20,2023-11-20
CAMPAIGN_02489,CUST_03359,Done,letter,Spring Collection Launch,2023-09-23,2023-09-24,2023-09-27
CAMPAIGN_02490,CUST_00011,Done,letter,Loyalty Program Update,2023-06-04,2023-06-09,2023-06-09
CAMPAIGN_02491,CUST_02388,Done,sms,Personalized Offer,2023-05-21,2023-05-26,2023-05-26
CAMPAIGN_02492,CUST_00542,Done,email,New Arrivals,2024-02-26,2024-03-03,2024-03-08
CAMPAIGN_02493,CUST_00189,Done,letter,Loyalty Program Update,2024-04-07,2024-04-14,2024-04-18
CAMPAIGN_02494,CUST_01530,Done,sms,Holiday Sale,2024-07-19,2024-07-29,2024-07-29
CAMPAIGN_02495,CUST_00118,Done,letter,Spring Collection Launch,2024-04-08,2024-04-12,2024-04-15
CAMPAIGN_02496,CUST_02169,Done,sms,Holiday Sale,2023-05-27,2023-06-01,2023-06-06
CAMPAIGN_02497,CUST_01418,Failed,call,Personalized Offer,2023-06-23,2023-06-29,2023-07-02
CAMPAIGN_02498,CUST_00950,Done,call,Personalized Offer,2023-08-01,2023-08-11,2023-08-16
CAMPAIGN_02499,CUST_03454,Done,sms,Personalized Offer,2024-09-22,2024-09-29,2024-10-02
CAMPAIGN_02500,CUST_01409,Done,sms,Spring Collection Launch,2023-07-09,2023-07-16,2023-07-16
CAMPAIGN_02501,CUST_00134,Done,call,Loyalty Program Update,2024-06-07,2024-06-15,2024-06-18
CAMPAIGN_02502,CUST_03288,Done,sms,Spring Collection Launch,2024-05-06,2024-05-14,2024-05-14
CAMPAIGN_02503,CUST_03069,Failed,email,Personalized Offer,2023-12-31,2024-01-02,2024-01-03
CAMPAIGN_02504,CUST_02305,Failed,call,Loyalty Program Update,2024-07-27,2024-07-28,2024-07-30
CAMPAIGN_02505,CUST_00926,Failed,letter,Personalized Offer,2023-07-12,2023-07-22,2023-07-22
CAMPAIGN_02506,CUST_02299,Done,call,Holiday Sale,2023-06-17,2023-06-19,2023-06-21
CAMPAIGN_02507,CUST_02596,Done,email,VIP Re-engagement,2024-08-20,2024-08-28,2024-08-28
CAMPAIGN_02508,CUST_00432,Failed,sms,Exclusive Preview,2024-05-14,2024-05-24,2024-05-27
CAMPAIGN_02509,CUST_00187,Done,letter,Loyalty Program Update,2024-06-10,2024-06-17,2024-06-18
CAMPAIGN_02510,CUST_00519,Done,call,Anniversary Campaign,2024-10-31,2024-11-03,2024-11-08
CAMPAIGN_02511,CUST_01086,Done,call,New Arrivals,2023-06-08,2023-06-12,2023-06-12
CAMPAIGN_02512,CUST_02939,Failed,letter,New Arrivals,2023-10-10,2023-10-19,2023-10-20
CAMPAIGN_02513,CUST_02583,Failed,letter,Anniversary Campaign,2023-07-01,2023-07-09,2023-07-11
CAMPAIGN_02514,CUST_03036,Done,sms,Exclusive Preview,2023-04-19,2023-04-25,2023-04-30
CAMPAIGN_02515,CUST_01761,Failed,email,Anniversary Campaign,2024-05-20,2024-05-30,2024-06-03
CAMPAIGN_02516,CUST_03303,Done,call,Spring Collection Launch,2024-07-31,2024-08-07,2024-08-12
CAMPAIGN_02517,CUST_01677,Done,sms,Loyalty Program Update,2024-04-26,2024-04-28,2024-04-30
CAMPAIGN_02518,CUST_00874,Failed,email,Exclusive Preview,2023-02-18,2023-02-20,2023-02-20
CAMPAIGN_02519,CUST_00167,Failed,email,VIP Re-engagement,2024-04-21,2024-04-24,2024-04-25
CAMPAIGN_02520,CUST_01867,Failed,call,VIP Re-engagement,2024-08-27,2024-09-03,2024-09-07
CAMPAIGN_02521,CUST_02138,Done,email,Personalized Offer,2023-10-16,2023-10-22,2023-10-22
CAMPAIGN_02522,CUST_02784,Done,letter,Exclusive Preview,2024-02-12,2024-02-19,2024-02-22
CAMPAIGN_02523,CUST_00766,Failed,email,Loyalty Program Update,2023-10-13,2023-10-18,2023-10-22
CAMPAIGN_02524,CUST_02633,Done,call,Personalized Offer,2023-07-13,2023-07-17,2023-07-17
CAMPAIGN_02525,CUST_03412,Done,sms,Spring Collection Launch,2023-02-07,2023-02-08,2023-02-13
CAMPAIGN_02526,CUST_02321,Failed,call,Holiday Sale,2023-03-07,2023-03-12,2023-03-13
CAMPAIGN_02527,CUST_01018,Failed,letter,Holiday Sale,2024-01-11,2024-01-13,2024-01-15
CAMPAIGN_02528,CUST_01014,Done,email,Spring Collection Launch,2024-01-29,2024-02-05,2024-02-07
CAMPAIGN_02529,CUST_01364,Failed,sms,Anniversary Campaign,2024-09-05,2024-09-09,2024-09-11
CAMPAIGN_02530,CUST_03187,Done,call,Exclusive Preview,2023-05-11,2023-05-21,2023-05-25
CAMPAIGN_02531,CUST_02611,Done,call,Exclusive Preview,2024-03-05,2024-03-06,2024-03-10
CAMPAIGN_02532,CUST_01927,Done,sms,New Arrivals,2023-02-04,2023-02-05,2023-02-10
CAMPAIGN_02533,CUST_01023,Failed,sms,New Arrivals,2024-07-23,2024-07-26,2024-07-31
CAMPAIGN_02534,CUST_00416,Done,letter,Spring Collection Launch,2024-07-09,2024-07-12,2024-07-15
CAMPAIGN_02535,CUST_01261,Done,email,Loyalty Program Update,2024-05-12,2024-05-16,2024-05-21
CAMPAIGN_02536,CUST_02084,Done,letter,Exclusive Preview,2023-05-05,2023-05-12,2023-05-17
CAMPAIGN_02537,CUST_01688,Done,call,Loyalty Program Update,2023-01-31,2023-02-09,2023-02-09
CAMPAIGN_02538,CUST_02329,Done,letter,Personalized Offer,2023-10-28,2023-11-05,2023-11-09
CAMPAIGN_02539,CUST_03468,Done,call,Loyalty Program Update,2024-08-29,2024-09-08,2024-09-10
CAMPAIGN_02540,CUST_00483,Failed,letter,Holiday Sale,2023-10-25,2023-10-29,2023-10-30
CAMPAIGN_02541,CUST_03245,Failed,sms,Anniversary Campaign,2023-03-26,2023-04-03,2023-04-04
CAMPAIGN_02542,CUST_01321,Done,email,Anniversary Campaign,2024-03-02,2024-03-12,2024-03-12
CAMPAIGN_02543,CUST_02262,Done,email,Spring Collection Launch,2023-01-29,2023-02-06,2023-02-08
CAMPAIGN_02544,CUST_02798,Done,call,Holiday Sale,2024-03-26,2024-04-04,2024-04-05
CAMPAIGN_02545,CUST_01933,Failed,letter,Holiday Sale,2024-12-10,2024-12-20,2024-12-20
CAMPAIGN_02546,CUST_00072,Done,letter,Personalized Offer,2024-04-07,2024-04-14,2024-04-16
CAMPAIGN_02547,CUST_02362,Done,call,Loyalty Program Update,2023-07-18,2023-07-21,2023-07-25
CAMPAIGN_02548,CUST_01091,Done,sms,Holiday Sale,2023-01-22,2023-01-25,2023-01-29
CAMPAIGN_02549,CUST_01575,Done,letter,Personalized Offer,2024-07-19,2024-07-24,2024-07-27
CAMPAIGN_02550,CUST_03467,Failed,call,Exclusive Preview,2023-10-01,2023-10-03,2023-10-04
CAMPAIGN_02551,CUST_02316,Done,letter,Spring Collection Launch,2023-11-19,2023-11-23,2023-11-27
CAMPAIGN_02552,CUST_03146,Failed,sms,Spring Collection Launch,2024-06-14,2024-06-17,2024-06-22
CAMPAIGN_02553,CUST_01631,Done,email,New Arrivals,2024-03-14,2024-03-19,2024-03-24
CAMPAIGN_02554,CUST_03371,Failed,call,Anniversary Campaign,2023-08-10,2023-08-18,2023-08-23
CAMPAIGN_02555,CUST_03227,Done,call,Holiday Sale,2024-09-16,2024-09-23,2024-09-25
CAMPAIGN_02556,CUST_01224,Done,letter,Exclusive Preview,2024-04-01,2024-04-02,2024-04-04
CAMPAIGN_02557,CUST_01692,Done,letter,Loyalty Program Update,2024-03-01,2024-03-11,2024-03-16
CAMPAIGN_02558,CUST_00935,Done,sms,Holiday Sale,2024-06-23,2024-07-01,2024-07-03
CAMPAIGN_02559,CUST_02378,Done,sms,New Arrivals,2023-08-23,2023-08-29,2023-09-01
CAMPAIGN_02560,CUST_00124,Failed,email,Anniversary Campaign,2024-09-14,2024-09-23,2024-09-25
CAMPAIGN_02561,CUST_02848,Done,letter,Holiday Sale,2024-12-08,2024-12-11,2024-12-11
CAMPAIGN_02562,CUST_00888,Done,sms,Anniversary Campaign,2023-10-08,2023-10-11,2023-10-12
CAMPAIGN_02563,CUST_00605,Done,sms,Spring Collection Launch,2023-08-23,2023-08-27,2023-08-31
CAMPAIGN_02564,CUST_00697,Done,email,Anniversary Campaign,2023-07-21,2023-07-22,2023-07-24
CAMPAIGN_02565,CUST_02693,Done,email,Spring Collection Launch,2024-04-25,2024-04-27,2024-04-27
CAMPAIGN_02566,CUST_00246,Done,call,Anniversary Campaign,2024-02-08,2024-02-18,2024-02-23
CAMPAIGN_02567,CUST_02741,Failed,sms,Loyalty Program Update,2023-02-01,2023-02-05,2023-02-05
CAMPAIGN_02568,CUST_00327,Done,email,VIP Re-engagement,2023-07-23,2023-07-27,2023-07-30
CAMPAIGN_02569,CUST_02755,Done,call,VIP Re-engagement,2023-01-09,2023-01-14,2023-01-15
CAMPAIGN_02570,CUST_00846,Done,email,Exclusive Preview,2024-11-28,2024-12-07,2024-12-09
CAMPAIGN_02571,CUST_00201,Done,call,Spring Collection Launch,2024-02-16,2024-02-23,2024-02-27
CAMPAIGN_02572,CUST_02146,Done,letter,Personalized Offer,2023-10-17,2023-10-19,2023-10-21
CAMPAIGN_02573,CUST_03044,Done,sms,Anniversary Campaign,2024-07-02,2024-07-10,2024-07-12
CAMPAIGN_02574,CUST_01904,Failed,call,Loyalty Program Update,2024-01-25,2024-02-01,2024-02-05
CAMPAIGN_02575,CUST_01423,Done,email,Holiday Sale,2023-07-12,2023-07-20,2023-07-20
CAMPAIGN_02576,CUST_00870,Done,sms,VIP Re-engagement,2024-08-15,2024-08-23,2024-08-25
CAMPAIGN_02577,CUST_00181,Done,call,Loyalty Program Update,2023-11-29,2023-12-05,2023-12-08
CAMPAIGN_02578,CUST_02963,Done,letter,Loyalty Program Update,2024-11-05,2024-11-09,2024-11-09
CAMPAIGN_02579,CUST_00789,Done,call,Anniversary Campaign,2024-04-25,2024-04-28,2024-05-02
CAMPAIGN_02580,CUST_00020,Done,sms,Personalized Offer,2024-08-02,2024-08-10,2024-08-11
CAMPAIGN_02581,CUST_01410,Done,call,VIP Re-engagement,2024-02-10,2024-02-15,2024-02-15
CAMPAIGN_02582,CUST_03353,Done,letter,New Arrivals,2024-09-03,2024-09-09,2024-09-12
CAMPAIGN_02583,CUST_00048,Done,sms,Anniversary Campaign,2023-10-23,2023-10-30,2023-11-03
CAMPAIGN_02584,CUST_00780,Failed,sms,Anniversary Campaign,2023-07-15,2023-07-25,2023-07-27
CAMPAIGN_02585,CUST_00347,Failed,call,Anniversary Campaign,2024-08-15,2024-08-20,2024-08-25
CAMPAIGN_02586,CUST_03438,Done,sms,Spring Collection Launch,2023-11-16,2023-11-25,2023-11-26
CAMPAIGN_02587,CUST_01737,Done,call,Exclusive Preview,2023-07-23,2023-07-29,2023-07-31
CAMPAIGN_02588,CUST_01099,Done,email,Exclusive Preview,2023-03-03,2023-03-09,2023-03-11
CAMPAIGN_02589,CUST_02546,Failed,email,Personalized Offer,2023-05-20,2023-05-29,2023-05-29
CAMPAIGN_02590,CUST_00385,Failed,sms,Spring Collection Launch,2024-12-23,2024-12-31,2025-01-04
CAMPAIGN_02591,CUST_00819,Done,call,Anniversary Campaign,2024-10-18,2024-10-24,2024-10-26
CAMPAIGN_02592,CUST_01182,Done,call,Exclusive Preview,2023-11-25,2023-12-05,2023-12-08
CAMPAIGN_02593,CUST_00846,Done,email,New Arrivals,2024-05-10,2024-05-18,2024-05-20
CAMPAIGN_02594,CUST_02186,Done,sms,Spring Collection Launch,2024-09-29,2024-10-03,2024-10-05
CAMPAIGN_02595,CUST_01536,Done,letter,Personalized Offer,2023-03-12,2023-03-14,2023-03-14
CAMPAIGN_02596,CUST_00877,Done,sms,Holiday Sale,2024-07-05,2024-07-14,2024-07-16
CAMPAIGN_02597,CUST_02189,Done,letter,Anniversary Campaign,2023-04-25,2023-04-26,2023-05-01
CAMPAIGN_02598,CUST_00411,Failed,call,Anniversary Campaign,2023-10-09,2023-10-12,2023-10-13
CAMPAIGN_02599,CUST_00457,Done,call,New Arrivals,2023-06-07,2023-06-14,2023-06-14
CAMPAIGN_02600,CUST_00549,Done,email,New Arrivals,2023-12-27,2023-12-29,2023-12-30
CAMPAIGN_02601,CUST_03161,Done,letter,New Arrivals,2023-12-07,2023-12-08,2023-12-12
CAMPAIGN_02602,CUST_01770,Done,email,Holiday Sale,2023-07-28,2023-08-01,2023-08-03
CAMPAIGN_02603,CUST_01903,Failed,email,Exclusive Preview,2023-05-18,2023-05-26,2023-05-30
CAMPAIGN_02604,CUST_01055,Failed,call,New Arrivals,2024-09-14,2024-09-21,2024-09-24
CAMPAIGN_02605,CUST_02461,Failed,email,Exclusive Preview,2023-04-19,2023-04-21,2023-04-26
CAMPAIGN_02606,CUST_02931,Failed,call,Exclusive Preview,2024-12-04,2024-12-07,2024-12-09
CAMPAIGN_02607,CUST_01582,Failed,call,Anniversary Campaign,2024-11-06,2024-11-08,2024-11-11
CAMPAIGN_02608,CUST_02368,Done,email,New Arrivals,2023-05-14,2023-05-21,2023-05-24
CAMPAIGN_02609,CUST_03327,Done,sms,Holiday Sale,2023-09-29,2023-09-30,2023-09-30
CAMPAIGN_02610,CUST_02257,Failed,call,Exclusive Preview,2023-11-24,2023-11-30,2023-12-02
CAMPAIGN_02611,CUST_02125,Done,email,Spring Collection Launch,2023-07-04,2023-07-07,2023-07-12
CAMPAIGN_02612,CUST_03061,Done,email,Anniversary Campaign,2024-03-22,2024-04-01,2024-04-04
CAMPAIGN_02613,CUST_02977,Done,letter,Personalized Offer,2024-05-11,2024-05-14,2024-05-14
CAMPAIGN_02614,CUST_03323,Failed,sms,New Arrivals,2024-07-10,2024-07-16,2024-07-20
CAMPAIGN_02615,CUST_01107,Failed,email,Anniversary Campaign,2023-07-06,2023-07-11,2023-07-12
CAMPAIGN_02616,CUST_00367,Failed,sms,New Arrivals,2024-11-12,2024-11-19,2024-11-20
CAMPAIGN_02617,CUST_02617,Done,sms,Spring Collection Launch,2023-10-21,2023-10-29,2023-11-02
CAMPAIGN_02618,CUST_03471,Done,sms,Loyalty Program Update,2023-11-04,2023-11-10,2023-11-13
CAMPAIGN_02619,CUST_02838,Failed,email,Anniversary Campaign,2023-09-09,2023-09-14,2023-09-15
CAMPAIGN_02620,CUST_00562,Failed,sms,Personalized Offer,2023-10-26,2023-11-05,2023-11-08
CAMPAIGN_02621,CUST_00683,Done,email,Spring Collection Launch,2024-09-28,2024-10-02,2024-10-03
CAMPAIGN_02622,CUST_02482,Done,email,VIP Re-engagement,2023-09-03,2023-09-07,2023-09-12
CAMPAIGN_02623,CUST_03025,Done,call,Personalized Offer,2023-09-25,2023-09-29,2023-10-03
CAMPAIGN_02624,CUST_00165,Failed,call,Anniversary Campaign,2024-07-27,2024-07-30,2024-08-03
CAMPAIGN_02625,CUST_03105,Done,call,Exclusive Preview,2024-06-28,2024-06-30,2024-07-01
CAMPAIGN_02626,CUST_00879,Failed,call,Personalized Offer,2024-05-14,2024-05-17,2024-05-18
CAMPAIGN_02627,CUST_02114,Failed,email,Holiday Sale,2024-01-21,2024-01-28,2024-02-02
CAMPAIGN_02628,CUST_01231,Done,call,Holiday Sale,2024-12-25,2024-12-27,2024-12-31
CAMPAIGN_02629,CUST_02357,Done,letter,VIP Re-engagement,2024-07-31,2024-08-09,2024-08-09
CAMPAIGN_02630,CUST_03057,Failed,call,VIP Re-engagement,2024-09-01,2024-09-09,2024-09-13
CAMPAIGN_02631,CUST_00025,Done,letter,Spring Collection Launch,2023-06-10,2023-06-11,2023-06-12
CAMPAIGN_02632,CUST_00707,Done,sms,Spring Collection Launch,2024-06-29,2024-07-05,2024-07-07
CAMPAIGN_02633,CUST_00638,Done,sms,Personalized Offer,2023-02-14,2023-02-22,2023-02-24
CAMPAIGN_02634,CUST_01337,Failed,sms,Spring Collection Launch,2023-10-15,2023-10-19,2023-10-20
CAMPAIGN_02635,CUST_03312,Failed,call,Exclusive Preview,2024-11-10,2024-11-12,2024-11-16
CAMPAIGN_02636,CUST_01375,Done,sms,Anniversary Campaign,2024-08-06,2024-08-11,2024-08-11
CAMPAIGN_02637,CUST_01127,Done,letter,New Arrivals,2023-05-07,2023-05-15,2023-05-19
CAMPAIGN_02638,CUST_01730,Failed,sms,Anniversary Campaign,2024-08-06,2024-08-09,2024-08-14
CAMPAIGN_02639,CUST_02981,Done,sms,VIP Re-engagement,2023-05-20,2023-05-24,2023-05-27
CAMPAIGN_02640,CUST_03341,Failed,sms,Loyalty Program Update,2024-03-29,2024-04-04,2024-04-05
CAMPAIGN_02641,CUST_01195,Failed,sms,New Arrivals,2024-08-08,2024-08-14,2024-08-16
CAMPAIGN_02642,CUST_02651,Done,call,Personalized Offer,2023-06-28,2023-07-06,2023-07-07
CAMPAIGN_02643,CUST_02212,Done,email,Spring Collection Launch,2023-08-10,2023-08-16,2023-08-20
CAMPAIGN_02644,CUST_01431,Failed,sms,Holiday Sale,2024-12-16,2024-12-19,2024-12-24
CAMPAIGN_02645,CUST_01155,Done,sms,Spring Collection Launch,2024-02-26,2024-03-01,2024-03-05
CAMPAIGN_02646,CUST_01389,Done,email,Exclusive Preview,2024-04-19,2024-04-25,2024-04-30
CAMPAIGN_02647,CUST_00362,Failed,sms,Exclusive Preview,2024-09-11,2024-09-17,2024-09-21
CAMPAIGN_02648,CUST_02793,Failed,sms,Spring Collection Launch,2023-08-17,2023-08-23,2023-08-27
CAMPAIGN_02649,CUST_00894,Done,call,Loyalty Program Update,2023-10-27,2023-11-05,2023-11-05
CAMPAIGN_02650,CUST_00953,Failed,email,Exclusive Preview,2024-12-04,2024-12-13,2024-12-17
CAMPAIGN_02651,CUST_01209,Done,sms,New Arrivals,2023-05-19,2023-05-26,2023-05-29
CAMPAIGN_02652,CUST_01862,Done,sms,VIP Re-engagement,2023-04-28,2023-05-04,2023-05-04
CAMPAIGN_02653,CUST_00670,Done,letter,Personalized Offer,2024-11-19,2024-11-20,2024-11-22
CAMPAIGN_02654,CUST_00287,Done,call,New Arrivals,2024-10-06,2024-10-10,2024-10-13
CAMPAIGN_02655,CUST_01311,Failed,email,Exclusive Preview,2024-08-19,2024-08-28,2024-08-28
CAMPAIGN_02656,CUST_01448,Failed,call,New Arrivals,2024-10-16,2024-10-20,2024-10-20
CAMPAIGN_02657,CUST_02358,Failed,letter,Spring Collection Launch,2024-04-04,2024-04-11,2024-04-13
CAMPAIGN_02658,CUST_03006,Failed,letter,VIP Re-engagement,2023-07-15,2023-07-16,2023-07-21
CAMPAIGN_02659,CUST_03238,Failed,email,Holiday Sale,2024-11-22,2024-11-26,2024-12-01
CAMPAIGN_02660,CUST_02084,Done,letter,Anniversary Campaign,2024-12-23,2024-12-27,2024-12-30
CAMPAIGN_02661,CUST_00926,Failed,email,VIP Re-engagement,2024-02-04,2024-02-11,2024-02-13
CAMPAIGN_02662,CUST_03041,Done,letter,Spring Collection Launch,2023-03-21,2023-03-31,2023-04-04
CAMPAIGN_02663,CUST_00456,Done,sms,VIP Re-engagement,2024-08-06,2024-08-10,2024-08-11
CAMPAIGN_02664,CUST_00440,Failed,sms,Anniversary Campaign,2023-11-06,2023-11-07,2023-11-08
CAMPAIGN_02665,CUST_00833,Done,email,New Arrivals,2024-06-28,2024-07-07,2024-07-07
CAMPAIGN_02666,CUST_00096,Done,letter,Anniversary Campaign,2023-05-22,2023-05-31,2023-06-04
CAMPAIGN_02667,CUST_03406,Done,call,Holiday Sale,2024-09-28,2024-10-04,2024-10-07
CAMPAIGN_02668,CUST_00332,Failed,email,Exclusive Preview,2023-06-21,2023-06-25,2023-06-26
CAMPAIGN_02669,CUST_00372,Done,sms,Spring Collection Launch,2023-05-29,2023-06-02,2023-06-02
CAMPAIGN_02670,CUST_02067,Done,sms,Exclusive Preview,2024-05-04,2024-05-07,2024-05-12
CAMPAIGN_02671,CUST_02581,Done,call,Personalized Offer,2023-01-14,2023-01-16,2023-01-21
CAMPAIGN_02672,CUST_02580,Failed,sms,Spring Collection Launch,2024-07-25,2024-07-26,2024-07-30
CAMPAIGN_02673,CUST_02781,Failed,call,New Arrivals,2023-10-04,2023-10-08,2023-10-08
CAMPAIGN_02674,CUST_01747,Failed,call,Exclusive Preview,2024-10-13,2024-10-18,2024-10-22
CAMPAIGN_02675,CUST_00445,Done,sms,New Arrivals,2024-09-01,2024-09-09,2024-09-14
CAMPAIGN_02676,CUST_02492,Failed,sms,Spring Collection Launch,2024-11-27,2024-11-28,2024-12-02
CAMPAIGN_02677,CUST_03338,Failed,email,Loyalty Program Update,2024-08-16,2024-08-24,2024-08-26
CAMPAIGN_02678,CUST_01182,Done,call,Exclusive Preview,2023-12-17,2023-12-20,2023-12-22
CAMPAIGN_02679,CUST_00883,Done,letter,Exclusive Preview,2024-12-03,2024-12-10,2024-12-13
CAMPAIGN_02680,CUST_02429,Failed,sms,Anniversary Campaign,2023-04-24,2023-04-29,2023-05-02
CAMPAIGN_02681,CUST_00787,Failed,letter,Spring Collection Launch,2023-07-18,2023-07-28,2023-07-30
CAMPAIGN_02682,CUST_01475,Done,email,New Arrivals,2023-01-16,2023-01-17,2023-01-21
CAMPAIGN_02683,CUST_00735,Failed,letter,Anniversary Campaign,2023-12-27,2024-01-04,2024-01-09
CAMPAIGN_02684,CUST_01542,Failed,sms,Spring Collection Launch,2023-05-22,2023-05-24,2023-05-28
CAMPAIGN_02685,CUST_03155,Done,sms,VIP Re-engagement,2024-07-26,2024-07-29,2024-07-29
CAMPAIGN_02686,CUST_01924,Failed,email,Exclusive Preview,2024-09-24,2024-09-25,2024-09-30
CAMPAIGN_02687,CUST_01499,Done,letter,New Arrivals,2024-05-16,2024-05-19,2024-05-21
CAMPAIGN_02688,CUST_01498,Done,sms,Spring Collection Launch,2023-12-30,2024-01-07,2024-01-07
CAMPAIGN_02689,CUST_02684,Failed,letter,Exclusive Preview,2023-10-17,2023-10-22,2023-10-22
CAMPAIGN_02690,CUST_03052,Failed,call,Loyalty Program Update,2023-11-04,2023-11-10,2023-11-12
CAMPAIGN_02691,CUST_03181,Failed,sms,VIP Re-engagement,2024-11-12,2024-11-19,2024-11-24
CAMPAIGN_02692,CUST_00902,Failed,email,Exclusive Preview,2023-09-10,2023-09-12,2023-09-17
CAMPAIGN_02693,CUST_02217,Done,letter,Anniversary Campaign,2023-07-31,2023-08-07,2023-08-10
CAMPAIGN_02694,CUST_02650,Failed,email,Loyalty Program Update,2024-01-05,2024-01-10,2024-01-14
CAMPAIGN_02695,CUST_01321,Done,call,Anniversary Campaign,2024-11-23,2024-12-03,2024-12-08
CAMPAIGN_02696,CUST_02017,Failed,call,Spring Collection Launch,2023-12-18,2023-12-26,2023-12-28
CAMPAIGN_02697,CUST_00040,Done,call,Spring Collection Launch,2023-04-08,2023-04-18,2023-04-22
CAMPAIGN_02698,CUST_03151,Done,sms,Holiday Sale,2024-08-31,2024-09-01,2024-09-06
CAMPAIGN_02699,CUST_00951,Failed,call,New Arrivals,2024-08-30,2024-09-06,2024-09-08
CAMPAIGN_02700,CUST_02597,Failed,email,Anniversary Campaign,2023-07-11,2023-07-18,2023-07-21
CAMPAIGN_02701,CUST_00019,Failed,email,Holiday Sale,2023-04-02,2023-04-12,2023-04-15
CAMPAIGN_02702,CUST_02917,Done,letter,Loyalty Program Update,2024-09-21,2024-09-22,2024-09-24
CAMPAIGN_02703,CUST_02478,Done,email,Personalized Offer,2023-06-15,2023-06-21,2023-06-26
CAMPAIGN_02704,CUST_02292,Failed,letter,Anniversary Campaign,2024-05-20,2024-05-25,2024-05-28
CAMPAIGN_02705,CUST_00549,Done,call,Exclusive Preview,2023-11-14,2023-11-16,2023-11-20
CAMPAIGN_02706,CUST_00861,Done,sms,VIP Re-engagement,2023-07-18,2023-07-23,2023-07-24
CAMPAIGN_02707,CUST_00766,Failed,sms,Exclusive Preview,2024-01-28,2024-01-31,2024-02-02
CAMPAIGN_02708,CUST_03163,Done,email,New Arrivals,2023-11-28,2023-12-06,2023-12-06
CAMPAIGN_02709,CUST_02750,Done,sms,VIP Re-engagement,2023-04-08,2023-04-12,2023-04-16
CAMPAIGN_02710,CUST_02545,Failed,sms,Exclusive Preview,2023-11-06,2023-11-09,2023-11-10
CAMPAIGN_02711,CUST_03060,Done,letter,Personalized Offer,2023-02-02,2023-02-12,2023-02-14
CAMPAIGN_02712,CUST_03348,Done,letter,Personalized Offer,2024-09-12,2024-09-15,2024-09-16
CAMPAIGN_02713,CUST_00300,Done,letter,Holiday Sale,2023-08-08,2023-08-09,2023-08-12
CAMPAIGN_02714,CUST_00219,Failed,letter,Spring Collection Launch,2023-05-28,2023-06-01,2023-06-02
CAMPAIGN_02715,CUST_03274,Done,call,New Arrivals,2023-12-03,2023-12-08,2023-12-09
CAMPAIGN_02716,CUST_03341,Failed,letter,Anniversary Campaign,2023-10-20,2023-10-26,2023-10-27
CAMPAIGN_02717,CUST_01526,Done,letter,Personalized Offer,2024-06-28,2024-07-01,2024-07-04
CAMPAIGN_02718,CUST_01778,Done,call,Loyalty Program Update,2024-03-23,2024-03-29,2024-03-29
CAMPAIGN_02719,CUST_03270,Done,letter,Personalized Offer,2023-09-18,2023-09-19,2023-09-21
CAMPAIGN_02720,CUST_02515,Done,call,Holiday Sale,2023-06-28,2023-07-05,2023-07-08
CAMPAIGN_02721,CUST_00041,Failed,call,Personalized Offer,2023-01-27,2023-02-06,2023-02-06
CAMPAIGN_02722,CUST_01863,Done,call,VIP Re-engagement,2024-07-27,2024-07-30,2024-07-31
CAMPAIGN_02723,CUST_02515,Done,sms,Exclusive Preview,2023-11-21,2023-11-30,2023-12-05
CAMPAIGN_02724,CUST_00229,Done,sms,Personalized Offer,2024-06-05,2024-06-10,2024-06-11
CAMPAIGN_02725,CUST_01558,Failed,sms,Loyalty Program Update,2024-05-31,2024-06-02,2024-06-04
CAMPAIGN_02726,CUST_03417,Done,call,Spring Collection Launch,2023-05-29,2023-06-01,2023-06-01
CAMPAIGN_02727,CUST_01812,Failed,call,VIP Re-engagement,2023-02-23,2023-02-27,2023-02-27
CAMPAIGN_02728,CUST_03111,Done,email,VIP Re-engagement,2024-07-16,2024-07-19,2024-07-19
CAMPAIGN_02729,CUST_01829,Failed,letter,New Arrivals,2023-04-16,2023-04-26,2023-04-26
CAMPAIGN_02730,CUST_01494,Failed,call,Loyalty Program Update,2023-06-24,2023-07-02,2023-07-07
CAMPAIGN_02731,CUST_02812,Done,letter,VIP Re-engagement,2023-09-13,2023-09-21,2023-09-24
CAMPAIGN_02732,CUST_03284,Done,sms,Exclusive Preview,2023-02-15,2023-02-20,2023-02-22
CAMPAIGN_02733,CUST_01525,Done,call,Loyalty Program Update,2023-06-27,2023-06-30,2023-07-04
CAMPAIGN_02734,CUST_02846,Done,call,Loyalty Program Update,2023-06-06,2023-06-07,2023-06-08
CAMPAIGN_02735,CUST_00012,Failed,email,Spring Collection Launch,2023-12-12,2023-12-13,2023-12-13
CAMPAIGN_02736,CUST_01218,Done,email,Spring Collection Launch,2023-09-10,2023-09-20,2023-09-20
CAMPAIGN_02737,CUST_03457,Failed,letter,Personalized Offer,2024-03-01,2024-03-06,2024-03-10
CAMPAIGN_02738,CUST_01478,Done,sms,Loyalty Program Update,2024-01-18,2024-01-26,2024-01-26
CAMPAIGN_02739,CUST_02115,Done,sms,VIP Re-engagement,2023-12-16,2023-12-21,2023-12-23
CAMPAIGN_02740,CUST_00266,Done,call,Holiday Sale,2024-03-04,2024-03-10,2024-03-10
CAMPAIGN_02741,CUST_02654,Done,call,VIP Re-engagement,2024-02-13,2024-02-21,2024-02-22
CAMPAIGN_02742,CUST_03494,Done,email,Anniversary Campaign,2023-12-09,2023-12-16,2023-12-19
CAMPAIGN_02743,CUST_00321,Failed,sms,Spring Collection Launch,2023-03-15,2023-03-18,2023-03-23
CAMPAIGN_02744,CUST_00811,Done,email,Exclusive Preview,2023-08-04,2023-08-09,2023-08-10
CAMPAIGN_02745,CUST_00886,Done,letter,Spring Collection Launch,2023-03-25,2023-03-26,2023-03-29
CAMPAIGN_02746,CUST_01166,Done,letter,Anniversary Campaign,2024-02-14,2024-02-19,2024-02-24
CAMPAIGN_02747,CUST_02791,Done,letter,Holiday Sale,2023-12-01,2023-12-04,2023-12-04
CAMPAIGN_02748,CUST_00070,Failed,call,Anniversary Campaign,2024-07-17,2024-07-22,2024-07-27
CAMPAIGN_02749,CUST_02388,Done,call,New Arrivals,2023-02-27,2023-03-03,2023-03-07
CAMPAIGN_02750,CUST_00062,Done,email,Personalized Offer,2024-09-11,2024-09-20,2024-09-24
CAMPAIGN_02751,CUST_02266,Done,call,Personalized Offer,2024-03-04,2024-03-05,2024-03-09
CAMPAIGN_02752,CUST_01853,Done,email,New Arrivals,2024-12-12,2024-12-21,2024-12-25
CAMPAIGN_02753,CUST_02833,Failed,sms,Holiday Sale,2024-07-02,2024-07-09,2024-07-13
CAMPAIGN_02754,CUST_00263,Done,call,New Arrivals,2023-02-14,2023-02-19,2023-02-19
CAMPAIGN_02755,CUST_01995,Done,email,VIP Re-engagement,2023-11-19,2023-11-21,2023-11-24
CAMPAIGN_02756,CUST_02621,Failed,sms,Holiday Sale,2024-02-23,2024-03-04,2024-03-09
CAMPAIGN_02757,CUST_03186,Done,sms,Exclusive Preview,2023-06-09,2023-06-19,2023-06-22
CAMPAIGN_02758,CUST_01099,Done,call,New Arrivals,2024-10-26,2024-10-27,2024-10-27
CAMPAIGN_02759,CUST_01105,Done,call,Spring Collection Launch,2024-12-21,2024-12-22,2024-12-24
CAMPAIGN_02760,CUST_00457,Done,email,Anniversary Campaign,2024-03-12,2024-03-19,2024-03-22
CAMPAIGN_02761,CUST_00209,Done,sms,New Arrivals,2024-12-13,2024-12-22,2024-12-25
CAMPAIGN_02762,CUST_03458,Done,sms,Personalized Offer,2024-12-10,2024-12-11,2024-12-13
CAMPAIGN_02763,CUST_02791,Done,letter,Loyalty Program Update,2023-06-05,2023-06-08,2023-06-12
CAMPAIGN_02764,CUST_01721,Done,letter,VIP Re-engagement,2023-10-31,2023-11-09,2023-11-10
CAMPAIGN_02765,CUST_01023,Failed,email,Exclusive Preview,2024-05-11,2024-05-15,2024-05-16
CAMPAIGN_02766,CUST_03465,Done,email,VIP Re-engagement,2023-08-24,2023-08-26,2023-08-31
CAMPAIGN_02767,CUST_00104,Done,letter,Spring Collection Launch,2024-06-21,2024-06-23,2024-06-24
CAMPAIGN_02768,CUST_03486,Failed,sms,Holiday Sale,2024-03-31,2024-04-02,2024-04-03
CAMPAIGN_02769,CUST_01464,Failed,call,VIP Re-engagement,2023-12-23,2024-01-02,2024-01-02
CAMPAIGN_02770,CUST_01878,Done,email,Loyalty Program Update,2023-09-27,2023-10-06,2023-10-07
CAMPAIGN_02771,CUST_02950,Failed,sms,Exclusive Preview,2024-01-17,2024-01-24,2024-01-24
CAMPAIGN_02772,CUST_01608,Failed,email,Loyalty Program Update,2024-02-02,2024-02-09,2024-02-09
CAMPAIGN_02773,CUST_01677,Done,email,New Arrivals,2023-05-02,2023-05-07,2023-05-12
CAMPAIGN_02774,CUST_02146,Done,sms,Personalized Offer,2024-10-31,2024-11-05,2024-11-06
CAMPAIGN_02775,CUST_03397,Done,email,VIP Re-engagement,2023-10-29,2023-11-02,2023-11-05
CAMPAIGN_02776,CUST_01632,Failed,email,Holiday Sale,2024-02-08,2024-02-13,2024-02-14
CAMPAIGN_02777,CUST_00913,Done,letter,New Arrivals,2024-12-06,2024-12-15,2024-12-18
CAMPAIGN_02778,CUST_00318,Done,letter,Loyalty Program Update,2023-06-08,2023-06-18,2023-06-19
CAMPAIGN_02779,CUST_00597,Failed,sms,Spring Collection Launch,2024-03-26,2024-03-29,2024-03-30
CAMPAIGN_02780,CUST_00830,Failed,letter,Personalized Offer,2023-09-12,2023-09-17,2023-09-19
CAMPAIGN_02781,CUST_02751,Failed,sms,New Arrivals,2024-01-06,2024-01-15,2024-01-15
CAMPAIGN_02782,CUST_02172,Done,sms,Holiday Sale,2023-04-06,2023-04-16,2023-04-20
CAMPAIGN_02783,CUST_01201,Done,email,Personalized Offer,2024-07-20,2024-07-27,2024-07-29
CAMPAIGN_02784,CUST_02793,Failed,letter,Exclusive Preview,2023-08-20,2023-08-26,2023-08-26
CAMPAIGN_02785,CUST_00292,Failed,email,Anniversary Campaign,2023-02-28,2023-03-09,2023-03-13
CAMPAIGN_02786,CUST_00839,Failed,sms,New Arrivals,2023-03-21,2023-03-26,2023-03-28
CAMPAIGN_02787,CUST_02494,Done,call,Spring Collection Launch,2024-11-04,2024-11-07,2024-11-07
CAMPAIGN_02788,CUST_00874,Failed,sms,Anniversary Campaign,2024-08-17,2024-08-19,2024-08-24
CAMPAIGN_02789,CUST_03434,Done,email,Holiday Sale,2023-10-01,2023-10-05,2023-10-09
CAMPAIGN_02790,CUST_03237,Done,call,New Arrivals,2024-01-06,2024-01-14,2024-01-16
CAMPAIGN_02791,CUST_01178,Done,call,Holiday Sale,2023-02-22,2023-02-27,2023-03-04
CAMPAIGN_02792,CUST_01142,Failed,sms,Loyalty Program Update,2023-08-22,2023-08-24,2023-08-24
CAMPAIGN_02793,CUST_00962,Done,letter,Anniversary Campaign,2023-02-25,2023-03-05,2023-03-10
CAMPAIGN_02794,CUST_02353,Failed,letter,Loyalty Program Update,2023-05-20,2023-05-21,2023-05-25
CAMPAIGN_02795,CUST_02730,Done,email,Loyalty Program Update,2024-06-01,2024-06-03,2024-06-06
CAMPAIGN_02796,CUST_02269,Done,sms,Exclusive Preview,2023-07-11,2023-07-13,2023-07-13
CAMPAIGN_02797,CUST_03233,Done,letter,Holiday Sale,2024-03-20,2024-03-26,2024-03-30
CAMPAIGN_02798,CUST_02850,Failed,email,Holiday Sale,2023-01-17,2023-01-20,2023-01-25
CAMPAIGN_02799,CUST_01737,Done,sms,Spring Collection Launch,2024-02-22,2024-02-29,2024-03-05
CAMPAIGN_02800,CUST_01250,Done,sms,New Arrivals,2024-06-02,2024-06-04,2024-06-09
CAMPAIGN_02801,CUST_02314,Done,call,Holiday Sale,2023-04-01,2023-04-04,2023-04-07
CAMPAIGN_02802,CUST_03316,Done,letter,Holiday Sale,2023-03-23,2023-03-26,2023-03-29
CAMPAIGN_02803,CUST_03062,Done,call,Personalized Offer,2023-04-10,2023-04-14,2023-04-19
CAMPAIGN_02804,CUST_02659,Done,email,Holiday Sale,2023-10-02,2023-10-11,2023-10-13
CAMPAIGN_02805,CUST_01344,Done,sms,VIP Re-engagement,2024-11-27,2024-11-30,2024-12-05
CAMPAIGN_02806,CUST_03224,Failed,call,Exclusive Preview,2024-02-01,2024-02-06,2024-02-08
CAMPAIGN_02807,CUST_03420,Done,letter,Anniversary Campaign,2023-12-08,2023-12-11,2023-12-16
CAMPAIGN_02808,CUST_00241,Done,call,Exclusive Preview,2024-05-11,2024-05-15,2024-05-17
CAMPAIGN_02809,CUST_00588,Failed,letter,Anniversary Campaign,2024-09-01,2024-09-08,2024-09-11
CAMPAIGN_02810,CUST_01459,Done,letter,Personalized Offer,2023-11-07,2023-11-13,2023-11-18
CAMPAIGN_02811,CUST_01134,Done,sms,Holiday Sale,2024-08-30,2024-09-06,2024-09-08
CAMPAIGN_02812,CUST_03239,Done,email,Holiday Sale,2024-05-13,2024-05-16,2024-05-20
CAMPAIGN_02813,CUST_00277,Failed,call,Personalized Offer,2023-06-26,2023-07-04,2023-07-09
CAMPAIGN_02814,CUST_01688,Done,letter,Spring Collection Launch,2024-04-04,2024-04-12,2024-04-17
CAMPAIGN_02815,CUST_01168,Done,call,Holiday Sale,2024-05-31,2024-06-05,2024-06-08
CAMPAIGN_02816,CUST_00526,Failed,letter,Anniversary Campaign,2023-01-30,2023-01-31,2023-02-05
CAMPAIGN_02817,CUST_03462,Failed,email,VIP Re-engagement,2023-04-28,2023-05-04,2023-05-07
CAMPAIGN_02818,CUST_02873,Done,call,Exclusive Preview,2024-11-21,2024-11-26,2024-12-01
CAMPAIGN_02819,CUST_00157,Done,letter,Spring Collection Launch,2024-07-09,2024-07-14,2024-07-15
CAMPAIGN_02820,CUST_01626,Done,call,Anniversary Campaign,2023-10-18,2023-10-26,2023-10-30
CAMPAIGN_02821,CUST_02967,Done,letter,Loyalty Program Update,2024-01-13,2024-01-22,2024-01-25
CAMPAIGN_02822,CUST_00581,Done,sms,Spring Collection Launch,2024-10-24,2024-11-02,2024-11-02
CAMPAIGN_02823,CUST_01047,Done,call,New Arrivals,2023-04-16,2023-04-25,2023-04-27
CAMPAIGN_02824,CUST_03378,Done,sms,Loyalty Program Update,2023-05-18,2023-05-27,2023-05-29
CAMPAIGN_02825,CUST_01058,Done,letter,Exclusive Preview,2024-12-18,2024-12-19,2024-12-24
CAMPAIGN_02826,CUST_02648,Failed,email,VIP Re-engagement,2023-11-22,2023-11-23,2023-11-23
CAMPAIGN_02827,CUST_02839,Done,email,Loyalty Program Update,2023-07-14,2023-07-23,2023-07-25
CAMPAIGN_02828,CUST_00682,Done,email,Loyalty Program Update,2024-12-31,2025-01-02,2025-01-03
CAMPAIGN_02829,CUST_02886,Done,email,Exclusive Preview,2023-04-26,2023-04-29,2023-04-29
CAMPAIGN_02830,CUST_00090,Failed,call,Spring Collection Launch,2023-02-08,2023-02-15,2023-02-19
CAMPAIGN_02831,CUST_02684,Failed,letter,New Arrivals,2023-01-20,2023-01-30,2023-02-04
CAMPAIGN_02832,CUST_01400,Done,email,Exclusive Preview,2024-02-25,2024-02-28,2024-02-29
CAMPAIGN_02833,CUST_02193,Done,call,Anniversary Campaign,2023-10-07,2023-10-08,2023-10-12
CAMPAIGN_02834,CUST_02670,Done,letter,Personalized Offer,2023-02-09,2023-02-16,2023-02-20
CAMPAIGN_02835,CUST_01832,Done,call,Exclusive Preview,2024-03-08,2024-03-15,2024-03-19
CAMPAIGN_02836,CUST_01576,Done,sms,Exclusive Preview,2023-12-19,2023-12-23,2023-12-25
CAMPAIGN_02837,CUST_03399,Done,email,Personalized Offer,2023-11-18,2023-11-27,2023-11-30
CAMPAIGN_02838,CUST_00341,Done,email,Spring Collection Launch,2024-12-11,2024-12-12,2024-12-16
CAMPAIGN_02839,CUST_02729,Done,email,Personalized Offer,2023-11-08,2023-11-15,2023-11-16
CAMPAIGN_02840,CUST_03137,Done,sms,New Arrivals,2023-09-15,2023-09-18,2023-09-23
CAMPAIGN_02841,CUST_03203,Done,sms,Exclusive Preview,2024-10-02,2024-10-08,2024-10-12
CAMPAIGN_02842,CUST_01795,Done,letter,Spring Collection Launch,2023-08-19,2023-08-20,2023-08-24
CAMPAIGN_02843,CUST_02764,Done,sms,Spring Collection Launch,2023-12-26,2023-12-28,2023-12-30
CAMPAIGN_02844,CUST_00827,Failed,letter,Loyalty Program Update,2023-09-16,2023-09-21,2023-09-23
CAMPAIGN_02845,CUST_00653,Done,email,VIP Re-engagement,2024-04-04,2024-04-05,2024-04-05
CAMPAIGN_02846,CUST_01006,Done,email,Holiday Sale,2024-04-12,2024-04-13,2024-04-16
CAMPAIGN_02847,CUST_00323,Done,letter,Spring Collection Launch,2024-08-18,2024-08-21,2024-08-25
CAMPAIGN_02848,CUST_02944,Done,letter,Loyalty Program Update,2023-08-08,2023-08-11,2023-08-15
CAMPAIGN_02849,CUST_00353,Done,email,Anniversary Campaign,2024-02-12,2024-02-19,2024-02-22
CAMPAIGN_02850,CUST_02510,Failed,call,Exclusive Preview,2023-08-18,2023-08-22,2023-08-23
CAMPAIGN_02851,CUST_01944,Done,sms,New Arrivals,2024-08-21,2024-08-22,2024-08-24
CAMPAIGN_02852,CUST_02291,Done,call,Personalized Offer,2024-02-09,2024-02-11,2024-02-14
CAMPAIGN_02853,CUST_02554,Done,call,VIP Re-engagement,2023-05-04,2023-05-10,2023-05-10
CAMPAIGN_02854,CUST_02416,Done,call,Spring Collection Launch,2023-10-04,2023-10-08,2023-10-10
CAMPAIGN_02855,CUST_02178,Done,call,Personalized Offer,2024-10-31,2024-11-09,2024-11-14
CAMPAIGN_02856,CUST_01979,Done,call,Anniversary Campaign,2023-11-17,2023-11-22,2023-11-26
CAMPAIGN_02857,CUST_02672,Done,email,Holiday Sale,2024-02-14,2024-02-18,2024-02-20
CAMPAIGN_02858,CUST_01037,Done,sms,Exclusive Preview,2024-10-13,2024-10-16,2024-10-21
CAMPAIGN_02859,CUST_00652,Failed,email,VIP Re-engagement,2024-12-22,2024-12-29,2024-12-30
CAMPAIGN_02860,CUST_01692,Done,email,Anniversary Campaign,2023-01-07,2023-01-15,2023-01-17
CAMPAIGN_02861,CUST_01543,Done,letter,Holiday Sale,2023-08-03,2023-08-04,2023-08-07
CAMPAIGN_02862,CUST_00053,Done,sms,New Arrivals,2023-07-16,2023-07-26,2023-07-26
CAMPAIGN_02863,CUST_02591,Failed,letter,Personalized Offer,2023-05-17,2023-05-20,2023-05-25
CAMPAIGN_02864,CUST_00185,Failed,letter,VIP Re-engagement,2024-12-18,2024-12-22,2024-12-27
CAMPAIGN_02865,CUST_03299,Done,call,Exclusive Preview,2023-01-30,2023-02-06,2023-02-10
CAMPAIGN_02866,CUST_02030,Done,letter,Exclusive Preview,2024-01-30,2024-02-06,2024-02-06
CAMPAIGN_02867,CUST_03254,Done,sms,VIP Re-engagement,2023-12-17,2023-12-18,2023-12-23
CAMPAIGN_02868,CUST_03443,Done,sms,VIP Re-engagement,2023-10-25,2023-10-26,2023-10-28
CAMPAIGN_02869,CUST_03241,Done,letter,Personalized Offer,2024-07-11,2024-07-17,2024-07-20
CAMPAIGN_02870,CUST_02821,Failed,sms,Spring Collection Launch,2024-04-03,2024-04-09,2024-04-09
CAMPAIGN_02871,CUST_02786,Done,email,Loyalty Program Update,2024-05-01,2024-05-07,2024-05-08
CAMPAIGN_02872,CUST_02119,Done,sms,Exclusive Preview,2023-11-10,2023-11-14,2023-11-18
CAMPAIGN_02873,CUST_01902,Done,call,Exclusive Preview,2023-07-29,2023-08-02,2023-08-06
CAMPAIGN_02874,CUST_02868,Done,sms,Spring Collection Launch,2024-12-23,2024-12-24,2024-12-27
CAMPAIGN_02875,CUST_01041,Done,letter,Loyalty Program Update,2024-11-25,2024-11-27,2024-11-28
CAMPAIGN_02876,CUST_03290,Done,sms,Holiday Sale,2024-06-29,2024-07-05,2024-07-06
CAMPAIGN_02877,CUST_03102,Done,letter,VIP Re-engagement,2024-11-29,2024-12-08,2024-12-09
CAMPAIGN_02878,CUST_02837,Done,sms,New Arrivals,2023-03-18,2023-03-28,2023-03-30
CAMPAIGN_02879,CUST_00779,Done,letter,Anniversary Campaign,2024-11-02,2024-11-09,2024-11-13
CAMPAIGN_02880,CUST_01751,Done,sms,Loyalty Program Update,2024-06-05,2024-06-14,2024-06-14
CAMPAIGN_02881,CUST_00556,Done,letter,Holiday Sale,2023-01-21,2023-01-22,2023-01-26
CAMPAIGN_02882,CUST_03443,Done,letter,Loyalty Program Update,2024-01-04,2024-01-08,2024-01-13
CAMPAIGN_02883,CUST_03355,Failed,sms,Personalized Offer,2024-02-28,2024-03-07,2024-03-12
CAMPAIGN_02884,CUST_00878,Done,call,Holiday Sale,2023-07-23,2023-07-29,2023-07-31
CAMPAIGN_02885,CUST_02658,Failed,letter,New Arrivals,2024-11-29,2024-12-06,2024-12-07
CAMPAIGN_02886,CUST_00349,Done,letter,Anniversary Campaign,2023-10-26,2023-11-05,2023-11-09
CAMPAIGN_02887,CUST_01983,Done,email,Exclusive Preview,2023-06-04,2023-06-06,2023-06-08
CAMPAIGN_02888,CUST_02212,Done,sms,VIP Re-engagement,2024-10-29,2024-11-08,2024-11-09
CAMPAIGN_02889,CUST_00068,Done,email,Exclusive Preview,2024-09-17,2024-09-18,2024-09-20
CAMPAIGN_02890,CUST_00862,Done,sms,Exclusive Preview,2024-09-04,2024-09-13,2024-09-18
CAMPAIGN_02891,CUST_02213,Failed,call,VIP Re-engagement,2024-08-16,2024-08-24,2024-08-26
CAMPAIGN_02892,CUST_03314,Done,letter,VIP Re-engagement,2024-04-13,2024-04-17,2024-04-19
CAMPAIGN_02893,CUST_00763,Done,call,Anniversary Campaign,2024-02-28,2024-02-29,2024-03-03
CAMPAIGN_02894,CUST_01296,Done,call,Anniversary Campaign,2024-07-06,2024-07-09,2024-07-12
CAMPAIGN_02895,CUST_01025,Done,email,Loyalty Program Update,2024-01-20,2024-01-28,2024-02-01
CAMPAIGN_02896,CUST_00933,Done,letter,Personalized Offer,2023-09-29,2023-10-09,2023-10-09
CAMPAIGN_02897,CUST_02605,Failed,letter,VIP Re-engagement,2024-03-16,2024-03-22,2024-03-25
CAMPAIGN_02898,CUST_02265,Done,letter,Personalized Offer,2024-06-03,2024-06-09,2024-06-12
CAMPAIGN_02899,CUST_00436,Done,call,VIP Re-engagement,2023-04-07,2023-04-14,2023-04-17
CAMPAIGN_02900,CUST_02023,Failed,sms,Holiday Sale,2023-11-09,2023-11-16,2023-11-17
CAMPAIGN_02901,CUST_01853,Done,email,Spring Collection Launch,2023-11-20,2023-11-22,2023-11-26
CAMPAIGN_02902,CUST_00227,Done,email,Anniversary Campaign,2024-05-05,2024-05-12,2024-05-17
CAMPAIGN_02903,CUST_03106,Failed,sms,Anniversary Campaign,2024-06-06,2024-06-08,2024-06-08
CAMPAIGN_02904,CUST_01521,Failed,sms,Personalized Offer,2023-04-25,2023-05-01,2023-05-02
CAMPAIGN_02905,CUST_02758,Failed,email,Spring Collection Launch,2024-11-18,2024-11-27,2024-11-28
CAMPAIGN_02906,CUST_03126,Done,call,Loyalty Program Update,2024-05-13,2024-05-16,2024-05-17
CAMPAIGN_02907,CUST_00224,Done,sms,New Arrivals,2023-12-18,2023-12-27,2023-12-30
CAMPAIGN_02908,CUST_01765,Done,sms,Loyalty Program Update,2024-09-01,2024-09-06,2024-09-10
CAMPAIGN_02909,CUST_02120,Done,call,Holiday Sale,2024-07-06,2024-07-12,2024-07-16
CAMPAIGN_02910,CUST_01418,Failed,email,Loyalty Program Update,2023-09-10,2023-09-20,2023-09-25
CAMPAIGN_02911,CUST_02448,Done,email,Loyalty Program Update,2023-03-24,2023-04-03,2023-04-07
CAMPAIGN_02912,CUST_01251,Done,sms,Holiday Sale,2024-03-08,2024-03-18,2024-03-21
CAMPAIGN_02913,CUST_03048,Failed,call,New Arrivals,2023-05-27,2023-06-01,2023-06-04
CAMPAIGN_02914,CUST_01086,Done,letter,Spring Collection Launch,2023-09-23,2023-10-01,2023-10-02
CAMPAIGN_02915,CUST_01241,Done,email,Exclusive Preview,2023-04-19,2023-04-29,2023-05-04
CAMPAIGN_02916,CUST_01804,Done,sms,VIP Re-engagement,2023-05-07,2023-05-08,2023-05-12
CAMPAIGN_02917,CUST_03121,Failed,sms,Holiday Sale,2023-08-10,2023-08-11,2023-08-14
CAMPAIGN_02918,CUST_01507,Failed,email,Spring Collection Launch,2024-07-10,2024-07-15,2024-07-20
CAMPAIGN_02919,CUST_00701,Done,sms,Personalized Offer,2023-03-03,2023-03-05,2023-03-07
CAMPAIGN_02920,CUST_02342,Done,sms,Exclusive Preview,2024-02-20,2024-02-29,2024-02-29
CAMPAIGN_02921,CUST_00294,Failed,call,VIP Re-engagement,2023-01-18,2023-01-28,2023-01-30
CAMPAIGN_02922,CUST_02116,Failed,letter,VIP Re-engagement,2023-11-14,2023-11-23,2023-11-25
CAMPAIGN_02923,CUST_01452,Done,email,Spring Collection Launch,2024-12-05,2024-12-15,2024-12-18
CAMPAIGN_02924,CUST_00475,Failed,sms,Anniversary Campaign,2023-08-22,2023-08-26,2023-08-26
CAMPAIGN_02925,CUST_01992,Done,letter,New Arrivals,2023-03-30,2023-04-07,2023-04-11
CAMPAIGN_02926,CUST_02050,Done,letter,Personalized Offer,2024-08-31,2024-09-07,2024-09-10
CAMPAIGN_02927,CUST_02324,Done,call,Anniversary Campaign,2023-10-17,2023-10-18,2023-10-18
CAMPAIGN_02928,CUST_00576,Failed,call,Personalized Offer,2023-10-30,2023-11-04,2023-11-09
CAMPAIGN_02929,CUST_01609,Failed,call,Exclusive Preview,2023-01-24,2023-01-29,2023-02-02
CAMPAIGN_02930,CUST_00464,Done,letter,Exclusive Preview,2023-10-19,2023-10-22,2023-10-22
CAMPAIGN_02931,CUST_01823,Done,letter,Exclusive Preview,2024-12-14,2024-12-17,2024-12-21
CAMPAIGN_02932,CUST_01542,Failed,letter,Holiday Sale,2023-08-16,2023-08-25,2023-08-26
CAMPAIGN_02933,CUST_02325,Failed,email,Anniversary Campaign,2024-02-20,2024-02-28,2024-03-01
CAMPAIGN_02934,CUST_01473,Done,call,Spring Collection Launch,2024-11-17,2024-11-19,2024-11-19
CAMPAIGN_02935,CUST_02816,Done,letter,Personalized Offer,2023-01-16,2023-01-26,2023-01-28
CAMPAIGN_02936,CUST_00180,Done,letter,Loyalty Program Update,2023-04-15,2023-04-21,2023-04-22
CAMPAIGN_02937,CUST_02816,Done,email,Spring Collection Launch,2024-09-14,2024-09-21,2024-09-23
CAMPAIGN_02938,CUST_00949,Done,letter,Loyalty Program Update,2024-03-11,2024-03-14,2024-03-19
CAMPAIGN_02939,CUST_03490,Done,letter,Exclusive Preview,2024-03-16,2024-03-17,2024-03-17
CAMPAIGN_02940,CUST_00966,Done,letter,Personalized Offer,2023-11-21,2023-11-26,2023-12-01
CAMPAIGN_02941,CUST_00825,Done,sms,New Arrivals,2024-09-13,2024-09-23,2024-09-23
CAMPAIGN_02942,CUST_01564,Failed,letter,Holiday Sale,2024-04-05,2024-04-06,2024-04-10
CAMPAIGN_02943,CUST_01560,Done,call,Exclusive Preview,2023-05-20,2023-05-26,2023-05-28
CAMPAIGN_02944,CUST_03088,Failed,sms,Personalized Offer,2024-12-11,2024-12-19,2024-12-20
CAMPAIGN_02945,CUST_00608,Done,sms,VIP Re-engagement,2023-07-27,2023-08-05,2023-08-10
CAMPAIGN_02946,CUST_00301,Failed,letter,VIP Re-engagement,2023-06-24,2023-07-01,2023-07-02
CAMPAIGN_02947,CUST_01658,Done,sms,New Arrivals,2023-08-05,2023-08-11,2023-08-16
CAMPAIGN_02948,CUST_02407,Done,email,Anniversary Campaign,2024-07-12,2024-07-19,2024-07-21
CAMPAIGN_02949,CUST_00221,Done,sms,Anniversary Campaign,2023-02-07,2023-02-13,2023-02-13
CAMPAIGN_02950,CUST_01625,Failed,email,Loyalty Program Update,2024-04-05,2024-04-12,2024-04-13
CAMPAIGN_02951,CUST_01067,Done,email,Anniversary Campaign,2023-11-12,2023-11-20,2023-11-20
CAMPAIGN_02952,CUST_02949,Done,call,VIP Re-engagement,2024-07-04,2024-07-13,2024-07-18
CAMPAIGN_02953,CUST_00703,Done,letter,Anniversary Campaign,2024-07-30,2024-08-03,2024-08-05
CAMPAIGN_02954,CUST_02523,Failed,letter,New Arrivals,2024-07-25,2024-08-03,2024-08-07
CAMPAIGN_02955,CUST_00160,Failed,letter,Spring Collection Launch,2023-06-15,2023-06-21,2023-06-25
CAMPAIGN_02956,CUST_03204,Failed,email,New Arrivals,2024-07-20,2024-07-25,2024-07-25
CAMPAIGN_02957,CUST_02286,Done,call,Exclusive Preview,2023-08-13,2023-08-15,2023-08-20
CAMPAIGN_02958,CUST_01382,Done,email,Exclusive Preview,2024-04-14,2024-04-22,2024-04-25
CAMPAIGN_02959,CUST_01582,Failed,sms,New Arrivals,2023-04-01,2023-04-04,2023-04-06
CAMPAIGN_02960,CUST_02538,Failed,sms,Holiday Sale,2023-05-27,2023-05-28,2023-06-02
CAMPAIGN_02961,CUST_01961,Done,letter,Anniversary Campaign,2024-02-25,2024-03-03,2024-03-06
CAMPAIGN_02962,CUST_02294,Done,sms,New Arrivals,2024-02-05,2024-02-07,2024-02-08
CAMPAIGN_02963,CUST_01826,Done,letter,Anniversary Campaign,2024-11-18,2024-11-25,2024-11-27
CAMPAIGN_02964,CUST_01884,Failed,sms,Personalized Offer,2023-02-03,2023-02-04,2023-02-07
CAMPAIGN_02965,CUST_02691,Done,call,Exclusive Preview,2024-05-04,2024-05-14,2024-05-18
CAMPAIGN_02966,CUST_01184,Failed,call,Holiday Sale,2023-10-03,2023-10-06,2023-10-11
CAMPAIGN_02967,CUST_01324,Done,email,Spring Collection Launch,2023-12-24,2023-12-25,2023-12-26
CAMPAIGN_02968,CUST_01430,Failed,call,Loyalty Program Update,2023-11-26,2023-11-29,2023-12-04
CAMPAIGN_02969,CUST_01822,Failed,call,Anniversary Campaign,2023-07-15,2023-07-16,2023-07-17
CAMPAIGN_02970,CUST_02735,Done,email,Personalized Offer,2024-02-17,2024-02-22,2024-02-26
CAMPAIGN_02971,CUST_02485,Done,email,Loyalty Program Update,2024-09-27,2024-09-28,2024-09-30
CAMPAIGN_02972,CUST_03096,Done,sms,Spring Collection Launch,2024-03-18,2024-03-25,2024-03-29
CAMPAIGN_02973,CUST_02118,Done,sms,VIP Re-engagement,2023-10-11,2023-10-20,2023-10-24
CAMPAIGN_02974,CUST_01023,Failed,email,Spring Collection Launch,2023-01-25,2023-02-04,2023-02-07
CAMPAIGN_02975,CUST_00636,Failed,call,Anniversary Campaign,2024-09-16,2024-09-23,2024-09-26
CAMPAIGN_02976,CUST_01825,Failed,email,Loyalty Program Update,2024-09-29,2024-09-30,2024-10-03
CAMPAIGN_02977,CUST_00467,Done,letter,Loyalty Program Update,2023-02-14,2023-02-24,2023-02-25
CAMPAIGN_02978,CUST_01144,Failed,call,Holiday Sale,2023-02-13,2023-02-17,2023-02-17
CAMPAIGN_02979,CUST_00281,Done,letter,VIP Re-engagement,2023-05-02,2023-05-10,2023-05-10
CAMPAIGN_02980,CUST_01433,Done,letter,Holiday Sale,2023-05-06,2023-05-08,2023-05-10
CAMPAIGN_02981,CUST_00363,Done,call,Spring Collection Launch,2023-05-13,2023-05-19,2023-05-22
CAMPAIGN_02982,CUST_03337,Failed,letter,New Arrivals,2024-05-10,2024-05-16,2024-05-16
CAMPAIGN_02983,CUST_02463,Done,email,Loyalty Program Update,2024-02-13,2024-02-22,2024-02-23
CAMPAIGN_02984,CUST_00684,Done,letter,VIP Re-engagement,2024-04-26,2024-05-01,2024-05-05
CAMPAIGN_02985,CUST_00719,Failed,call,Anniversary Campaign,2024-09-01,2024-09-03,2024-09-06
CAMPAIGN_02986,CUST_02781,Failed,sms,New Arrivals,2023-01-12,2023-01-21,2023-01-21
CAMPAIGN_02987,CUST_02756,Done,sms,Holiday Sale,2023-07-05,2023-07-12,2023-07-13
CAMPAIGN_02988,CUST_01440,Done,sms,Anniversary Campaign,2024-08-04,2024-08-14,2024-08-16
CAMPAIGN_02989,CUST_02674,Failed,call,New Arrivals,2024-06-22,2024-06-27,2024-07-01
CAMPAIGN_02990,CUST_01336,Failed,call,Anniversary Campaign,2023-07-04,2023-07-13,2023-07-13
CAMPAIGN_02991,CUST_03189,Failed,call,Personalized Offer,2024-07-31,2024-08-09,2024-08-14
CAMPAIGN_02992,CUST_03224,Failed,letter,Loyalty Program Update,2023-09-22,2023-09-29,2023-10-04
CAMPAIGN_02993,CUST_01275,Done,email,Holiday Sale,2024-12-17,2024-12-27,2024-12-30
CAMPAIGN_02994,CUST_02994,Done,email,New Arrivals,2024-09-07,2024-09-16,2024-09-16
CAMPAIGN_02995,CUST_01687,Done,email,Exclusive Preview,2023-06-09,2023-06-13,2023-06-18
CAMPAIGN_02996,CUST_01213,Failed,letter,Anniversary Campaign,2024-12-02,2024-12-03,2024-12-08
CAMPAIGN_02997,CUST_02962,Failed,call,Anniversary Campaign,2024-05-20,2024-05-26,2024-05-30
CAMPAIGN_02998,CUST_03322,Done,sms,Loyalty Program Update,2024-11-13,2024-11-21,2024-11-26
CAMPAIGN_02999,CUST_00881,Done,email,Holiday Sale,2024-12-26,2025-01-05,2025-01-09
CAMPAIGN_03000,CUST_00231,Failed,email,Loyalty Program Update,2024-08-24,2024-08-28,2024-09-01
CAMPAIGN_03001,CUST_01100,Failed,call,Exclusive Preview,2023-02-25,2023-02-26,2023-02-26
CAMPAIGN_03002,CUST_02285,Done,call,New Arrivals,2024-09-09,2024-09-17,2024-09-22
CAMPAIGN_03003,CUST_02697,Done,email,New Arrivals,2023-07-17,2023-07-22,2023-07-25
CAMPAIGN_03004,CUST_02228,Done,call,Exclusive Preview,2024-01-24,2024-02-01,2024-02-03
CAMPAIGN_03005,CUST_01482,Done,sms,New Arrivals,2023-03-17,2023-03-18,2023-03-21
CAMPAIGN_03006,CUST_00655,Done,sms,Exclusive Preview,2023-12-15,2023-12-16,2023-12-16
CAMPAIGN_03007,CUST_00649,Done,sms,Holiday Sale,2023-06-06,2023-06-11,2023-06-16
CAMPAIGN_03008,CUST_02171,Failed,sms,Holiday Sale,2024-05-26,2024-05-29,2024-05-29
CAMPAIGN_03009,CUST_03293,Failed,sms,Personalized Offer,2024-10-21,2024-10-30,2024-10-31
CAMPAIGN_03010,CUST_00500,Done,email,New Arrivals,2024-07-15,2024-07-24,2024-07-26
CAMPAIGN_03011,CUST_01168,Done,email,Anniversary Campaign,2024-02-22,2024-03-01,2024-03-02
CAMPAIGN_03012,CUST_02519,Done,email,New Arrivals,2024-01-21,2024-01-27,2024-01-28
CAMPAIGN_03013,CUST_01417,Failed,call,Spring Collection Launch,2024-07-04,2024-07-14,2024-07-16
CAMPAIGN_03014,CUST_01115,Done,email,Anniversary Campaign,2023-03-16,2023-03-21,2023-03-25
CAMPAIGN_03015,CUST_01157,Done,sms,VIP Re-engagement,2023-05-16,2023-05-26,2023-05-31
CAMPAIGN_03016,CUST_01407,Done,email,VIP Re-engagement,2023-06-30,2023-07-03,2023-07-07
CAMPAIGN_03017,CUST_00655,Done,sms,Anniversary Campaign,2024-05-06,2024-05-07,2024-05-09
CAMPAIGN_03018,CUST_02501,Done,call,Exclusive Preview,2023-11-29,2023-12-04,2023-12-05
CAMPAIGN_03019,CUST_03419,Done,letter,Personalized Offer,2024-11-11,2024-11-17,2024-11-22
CAMPAIGN_03020,CUST_00657,Failed,email,Personalized Offer,2024-04-12,2024-04-19,2024-04-24
CAMPAIGN_03021,CUST_00502,Done,sms,New Arrivals,2024-01-18,2024-01-27,2024-01-28
CAMPAIGN_03022,CUST_02606,Failed,sms,Loyalty Program Update,2024-12-08,2024-12-11,2024-12-11
CAMPAIGN_03023,CUST_00546,Done,sms,Exclusive Preview,2024-12-05,2024-12-10,2024-12-11
CAMPAIGN_03024,CUST_00286,Done,call,New Arrivals,2023-03-04,2023-03-09,2023-03-10
CAMPAIGN_03025,CUST_01047,Done,email,Spring Collection Launch,2024-10-13,2024-10-16,2024-10-18
CAMPAIGN_03026,CUST_02196,Failed,email,Holiday Sale,2024-10-11,2024-10-20,2024-10-25
CAMPAIGN_03027,CUST_02261,Failed,letter,Anniversary Campaign,2024-07-15,2024-07-23,2024-07-26
CAMPAIGN_03028,CUST_02384,Failed,email,Holiday Sale,2024-07-25,2024-07-31,2024-08-03
CAMPAIGN_03029,CUST_01428,Failed,sms,Anniversary Campaign,2023-09-30,2023-10-10,2023-10-10
CAMPAIGN_03030,CUST_01473,Done,letter,Anniversary Campaign,2023-11-17,2023-11-26,2023-11-28
CAMPAIGN_03031,CUST_02828,Failed,call,Personalized Offer,2023-01-11,2023-01-21,2023-01-24
CAMPAIGN_03032,CUST_02722,Done,sms,Anniversary Campaign,2024-10-11,2024-10-20,2024-10-23
CAMPAIGN_03033,CUST_00261,Done,call,Exclusive Preview,2024-04-28,2024-05-02,2024-05-04
CAMPAIGN_03034,CUST_00957,Failed,letter,VIP Re-engagement,2024-06-01,2024-06-04,2024-06-06
CAMPAIGN_03035,CUST_01776,Done,sms,Loyalty Program Update,2023-08-19,2023-08-24,2023-08-27
CAMPAIGN_03036,CUST_00764,Done,letter,VIP Re-engagement,2023-12-28,2024-01-02,2024-01-05
CAMPAIGN_03037,CUST_02962,Failed,sms,Exclusive Preview,2024-05-03,2024-05-07,2024-05-07
CAMPAIGN_03038,CUST_00089,Done,sms,Loyalty Program Update,2023-06-30,2023-07-09,2023-07-09
CAMPAIGN_03039,CUST_01467,Done,call,Spring Collection Launch,2024-06-16,2024-06-26,2024-06-27
CAMPAIGN_03040,CUST_03389,Done,email,Anniversary Campaign,2024-05-07,2024-05-13,2024-05-14
CAMPAIGN_03041,CUST_02003,Failed,letter,Anniversary Campaign,2023-07-27,2023-08-05,2023-08-09
CAMPAIGN_03042,CUST_03278,Done,call,Spring Collection Launch,2023-08-22,2023-08-23,2023-08-28
CAMPAIGN_03043,CUST_00529,Done,email,Personalized Offer,2023-11-21,2023-11-28,2023-12-03
CAMPAIGN_03044,CUST_01416,Failed,call,Spring Collection Launch,2023-12-29,2024-01-08,2024-01-11
CAMPAIGN_03045,CUST_02343,Done,sms,Spring Collection Launch,2023-10-12,2023-10-20,2023-10-25
CAMPAIGN_03046,CUST_02016,Failed,email,Spring Collection Launch,2023-08-05,2023-08-14,2023-08-16
CAMPAIGN_03047,CUST_00188,Done,sms,Loyalty Program Update,2023-04-25,2023-04-29,2023-04-29
CAMPAIGN_03048,CUST_02780,Done,sms,New Arrivals,2023-05-29,2023-06-06,2023-06-06
CAMPAIGN_03049,CUST_02591,Failed,email,Loyalty Program Update,2024-05-16,2024-05-25,2024-05-30
CAMPAIGN_03050,CUST_03263,Failed,email,VIP Re-engagement,2024-06-07,2024-06-17,2024-06-18
CAMPAIGN_03051,CUST_02731,Done,call,Holiday Sale,2024-11-14,2024-11-17,2024-11-19
CAMPAIGN_03052,CUST_03346,Done,letter,New Arrivals,2024-09-07,2024-09-11,2024-09-11
CAMPAIGN_03053,CUST_03169,Done,call,Anniversary Campaign,2023-03-25,2023-03-28,2023-03-31
CAMPAIGN_03054,CUST_03212,Done,call,Personalized Offer,2023-06-14,2023-06-15,2023-06-15
CAMPAIGN_03055,CUST_01495,Failed,email,New Arrivals,2023-11-16,2023-11-18,2023-11-18
CAMPAIGN_03056,CUST_02336,Done,email,VIP Re-engagement,2023-10-13,2023-10-22,2023-10-22
CAMPAIGN_03057,CUST_02914,Done,email,Exclusive Preview,2023-07-24,2023-07-31,2023-07-31
CAMPAIGN_03058,CUST_01057,Done,email,Personalized Offer,2023-09-05,2023-09-12,2023-09-14
CAMPAIGN_03059,CUST_01221,Done,email,New Arrivals,2023-06-04,2023-06-14,2023-06-17
CAMPAIGN_03060,CUST_00400,Done,sms,Loyalty Program Update,2024-05-09,2024-05-16,2024-05-19
CAMPAIGN_03061,CUST_02720,Done,letter,VIP Re-engagement,2023-04-20,2023-04-24,2023-04-27
CAMPAIGN_03062,CUST_03054,Failed,call,Anniversary Campaign,2023-09-04,2023-09-14,2023-09-14
CAMPAIGN_03063,CUST_00105,Failed,email,Personalized Offer,2023-01-26,2023-01-31,2023-02-02
CAMPAIGN_03064,CUST_02905,Done,sms,Anniversary Campaign,2024-09-28,2024-10-02,2024-10-04
CAMPAIGN_03065,CUST_01547,Done,email,VIP Re-engagement,2023-07-30,2023-08-02,2023-08-04
CAMPAIGN_03066,CUST_03411,Failed,email,New Arrivals,2024-03-02,2024-03-03,2024-03-05
CAMPAIGN_03067,CUST_03344,Failed,email,Anniversary Campaign,2024-03-25,2024-04-02,2024-04-05
CAMPAIGN_03068,CUST_03334,Failed,sms,Exclusive Preview,2023-09-16,2023-09-19,2023-09-24
CAMPAIGN_03069,CUST_02692,Failed,email,Anniversary Campaign,2024-11-04,2024-11-09,2024-11-09
CAMPAIGN_03070,CUST_02197,Done,call,Loyalty Program Update,2023-12-13,2023-12-20,2023-12-23
CAMPAIGN_03071,CUST_01769,Done,sms,Loyalty Program Update,2023-02-15,2023-02-24,2023-02-24
CAMPAIGN_03072,CUST_02501,Done,letter,VIP Re-engagement,2023-12-13,2023-12-21,2023-12-22
CAMPAIGN_03073,CUST_00900,Failed,sms,Anniversary Campaign,2024-05-14,2024-05-18,2024-05-21
CAMPAIGN_03074,CUST_00345,Failed,call,Holiday Sale,2024-07-19,2024-07-29,2024-08-02
CAMPAIGN_03075,CUST_00010,Done,email,VIP Re-engagement,2023-07-02,2023-07-12,2023-07-17
CAMPAIGN_03076,CUST_00317,Done,sms,New Arrivals,2023-03-13,2023-03-20,2023-03-23
CAMPAIGN_03077,CUST_03117,Done,sms,VIP Re-engagement,2023-06-26,2023-07-02,2023-07-02
CAMPAIGN_03078,CUST_01008,Failed,email,Holiday Sale,2024-06-29,2024-07-07,2024-07-11
CAMPAIGN_03079,CUST_01057,Done,email,VIP Re-engagement,2023-03-20,2023-03-26,2023-03-29
CAMPAIGN_03080,CUST_03255,Failed,call,Loyalty Program Update,2023-07-23,2023-08-01,2023-08-02
CAMPAIGN_03081,CUST_02571,Failed,sms,Spring Collection Launch,2024-12-21,2024-12-29,2024-12-29
CAMPAIGN_03082,CUST_03197,Done,letter,Loyalty Program Update,2023-01-26,2023-01-30,2023-02-01
CAMPAIGN_03083,CUST_00148,Failed,letter,Exclusive Preview,2024-03-09,2024-03-11,2024-03-13
CAMPAIGN_03084,CUST_00746,Failed,email,Holiday Sale,2024-07-03,2024-07-08,2024-07-09
CAMPAIGN_03085,CUST_02814,Done,call,New Arrivals,2024-07-03,2024-07-11,2024-07-14
CAMPAIGN_03086,CUST_01103,Done,call,Personalized Offer,2024-11-13,2024-11-16,2024-11-17
CAMPAIGN_03087,CUST_01158,Done,email,Exclusive Preview,2023-07-13,2023-07-14,2023-07-15
CAMPAIGN_03088,CUST_00985,Done,email,Personalized Offer,2024-04-14,2024-04-19,2024-04-21
CAMPAIGN_03089,CUST_02043,Done,sms,New Arrivals,2024-03-30,2024-04-06,2024-04-11
CAMPAIGN_03090,CUST_01873,Done,call,Loyalty Program Update,2023-06-09,2023-06-19,2023-06-23
CAMPAIGN_03091,CUST_00423,Done,letter,Holiday Sale,2023-02-28,2023-03-07,2023-03-10
CAMPAIGN_03092,CUST_03287,Done,email,Exclusive Preview,2023-12-13,2023-12-18,2023-12-23
CAMPAIGN_03093,CUST_01892,Done,email,Personalized Offer,2024-02-13,2024-02-14,2024-02-17
CAMPAIGN_03094,CUST_00426,Failed,email,Anniversary Campaign,2024-05-20,2024-05-21,2024-05-23
CAMPAIGN_03095,CUST_03367,Done,email,VIP Re-engagement,2023-03-06,2023-03-10,2023-03-11
CAMPAIGN_03096,CUST_00945,Failed,call,VIP Re-engagement,2023-06-07,2023-06-14,2023-06-18
CAMPAIGN_03097,CUST_01293,Done,email,Loyalty Program Update,2023-07-26,2023-07-28,2023-07-30
CAMPAIGN_03098,CUST_02617,Done,sms,Spring Collection Launch,2024-12-31,2025-01-05,2025-01-05
CAMPAIGN_03099,CUST_00169,Done,email,VIP Re-engagement,2024-07-03,2024-07-06,2024-07-11
CAMPAIGN_03100,CUST_00448,Done,sms,Spring Collection Launch,2023-07-30,2023-08-04,2023-08-05
CAMPAIGN_03101,CUST_03231,Done,sms,Exclusive Preview,2024-07-03,2024-07-08,2024-07-10
CAMPAIGN_03102,CUST_00599,Failed,letter,Spring Collection Launch,2024-01-02,2024-01-12,2024-01-16
CAMPAIGN_03103,CUST_02904,Failed,call,Personalized Offer,2024-09-02,2024-09-10,2024-09-12
CAMPAIGN_03104,CUST_03085,Done,letter,New Arrivals,2024-09-12,2024-09-15,2024-09-18
CAMPAIGN_03105,CUST_01249,Done,email,VIP Re-engagement,2023-02-02,2023-02-04,2023-02-09
CAMPAIGN_03106,CUST_01143,Failed,letter,New Arrivals,2024-08-01,2024-08-07,2024-08-09
CAMPAIGN_03107,CUST_01380,Done,letter,Loyalty Program Update,2023-03-02,2023-03-10,2023-03-10
CAMPAIGN_03108,CUST_01889,Done,call,VIP Re-engagement,2024-08-25,2024-08-31,2024-09-01
CAMPAIGN_03109,CUST_02789,Done,sms,VIP Re-engagement,2024-08-26,2024-09-02,2024-09-02
CAMPAIGN_03110,CUST_01178,Done,letter,New Arrivals,2023-08-08,2023-08-16,2023-08-17
CAMPAIGN_03111,CUST_01046,Done,email,Exclusive Preview,2023-11-27,2023-11-29,2023-12-04
CAMPAIGN_03112,CUST_03031,Done,email,Anniversary Campaign,2024-08-18,2024-08-24,2024-08-28
CAMPAIGN_03113,CUST_00889,Done,sms,Spring Collection Launch,2023-05-16,2023-05-24,2023-05-29
CAMPAIGN_03114,CUST_02789,Done,sms,Exclusive Preview,2024-03-17,2024-03-24,2024-03-27
CAMPAIGN_03115,CUST_02336,Done,letter,New Arrivals,2023-08-31,2023-09-02,2023-09-03
CAMPAIGN_03116,CUST_02439,Failed,email,Holiday Sale,2023-06-07,2023-06-13,2023-06-18
CAMPAIGN_03117,CUST_03023,Failed,letter,VIP Re-engagement,2024-10-28,2024-10-31,2024-11-01
CAMPAIGN_03118,CUST_02666,Failed,letter,Holiday Sale,2023-12-23,2024-01-01,2024-01-02
CAMPAIGN_03119,CUST_00222,Done,letter,Exclusive Preview,2024-08-28,2024-08-29,2024-08-30
CAMPAIGN_03120,CUST_02286,Done,email,Spring Collection Launch,2023-10-29,2023-10-31,2023-11-02
CAMPAIGN_03121,CUST_01262,Done,sms,VIP Re-engagement,2023-06-27,2023-07-02,2023-07-07
CAMPAIGN_03122,CUST_00207,Done,letter,Personalized Offer,2023-04-17,2023-04-26,2023-04-27
CAMPAIGN_03123,CUST_00202,Failed,sms,Spring Collection Launch,2023-03-11,2023-03-17,2023-03-18
CAMPAIGN_03124,CUST_01989,Done,sms,Personalized Offer,2023-09-22,2023-09-27,2023-09-30
CAMPAIGN_03125,CUST_02106,Done,sms,Anniversary Campaign,2024-10-30,2024-11-01,2024-11-04
CAMPAIGN_03126,CUST_00859,Done,call,New Arrivals,2023-11-03,2023-11-10,2023-11-15
CAMPAIGN_03127,CUST_03358,Done,call,Personalized Offer,2023-10-24,2023-10-30,2023-11-01
CAMPAIGN_03128,CUST_02257,Failed,letter,Holiday Sale,2024-11-02,2024-11-04,2024-11-07
CAMPAIGN_03129,CUST_02249,Failed,email,Exclusive Preview,2023-03-04,2023-03-11,2023-03-15
CAMPAIGN_03130,CUST_02881,Failed,letter,Anniversary Campaign,2023-04-07,2023-04-15,2023-04-15
CAMPAIGN_03131,CUST_03398,Done,sms,Holiday Sale,2024-12-02,2024-12-09,2024-12-09
CAMPAIGN_03132,CUST_02292,Failed,letter,Holiday Sale,2024-05-22,2024-05-31,2024-06-01
CAMPAIGN_03133,CUST_01223,Done,call,VIP Re-engagement,2024-03-06,2024-03-11,2024-03-15
CAMPAIGN_03134,CUST_02151,Done,letter,Holiday Sale,2024-07-16,2024-07-21,2024-07-24
CAMPAIGN_03135,CUST_02741,Failed,email,Exclusive Preview,2024-01-13,2024-01-18,2024-01-19
CAMPAIGN_03136,CUST_03007,Done,letter,Anniversary Campaign,2024-12-10,2024-12-15,2024-12-15
CAMPAIGN_03137,CUST_02880,Done,email,Holiday Sale,2023-02-12,2023-02-16,2023-02-18
CAMPAIGN_03138,CUST_01259,Done,sms,Personalized Offer,2024-07-29,2024-08-07,2024-08-10
CAMPAIGN_03139,CUST_00096,Done,call,Personalized Offer,2024-08-05,2024-08-12,2024-08-15
CAMPAIGN_03140,CUST_02067,Done,sms,Loyalty Program Update,2024-01-12,2024-01-16,2024-01-16
CAMPAIGN_03141,CUST_00880,Done,sms,Holiday Sale,2024-03-19,2024-03-27,2024-03-28
CAMPAIGN_03142,CUST_02240,Done,sms,Loyalty Program Update,2024-06-21,2024-06-25,2024-06-30
CAMPAIGN_03143,CUST_01193,Done,letter,Personalized Offer,2023-11-12,2023-11-14,2023-11-16
CAMPAIGN_03144,CUST_01391,Failed,email,Exclusive Preview,2024-03-18,2024-03-24,2024-03-27
CAMPAIGN_03145,CUST_02594,Done,letter,VIP Re-engagement,2023-04-28,2023-05-05,2023-05-09
CAMPAIGN_03146,CUST_03342,Failed,email,Exclusive Preview,2024-09-03,2024-09-08,2024-09-08
CAMPAIGN_03147,CUST_01124,Done,call,Spring Collection Launch,2023-08-11,2023-08-13,2023-08-14
CAMPAIGN_03148,CUST_01574,Done,email,Anniversary Campaign,2023-07-29,2023-08-03,2023-08-04
CAMPAIGN_03149,CUST_01322,Failed,email,Exclusive Preview,2024-12-06,2024-12-08,2024-12-13
CAMPAIGN_03150,CUST_01799,Done,letter,Holiday Sale,2023-02-18,2023-02-23,2023-02-23
CAMPAIGN_03151,CUST_01328,Done,sms,Personalized Offer,2024-05-31,2024-06-02,2024-06-03
CAMPAIGN_03152,CUST_01189,Failed,call,Personalized Offer,2023-07-21,2023-07-31,2023-08-03
CAMPAIGN_03153,CUST_02867,Done,call,New Arrivals,2023-09-13,2023-09-15,2023-09-17
CAMPAIGN_03154,CUST_02289,Failed,letter,Holiday Sale,2024-09-16,2024-09-25,2024-09-27
CAMPAIGN_03155,CUST_01782,Done,call,Spring Collection Launch,2024-03-09,2024-03-11,2024-03-15
CAMPAIGN_03156,CUST_02146,Done,call,Loyalty Program Update,2023-06-29,2023-07-01,2023-07-01
CAMPAIGN_03157,CUST_02850,Failed,call,Holiday Sale,2024-08-03,2024-08-08,2024-08-08
CAMPAIGN_03158,CUST_01719,Done,email,Personalized Offer,2024-06-14,2024-06-20,2024-06-25
CAMPAIGN_03159,CUST_00805,Done,letter,Holiday Sale,2023-11-13,2023-11-22,2023-11-23
CAMPAIGN_03160,CUST_01952,Done,call,Anniversary Campaign,2024-12-29,2024-12-31,2024-12-31
CAMPAIGN_03161,CUST_00751,Failed,call,Anniversary Campaign,2023-04-05,2023-04-08,2023-04-10
CAMPAIGN_03162,CUST_00225,Failed,call,New Arrivals,2023-12-13,2023-12-21,2023-12-23
CAMPAIGN_03163,CUST_02689,Done,letter,Loyalty Program Update,2023-07-06,2023-07-15,2023-07-15
CAMPAIGN_03164,CUST_03426,Done,call,Holiday Sale,2023-05-12,2023-05-15,2023-05-16
CAMPAIGN_03165,CUST_00462,Done,call,Spring Collection Launch,2024-12-07,2024-12-11,2024-12-11
CAMPAIGN_03166,CUST_03092,Done,sms,Loyalty Program Update,2023-12-25,2023-12-27,2024-01-01
CAMPAIGN_03167,CUST_02804,Done,letter,Holiday Sale,2024-11-01,2024-11-06,2024-11-08
CAMPAIGN_03168,CUST_03168,Done,email,VIP Re-engagement,2023-07-11,2023-07-16,2023-07-21
CAMPAIGN_03169,CUST_03448,Done,letter,Holiday Sale,2024-02-11,2024-02-14,2024-02-18
CAMPAIGN_03170,CUST_00429,Failed,letter,Exclusive Preview,2023-08-15,2023-08-23,2023-08-26
CAMPAIGN_03171,CUST_01107,Failed,letter,Anniversary Campaign,2023-03-19,2023-03-22,2023-03-25
CAMPAIGN_03172,CUST_02918,Done,sms,VIP Re-engagement,2024-09-25,2024-09-29,2024-09-29
CAMPAIGN_03173,CUST_00480,Failed,letter,New Arrivals,2024-02-10,2024-02-20,2024-02-22
CAMPAIGN_03174,CUST_03165,Done,email,New Arrivals,2024-02-20,2024-02-26,2024-02-29
CAMPAIGN_03175,CUST_01004,Done,letter,VIP Re-engagement,2023-01-30,2023-02-04,2023-02-07
CAMPAIGN_03176,CUST_02770,Failed,email,New Arrivals,2024-05-07,2024-05-10,2024-05-10
CAMPAIGN_03177,CUST_01877,Done,sms,Loyalty Program Update,2024-11-23,2024-11-29,2024-12-04
CAMPAIGN_03178,CUST_00333,Done,letter,Personalized Offer,2024-10-19,2024-10-24,2024-10-24
CAMPAIGN_03179,CUST_00928,Done,call,Exclusive Preview,2023-05-20,2023-05-21,2023-05-23
CAMPAIGN_03180,CUST_00433,Done,sms,Exclusive Preview,2024-01-12,2024-01-22,2024-01-26
CAMPAIGN_03181,CUST_00222,Done,call,Anniversary Campaign,2024-04-11,2024-04-21,2024-04-21
CAMPAIGN_03182,CUST_00489,Done,sms,Anniversary Campaign,2024-01-21,2024-01-29,2024-02-03
CAMPAIGN_03183,CUST_02971,Done,call,VIP Re-engagement,2023-05-25,2023-06-02,2023-06-02
CAMPAIGN_03184,CUST_01150,Failed,letter,VIP Re-engagement,2024-05-10,2024-05-14,2024-05-15
CAMPAIGN_03185,CUST_00915,Failed,sms,New Arrivals,2023-04-10,2023-04-11,2023-04-13
CAMPAIGN_03186,CUST_03067,Failed,letter,Holiday Sale,2023-02-25,2023-03-04,2023-03-06
CAMPAIGN_03187,CUST_02166,Done,call,Exclusive Preview,2024-10-21,2024-10-26,2024-10-31
CAMPAIGN_03188,CUST_02101,Failed,letter,New Arrivals,2024-11-26,2024-11-27,2024-11-28
CAMPAIGN_03189,CUST_00097,Done,call,Anniversary Campaign,2024-03-08,2024-03-18,2024-03-23
CAMPAIGN_03190,CUST_02850,Failed,letter,New Arrivals,2024-06-16,2024-06-25,2024-06-29
CAMPAIGN_03191,CUST_01300,Done,call,Loyalty Program Update,2023-07-14,2023-07-17,2023-07-18
CAMPAIGN_03192,CUST_00881,Done,call,Spring Collection Launch,2023-12-19,2023-12-24,2023-12-27
CAMPAIGN_03193,CUST_02093,Done,sms,VIP Re-engagement,2024-12-28,2025-01-02,2025-01-02
CAMPAIGN_03194,CUST_01067,Done,call,Loyalty Program Update,2024-03-02,2024-03-05,2024-03-10
CAMPAIGN_03195,CUST_02020,Failed,letter,New Arrivals,2024-07-21,2024-07-24,2024-07-27
CAMPAIGN_03196,CUST_00862,Done,sms,Anniversary Campaign,2024-06-16,2024-06-21,2024-06-22
CAMPAIGN_03197,CUST_03474,Done,letter,Spring Collection Launch,2023-09-11,2023-09-16,2023-09-18
CAMPAIGN_03198,CUST_03490,Done,call,Personalized Offer,2024-01-16,2024-01-24,2024-01-29
CAMPAIGN_03199,CUST_00312,Done,email,Holiday Sale,2024-01-01,2024-01-10,2024-01-15
CAMPAIGN_03200,CUST_02592,Done,sms,New Arrivals,2023-06-28,2023-07-06,2023-07-10
CAMPAIGN_03201,CUST_03341,Failed,email,Personalized Offer,2023-11-08,2023-11-17,2023-11-17
CAMPAIGN_03202,CUST_01175,Done,sms,Exclusive Preview,2023-02-26,2023-02-28,2023-02-28
CAMPAIGN_03203,CUST_01716,Done,call,New Arrivals,2024-08-12,2024-08-20,2024-08-24
CAMPAIGN_03204,CUST_00983,Failed,sms,VIP Re-engagement,2023-08-15,2023-08-22,2023-08-26
CAMPAIGN_03205,CUST_02232,Failed,sms,New Arrivals,2023-02-13,2023-02-17,2023-02-21
CAMPAIGN_03206,CUST_00005,Failed,email,Anniversary Campaign,2023-04-12,2023-04-20,2023-04-24
CAMPAIGN_03207,CUST_00623,Done,email,New Arrivals,2023-03-30,2023-04-01,2023-04-02
CAMPAIGN_03208,CUST_01150,Failed,sms,Spring Collection Launch,2023-10-18,2023-10-24,2023-10-26
CAMPAIGN_03209,CUST_02599,Done,sms,Holiday Sale,2024-03-10,2024-03-13,2024-03-14
CAMPAIGN_03210,CUST_02188,Done,call,Exclusive Preview,2024-07-25,2024-08-03,2024-08-07
CAMPAIGN_03211,CUST_02125,Done,letter,Spring Collection Launch,2023-06-07,2023-06-10,2023-06-15
CAMPAIGN_03212,CUST_02054,Done,email,VIP Re-engagement,2024-06-17,2024-06-25,2024-06-27
CAMPAIGN_03213,CUST_02513,Done,email,Personalized Offer,2023-03-05,2023-03-09,2023-03-13
CAMPAIGN_03214,CUST_02163,Failed,sms,VIP Re-engagement,2024-11-30,2024-12-10,2024-12-11
CAMPAIGN_03215,CUST_00842,Done,sms,VIP Re-engagement,2024-04-20,2024-04-25,2024-04-27
CAMPAIGN_03216,CUST_03355,Failed,email,VIP Re-engagement,2024-01-06,2024-01-07,2024-01-08
CAMPAIGN_03217,CUST_01909,Done,letter,New Arrivals,2023-01-01,2023-01-08,2023-01-10
CAMPAIGN_03218,CUST_01331,Done,sms,New Arrivals,2023-09-14,2023-09-21,2023-09-21
CAMPAIGN_03219,CUST_02741,Failed,sms,Personalized Offer,2024-06-01,2024-06-06,2024-06-11
CAMPAIGN_03220,CUST_00382,Done,call,Holiday Sale,2023-08-03,2023-08-04,2023-08-09
CAMPAIGN_03221,CUST_00025,Done,letter,VIP Re-engagement,2024-06-18,2024-06-22,2024-06-25
CAMPAIGN_03222,CUST_01522,Done,call,VIP Re-engagement,2024-04-09,2024-04-11,2024-04-13
CAMPAIGN_03223,CUST_01231,Done,letter,Personalized Offer,2023-04-27,2023-05-04,2023-05-05
CAMPAIGN_03224,CUST_01336,Failed,letter,Exclusive Preview,2023-07-20,2023-07-27,2023-08-01
CAMPAIGN_03225,CUST_03268,Failed,call,Spring Collection Launch,2024-10-31,2024-11-02,2024-11-04
CAMPAIGN_03226,CUST_01612,Done,sms,Holiday Sale,2024-02-23,2024-02-28,2024-03-04
CAMPAIGN_03227,CUST_01735,Done,sms,Anniversary Campaign,2023-08-28,2023-09-05,2023-09-10
CAMPAIGN_03228,CUST_02708,Done,letter,Holiday Sale,2024-07-18,2024-07-20,2024-07-22
CAMPAIGN_03229,CUST_00894,Done,letter,Exclusive Preview,2024-06-05,2024-06-10,2024-06-12
CAMPAIGN_03230,CUST_00672,Done,sms,Holiday Sale,2023-05-21,2023-05-29,2023-05-29
CAMPAIGN_03231,CUST_02913,Done,letter,Holiday Sale,2024-06-18,2024-06-19,2024-06-22
CAMPAIGN_03232,CUST_01608,Failed,letter,Anniversary Campaign,2024-09-10,2024-09-15,2024-09-16
CAMPAIGN_03233,CUST_00840,Done,call,New Arrivals,2024-01-12,2024-01-21,2024-01-25
CAMPAIGN_03234,CUST_01548,Done,letter,New Arrivals,2024-07-02,2024-07-04,2024-07-04
CAMPAIGN_03235,CUST_03001,Done,sms,Spring Collection Launch,2023-02-18,2023-02-21,2023-02-21
CAMPAIGN_03236,CUST_01909,Done,email,Anniversary Campaign,2023-06-20,2023-06-26,2023-06-29
CAMPAIGN_03237,CUST_00220,Failed,sms,VIP Re-engagement,2024-10-23,2024-11-01,2024-11-01
CAMPAIGN_03238,CUST_02057,Done,call,Anniversary Campaign,2023-10-14,2023-10-22,2023-10-27
CAMPAIGN_03239,CUST_01592,Done,email,New Arrivals,2023-04-16,2023-04-19,2023-04-21
CAMPAIGN_03240,CUST_02169,Done,letter,VIP Re-engagement,2023-03-01,2023-03-11,2023-03-15
CAMPAIGN_03241,CUST_00486,Done,letter,Loyalty Program Update,2023-12-26,2023-12-28,2024-01-02
CAMPAIGN_03242,CUST_01074,Done,letter,New Arrivals,2023-05-14,2023-05-22,2023-05-26
CAMPAIGN_03243,CUST_02096,Done,call,Spring Collection Launch,2024-06-01,2024-06-05,2024-06-06
CAMPAIGN_03244,CUST_02457,Done,sms,Personalized Offer,2024-10-15,2024-10-22,2024-10-25
CAMPAIGN_03245,CUST_00973,Failed,sms,Spring Collection Launch,2024-11-04,2024-11-06,2024-11-08
CAMPAIGN_03246,CUST_02005,Done,call,Holiday Sale,2023-07-17,2023-07-26,2023-07-27
CAMPAIGN_03247,CUST_01186,Done,sms,VIP Re-engagement,2023-07-05,2023-07-10,2023-07-10
CAMPAIGN_03248,CUST_03182,Done,email,Holiday Sale,2023-05-07,2023-05-12,2023-05-12
CAMPAIGN_03249,CUST_00390,Done,letter,Anniversary Campaign,2024-09-22,2024-09-29,2024-10-02
CAMPAIGN_03250,CUST_01923,Failed,call,Exclusive Preview,2023-03-10,2023-03-18,2023-03-21
CAMPAIGN_03251,CUST_01773,Done,sms,Exclusive Preview,2023-11-04,2023-11-08,2023-11-10
CAMPAIGN_03252,CUST_01500,Done,email,Anniversary Campaign,2023-05-02,2023-05-10,2023-05-14
CAMPAIGN_03253,CUST_01925,Done,sms,VIP Re-engagement,2023-05-03,2023-05-11,2023-05-11
CAMPAIGN_03254,CUST_00451,Failed,sms,Exclusive Preview,2024-12-19,2024-12-27,2024-12-30
CAMPAIGN_03255,CUST_03341,Failed,letter,New Arrivals,2024-01-12,2024-01-22,2024-01-23
CAMPAIGN_03256,CUST_02499,Done,sms,Holiday Sale,2023-03-13,2023-03-20,2023-03-24
CAMPAIGN_03257,CUST_01884,Failed,call,Personalized Offer,2023-05-13,2023-05-14,2023-05-14
CAMPAIGN_03258,CUST_02055,Done,sms,Exclusive Preview,2023-04-18,2023-04-19,2023-04-21
CAMPAIGN_03259,CUST_02165,Done,sms,Loyalty Program Update,2023-06-25,2023-07-04,2023-07-09
CAMPAIGN_03260,CUST_00778,Done,email,Anniversary Campaign,2024-04-04,2024-04-14,2024-04-17
CAMPAIGN_03261,CUST_02272,Failed,call,Exclusive Preview,2024-07-25,2024-08-02,2024-08-05
CAMPAIGN_03262,CUST_01046,Done,sms,Spring Collection Launch,2024-05-16,2024-05-20,2024-05-22
CAMPAIGN_03263,CUST_00218,Done,sms,Personalized Offer,2024-12-21,2024-12-28,2025-01-02
CAMPAIGN_03264,CUST_01558,Failed,letter,Anniversary Campaign,2024-07-07,2024-07-13,2024-07-15
CAMPAIGN_03265,CUST_00443,Failed,call,Holiday Sale,2024-08-20,2024-08-28,2024-08-30
CAMPAIGN_03266,CUST_01241,Done,sms,VIP Re-engagement,2023-03-16,2023-03-26,2023-03-30
CAMPAIGN_03267,CUST_00935,Done,letter,VIP Re-engagement,2023-05-02,2023-05-12,2023-05-12
CAMPAIGN_03268,CUST_02852,Done,letter,Loyalty Program Update,2023-05-04,2023-05-05,2023-05-08
CAMPAIGN_03269,CUST_00536,Failed,email,New Arrivals,2024-06-26,2024-06-30,2024-07-04
CAMPAIGN_03270,CUST_01006,Done,email,Holiday Sale,2023-11-30,2023-12-01,2023-12-01
CAMPAIGN_03271,CUST_03207,Failed,letter,Holiday Sale,2023-07-22,2023-07-23,2023-07-23
CAMPAIGN_03272,CUST_02450,Done,call,Spring Collection Launch,2023-08-11,2023-08-15,2023-08-20
CAMPAIGN_03273,CUST_01105,Done,call,Loyalty Program Update,2023-07-06,2023-07-08,2023-07-11
CAMPAIGN_03274,CUST_03061,Done,sms,Holiday Sale,2024-01-13,2024-01-16,2024-01-17
CAMPAIGN_03275,CUST_01771,Done,letter,New Arrivals,2023-04-15,2023-04-24,2023-04-29
CAMPAIGN_03276,CUST_02301,Failed,call,Anniversary Campaign,2024-06-30,2024-07-07,2024-07-11
CAMPAIGN_03277,CUST_03027,Done,email,VIP Re-engagement,2024-10-02,2024-10-11,2024-10-12
CAMPAIGN_03278,CUST_00594,Failed,call,Personalized Offer,2023-05-16,2023-05-26,2023-05-27
CAMPAIGN_03279,CUST_00143,Done,call,VIP Re-engagement,2024-10-02,2024-10-04,2024-10-07
CAMPAIGN_03280,CUST_01815,Done,call,Personalized Offer,2023-06-23,2023-07-02,2023-07-03
CAMPAIGN_03281,CUST_00551,Done,email,VIP Re-engagement,2023-11-04,2023-11-08,2023-11-10
CAMPAIGN_03282,CUST_03302,Done,call,New Arrivals,2024-10-29,2024-10-31,2024-11-02
CAMPAIGN_03283,CUST_00790,Done,email,Anniversary Campaign,2024-09-01,2024-09-06,2024-09-07
CAMPAIGN_03284,CUST_00490,Failed,email,Personalized Offer,2024-01-30,2024-02-04,2024-02-09
CAMPAIGN_03285,CUST_01482,Done,letter,VIP Re-engagement,2024-10-18,2024-10-23,2024-10-26
CAMPAIGN_03286,CUST_01732,Done,email,Loyalty Program Update,2023-06-28,2023-07-02,2023-07-04
CAMPAIGN_03287,CUST_00900,Failed,letter,Loyalty Program Update,2024-02-06,2024-02-09,2024-02-10
CAMPAIGN_03288,CUST_01870,Done,call,Anniversary Campaign,2024-09-12,2024-09-18,2024-09-19
CAMPAIGN_03289,CUST_02996,Failed,sms,Personalized Offer,2024-05-30,2024-06-05,2024-06-05
CAMPAIGN_03290,CUST_00271,Failed,sms,Holiday Sale,2024-01-05,2024-01-07,2024-01-08
CAMPAIGN_03291,CUST_01503,Done,call,Loyalty Program Update,2024-05-13,2024-05-14,2024-05-16
CAMPAIGN_03292,CUST_02254,Done,email,VIP Re-engagement,2024-02-06,2024-02-16,2024-02-21
CAMPAIGN_03293,CUST_01322,Failed,call,Exclusive Preview,2023-03-17,2023-03-26,2023-03-31
CAMPAIGN_03294,CUST_02311,Failed,letter,New Arrivals,2024-02-21,2024-02-27,2024-03-02
CAMPAIGN_03295,CUST_02631,Done,email,Exclusive Preview,2023-12-04,2023-12-09,2023-12-11
CAMPAIGN_03296,CUST_00341,Done,letter,Exclusive Preview,2023-05-15,2023-05-22,2023-05-23
CAMPAIGN_03297,CUST_02492,Failed,letter,Loyalty Program Update,2024-02-26,2024-03-06,2024-03-08
CAMPAIGN_03298,CUST_01983,Done,email,Loyalty Program Update,2023-02-15,2023-02-17,2023-02-20
CAMPAIGN_03299,CUST_00416,Done,call,Anniversary Campaign,2023-12-25,2024-01-03,2024-01-06
CAMPAIGN_03300,CUST_03065,Done,call,Holiday Sale,2023-09-15,2023-09-18,2023-09-21
CAMPAIGN_03301,CUST_00208,Failed,call,Personalized Offer,2024-01-28,2024-01-30,2024-01-30
CAMPAIGN_03302,CUST_02967,Done,letter,Spring Collection Launch,2023-07-22,2023-07-24,2023-07-26
CAMPAIGN_03303,CUST_01711,Done,call,Spring Collection Launch,2023-04-07,2023-04-15,2023-04-18
CAMPAIGN_03304,CUST_03111,Done,letter,New Arrivals,2024-04-14,2024-04-17,2024-04-21
CAMPAIGN_03305,CUST_02679,Done,letter,Loyalty Program Update,2024-03-19,2024-03-22,2024-03-25
CAMPAIGN_03306,CUST_01560,Done,call,Exclusive Preview,2024-04-24,2024-05-03,2024-05-04
CAMPAIGN_03307,CUST_00797,Done,sms,Anniversary Campaign,2023-09-17,2023-09-18,2023-09-23
CAMPAIGN_03308,CUST_01149,Done,email,Anniversary Campaign,2023-03-27,2023-03-30,2023-03-31
CAMPAIGN_03309,CUST_01597,Failed,email,Loyalty Program Update,2023-05-04,2023-05-12,2023-05-13
CAMPAIGN_03310,CUST_01592,Done,sms,Anniversary Campaign,2023-10-07,2023-10-12,2023-10-13
CAMPAIGN_03311,CUST_01294,Failed,email,Holiday Sale,2023-04-18,2023-04-24,2023-04-29
CAMPAIGN_03312,CUST_02891,Failed,email,Loyalty Program Update,2023-12-22,2023-12-24,2023-12-25
CAMPAIGN_03313,CUST_00109,Done,sms,Exclusive Preview,2023-11-05,2023-11-15,2023-11-19
CAMPAIGN_03314,CUST_03039,Failed,call,Exclusive Preview,2023-12-03,2023-12-04,2023-12-09
CAMPAIGN_03315,CUST_00401,Done,sms,Personalized Offer,2023-11-08,2023-11-16,2023-11-20
CAMPAIGN_03316,CUST_01120,Done,call,Holiday Sale,2023-05-23,2023-05-27,2023-05-28
CAMPAIGN_03317,CUST_02995,Failed,email,Spring Collection Launch,2023-03-03,2023-03-08,2023-03-11
CAMPAIGN_03318,CUST_01392,Done,email,Personalized Offer,2023-10-06,2023-10-16,2023-10-21
CAMPAIGN_03319,CUST_02736,Failed,call,Holiday Sale,2024-05-04,2024-05-09,2024-05-09
CAMPAIGN_03320,CUST_01313,Done,sms,Personalized Offer,2023-03-12,2023-03-21,2023-03-23
CAMPAIGN_03321,CUST_01005,Done,sms,Personalized Offer,2024-12-04,2024-12-07,2024-12-07
CAMPAIGN_03322,CUST_01307,Done,email,Exclusive Preview,2023-08-26,2023-08-29,2023-09-01
CAMPAIGN_03323,CUST_00959,Failed,sms,Spring Collection Launch,2024-05-14,2024-05-19,2024-05-19
CAMPAIGN_03324,CUST_02776,Done,letter,VIP Re-engagement,2024-02-24,2024-03-02,2024-03-04
CAMPAIGN_03325,CUST_00259,Done,letter,New Arrivals,2023-06-12,2023-06-21,2023-06-23
CAMPAIGN_03326,CUST_01946,Done,email,VIP Re-engagement,2023-08-08,2023-08-13,2023-08-17
CAMPAIGN_03327,CUST_00978,Done,email,Holiday Sale,2024-06-01,2024-06-09,2024-06-09
CAMPAIGN_03328,CUST_03345,Failed,email,Spring Collection Launch,2024-12-08,2024-12-15,2024-12-16
CAMPAIGN_03329,CUST_02768,Done,sms,Exclusive Preview,2024-03-23,2024-03-25,2024-03-25
CAMPAIGN_03330,CUST_03448,Done,email,Spring Collection Launch,2023-09-21,2023-09-22,2023-09-22
CAMPAIGN_03331,CUST_02661,Failed,sms,Spring Collection Launch,2023-07-22,2023-08-01,2023-08-03
CAMPAIGN_03332,CUST_00359,Failed,sms,Anniversary Campaign,2023-11-04,2023-11-08,2023-11-09
CAMPAIGN_03333,CUST_03144,Done,sms,VIP Re-engagement,2024-02-10,2024-02-20,2024-02-21
CAMPAIGN_03334,CUST_01875,Done,email,Personalized Offer,2023-02-06,2023-02-12,2023-02-13
CAMPAIGN_03335,CUST_02989,Done,email,Holiday Sale,2024-03-16,2024-03-25,2024-03-30
CAMPAIGN_03336,CUST_03019,Failed,email,New Arrivals,2024-08-02,2024-08-04,2024-08-06
CAMPAIGN_03337,CUST_00975,Done,email,New Arrivals,2023-02-02,2023-02-04,2023-02-07
CAMPAIGN_03338,CUST_01512,Done,email,New Arrivals,2024-08-25,2024-09-02,2024-09-05
CAMPAIGN_03339,CUST_00233,Done,email,Personalized Offer,2023-07-08,2023-07-17,2023-07-19
CAMPAIGN_03340,CUST_00474,Done,call,Loyalty Program Update,2023-04-27,2023-05-07,2023-05-10
CAMPAIGN_03341,CUST_03470,Done,sms,Spring Collection Launch,2024-05-12,2024-05-16,2024-05-18
CAMPAIGN_03342,CUST_00949,Done,letter,Spring Collection Launch,2023-01-03,2023-01-10,2023-01-12
CAMPAIGN_03343,CUST_00389,Done,sms,Holiday Sale,2023-08-22,2023-08-31,2023-09-02
CAMPAIGN_03344,CUST_02099,Failed,email,Exclusive Preview,2024-12-11,2024-12-12,2024-12-12
CAMPAIGN_03345,CUST_01024,Failed,sms,Personalized Offer,2023-11-12,2023-11-20,2023-11-23
CAMPAIGN_03346,CUST_02420,Failed,call,Personalized Offer,2024-05-07,2024-05-09,2024-05-13
CAMPAIGN_03347,CUST_01145,Done,call,Anniversary Campaign,2023-07-29,2023-07-31,2023-08-03
CAMPAIGN_03348,CUST_02506,Failed,email,Spring Collection Launch,2023-09-15,2023-09-21,2023-09-25
CAMPAIGN_03349,CUST_02276,Done,call,Personalized Offer,2023-12-18,2023-12-27,2023-12-28
CAMPAIGN_03350,CUST_01556,Failed,letter,Spring Collection Launch,2023-02-08,2023-02-14,2023-02-16
CAMPAIGN_03351,CUST_02736,Failed,call,Personalized Offer,2023-04-29,2023-05-04,2023-05-04
CAMPAIGN_03352,CUST_01258,Done,letter,Spring Collection Launch,2024-04-28,2024-05-08,2024-05-12
CAMPAIGN_03353,CUST_01878,Done,call,Anniversary Campaign,2023-05-24,2023-06-01,2023-06-05
CAMPAIGN_03354,CUST_03422,Done,sms,VIP Re-engagement,2023-09-28,2023-10-02,2023-10-04
CAMPAIGN_03355,CUST_01214,Done,sms,Loyalty Program Update,2024-04-26,2024-04-27,2024-05-01
CAMPAIGN_03356,CUST_02199,Done,email,Exclusive Preview,2023-09-26,2023-10-03,2023-10-05
CAMPAIGN_03357,CUST_01155,Done,sms,Exclusive Preview,2024-12-01,2024-12-08,2024-12-09
CAMPAIGN_03358,CUST_03318,Failed,call,New Arrivals,2023-05-30,2023-06-04,2023-06-09
CAMPAIGN_03359,CUST_00131,Done,email,Personalized Offer,2023-12-26,2023-12-27,2023-12-27
CAMPAIGN_03360,CUST_03497,Done,email,Anniversary Campaign,2024-04-23,2024-05-03,2024-05-04
CAMPAIGN_03361,CUST_02068,Done,letter,Anniversary Campaign,2023-08-26,2023-08-27,2023-08-27
CAMPAIGN_03362,CUST_01085,Done,letter,Exclusive Preview,2024-11-22,2024-11-29,2024-12-01
CAMPAIGN_03363,CUST_00523,Failed,email,Exclusive Preview,2024-12-14,2024-12-24,2024-12-24
CAMPAIGN_03364,CUST_02797,Failed,call,Anniversary Campaign,2024-05-26,2024-06-04,2024-06-06
CAMPAIGN_03365,CUST_01887,Failed,sms,Holiday Sale,2023-05-15,2023-05-24,2023-05-29
CAMPAIGN_03366,CUST_01131,Done,letter,Holiday Sale,2023-10-19,2023-10-29,2023-11-03
CAMPAIGN_03367,CUST_01802,Done,sms,Exclusive Preview,2023-07-05,2023-07-09,2023-07-12
CAMPAIGN_03368,CUST_01596,Failed,sms,Anniversary Campaign,2023-10-06,2023-10-16,2023-10-18
CAMPAIGN_03369,CUST_00211,Done,letter,Loyalty Program Update,2023-01-01,2023-01-09,2023-01-12
CAMPAIGN_03370,CUST_02197,Done,call,Personalized Offer,2024-12-14,2024-12-17,2024-12-19
CAMPAIGN_03371,CUST_01891,Failed,call,Exclusive Preview,2023-04-15,2023-04-23,2023-04-25
CAMPAIGN_03372,CUST_00494,Done,call,Exclusive Preview,2023-01-17,2023-01-26,2023-01-30
CAMPAIGN_03373,CUST_03473,Done,call,Exclusive Preview,2023-01-26,2023-01-31,2023-01-31
CAMPAIGN_03374,CUST_01216,Done,email,Loyalty Program Update,2024-02-07,2024-02-12,2024-02-13
CAMPAIGN_03375,CUST_03348,Done,letter,Holiday Sale,2023-11-24,2023-12-01,2023-12-05
CAMPAIGN_03376,CUST_01392,Done,letter,Spring Collection Launch,2023-05-25,2023-06-03,2023-06-04
CAMPAIGN_03377,CUST_01925,Done,call,Spring Collection Launch,2024-07-02,2024-07-11,2024-07-11
CAMPAIGN_03378,CUST_03035,Failed,email,Exclusive Preview,2024-01-02,2024-01-07,2024-01-09
CAMPAIGN_03379,CUST_01079,Done,call,Holiday Sale,2024-07-11,2024-07-13,2024-07-14
CAMPAIGN_03380,CUST_01304,Done,call,Spring Collection Launch,2024-02-29,2024-03-09,2024-03-10
CAMPAIGN_03381,CUST_00687,Done,email,Personalized Offer,2023-04-26,2023-04-27,2023-05-02
CAMPAIGN_03382,CUST_02772,Done,sms,VIP Re-engagement,2023-11-24,2023-11-26,2023-11-29
CAMPAIGN_03383,CUST_00304,Failed,call,Exclusive Preview,2024-07-27,2024-07-29,2024-07-29
CAMPAIGN_03384,CUST_00299,Done,letter,Exclusive Preview,2024-10-26,2024-10-28,2024-10-28
CAMPAIGN_03385,CUST_01544,Failed,email,Exclusive Preview,2023-06-01,2023-06-03,2023-06-08
CAMPAIGN_03386,CUST_02202,Done,letter,Spring Collection Launch,2024-03-02,2024-03-03,2024-03-07
CAMPAIGN_03387,CUST_00746,Failed,letter,Anniversary Campaign,2023-06-11,2023-06-17,2023-06-18
CAMPAIGN_03388,CUST_02484,Failed,call,Anniversary Campaign,2023-06-19,2023-06-27,2023-07-02
CAMPAIGN_03389,CUST_02353,Failed,letter,VIP Re-engagement,2023-02-12,2023-02-20,2023-02-23
CAMPAIGN_03390,CUST_01479,Done,sms,Holiday Sale,2023-09-26,2023-10-04,2023-10-09
CAMPAIGN_03391,CUST_02232,Failed,sms,VIP Re-engagement,2024-09-14,2024-09-23,2024-09-23
CAMPAIGN_03392,CUST_00526,Failed,letter,Spring Collection Launch,2023-02-06,2023-02-15,2023-02-16
CAMPAIGN_03393,CUST_01110,Failed,letter,VIP Re-engagement,2024-11-02,2024-11-12,2024-11-13
CAMPAIGN_03394,CUST_00587,Done,sms,New Arrivals,2024-06-25,2024-07-05,2024-07-09
CAMPAIGN_03395,CUST_00044,Done,sms,Spring Collection Launch,2024-03-25,2024-03-29,2024-03-30
CAMPAIGN_03396,CUST_02202,Done,email,Loyalty Program Update,2023-11-02,2023-11-12,2023-11-16
CAMPAIGN_03397,CUST_00364,Failed,email,Spring Collection Launch,2023-12-08,2023-12-11,2023-12-12
CAMPAIGN_03398,CUST_02610,Failed,call,Spring Collection Launch,2023-09-14,2023-09-21,2023-09-26
CAMPAIGN_03399,CUST_02836,Failed,email,Holiday Sale,2023-06-07,2023-06-17,2023-06-18
CAMPAIGN_03400,CUST_02942,Done,sms,Anniversary Campaign,2023-09-01,2023-09-08,2023-09-12
CAMPAIGN_03401,CUST_02247,Done,letter,Anniversary Campaign,2023-09-17,2023-09-27,2023-09-28
CAMPAIGN_03402,CUST_01698,Failed,email,Anniversary Campaign,2023-04-30,2023-05-09,2023-05-13
CAMPAIGN_03403,CUST_02746,Done,call,New Arrivals,2023-11-04,2023-11-13,2023-11-18
CAMPAIGN_03404,CUST_02396,Failed,letter,Holiday Sale,2023-10-22,2023-10-30,2023-11-04
CAMPAIGN_03405,CUST_00246,Done,call,Spring Collection Launch,2024-03-06,2024-03-09,2024-03-13
CAMPAIGN_03406,CUST_01961,Done,email,Spring Collection Launch,2024-07-22,2024-07-30,2024-08-04
CAMPAIGN_03407,CUST_01192,Done,sms,Loyalty Program Update,2023-02-24,2023-03-04,2023-03-07
CAMPAIGN_03408,CUST_02525,Done,sms,Spring Collection Launch,2024-02-22,2024-02-23,2024-02-23
CAMPAIGN_03409,CUST_01454,Failed,letter,VIP Re-engagement,2024-09-15,2024-09-21,2024-09-24
CAMPAIGN_03410,CUST_02937,Failed,email,Holiday Sale,2023-01-05,2023-01-14,2023-01-15
CAMPAIGN_03411,CUST_02076,Done,letter,New Arrivals,2023-08-24,2023-08-31,2023-09-02
CAMPAIGN_03412,CUST_01896,Done,call,Anniversary Campaign,2024-11-25,2024-11-27,2024-12-01
CAMPAIGN_03413,CUST_01831,Done,sms,Loyalty Program Update,2024-08-23,2024-09-02,2024-09-05
CAMPAIGN_03414,CUST_01911,Done,call,New Arrivals,2024-01-14,2024-01-19,2024-01-22
CAMPAIGN_03415,CUST_00105,Failed,call,Loyalty Program Update,2023-10-27,2023-11-03,2023-11-07
CAMPAIGN_03416,CUST_00663,Done,sms,VIP Re-engagement,2023-06-07,2023-06-15,2023-06-20
CAMPAIGN_03417,CUST_02045,Done,sms,Anniversary Campaign,2024-04-15,2024-04-20,2024-04-22
CAMPAIGN_03418,CUST_03256,Failed,sms,Exclusive Preview,2023-08-15,2023-08-25,2023-08-29
CAMPAIGN_03419,CUST_00516,Done,call,VIP Re-engagement,2024-05-07,2024-05-12,2024-05-15
CAMPAIGN_03420,CUST_00258,Done,letter,New Arrivals,2023-11-20,2023-11-21,2023-11-21
CAMPAIGN_03421,CUST_00112,Done,call,Exclusive Preview,2024-01-26,2024-02-02,2024-02-03
CAMPAIGN_03422,CUST_02830,Done,sms,Anniversary Campaign,2023-02-18,2023-02-26,2023-03-03
CAMPAIGN_03423,CUST_01399,Done,email,Loyalty Program Update,2024-11-13,2024-11-18,2024-11-21
CAMPAIGN_03424,CUST_01735,Done,sms,Loyalty Program Update,2024-05-11,2024-05-21,2024-05-21
CAMPAIGN_03425,CUST_00236,Done,call,Spring Collection Launch,2023-07-12,2023-07-20,2023-07-25
CAMPAIGN_03426,CUST_02846,Done,letter,Loyalty Program Update,2023-12-27,2024-01-05,2024-01-10
CAMPAIGN_03427,CUST_01583,Failed,sms,VIP Re-engagement,2024-07-16,2024-07-26,2024-07-31
CAMPAIGN_03428,CUST_00151,Done,sms,Exclusive Preview,2024-04-29,2024-04-30,2024-05-01
CAMPAIGN_03429,CUST_02860,Done,call,Holiday Sale,2024-08-26,2024-08-30,2024-09-02
CAMPAIGN_03430,CUST_02839,Done,letter,New Arrivals,2024-05-24,2024-05-30,2024-05-30
CAMPAIGN_03431,CUST_02562,Done,letter,Exclusive Preview,2023-10-18,2023-10-24,2023-10-27
CAMPAIGN_03432,CUST_02405,Done,email,Loyalty Program Update,2023-02-13,2023-02-21,2023-02-23
CAMPAIGN_03433,CUST_02483,Failed,call,Personalized Offer,2023-02-09,2023-02-14,2023-02-14
CAMPAIGN_03434,CUST_00615,Done,letter,Anniversary Campaign,2024-01-24,2024-01-25,2024-01-29
CAMPAIGN_03435,CUST_02258,Failed,call,Exclusive Preview,2023-04-19,2023-04-25,2023-04-28
CAMPAIGN_03436,CUST_02306,Done,letter,Spring Collection Launch,2024-05-25,2024-05-31,2024-06-03
CAMPAIGN_03437,CUST_01696,Done,sms,Anniversary Campaign,2024-09-30,2024-10-02,2024-10-02
CAMPAIGN_03438,CUST_02287,Done,sms,Spring Collection Launch,2024-05-21,2024-05-31,2024-05-31
CAMPAIGN_03439,CUST_00703,Done,letter,Holiday Sale,2024-12-03,2024-12-10,2024-12-12
CAMPAIGN_03440,CUST_02939,Failed,sms,Loyalty Program Update,2024-08-14,2024-08-24,2024-08-26
CAMPAIGN_03441,CUST_03173,Failed,letter,Exclusive Preview,2024-10-19,2024-10-26,2024-10-27
CAMPAIGN_03442,CUST_00560,Done,sms,Loyalty Program Update,2024-04-16,2024-04-19,2024-04-20
CAMPAIGN_03443,CUST_02505,Done,email,Exclusive Preview,2023-10-26,2023-10-30,2023-11-03
CAMPAIGN_03444,CUST_00287,Done,letter,Loyalty Program Update,2024-04-20,2024-04-23,2024-04-26
CAMPAIGN_03445,CUST_03399,Done,call,Exclusive Preview,2023-07-16,2023-07-18,2023-07-21
CAMPAIGN_03446,CUST_03252,Failed,email,Spring Collection Launch,2024-03-07,2024-03-10,2024-03-12
CAMPAIGN_03447,CUST_00117,Failed,letter,Holiday Sale,2024-01-19,2024-01-24,2024-01-24
CAMPAIGN_03448,CUST_00661,Done,email,Personalized Offer,2023-08-09,2023-08-12,2023-08-15
CAMPAIGN_03449,CUST_01614,Failed,email,Anniversary Campaign,2024-06-06,2024-06-14,2024-06-15
CAMPAIGN_03450,CUST_01222,Done,sms,Spring Collection Launch,2023-11-24,2023-12-01,2023-12-01
CAMPAIGN_03451,CUST_00142,Failed,sms,Holiday Sale,2023-03-27,2023-04-06,2023-04-08
CAMPAIGN_03452,CUST_02333,Done,letter,Holiday Sale,2023-10-20,2023-10-28,2023-11-02
CAMPAIGN_03453,CUST_00367,Failed,letter,New Arrivals,2024-02-08,2024-02-10,2024-02-11
CAMPAIGN_03454,CUST_02459,Failed,letter,New Arrivals,2023-02-17,2023-02-24,2023-02-25
CAMPAIGN_03455,CUST_01653,Done,sms,Holiday Sale,2023-11-30,2023-12-03,2023-12-03
CAMPAIGN_03456,CUST_00552,Done,call,Holiday Sale,2024-06-03,2024-06-13,2024-06-17
CAMPAIGN_03457,CUST_02003,Failed,email,Exclusive Preview,2024-06-18,2024-06-21,2024-06-22
CAMPAIGN_03458,CUST_01920,Done,letter,Anniversary Campaign,2023-12-01,2023-12-03,2023-12-04
CAMPAIGN_03459,CUST_00766,Failed,letter,New Arrivals,2023-12-18,2023-12-19,2023-12-20
CAMPAIGN_03460,CUST_02327,Failed,call,Anniversary Campaign,2023-03-14,2023-03-16,2023-03-19
CAMPAIGN_03461,CUST_02504,Done,letter,Anniversary Campaign,2023-11-11,2023-11-14,2023-11-15
CAMPAIGN_03462,CUST_00754,Done,letter,Spring Collection Launch,2024-05-13,2024-05-21,2024-05-21
CAMPAIGN_03463,CUST_01852,Done,sms,Holiday Sale,2024-07-21,2024-07-29,2024-08-02
CAMPAIGN_03464,CUST_02964,Failed,email,Holiday Sale,2024-01-18,2024-01-26,2024-01-28
CAMPAIGN_03465,CUST_02746,Done,email,Exclusive Preview,2023-06-03,2023-06-04,2023-06-04
CAMPAIGN_03466,CUST_02522,Done,call,Spring Collection Launch,2024-09-07,2024-09-15,2024-09-18
CAMPAIGN_03467,CUST_01658,Done,letter,Anniversary Campaign,2023-08-10,2023-08-14,2023-08-17
CAMPAIGN_03468,CUST_02085,Failed,sms,New Arrivals,2023-06-10,2023-06-11,2023-06-14
CAMPAIGN_03469,CUST_00968,Done,call,Anniversary Campaign,2023-04-11,2023-04-12,2023-04-17
CAMPAIGN_03470,CUST_03369,Failed,call,New Arrivals,2023-07-29,2023-08-05,2023-08-08
CAMPAIGN_03471,CUST_01507,Failed,letter,Spring Collection Launch,2024-06-26,2024-06-29,2024-07-04
CAMPAIGN_03472,CUST_00496,Done,sms,Loyalty Program Update,2023-04-05,2023-04-13,2023-04-16
CAMPAIGN_03473,CUST_01974,Failed,email,Spring Collection Launch,2024-11-09,2024-11-14,2024-11-19
CAMPAIGN_03474,CUST_03230,Failed,call,New Arrivals,2024-01-30,2024-02-08,2024-02-10
CAMPAIGN_03475,CUST_03076,Failed,call,New Arrivals,2024-06-15,2024-06-20,2024-06-23
CAMPAIGN_03476,CUST_03261,Done,email,VIP Re-engagement,2024-05-31,2024-06-09,2024-06-10
CAMPAIGN_03477,CUST_01580,Done,sms,Spring Collection Launch,2024-05-14,2024-05-19,2024-05-24
CAMPAIGN_03478,CUST_01317,Done,sms,New Arrivals,2023-05-07,2023-05-15,2023-05-19
CAMPAIGN_03479,CUST_00686,Failed,call,Exclusive Preview,2023-07-03,2023-07-10,2023-07-10
CAMPAIGN_03480,CUST_02211,Done,call,Anniversary Campaign,2023-06-16,2023-06-26,2023-06-30
CAMPAIGN_03481,CUST_03086,Done,call,Personalized Offer,2023-10-27,2023-11-06,2023-11-09
CAMPAIGN_03482,CUST_01337,Failed,email,VIP Re-engagement,2024-03-04,2024-03-14,2024-03-18
CAMPAIGN_03483,CUST_01688,Done,call,Anniversary Campaign,2024-01-19,2024-01-21,2024-01-22
CAMPAIGN_03484,CUST_01689,Failed,letter,Holiday Sale,2023-11-14,2023-11-23,2023-11-24
CAMPAIGN_03485,CUST_00688,Done,letter,Loyalty Program Update,2023-05-03,2023-05-13,2023-05-13
CAMPAIGN_03486,CUST_01582,Failed,email,Personalized Offer,2024-08-29,2024-09-02,2024-09-05
CAMPAIGN_03487,CUST_02377,Done,email,Loyalty Program Update,2023-06-09,2023-06-12,2023-06-12
CAMPAIGN_03488,CUST_02975,Done,letter,Spring Collection Launch,2023-10-04,2023-10-11,2023-10-14
CAMPAIGN_03489,CUST_00852,Failed,letter,Anniversary Campaign,2024-09-17,2024-09-19,2024-09-24
CAMPAIGN_03490,CUST_02639,Failed,sms,New Arrivals,2024-04-10,2024-04-18,2024-04-22
CAMPAIGN_03491,CUST_02171,Failed,sms,Anniversary Campaign,2024-04-10,2024-04-16,2024-04-17
CAMPAIGN_03492,CUST_02069,Done,call,Personalized Offer,2023-05-17,2023-05-27,2023-06-01
CAMPAIGN_03493,CUST_02342,Done,sms,Spring Collection Launch,2024-03-19,2024-03-27,2024-03-31
CAMPAIGN_03494,CUST_01150,Failed,sms,Anniversary Campaign,2023-05-21,2023-05-23,2023-05-26
CAMPAIGN_03495,CUST_00344,Done,email,Personalized Offer,2023-06-19,2023-06-28,2023-06-30
CAMPAIGN_03496,CUST_01978,Done,letter,Loyalty Program Update,2023-05-01,2023-05-06,2023-05-06
CAMPAIGN_03497,CUST_01355,Done,email,VIP Re-engagement,2024-06-06,2024-06-15,2024-06-15
CAMPAIGN_03498,CUST_01904,Failed,sms,Anniversary Campaign,2024-12-26,2024-12-29,2024-12-30
CAMPAIGN_03499,CUST_01959,Done,letter,Anniversary Campaign,2023-12-02,2023-12-05,2023-12-06
CAMPAIGN_03500,CUST_02457,Done,call,New Arrivals,2024-10-06,2024-10-16,2024-10-19
CAMPAIGN_03501,CUST_02348,Failed,email,Holiday Sale,2023-06-17,2023-06-20,2023-06-25
CAMPAIGN_03502,CUST_00073,Done,call,Holiday Sale,2023-08-28,2023-08-31,2023-09-05
CAMPAIGN_03503,CUST_02413,Done,email,Exclusive Preview,2024-10-26,2024-11-01,2024-11-01
CAMPAIGN_03504,CUST_00367,Failed,call,Personalized Offer,2024-04-18,2024-04-21,2024-04-25
CAMPAIGN_03505,CUST_01455,Done,email,New Arrivals,2023-07-08,2023-07-15,2023-07-15
CAMPAIGN_03506,CUST_00548,Failed,letter,Loyalty Program Update,2023-09-19,2023-09-22,2023-09-22
CAMPAIGN_03507,CUST_02836,Failed,sms,Exclusive Preview,2024-10-12,2024-10-19,2024-10-19
CAMPAIGN_03508,CUST_00677,Done,sms,VIP Re-engagement,2024-06-02,2024-06-09,2024-06-12
CAMPAIGN_03509,CUST_00297,Done,email,New Arrivals,2023-08-19,2023-08-28,2023-08-28
CAMPAIGN_03510,CUST_00362,Failed,sms,Exclusive Preview,2023-03-10,2023-03-11,2023-03-14
CAMPAIGN_03511,CUST_00091,Done,email,VIP Re-engagement,2024-03-07,2024-03-08,2024-03-10
CAMPAIGN_03512,CUST_00242,Failed,letter,Anniversary Campaign,2024-10-10,2024-10-14,2024-10-14
CAMPAIGN_03513,CUST_01742,Done,call,Loyalty Program Update,2023-03-03,2023-03-05,2023-03-09
CAMPAIGN_03514,CUST_01033,Done,email,Loyalty Program Update,2023-07-25,2023-08-02,2023-08-02
CAMPAIGN_03515,CUST_02193,Done,sms,Personalized Offer,2024-02-03,2024-02-10,2024-02-10
CAMPAIGN_03516,CUST_01768,Done,call,Personalized Offer,2024-03-07,2024-03-14,2024-03-19
CAMPAIGN_03517,CUST_00498,Failed,sms,Exclusive Preview,2024-06-15,2024-06-25,2024-06-27
CAMPAIGN_03518,CUST_02766,Failed,email,VIP Re-engagement,2024-04-04,2024-04-14,2024-04-18
CAMPAIGN_03519,CUST_01140,Done,call,New Arrivals,2024-12-22,2024-12-30,2025-01-01
CAMPAIGN_03520,CUST_01620,Done,call,Anniversary Campaign,2023-03-16,2023-03-17,2023-03-19
CAMPAIGN_03521,CUST_02780,Done,call,Anniversary Campaign,2023-12-11,2023-12-20,2023-12-22
CAMPAIGN_03522,CUST_01118,Failed,call,Holiday Sale,2024-07-04,2024-07-07,2024-07-09
CAMPAIGN_03523,CUST_01102,Failed,sms,Spring Collection Launch,2023-11-12,2023-11-20,2023-11-21
CAMPAIGN_03524,CUST_02775,Done,letter,Loyalty Program Update,2023-01-19,2023-01-20,2023-01-24
CAMPAIGN_03525,CUST_02445,Failed,letter,Anniversary Campaign,2024-12-14,2024-12-16,2024-12-19
CAMPAIGN_03526,CUST_00993,Done,call,VIP Re-engagement,2023-09-30,2023-10-08,2023-10-11
CAMPAIGN_03527,CUST_00204,Done,call,VIP Re-engagement,2023-09-30,2023-10-06,2023-10-06
CAMPAIGN_03528,CUST_02221,Done,email,Loyalty Program Update,2023-12-23,2023-12-24,2023-12-25
CAMPAIGN_03529,CUST_02133,Done,call,Loyalty Program Update,2023-09-28,2023-10-01,2023-10-01
CAMPAIGN_03530,CUST_02946,Done,email,VIP Re-engagement,2023-02-04,2023-02-11,2023-02-13
CAMPAIGN_03531,CUST_02565,Failed,letter,New Arrivals,2023-02-13,2023-02-16,2023-02-21
CAMPAIGN_03532,CUST_02871,Done,sms,Holiday Sale,2023-04-25,2023-05-03,2023-05-08
CAMPAIGN_03533,CUST_03107,Done,email,New Arrivals,2023-09-02,2023-09-07,2023-09-09
CAMPAIGN_03534,CUST_01590,Done,email,Loyalty Program Update,2024-09-18,2024-09-28,2024-09-29
CAMPAIGN_03535,CUST_01825,Failed,call,New Arrivals,2023-09-12,2023-09-21,2023-09-25
CAMPAIGN_03536,CUST_01744,Done,call,Anniversary Campaign,2023-12-08,2023-12-18,2023-12-20
CAMPAIGN_03537,CUST_02387,Done,sms,Exclusive Preview,2023-04-26,2023-05-02,2023-05-03
CAMPAIGN_03538,CUST_01161,Failed,letter,Exclusive Preview,2023-02-14,2023-02-15,2023-02-20
CAMPAIGN_03539,CUST_03270,Done,email,VIP Re-engagement,2024-11-26,2024-12-02,2024-12-04
CAMPAIGN_03540,CUST_02289,Failed,sms,VIP Re-engagement,2023-10-29,2023-10-30,2023-10-30
CAMPAIGN_03541,CUST_01636,Failed,letter,New Arrivals,2023-02-17,2023-02-24,2023-03-01
CAMPAIGN_03542,CUST_02029,Done,letter,New Arrivals,2023-05-04,2023-05-08,2023-05-08
CAMPAIGN_03543,CUST_02687,Done,sms,Spring Collection Launch,2023-06-28,2023-07-06,2023-07-11
CAMPAIGN_03544,CUST_02900,Failed,letter,Anniversary Campaign,2024-05-16,2024-05-23,2024-05-25
CAMPAIGN_03545,CUST_00500,Done,letter,Personalized Offer,2023-06-16,2023-06-25,2023-06-28
CAMPAIGN_03546,CUST_00077,Done,letter,Exclusive Preview,2023-10-01,2023-10-08,2023-10-13
CAMPAIGN_03547,CUST_00447,Failed,email,VIP Re-engagement,2023-09-09,2023-09-14,2023-09-15
CAMPAIGN_03548,CUST_01250,Done,email,New Arrivals,2024-08-12,2024-08-21,2024-08-25
CAMPAIGN_03549,CUST_02366,Done,call,New Arrivals,2024-08-17,2024-08-22,2024-08-22
CAMPAIGN_03550,CUST_00343,Done,letter,Loyalty Program Update,2023-10-15,2023-10-17,2023-10-22
CAMPAIGN_03551,CUST_01575,Done,email,VIP Re-engagement,2024-01-16,2024-01-23,2024-01-27
CAMPAIGN_03552,CUST_02565,Failed,email,New Arrivals,2023-01-08,2023-01-15,2023-01-19
CAMPAIGN_03553,CUST_02691,Done,email,Loyalty Program Update,2023-11-08,2023-11-15,2023-11-17
CAMPAIGN_03554,CUST_02005,Done,call,Anniversary Campaign,2023-11-12,2023-11-17,2023-11-20
CAMPAIGN_03555,CUST_01377,Done,sms,Loyalty Program Update,2023-02-13,2023-02-21,2023-02-26
CAMPAIGN_03556,CUST_02918,Done,call,Spring Collection Launch,2024-05-30,2024-06-07,2024-06-07
CAMPAIGN_03557,CUST_02814,Done,email,Loyalty Program Update,2023-07-04,2023-07-11,2023-07-11
CAMPAIGN_03558,CUST_00050,Done,call,Loyalty Program Update,2024-10-18,2024-10-28,2024-10-29
CAMPAIGN_03559,CUST_01517,Done,sms,Spring Collection Launch,2023-07-23,2023-07-30,2023-08-01
CAMPAIGN_03560,CUST_02278,Done,email,New Arrivals,2023-08-05,2023-08-09,2023-08-12
CAMPAIGN_03561,CUST_01074,Done,email,Anniversary Campaign,2024-06-12,2024-06-13,2024-06-16
CAMPAIGN_03562,CUST_01517,Done,letter,Anniversary Campaign,2023-11-05,2023-11-10,2023-11-13
CAMPAIGN_03563,CUST_02064,Done,email,Holiday Sale,2023-06-15,2023-06-18,2023-06-18
CAMPAIGN_03564,CUST_00208,Failed,call,Spring Collection Launch,2023-12-06,2023-12-08,2023-12-13
CAMPAIGN_03565,CUST_01727,Failed,call,VIP Re-engagement,2024-08-31,2024-09-09,2024-09-12
CAMPAIGN_03566,CUST_00934,Done,sms,Loyalty Program Update,2024-03-12,2024-03-21,2024-03-23
CAMPAIGN_03567,CUST_03463,Done,sms,Anniversary Campaign,2023-02-26,2023-03-02,2023-03-05
CAMPAIGN_03568,CUST_00680,Failed,letter,Personalized Offer,2023-09-03,2023-09-09,2023-09-12
CAMPAIGN_03569,CUST_00865,Done,call,Spring Collection Launch,2024-03-04,2024-03-13,2024-03-15
CAMPAIGN_03570,CUST_00168,Done,call,Holiday Sale,2023-07-12,2023-07-15,2023-07-15
CAMPAIGN_03571,CUST_01843,Done,email,Exclusive Preview,2024-05-07,2024-05-09,2024-05-09
CAMPAIGN_03572,CUST_02705,Failed,sms,Holiday Sale,2023-10-16,2023-10-21,2023-10-21
CAMPAIGN_03573,CUST_02561,Failed,email,Spring Collection Launch,2024-09-07,2024-09-11,2024-09-11
CAMPAIGN_03574,CUST_01797,Done,letter,Loyalty Program Update,2024-12-04,2024-12-07,2024-12-12
CAMPAIGN_03575,CUST_00069,Done,email,Anniversary Campaign,2024-08-16,2024-08-21,2024-08-26
CAMPAIGN_03576,CUST_02963,Done,call,Exclusive Preview,2023-07-22,2023-07-24,2023-07-27
CAMPAIGN_03577,CUST_00064,Done,sms,Anniversary Campaign,2024-09-30,2024-10-10,2024-10-10
CAMPAIGN_03578,CUST_01417,Failed,letter,Loyalty Program Update,2024-06-02,2024-06-08,2024-06-11
CAMPAIGN_03579,CUST_00101,Done,letter,New Arrivals,2023-05-16,2023-05-26,2023-05-28
CAMPAIGN_03580,CUST_02165,Done,letter,New Arrivals,2023-09-27,2023-10-06,2023-10-08
CAMPAIGN_03581,CUST_02122,Done,letter,Holiday Sale,2024-04-24,2024-04-28,2024-04-29
CAMPAIGN_03582,CUST_03314,Done,email,Personalized Offer,2023-08-31,2023-09-01,2023-09-02
CAMPAIGN_03583,CUST_00748,Failed,call,Loyalty Program Update,2023-03-25,2023-03-28,2023-03-28
CAMPAIGN_03584,CUST_00433,Done,call,Personalized Offer,2023-05-07,2023-05-12,2023-05-13
CAMPAIGN_03585,CUST_03079,Failed,sms,Loyalty Program Update,2024-06-16,2024-06-17,2024-06-22
CAMPAIGN_03586,CUST_00671,Done,call,VIP Re-engagement,2023-08-31,2023-09-03,2023-09-08
CAMPAIGN_03587,CUST_02503,Failed,letter,Holiday Sale,2023-09-05,2023-09-08,2023-09-11
CAMPAIGN_03588,CUST_02069,Done,email,Holiday Sale,2024-06-08,2024-06-17,2024-06-18
CAMPAIGN_03589,CUST_03433,Failed,email,Anniversary Campaign,2023-05-23,2023-05-28,2023-05-29
CAMPAIGN_03590,CUST_00784,Failed,email,Spring Collection Launch,2024-11-02,2024-11-03,2024-11-06
CAMPAIGN_03591,CUST_00409,Done,letter,Spring Collection Launch,2023-04-08,2023-04-11,2023-04-16
CAMPAIGN_03592,CUST_00776,Done,letter,VIP Re-engagement,2023-02-24,2023-02-25,2023-03-02
CAMPAIGN_03593,CUST_00919,Done,letter,Anniversary Campaign,2024-11-25,2024-12-01,2024-12-05
CAMPAIGN_03594,CUST_02699,Failed,email,Spring Collection Launch,2023-10-23,2023-10-29,2023-11-02
CAMPAIGN_03595,CUST_02456,Done,call,VIP Re-engagement,2024-05-16,2024-05-26,2024-05-31
CAMPAIGN_03596,CUST_03101,Failed,sms,Loyalty Program Update,2024-06-07,2024-06-10,2024-06-13
CAMPAIGN_03597,CUST_00364,Failed,email,Anniversary Campaign,2024-11-07,2024-11-08,2024-11-08
CAMPAIGN_03598,CUST_00724,Done,letter,Spring Collection Launch,2023-11-17,2023-11-26,2023-11-28
CAMPAIGN_03599,CUST_00851,Done,email,Anniversary Campaign,2023-05-30,2023-06-06,2023-06-07
CAMPAIGN_03600,CUST_03034,Done,call,Anniversary Campaign,2023-03-03,2023-03-12,2023-03-16
CAMPAIGN_03601,CUST_02390,Failed,email,Holiday Sale,2023-12-25,2023-12-30,2024-01-03
CAMPAIGN_03602,CUST_01379,Failed,letter,New Arrivals,2024-07-04,2024-07-14,2024-07-17
CAMPAIGN_03603,CUST_00578,Failed,email,Personalized Offer,2023-06-01,2023-06-11,2023-06-16
CAMPAIGN_03604,CUST_00213,Done,sms,Holiday Sale,2024-02-04,2024-02-13,2024-02-17
CAMPAIGN_03605,CUST_00045,Failed,letter,Personalized Offer,2024-02-25,2024-03-03,2024-03-03
CAMPAIGN_03606,CUST_01228,Failed,call,Spring Collection Launch,2024-07-02,2024-07-10,2024-07-13
CAMPAIGN_03607,CUST_02645,Failed,letter,New Arrivals,2023-10-22,2023-10-28,2023-10-28
CAMPAIGN_03608,CUST_01708,Done,call,New Arrivals,2024-07-11,2024-07-18,2024-07-21
CAMPAIGN_03609,CUST_03037,Failed,email,Personalized Offer,2023-08-29,2023-09-08,2023-09-12
CAMPAIGN_03610,CUST_03065,Done,sms,Exclusive Preview,2024-12-05,2024-12-12,2024-12-17
CAMPAIGN_03611,CUST_02748,Failed,email,New Arrivals,2024-05-28,2024-05-31,2024-06-03
CAMPAIGN_03612,CUST_01874,Done,letter,Loyalty Program Update,2023-02-03,2023-02-11,2023-02-14
CAMPAIGN_03613,CUST_00704,Done,sms,Spring Collection Launch,2023-10-09,2023-10-19,2023-10-21
CAMPAIGN_03614,CUST_03086,Done,letter,Personalized Offer,2024-02-24,2024-02-27,2024-02-28
CAMPAIGN_03615,CUST_00267,Failed,sms,Holiday Sale,2023-04-19,2023-04-25,2023-04-29
CAMPAIGN_03616,CUST_01094,Done,letter,VIP Re-engagement,2024-03-25,2024-03-27,2024-03-27
CAMPAIGN_03617,CUST_01285,Done,email,Personalized Offer,2024-01-13,2024-01-20,2024-01-24
CAMPAIGN_03618,CUST_01602,Done,letter,VIP Re-engagement,2023-10-25,2023-11-04,2023-11-04
CAMPAIGN_03619,CUST_00518,Done,sms,Spring Collection Launch,2023-07-01,2023-07-11,2023-07-12
CAMPAIGN_03620,CUST_01760,Done,call,Anniversary Campaign,2023-01-07,2023-01-14,2023-01-14
CAMPAIGN_03621,CUST_02879,Done,call,New Arrivals,2024-10-13,2024-10-19,2024-10-20
CAMPAIGN_03622,CUST_02717,Done,call,New Arrivals,2024-06-02,2024-06-06,2024-06-10
CAMPAIGN_03623,CUST_01051,Done,sms,VIP Re-engagement,2023-09-27,2023-10-02,2023-10-04
CAMPAIGN_03624,CUST_00251,Done,call,Anniversary Campaign,2024-11-15,2024-11-25,2024-11-25
CAMPAIGN_03625,CUST_01190,Done,letter,Loyalty Program Update,2024-11-29,2024-12-07,2024-12-09
CAMPAIGN_03626,CUST_02291,Done,call,New Arrivals,2023-07-04,2023-07-05,2023-07-06
CAMPAIGN_03627,CUST_02103,Done,letter,VIP Re-engagement,2024-07-26,2024-07-31,2024-08-05
CAMPAIGN_03628,CUST_02078,Done,email,Exclusive Preview,2024-05-29,2024-06-07,2024-06-12
CAMPAIGN_03629,CUST_00498,Failed,call,New Arrivals,2024-04-18,2024-04-27,2024-04-27
CAMPAIGN_03630,CUST_02065,Failed,email,New Arrivals,2023-06-12,2023-06-16,2023-06-18
CAMPAIGN_03631,CUST_02638,Done,email,Holiday Sale,2024-04-15,2024-04-16,2024-04-21
CAMPAIGN_03632,CUST_02720,Done,letter,Loyalty Program Update,2023-05-03,2023-05-09,2023-05-14
CAMPAIGN_03633,CUST_00733,Failed,sms,Holiday Sale,2024-07-17,2024-07-19,2024-07-23
CAMPAIGN_03634,CUST_03187,Done,letter,Exclusive Preview,2024-01-24,2024-02-02,2024-02-02
CAMPAIGN_03635,CUST_02332,Failed,call,Anniversary Campaign,2023-02-18,2023-02-21,2023-02-26
CAMPAIGN_03636,CUST_00262,Done,sms,Personalized Offer,2024-06-24,2024-07-04,2024-07-09
CAMPAIGN_03637,CUST_00304,Failed,sms,Spring Collection Launch,2024-01-01,2024-01-09,2024-01-14
CAMPAIGN_03638,CUST_01323,Done,sms,Spring Collection Launch,2024-02-17,2024-02-25,2024-02-26
CAMPAIGN_03639,CUST_00687,Done,call,Loyalty Program Update,2023-11-17,2023-11-19,2023-11-22
CAMPAIGN_03640,CUST_02729,Done,email,Personalized Offer,2023-01-08,2023-01-13,2023-01-18
CAMPAIGN_03641,CUST_00675,Failed,email,Anniversary Campaign,2023-01-17,2023-01-23,2023-01-25
CAMPAIGN_03642,CUST_00346,Failed,email,Holiday Sale,2023-01-29,2023-02-08,2023-02-11
CAMPAIGN_03643,CUST_01137,Failed,call,Anniversary Campaign,2023-01-25,2023-02-01,2023-02-01
CAMPAIGN_03644,CUST_02940,Done,email,Anniversary Campaign,2024-05-21,2024-05-24,2024-05-24
CAMPAIGN_03645,CUST_03498,Done,sms,Personalized Offer,2023-10-24,2023-10-25,2023-10-28
CAMPAIGN_03646,CUST_00645,Failed,letter,Exclusive Preview,2023-02-13,2023-02-21,2023-02-25
CAMPAIGN_03647,CUST_01906,Done,letter,Spring Collection Launch,2023-01-06,2023-01-14,2023-01-18
CAMPAIGN_03648,CUST_02883,Failed,call,Loyalty Program Update,2023-06-01,2023-06-03,2023-06-06
CAMPAIGN_03649,CUST_02280,Done,sms,New Arrivals,2023-07-05,2023-07-11,2023-07-14
CAMPAIGN_03650,CUST_03314,Done,sms,Exclusive Preview,2024-10-08,2024-10-15,2024-10-20
CAMPAIGN_03651,CUST_01905,Done,letter,VIP Re-engagement,2023-05-07,2023-05-11,2023-05-13
CAMPAIGN_03652,CUST_02589,Failed,email,Spring Collection Launch,2023-02-10,2023-02-17,2023-02-20
CAMPAIGN_03653,CUST_02601,Done,letter,Holiday Sale,2024-08-23,2024-09-01,2024-09-05
CAMPAIGN_03654,CUST_02793,Failed,call,Anniversary Campaign,2023-05-05,2023-05-06,2023-05-07
CAMPAIGN_03655,CUST_01518,Done,email,Anniversary Campaign,2023-04-22,2023-04-27,2023-05-01
CAMPAIGN_03656,CUST_01024,Failed,sms,Exclusive Preview,2023-06-04,2023-06-09,2023-06-13
CAMPAIGN_03657,CUST_00597,Failed,letter,VIP Re-engagement,2024-10-05,2024-10-08,2024-10-09
CAMPAIGN_03658,CUST_01678,Failed,email,Exclusive Preview,2023-01-22,2023-01-29,2023-02-01
CAMPAIGN_03659,CUST_02649,Done,email,Spring Collection Launch,2024-07-13,2024-07-16,2024-07-18
CAMPAIGN_03660,CUST_03204,Failed,email,Personalized Offer,2024-08-21,2024-08-25,2024-08-26
CAMPAIGN_03661,CUST_02721,Done,letter,Holiday Sale,2024-08-10,2024-08-11,2024-08-13
CAMPAIGN_03662,CUST_00238,Failed,email,Exclusive Preview,2024-03-14,2024-03-15,2024-03-20
CAMPAIGN_03663,CUST_02664,Failed,email,Personalized Offer,2024-09-07,2024-09-08,2024-09-10
CAMPAIGN_03664,CUST_01435,Done,email,New Arrivals,2023-05-08,2023-05-15,2023-05-17
CAMPAIGN_03665,CUST_01094,Done,letter,VIP Re-engagement,2023-01-10,2023-01-13,2023-01-16
CAMPAIGN_03666,CUST_01465,Failed,sms,VIP Re-engagement,2023-02-20,2023-03-02,2023-03-06
CAMPAIGN_03667,CUST_01254,Done,email,VIP Re-engagement,2023-12-24,2023-12-26,2023-12-26
CAMPAIGN_03668,CUST_02616,Failed,sms,Spring Collection Launch,2024-03-06,2024-03-15,2024-03-18
CAMPAIGN_03669,CUST_01700,Failed,letter,Exclusive Preview,2024-09-29,2024-10-06,2024-10-10
CAMPAIGN_03670,CUST_02686,Done,email,Anniversary Campaign,2023-12-30,2023-12-31,2024-01-03
CAMPAIGN_03671,CUST_00429,Failed,email,New Arrivals,2023-04-06,2023-04-11,2023-04-12
CAMPAIGN_03672,CUST_01006,Done,email,Exclusive Preview,2023-02-25,2023-03-07,2023-03-09
CAMPAIGN_03673,CUST_02757,Done,sms,Anniversary Campaign,2023-02-22,2023-02-25,2023-02-26
CAMPAIGN_03674,CUST_01177,Failed,email,Holiday Sale,2023-12-07,2023-12-09,2023-12-14
CAMPAIGN_03675,CUST_02645,Failed,letter,Exclusive Preview,2024-04-12,2024-04-13,2024-04-15
CAMPAIGN_03676,CUST_02627,Failed,email,Spring Collection Launch,2023-04-29,2023-05-01,2023-05-05
CAMPAIGN_03677,CUST_00805,Done,email,Spring Collection Launch,2023-12-14,2023-12-16,2023-12-20
CAMPAIGN_03678,CUST_01556,Failed,email,Spring Collection Launch,2023-09-23,2023-09-29,2023-10-04
CAMPAIGN_03679,CUST_00881,Done,sms,New Arrivals,2023-05-16,2023-05-25,2023-05-29
CAMPAIGN_03680,CUST_02119,Done,sms,New Arrivals,2023-01-14,2023-01-15,2023-01-15
CAMPAIGN_03681,CUST_00789,Done,call,Spring Collection Launch,2024-03-21,2024-03-27,2024-03-29
CAMPAIGN_03682,CUST_02100,Failed,email,Loyalty Program Update,2024-12-08,2024-12-14,2024-12-17
CAMPAIGN_03683,CUST_00098,Done,letter,Exclusive Preview,2024-12-31,2025-01-09,2025-01-11
CAMPAIGN_03684,CUST_01585,Done,sms,Spring Collection Launch,2024-02-15,2024-02-25,2024-03-01
CAMPAIGN_03685,CUST_01791,Done,call,Exclusive Preview,2023-05-01,2023-05-03,2023-05-03
CAMPAIGN_03686,CUST_02000,Failed,sms,New Arrivals,2023-10-22,2023-10-29,2023-10-29
CAMPAIGN_03687,CUST_02764,Done,email,Exclusive Preview,2023-11-29,2023-12-01,2023-12-02
CAMPAIGN_03688,CUST_02854,Done,email,Exclusive Preview,2023-05-12,2023-05-20,2023-05-24
CAMPAIGN_03689,CUST_00973,Failed,call,Loyalty Program Update,2023-10-04,2023-10-13,2023-10-18
CAMPAIGN_03690,CUST_02290,Done,sms,New Arrivals,2024-06-19,2024-06-23,2024-06-25
CAMPAIGN_03691,CUST_01314,Done,email,Personalized Offer,2023-03-04,2023-03-12,2023-03-17
CAMPAIGN_03692,CUST_02440,Done,call,Spring Collection Launch,2023-06-16,2023-06-21,2023-06-22
CAMPAIGN_03693,CUST_00720,Done,call,Loyalty Program Update,2024-03-03,2024-03-06,2024-03-08
CAMPAIGN_03694,CUST_02734,Done,letter,Personalized Offer,2024-12-18,2024-12-28,2024-12-28
CAMPAIGN_03695,CUST_02574,Failed,email,VIP Re-engagement,2023-07-17,2023-07-27,2023-07-28
CAMPAIGN_03696,CUST_03363,Failed,letter,Personalized Offer,2024-01-19,2024-01-24,2024-01-26
CAMPAIGN_03697,CUST_02858,Failed,letter,Anniversary Campaign,2023-01-25,2023-01-31,2023-01-31
CAMPAIGN_03698,CUST_01661,Failed,letter,Holiday Sale,2024-07-19,2024-07-21,2024-07-26
CAMPAIGN_03699,CUST_01024,Failed,call,VIP Re-engagement,2023-11-30,2023-12-01,2023-12-06
CAMPAIGN_03700,CUST_01318,Done,call,VIP Re-engagement,2023-10-14,2023-10-16,2023-10-19
CAMPAIGN_03701,CUST_00075,Done,sms,Spring Collection Launch,2023-08-11,2023-08-16,2023-08-19
CAMPAIGN_03702,CUST_02374,Done,sms,Exclusive Preview,2023-11-12,2023-11-19,2023-11-22
CAMPAIGN_03703,CUST_00790,Done,sms,Personalized Offer,2024-04-21,2024-04-30,2024-05-02
CAMPAIGN_03704,CUST_01404,Done,email,Spring Collection Launch,2024-07-09,2024-07-16,2024-07-20
CAMPAIGN_03705,CUST_02856,Done,letter,Spring Collection Launch,2023-02-15,2023-02-17,2023-02-18
CAMPAIGN_03706,CUST_01892,Done,letter,Personalized Offer,2023-05-29,2023-06-03,2023-06-06
CAMPAIGN_03707,CUST_02424,Done,email,Spring Collection Launch,2024-04-23,2024-04-24,2024-04-28
CAMPAIGN_03708,CUST_03288,Done,sms,Personalized Offer,2024-07-27,2024-07-30,2024-07-31
CAMPAIGN_03709,CUST_01984,Done,letter,New Arrivals,2024-10-17,2024-10-26,2024-10-27
CAMPAIGN_03710,CUST_01645,Failed,call,Holiday Sale,2023-12-31,2024-01-09,2024-01-12
CAMPAIGN_03711,CUST_02270,Done,email,Spring Collection Launch,2023-05-21,2023-05-29,2023-06-01
CAMPAIGN_03712,CUST_00040,Done,sms,VIP Re-engagement,2024-10-08,2024-10-12,2024-10-15
CAMPAIGN_03713,CUST_01644,Failed,letter,New Arrivals,2024-02-14,2024-02-19,2024-02-24
CAMPAIGN_03714,CUST_01635,Done,letter,Loyalty Program Update,2024-10-23,2024-10-29,2024-11-02
CAMPAIGN_03715,CUST_02553,Done,email,VIP Re-engagement,2024-12-19,2024-12-23,2024-12-23
CAMPAIGN_03716,CUST_00768,Failed,sms,Loyalty Program Update,2024-05-09,2024-05-15,2024-05-18
CAMPAIGN_03717,CUST_02804,Done,letter,Personalized Offer,2023-01-18,2023-01-28,2023-01-29
CAMPAIGN_03718,CUST_03201,Done,letter,New Arrivals,2023-08-25,2023-08-31,2023-09-02
CAMPAIGN_03719,CUST_03342,Failed,call,Holiday Sale,2024-05-20,2024-05-29,2024-06-01
CAMPAIGN_03720,CUST_00194,Failed,sms,Holiday Sale,2024-09-08,2024-09-16,2024-09-18
CAMPAIGN_03721,CUST_00307,Done,call,Loyalty Program Update,2023-03-10,2023-03-17,2023-03-22
CAMPAIGN_03722,CUST_02637,Done,sms,Personalized Offer,2023-11-12,2023-11-17,2023-11-18
CAMPAIGN_03723,CUST_02518,Done,call,Anniversary Campaign,2024-10-27,2024-11-06,2024-11-10
CAMPAIGN_03724,CUST_00197,Failed,sms,Spring Collection Launch,2023-01-31,2023-02-06,2023-02-08
CAMPAIGN_03725,CUST_00192,Failed,sms,Personalized Offer,2023-05-22,2023-05-26,2023-05-29
CAMPAIGN_03726,CUST_02044,Done,letter,VIP Re-engagement,2023-11-22,2023-12-02,2023-12-05
CAMPAIGN_03727,CUST_02020,Failed,email,Personalized Offer,2024-11-19,2024-11-27,2024-11-30
CAMPAIGN_03728,CUST_03344,Failed,email,Holiday Sale,2024-02-28,2024-03-06,2024-03-08
CAMPAIGN_03729,CUST_00919,Done,email,Loyalty Program Update,2024-01-06,2024-01-15,2024-01-16
CAMPAIGN_03730,CUST_02926,Done,call,Holiday Sale,2024-01-22,2024-01-30,2024-01-30
CAMPAIGN_03731,CUST_00007,Failed,sms,Exclusive Preview,2024-05-17,2024-05-19,2024-05-22
CAMPAIGN_03732,CUST_02951,Done,email,Holiday Sale,2024-06-28,2024-07-05,2024-07-07
CAMPAIGN_03733,CUST_01118,Failed,email,Holiday Sale,2024-09-14,2024-09-21,2024-09-26
CAMPAIGN_03734,CUST_03444,Done,sms,Spring Collection Launch,2023-09-30,2023-10-02,2023-10-04
CAMPAIGN_03735,CUST_00565,Done,sms,Personalized Offer,2023-07-23,2023-07-29,2023-07-29
CAMPAIGN_03736,CUST_02460,Done,sms,Spring Collection Launch,2023-12-17,2023-12-21,2023-12-23
CAMPAIGN_03737,CUST_02778,Done,letter,Exclusive Preview,2023-07-29,2023-07-31,2023-08-05
CAMPAIGN_03738,CUST_01247,Done,letter,New Arrivals,2024-09-16,2024-09-23,2024-09-28
CAMPAIGN_03739,CUST_01738,Failed,sms,Exclusive Preview,2023-04-17,2023-04-24,2023-04-25
CAMPAIGN_03740,CUST_01431,Failed,call,Anniversary Campaign,2023-05-09,2023-05-14,2023-05-19
CAMPAIGN_03741,CUST_01776,Done,letter,Holiday Sale,2024-12-28,2024-12-30,2025-01-03
CAMPAIGN_03742,CUST_01450,Done,letter,Spring Collection Launch,2023-09-10,2023-09-19,2023-09-23
CAMPAIGN_03743,CUST_03274,Done,call,Anniversary Campaign,2023-09-23,2023-09-25,2023-09-29
CAMPAIGN_03744,CUST_01784,Done,sms,Holiday Sale,2024-02-10,2024-02-15,2024-02-17
CAMPAIGN_03745,CUST_00006,Done,letter,Anniversary Campaign,2024-05-02,2024-05-04,2024-05-06
CAMPAIGN_03746,CUST_03341,Failed,letter,New Arrivals,2023-08-04,2023-08-08,2023-08-08
CAMPAIGN_03747,CUST_01475,Done,letter,Loyalty Program Update,2023-05-06,2023-05-09,2023-05-13
CAMPAIGN_03748,CUST_03453,Done,sms,Loyalty Program Update,2023-05-20,2023-05-25,2023-05-27
CAMPAIGN_03749,CUST_00375,Done,sms,Anniversary Campaign,2023-10-07,2023-10-12,2023-10-17
CAMPAIGN_03750,CUST_02955,Done,sms,Spring Collection Launch,2023-08-04,2023-08-11,2023-08-13
CAMPAIGN_03751,CUST_01756,Done,sms,Spring Collection Launch,2023-02-22,2023-02-26,2023-02-28
CAMPAIGN_03752,CUST_03307,Done,sms,New Arrivals,2024-08-14,2024-08-16,2024-08-16
CAMPAIGN_03753,CUST_01137,Failed,sms,New Arrivals,2023-02-05,2023-02-13,2023-02-18
CAMPAIGN_03754,CUST_02892,Failed,call,VIP Re-engagement,2023-03-02,2023-03-05,2023-03-05
CAMPAIGN_03755,CUST_00232,Failed,letter,Holiday Sale,2024-03-28,2024-04-04,2024-04-09
CAMPAIGN_03756,CUST_01188,Done,email,VIP Re-engagement,2024-08-09,2024-08-16,2024-08-16
CAMPAIGN_03757,CUST_02793,Failed,sms,Loyalty Program Update,2023-03-22,2023-03-28,2023-03-30
CAMPAIGN_03758,CUST_00350,Failed,letter,Anniversary Campaign,2024-02-02,2024-02-06,2024-02-09
CAMPAIGN_03759,CUST_00416,Done,email,VIP Re-engagement,2024-01-29,2024-02-03,2024-02-05
CAMPAIGN_03760,CUST_03184,Done,email,Personalized Offer,2024-12-04,2024-12-06,2024-12-07
CAMPAIGN_03761,CUST_02796,Done,sms,Loyalty Program Update,2024-05-15,2024-05-25,2024-05-27
CAMPAIGN_03762,CUST_03281,Done,email,VIP Re-engagement,2024-03-11,2024-03-21,2024-03-21
CAMPAIGN_03763,CUST_03203,Done,email,Spring Collection Launch,2024-01-21,2024-01-29,2024-01-31
CAMPAIGN_03764,CUST_01654,Failed,sms,Exclusive Preview,2023-09-19,2023-09-25,2023-09-26
CAMPAIGN_03765,CUST_02710,Done,sms,Anniversary Campaign,2024-07-26,2024-08-01,2024-08-01
CAMPAIGN_03766,CUST_01314,Done,letter,Loyalty Program Update,2023-10-17,2023-10-19,2023-10-22
CAMPAIGN_03767,CUST_01889,Done,letter,Holiday Sale,2024-02-01,2024-02-02,2024-02-06
CAMPAIGN_03768,CUST_01761,Failed,sms,VIP Re-engagement,2024-08-03,2024-08-07,2024-08-12
CAMPAIGN_03769,CUST_02829,Failed,letter,Personalized Offer,2024-06-01,2024-06-10,2024-06-13
CAMPAIGN_03770,CUST_01879,Failed,call,Loyalty Program Update,2024-08-11,2024-08-17,2024-08-20
CAMPAIGN_03771,CUST_01183,Done,call,New Arrivals,2024-06-27,2024-06-30,2024-07-01
CAMPAIGN_03772,CUST_00184,Done,email,Anniversary Campaign,2024-02-23,2024-03-01,2024-03-04
CAMPAIGN_03773,CUST_02842,Done,call,Personalized Offer,2024-01-27,2024-02-06,2024-02-09
CAMPAIGN_03774,CUST_03130,Done,call,Loyalty Program Update,2024-09-16,2024-09-17,2024-09-18
CAMPAIGN_03775,CUST_01996,Failed,email,VIP Re-engagement,2024-08-15,2024-08-19,2024-08-22
CAMPAIGN_03776,CUST_03147,Done,email,Exclusive Preview,2023-11-25,2023-12-04,2023-12-08
CAMPAIGN_03777,CUST_01801,Failed,letter,Personalized Offer,2023-01-07,2023-01-12,2023-01-16
CAMPAIGN_03778,CUST_00271,Failed,sms,Holiday Sale,2023-01-22,2023-01-28,2023-02-01
CAMPAIGN_03779,CUST_01129,Failed,email,VIP Re-engagement,2023-02-12,2023-02-16,2023-02-20
CAMPAIGN_03780,CUST_00925,Done,sms,Anniversary Campaign,2024-01-14,2024-01-24,2024-01-27
CAMPAIGN_03781,CUST_00793,Failed,call,Personalized Offer,2023-11-21,2023-11-24,2023-11-27
CAMPAIGN_03782,CUST_00737,Done,letter,Holiday Sale,2024-02-15,2024-02-19,2024-02-20
CAMPAIGN_03783,CUST_00663,Done,call,Holiday Sale,2024-03-12,2024-03-20,2024-03-24
CAMPAIGN_03784,CUST_01454,Failed,email,Spring Collection Launch,2024-04-22,2024-04-29,2024-05-03
CAMPAIGN_03785,CUST_02156,Failed,sms,Anniversary Campaign,2023-03-01,2023-03-07,2023-03-11
CAMPAIGN_03786,CUST_02682,Failed,letter,Exclusive Preview,2023-05-12,2023-05-20,2023-05-25
CAMPAIGN_03787,CUST_00698,Failed,sms,Anniversary Campaign,2023-02-15,2023-02-20,2023-02-21
CAMPAIGN_03788,CUST_01882,Done,email,Loyalty Program Update,2023-10-24,2023-10-28,2023-10-30
CAMPAIGN_03789,CUST_00999,Done,call,Anniversary Campaign,2023-07-09,2023-07-14,2023-07-19
CAMPAIGN_03790,CUST_01312,Done,email,Anniversary Campaign,2023-02-26,2023-03-05,2023-03-06
CAMPAIGN_03791,CUST_01007,Done,call,Personalized Offer,2024-01-24,2024-01-27,2024-01-27
CAMPAIGN_03792,CUST_02819,Done,call,Personalized Offer,2024-01-23,2024-01-26,2024-01-27
CAMPAIGN_03793,CUST_01695,Done,letter,Exclusive Preview,2023-10-05,2023-10-10,2023-10-14
CAMPAIGN_03794,CUST_03299,Done,call,Personalized Offer,2024-04-09,2024-04-12,2024-04-17
CAMPAIGN_03795,CUST_01439,Failed,call,Anniversary Campaign,2023-03-23,2023-04-01,2023-04-02
CAMPAIGN_03796,CUST_01387,Done,email,Loyalty Program Update,2024-05-06,2024-05-13,2024-05-16
CAMPAIGN_03797,CUST_00894,Done,sms,Personalized Offer,2023-04-07,2023-04-17,2023-04-19
CAMPAIGN_03798,CUST_03069,Failed,email,New Arrivals,2023-04-05,2023-04-07,2023-04-09
CAMPAIGN_03799,CUST_02319,Done,email,Loyalty Program Update,2023-11-14,2023-11-24,2023-11-25
CAMPAIGN_03800,CUST_00920,Done,sms,Loyalty Program Update,2024-06-04,2024-06-11,2024-06-14
CAMPAIGN_03801,CUST_02262,Done,letter,Spring Collection Launch,2023-03-08,2023-03-15,2023-03-16
CAMPAIGN_03802,CUST_02459,Failed,email,Anniversary Campaign,2024-12-09,2024-12-10,2024-12-13
CAMPAIGN_03803,CUST_01423,Done,sms,Anniversary Campaign,2024-04-19,2024-04-20,2024-04-24
CAMPAIGN_03804,CUST_01402,Failed,sms,VIP Re-engagement,2023-12-30,2024-01-02,2024-01-06
CAMPAIGN_03805,CUST_00943,Done,sms,Personalized Offer,2024-01-30,2024-02-05,2024-02-10
CAMPAIGN_03806,CUST_02841,Done,sms,Personalized Offer,2024-12-07,2024-12-10,2024-12-13
CAMPAIGN_03807,CUST_03099,Done,sms,Anniversary Campaign,2023-03-19,2023-03-23,2023-03-28
CAMPAIGN_03808,CUST_00203,Failed,letter,Spring Collection Launch,2024-06-04,2024-06-08,2024-06-08
CAMPAIGN_03809,CUST_00859,Done,letter,VIP Re-engagement,2023-09-29,2023-10-06,2023-10-10
CAMPAIGN_03810,CUST_00792,Done,call,Holiday Sale,2024-06-06,2024-06-13,2024-06-16
CAMPAIGN_03811,CUST_01391,Failed,letter,Holiday Sale,2024-10-12,2024-10-21,2024-10-25
CAMPAIGN_03812,CUST_00289,Done,email,Exclusive Preview,2023-09-06,2023-09-11,2023-09-12
CAMPAIGN_03813,CUST_01056,Done,email,Holiday Sale,2024-11-22,2024-11-26,2024-11-27
CAMPAIGN_03814,CUST_02859,Done,letter,Anniversary Campaign,2024-05-05,2024-05-14,2024-05-17
CAMPAIGN_03815,CUST_02963,Done,call,Anniversary Campaign,2024-11-10,2024-11-15,2024-11-16
CAMPAIGN_03816,CUST_00235,Done,sms,Personalized Offer,2023-01-08,2023-01-13,2023-01-15
CAMPAIGN_03817,CUST_01812,Failed,call,VIP Re-engagement,2023-01-31,2023-02-08,2023-02-13
CAMPAIGN_03818,CUST_01598,Done,sms,Exclusive Preview,2024-11-14,2024-11-21,2024-11-24
CAMPAIGN_03819,CUST_03099,Done,sms,Anniversary Campaign,2024-02-15,2024-02-20,2024-02-25
CAMPAIGN_03820,CUST_00138,Done,call,Exclusive Preview,2023-08-22,2023-08-23,2023-08-28
CAMPAIGN_03821,CUST_00087,Failed,email,Holiday Sale,2024-04-03,2024-04-07,2024-04-09
CAMPAIGN_03822,CUST_01077,Done,call,Spring Collection Launch,2023-09-25,2023-10-05,2023-10-09
CAMPAIGN_03823,CUST_02789,Done,email,New Arrivals,2023-03-12,2023-03-15,2023-03-18
CAMPAIGN_03824,CUST_00634,Done,email,Spring Collection Launch,2023-11-02,2023-11-10,2023-11-13
CAMPAIGN_03825,CUST_02780,Done,email,Holiday Sale,2023-02-15,2023-02-18,2023-02-19
CAMPAIGN_03826,CUST_03193,Failed,sms,Holiday Sale,2023-02-07,2023-02-09,2023-02-12
CAMPAIGN_03827,CUST_02633,Done,sms,Loyalty Program Update,2023-03-26,2023-03-29,2023-04-01
CAMPAIGN_03828,CUST_03362,Done,email,Loyalty Program Update,2023-07-26,2023-08-03,2023-08-03
CAMPAIGN_03829,CUST_00264,Failed,email,Loyalty Program Update,2023-10-11,2023-10-15,2023-10-20
CAMPAIGN_03830,CUST_03431,Done,letter,Exclusive Preview,2024-01-24,2024-01-29,2024-02-03
CAMPAIGN_03831,CUST_02094,Done,email,Spring Collection Launch,2023-06-12,2023-06-17,2023-06-19
CAMPAIGN_03832,CUST_01722,Failed,letter,VIP Re-engagement,2024-11-26,2024-11-28,2024-11-30
CAMPAIGN_03833,CUST_02823,Done,call,Loyalty Program Update,2024-01-13,2024-01-19,2024-01-23
CAMPAIGN_03834,CUST_02680,Failed,letter,New Arrivals,2023-10-18,2023-10-27,2023-10-27
CAMPAIGN_03835,CUST_03467,Failed,call,Loyalty Program Update,2023-03-14,2023-03-22,2023-03-22
CAMPAIGN_03836,CUST_00961,Done,letter,New Arrivals,2024-08-21,2024-08-25,2024-08-30
CAMPAIGN_03837,CUST_00829,Done,call,Holiday Sale,2023-04-02,2023-04-08,2023-04-13
CAMPAIGN_03838,CUST_01985,Done,call,Anniversary Campaign,2024-08-05,2024-08-13,2024-08-15
CAMPAIGN_03839,CUST_02952,Failed,call,Spring Collection Launch,2023-12-08,2023-12-13,2023-12-18
CAMPAIGN_03840,CUST_03221,Done,sms,Anniversary Campaign,2023-06-24,2023-06-26,2023-06-26
CAMPAIGN_03841,CUST_02403,Done,letter,Loyalty Program Update,2024-07-03,2024-07-06,2024-07-11
CAMPAIGN_03842,CUST_00844,Failed,sms,Personalized Offer,2023-01-15,2023-01-19,2023-01-19
CAMPAIGN_03843,CUST_01600,Done,call,Personalized Offer,2023-05-12,2023-05-16,2023-05-17
CAMPAIGN_03844,CUST_01469,Done,email,Holiday Sale,2024-05-23,2024-06-02,2024-06-06
CAMPAIGN_03845,CUST_00765,Done,call,Exclusive Preview,2023-12-20,2023-12-28,2023-12-29
CAMPAIGN_03846,CUST_00710,Failed,letter,VIP Re-engagement,2024-05-13,2024-05-14,2024-05-16
CAMPAIGN_03847,CUST_00214,Done,sms,Holiday Sale,2024-02-08,2024-02-09,2024-02-09
CAMPAIGN_03848,CUST_02811,Done,sms,VIP Re-engagement,2023-02-08,2023-02-16,2023-02-20
CAMPAIGN_03849,CUST_02625,Failed,call,Loyalty Program Update,2024-07-14,2024-07-19,2024-07-21
CAMPAIGN_03850,CUST_03251,Done,call,New Arrivals,2023-02-14,2023-02-20,2023-02-20
CAMPAIGN_03851,CUST_00119,Done,email,Loyalty Program Update,2024-09-30,2024-10-04,2024-10-06
CAMPAIGN_03852,CUST_01995,Done,sms,VIP Re-engagement,2023-11-05,2023-11-13,2023-11-17
CAMPAIGN_03853,CUST_03165,Done,call,Exclusive Preview,2023-08-17,2023-08-27,2023-08-29
CAMPAIGN_03854,CUST_01184,Failed,call,New Arrivals,2024-09-29,2024-10-03,2024-10-07
CAMPAIGN_03855,CUST_01907,Failed,call,Spring Collection Launch,2023-09-01,2023-09-04,2023-09-07
CAMPAIGN_03856,CUST_01622,Done,letter,Anniversary Campaign,2024-09-27,2024-10-05,2024-10-10
CAMPAIGN_03857,CUST_03312,Failed,call,Spring Collection Launch,2023-11-21,2023-11-24,2023-11-24
CAMPAIGN_03858,CUST_03156,Done,call,Spring Collection Launch,2023-08-10,2023-08-11,2023-08-11
CAMPAIGN_03859,CUST_02672,Done,email,Personalized Offer,2023-09-30,2023-10-01,2023-10-02
CAMPAIGN_03860,CUST_02684,Failed,sms,Holiday Sale,2024-08-22,2024-08-26,2024-08-29
CAMPAIGN_03861,CUST_03238,Failed,call,Holiday Sale,2024-03-01,2024-03-03,2024-03-06
CAMPAIGN_03862,CUST_01911,Done,call,VIP Re-engagement,2023-05-13,2023-05-16,2023-05-20
CAMPAIGN_03863,CUST_03219,Failed,call,Holiday Sale,2024-05-22,2024-05-28,2024-05-28
CAMPAIGN_03864,CUST_01819,Done,letter,Spring Collection Launch,2024-03-24,2024-03-29,2024-04-03
CAMPAIGN_03865,CUST_02583,Failed,email,New Arrivals,2024-12-23,2025-01-02,2025-01-03
CAMPAIGN_03866,CUST_00669,Failed,email,Personalized Offer,2023-08-05,2023-08-06,2023-08-06
CAMPAIGN_03867,CUST_02124,Failed,call,VIP Re-engagement,2023-02-18,2023-02-22,2023-02-25
CAMPAIGN_03868,CUST_01296,Done,call,Holiday Sale,2024-10-24,2024-10-25,2024-10-26
CAMPAIGN_03869,CUST_02571,Failed,email,Anniversary Campaign,2023-01-13,2023-01-21,2023-01-21
CAMPAIGN_03870,CUST_03158,Done,call,Personalized Offer,2024-01-19,2024-01-23,2024-01-26
CAMPAIGN_03871,CUST_02878,Done,call,Spring Collection Launch,2024-03-22,2024-03-26,2024-03-27
CAMPAIGN_03872,CUST_02882,Failed,email,Holiday Sale,2023-01-17,2023-01-25,2023-01-30
CAMPAIGN_03873,CUST_02988,Done,email,Holiday Sale,2024-08-11,2024-08-12,2024-08-13
CAMPAIGN_03874,CUST_01135,Done,sms,Personalized Offer,2024-12-10,2024-12-19,2024-12-19
CAMPAIGN_03875,CUST_02729,Done,call,Exclusive Preview,2024-06-18,2024-06-23,2024-06-23
CAMPAIGN_03876,CUST_02054,Done,call,Holiday Sale,2024-11-13,2024-11-17,2024-11-22
CAMPAIGN_03877,CUST_02175,Done,sms,Loyalty Program Update,2024-01-04,2024-01-14,2024-01-14
CAMPAIGN_03878,CUST_01455,Done,email,Anniversary Campaign,2024-08-06,2024-08-10,2024-08-11
CAMPAIGN_03879,CUST_02169,Done,letter,Loyalty Program Update,2024-04-20,2024-04-23,2024-04-23
CAMPAIGN_03880,CUST_03351,Done,sms,Anniversary Campaign,2023-07-04,2023-07-11,2023-07-11
CAMPAIGN_03881,CUST_00256,Done,letter,Loyalty Program Update,2024-12-21,2024-12-22,2024-12-24
CAMPAIGN_03882,CUST_00025,Done,sms,Holiday Sale,2024-06-07,2024-06-10,2024-06-11
CAMPAIGN_03883,CUST_01042,Done,sms,Personalized Offer,2024-07-02,2024-07-03,2024-07-05
CAMPAIGN_03884,CUST_02401,Done,call,Spring Collection Launch,2024-05-26,2024-05-27,2024-05-28
CAMPAIGN_03885,CUST_02622,Done,letter,Loyalty Program Update,2024-09-23,2024-09-25,2024-09-28
CAMPAIGN_03886,CUST_01913,Failed,letter,New Arrivals,2023-07-24,2023-08-03,2023-08-03
CAMPAIGN_03887,CUST_02475,Done,email,Exclusive Preview,2024-03-07,2024-03-10,2024-03-13
CAMPAIGN_03888,CUST_02945,Done,letter,Anniversary Campaign,2023-03-04,2023-03-05,2023-03-06
CAMPAIGN_03889,CUST_00442,Done,letter,Loyalty Program Update,2024-11-04,2024-11-11,2024-11-14
CAMPAIGN_03890,CUST_01408,Failed,email,Anniversary Campaign,2024-11-06,2024-11-15,2024-11-20
CAMPAIGN_03891,CUST_01610,Failed,sms,Loyalty Program Update,2024-02-22,2024-02-29,2024-03-05
CAMPAIGN_03892,CUST_01053,Failed,letter,Exclusive Preview,2023-03-27,2023-04-06,2023-04-08
CAMPAIGN_03893,CUST_00782,Failed,email,Loyalty Program Update,2023-08-06,2023-08-07,2023-08-08
CAMPAIGN_03894,CUST_00129,Done,letter,Exclusive Preview,2024-10-10,2024-10-16,2024-10-21
CAMPAIGN_03895,CUST_00361,Done,email,Anniversary Campaign,2023-04-16,2023-04-24,2023-04-27
CAMPAIGN_03896,CUST_01466,Done,email,Exclusive Preview,2023-04-22,2023-04-23,2023-04-24
CAMPAIGN_03897,CUST_00447,Failed,sms,Loyalty Program Update,2024-03-07,2024-03-09,2024-03-11
CAMPAIGN_03898,CUST_03033,Failed,letter,Spring Collection Launch,2024-09-20,2024-09-24,2024-09-28
CAMPAIGN_03899,CUST_03358,Done,call,Spring Collection Launch,2023-05-03,2023-05-13,2023-05-17
CAMPAIGN_03900,CUST_00402,Failed,letter,Exclusive Preview,2023-07-30,2023-07-31,2023-08-03
CAMPAIGN_03901,CUST_03492,Done,email,Anniversary Campaign,2024-02-28,2024-03-06,2024-03-06
CAMPAIGN_03902,CUST_00681,Failed,call,Anniversary Campaign,2023-03-07,2023-03-08,2023-03-11
CAMPAIGN_03903,CUST_02351,Done,call,VIP Re-engagement,2024-11-11,2024-11-15,2024-11-19
CAMPAIGN_03904,CUST_02040,Done,email,VIP Re-engagement,2023-10-20,2023-10-24,2023-10-29
CAMPAIGN_03905,CUST_00138,Done,call,Anniversary Campaign,2023-03-30,2023-04-08,2023-04-11
CAMPAIGN_03906,CUST_00533,Done,sms,Anniversary Campaign,2024-11-30,2024-12-07,2024-12-12
CAMPAIGN_03907,CUST_01212,Done,sms,Holiday Sale,2023-07-28,2023-08-05,2023-08-09
CAMPAIGN_03908,CUST_03478,Done,call,Anniversary Campaign,2023-09-10,2023-09-17,2023-09-19
CAMPAIGN_03909,CUST_01912,Done,email,Loyalty Program Update,2023-05-08,2023-05-14,2023-05-14
CAMPAIGN_03910,CUST_02683,Failed,letter,Spring Collection Launch,2024-04-15,2024-04-18,2024-04-18
CAMPAIGN_03911,CUST_01505,Failed,letter,Exclusive Preview,2024-01-24,2024-02-02,2024-02-05
CAMPAIGN_03912,CUST_02018,Done,call,Exclusive Preview,2023-01-25,2023-01-29,2023-01-29
CAMPAIGN_03913,CUST_00619,Done,sms,New Arrivals,2023-10-28,2023-10-30,2023-11-01
CAMPAIGN_03914,CUST_03376,Done,email,New Arrivals,2023-08-28,2023-09-03,2023-09-05
CAMPAIGN_03915,CUST_01083,Done,email,Anniversary Campaign,2023-08-27,2023-08-31,2023-08-31
CAMPAIGN_03916,CUST_01096,Failed,letter,New Arrivals,2023-11-25,2023-12-01,2023-12-05
CAMPAIGN_03917,CUST_01025,Done,sms,Exclusive Preview,2023-01-08,2023-01-09,2023-01-14
CAMPAIGN_03918,CUST_01416,Failed,letter,Personalized Offer,2024-04-20,2024-04-29,2024-05-02
CAMPAIGN_03919,CUST_02755,Done,call,Personalized Offer,2023-01-29,2023-01-31,2023-02-05
CAMPAIGN_03920,CUST_00358,Failed,email,New Arrivals,2023-05-07,2023-05-13,2023-05-13
CAMPAIGN_03921,CUST_02955,Done,sms,New Arrivals,2023-11-07,2023-11-17,2023-11-19
CAMPAIGN_03922,CUST_02951,Done,call,Exclusive Preview,2023-03-19,2023-03-28,2023-03-30
CAMPAIGN_03923,CUST_00009,Failed,sms,New Arrivals,2023-12-06,2023-12-08,2023-12-08
CAMPAIGN_03924,CUST_02238,Failed,email,Holiday Sale,2023-07-14,2023-07-19,2023-07-21
CAMPAIGN_03925,CUST_00862,Done,letter,New Arrivals,2023-05-29,2023-06-04,2023-06-07
CAMPAIGN_03926,CUST_01682,Failed,email,Exclusive Preview,2024-02-25,2024-02-29,2024-03-05
CAMPAIGN_03927,CUST_02930,Failed,email,Spring Collection Launch,2024-01-24,2024-02-01,2024-02-03
CAMPAIGN_03928,CUST_02389,Done,call,Holiday Sale,2024-10-29,2024-11-05,2024-11-05
CAMPAIGN_03929,CUST_01171,Failed,sms,New Arrivals,2023-10-05,2023-10-09,2023-10-14
CAMPAIGN_03930,CUST_00606,Done,letter,Exclusive Preview,2023-06-30,2023-07-02,2023-07-05
CAMPAIGN_03931,CUST_01834,Done,letter,Anniversary Campaign,2023-07-22,2023-07-24,2023-07-27
CAMPAIGN_03932,CUST_02217,Done,call,Anniversary Campaign,2023-05-23,2023-05-29,2023-06-03
CAMPAIGN_03933,CUST_01479,Done,sms,Loyalty Program Update,2024-10-28,2024-11-06,2024-11-09
CAMPAIGN_03934,CUST_02773,Done,email,Loyalty Program Update,2023-01-26,2023-02-03,2023-02-08
CAMPAIGN_03935,CUST_01890,Done,sms,Personalized Offer,2023-04-20,2023-04-22,2023-04-22
CAMPAIGN_03936,CUST_00990,Done,sms,Exclusive Preview,2023-06-10,2023-06-20,2023-06-23
CAMPAIGN_03937,CUST_03169,Done,call,Loyalty Program Update,2024-08-18,2024-08-28,2024-09-01
CAMPAIGN_03938,CUST_00892,Failed,call,Personalized Offer,2023-03-06,2023-03-13,2023-03-14
CAMPAIGN_03939,CUST_00849,Failed,letter,Holiday Sale,2023-09-03,2023-09-10,2023-09-10
CAMPAIGN_03940,CUST_00006,Done,email,Exclusive Preview,2024-05-23,2024-05-29,2024-06-03
CAMPAIGN_03941,CUST_02621,Failed,call,Loyalty Program Update,2024-02-25,2024-03-01,2024-03-04
CAMPAIGN_03942,CUST_00614,Done,letter,Anniversary Campaign,2023-04-21,2023-04-24,2023-04-27
CAMPAIGN_03943,CUST_00142,Failed,email,Anniversary Campaign,2024-08-23,2024-08-29,2024-09-03
CAMPAIGN_03944,CUST_00016,Done,email,Exclusive Preview,2024-04-09,2024-04-18,2024-04-19
CAMPAIGN_03945,CUST_01378,Failed,letter,New Arrivals,2023-09-13,2023-09-15,2023-09-19
CAMPAIGN_03946,CUST_01378,Failed,letter,Loyalty Program Update,2024-02-26,2024-02-27,2024-03-03
CAMPAIGN_03947,CUST_01527,Done,sms,Personalized Offer,2024-02-16,2024-02-21,2024-02-26
CAMPAIGN_03948,CUST_02413,Done,letter,VIP Re-engagement,2023-04-17,2023-04-27,2023-04-28
CAMPAIGN_03949,CUST_03165,Done,sms,Exclusive Preview,2023-10-28,2023-11-01,2023-11-04
CAMPAIGN_03950,CUST_00361,Done,sms,Exclusive Preview,2024-08-27,2024-09-03,2024-09-04
CAMPAIGN_03951,CUST_00373,Done,sms,Loyalty Program Update,2023-12-24,2024-01-02,2024-01-07
CAMPAIGN_03952,CUST_02355,Failed,call,Spring Collection Launch,2023-12-24,2023-12-26,2023-12-28
CAMPAIGN_03953,CUST_00121,Failed,sms,New Arrivals,2024-05-29,2024-06-01,2024-06-03
CAMPAIGN_03954,CUST_01052,Failed,call,Anniversary Campaign,2024-06-18,2024-06-25,2024-06-27
CAMPAIGN_03955,CUST_02117,Failed,letter,Exclusive Preview,2024-03-08,2024-03-13,2024-03-16
CAMPAIGN_03956,CUST_02733,Done,letter,Loyalty Program Update,2024-01-01,2024-01-11,2024-01-13
CAMPAIGN_03957,CUST_01178,Done,call,VIP Re-engagement,2023-08-10,2023-08-20,2023-08-21
CAMPAIGN_03958,CUST_03177,Done,sms,VIP Re-engagement,2023-12-29,2024-01-01,2024-01-02
CAMPAIGN_03959,CUST_00137,Done,sms,Anniversary Campaign,2023-06-05,2023-06-08,2023-06-10
CAMPAIGN_03960,CUST_02968,Failed,call,Anniversary Campaign,2024-03-21,2024-03-26,2024-03-27
CAMPAIGN_03961,CUST_00776,Done,email,VIP Re-engagement,2023-11-04,2023-11-13,2023-11-18
CAMPAIGN_03962,CUST_00997,Done,letter,Holiday Sale,2024-02-27,2024-03-05,2024-03-09
CAMPAIGN_03963,CUST_01787,Done,letter,Holiday Sale,2024-12-01,2024-12-04,2024-12-05
CAMPAIGN_03964,CUST_01273,Failed,sms,New Arrivals,2024-03-09,2024-03-13,2024-03-14
CAMPAIGN_03965,CUST_00165,Failed,email,Spring Collection Launch,2024-05-10,2024-05-13,2024-05-18
CAMPAIGN_03966,CUST_00892,Failed,call,New Arrivals,2024-01-13,2024-01-17,2024-01-18
CAMPAIGN_03967,CUST_03427,Done,sms,Personalized Offer,2024-04-30,2024-05-09,2024-05-12
CAMPAIGN_03968,CUST_00003,Done,sms,Loyalty Program Update,2024-09-15,2024-09-24,2024-09-29
CAMPAIGN_03969,CUST_00949,Done,email,Personalized Offer,2023-04-28,2023-05-03,2023-05-04
CAMPAIGN_03970,CUST_03140,Done,email,Spring Collection Launch,2023-04-24,2023-04-29,2023-04-29
CAMPAIGN_03971,CUST_02303,Done,email,Anniversary Campaign,2024-11-15,2024-11-23,2024-11-26
CAMPAIGN_03972,CUST_02661,Failed,letter,Anniversary Campaign,2024-09-19,2024-09-28,2024-10-03
CAMPAIGN_03973,CUST_01874,Done,email,Spring Collection Launch,2023-07-21,2023-07-23,2023-07-28
CAMPAIGN_03974,CUST_02049,Failed,letter,New Arrivals,2024-09-13,2024-09-19,2024-09-21
CAMPAIGN_03975,CUST_02241,Failed,letter,VIP Re-engagement,2024-06-03,2024-06-06,2024-06-07
CAMPAIGN_03976,CUST_00747,Failed,letter,Loyalty Program Update,2023-09-10,2023-09-11,2023-09-11
CAMPAIGN_03977,CUST_02100,Failed,sms,Personalized Offer,2024-01-23,2024-01-28,2024-01-28
CAMPAIGN_03978,CUST_01444,Failed,call,Holiday Sale,2023-12-27,2023-12-30,2024-01-02
CAMPAIGN_03979,CUST_03368,Done,email,Anniversary Campaign,2024-12-21,2024-12-25,2024-12-28
CAMPAIGN_03980,CUST_02938,Failed,email,New Arrivals,2023-03-17,2023-03-27,2023-03-27
CAMPAIGN_03981,CUST_01980,Done,sms,Personalized Offer,2023-02-25,2023-03-01,2023-03-02
CAMPAIGN_03982,CUST_01429,Done,call,New Arrivals,2024-07-29,2024-08-01,2024-08-05
CAMPAIGN_03983,CUST_03086,Done,email,VIP Re-engagement,2024-02-21,2024-03-02,2024-03-04
CAMPAIGN_03984,CUST_01670,Done,sms,VIP Re-engagement,2024-07-18,2024-07-25,2024-07-28
CAMPAIGN_03985,CUST_00487,Done,call,Exclusive Preview,2024-04-24,2024-05-04,2024-05-09
CAMPAIGN_03986,CUST_00957,Failed,email,Personalized Offer,2024-07-20,2024-07-22,2024-07-22
CAMPAIGN_03987,CUST_01735,Done,call,Anniversary Campaign,2024-06-11,2024-06-14,2024-06-19
CAMPAIGN_03988,CUST_03071,Failed,sms,Loyalty Program Update,2024-12-10,2024-12-17,2024-12-18
CAMPAIGN_03989,CUST_02857,Done,sms,New Arrivals,2024-01-11,2024-01-17,2024-01-17
CAMPAIGN_03990,CUST_00088,Done,call,Exclusive Preview,2023-06-06,2023-06-10,2023-06-14
CAMPAIGN_03991,CUST_03384,Done,call,New Arrivals,2023-07-07,2023-07-17,2023-07-18
CAMPAIGN_03992,CUST_02884,Done,sms,Personalized Offer,2023-07-04,2023-07-06,2023-07-07
CAMPAIGN_03993,CUST_01707,Done,letter,Holiday Sale,2023-08-23,2023-08-31,2023-09-01
CAMPAIGN_03994,CUST_01264,Done,letter,Spring Collection Launch,2024-09-19,2024-09-25,2024-09-29
CAMPAIGN_03995,CUST_02828,Failed,email,New Arrivals,2024-06-20,2024-06-21,2024-06-26
CAMPAIGN_03996,CUST_00811,Done,call,Personalized Offer,2023-02-19,2023-02-26,2023-02-27
CAMPAIGN_03997,CUST_00592,Failed,letter,Anniversary Campaign,2023-03-24,2023-03-31,2023-04-05
CAMPAIGN_03998,CUST_02838,Failed,letter,New Arrivals,2023-06-17,2023-06-20,2023-06-20
CAMPAIGN_03999,CUST_01365,Failed,email,Holiday Sale,2024-09-12,2024-09-20,2024-09-20
CAMPAIGN_04000,CUST_02627,Failed,sms,VIP Re-engagement,2023-02-02,2023-02-03,2023-02-06
CAMPAIGN_04001,CUST_02004,Done,call,Holiday Sale,2024-01-06,2024-01-15,2024-01-17
CAMPAIGN_04002,CUST_00308,Done,sms,Anniversary Campaign,2023-06-23,2023-06-29,2023-07-01
CAMPAIGN_04003,CUST_03410,Done,call,Loyalty Program Update,2024-10-05,2024-10-09,2024-10-14
CAMPAIGN_04004,CUST_02426,Done,call,New Arrivals,2023-06-08,2023-06-16,2023-06-16
CAMPAIGN_04005,CUST_00067,Done,letter,VIP Re-engagement,2023-05-08,2023-05-15,2023-05-15
CAMPAIGN_04006,CUST_00081,Failed,sms,VIP Re-engagement,2024-09-06,2024-09-08,2024-09-11
CAMPAIGN_04007,CUST_00543,Done,letter,Spring Collection Launch,2023-08-03,2023-08-08,2023-08-13
CAMPAIGN_04008,CUST_01222,Done,call,New Arrivals,2023-09-08,2023-09-09,2023-09-13
CAMPAIGN_04009,CUST_01289,Done,call,Loyalty Program Update,2024-02-07,2024-02-10,2024-02-15
CAMPAIGN_04010,CUST_01695,Done,email,New Arrivals,2024-09-01,2024-09-11,2024-09-15
CAMPAIGN_04011,CUST_00841,Done,sms,Exclusive Preview,2024-03-14,2024-03-16,2024-03-16
CAMPAIGN_04012,CUST_02535,Failed,sms,Anniversary Campaign,2024-02-20,2024-03-01,2024-03-02
CAMPAIGN_04013,CUST_01307,Done,sms,Personalized Offer,2023-07-11,2023-07-12,2023-07-13
CAMPAIGN_04014,CUST_01694,Done,sms,Spring Collection Launch,2024-03-15,2024-03-19,2024-03-23
CAMPAIGN_04015,CUST_01811,Done,sms,Anniversary Campaign,2023-06-09,2023-06-15,2023-06-16
CAMPAIGN_04016,CUST_01132,Done,letter,New Arrivals,2024-07-04,2024-07-05,2024-07-10
CAMPAIGN_04017,CUST_00190,Failed,email,Exclusive Preview,2024-04-02,2024-04-10,2024-04-14
CAMPAIGN_04018,CUST_02262,Done,email,New Arrivals,2024-09-10,2024-09-17,2024-09-20
CAMPAIGN_04019,CUST_00144,Done,sms,Personalized Offer,2023-11-12,2023-11-15,2023-11-18
CAMPAIGN_04020,CUST_00586,Failed,email,Personalized Offer,2023-02-22,2023-02-26,2023-02-28
CAMPAIGN_04021,CUST_01698,Failed,call,New Arrivals,2023-07-21,2023-07-31,2023-07-31
CAMPAIGN_04022,CUST_02184,Done,email,Spring Collection Launch,2023-11-22,2023-11-29,2023-11-29
CAMPAIGN_04023,CUST_02942,Done,letter,Spring Collection Launch,2023-01-21,2023-01-30,2023-02-02
CAMPAIGN_04024,CUST_00475,Failed,letter,Anniversary Campaign,2023-02-10,2023-02-15,2023-02-19
CAMPAIGN_04025,CUST_00571,Done,email,Exclusive Preview,2024-10-30,2024-11-08,2024-11-08
CAMPAIGN_04026,CUST_02274,Failed,email,Spring Collection Launch,2023-09-12,2023-09-20,2023-09-23
CAMPAIGN_04027,CUST_02052,Done,letter,Holiday Sale,2024-10-03,2024-10-04,2024-10-09
CAMPAIGN_04028,CUST_00465,Done,sms,Loyalty Program Update,2024-11-13,2024-11-14,2024-11-18
CAMPAIGN_04029,CUST_00690,Done,sms,Holiday Sale,2023-06-23,2023-06-26,2023-06-28
CAMPAIGN_04030,CUST_02233,Done,letter,VIP Re-engagement,2023-05-29,2023-05-30,2023-06-01
CAMPAIGN_04031,CUST_01407,Done,letter,Anniversary Campaign,2024-04-30,2024-05-08,2024-05-13
CAMPAIGN_04032,CUST_03187,Done,email,Personalized Offer,2024-01-20,2024-01-22,2024-01-24
CAMPAIGN_04033,CUST_00843,Done,email,Exclusive Preview,2024-10-29,2024-11-02,2024-11-06
CAMPAIGN_04034,CUST_02740,Failed,call,Exclusive Preview,2023-04-14,2023-04-18,2023-04-18
CAMPAIGN_04035,CUST_01650,Done,sms,VIP Re-engagement,2024-03-15,2024-03-25,2024-03-27
CAMPAIGN_04036,CUST_01948,Failed,email,Personalized Offer,2023-05-30,2023-06-06,2023-06-08
CAMPAIGN_04037,CUST_02877,Done,call,Anniversary Campaign,2024-12-11,2024-12-14,2024-12-17
CAMPAIGN_04038,CUST_03038,Failed,email,New Arrivals,2023-06-30,2023-07-09,2023-07-11
CAMPAIGN_04039,CUST_00999,Done,call,Holiday Sale,2024-10-26,2024-11-03,2024-11-06
CAMPAIGN_04040,CUST_02865,Done,letter,Loyalty Program Update,2023-06-28,2023-06-29,2023-07-01
CAMPAIGN_04041,CUST_00829,Done,email,VIP Re-engagement,2023-12-28,2024-01-06,2024-01-07
CAMPAIGN_04042,CUST_01373,Done,sms,Exclusive Preview,2023-02-25,2023-02-27,2023-02-28
CAMPAIGN_04043,CUST_01162,Done,email,Anniversary Campaign,2023-10-12,2023-10-17,2023-10-22
CAMPAIGN_04044,CUST_02790,Failed,letter,Personalized Offer,2024-05-17,2024-05-24,2024-05-24
CAMPAIGN_04045,CUST_01112,Done,letter,Spring Collection Launch,2023-03-11,2023-03-14,2023-03-14
CAMPAIGN_04046,CUST_02716,Done,sms,Spring Collection Launch,2023-06-24,2023-06-28,2023-07-01
CAMPAIGN_04047,CUST_03451,Failed,sms,VIP Re-engagement,2023-07-27,2023-08-05,2023-08-09
CAMPAIGN_04048,CUST_02174,Done,email,Loyalty Program Update,2023-11-17,2023-11-21,2023-11-21
CAMPAIGN_04049,CUST_01045,Done,call,Holiday Sale,2023-08-27,2023-09-04,2023-09-07
CAMPAIGN_04050,CUST_01247,Done,letter,Loyalty Program Update,2023-11-07,2023-11-09,2023-11-11
CAMPAIGN_04051,CUST_03068,Done,email,Loyalty Program Update,2023-09-19,2023-09-23,2023-09-25
CAMPAIGN_04052,CUST_01047,Done,letter,Spring Collection Launch,2024-04-13,2024-04-20,2024-04-23
CAMPAIGN_04053,CUST_02699,Failed,sms,Holiday Sale,2023-12-26,2024-01-03,2024-01-04
CAMPAIGN_04054,CUST_02579,Done,letter,Loyalty Program Update,2024-10-20,2024-10-28,2024-10-28
CAMPAIGN_04055,CUST_02944,Done,sms,Exclusive Preview,2024-03-30,2024-04-02,2024-04-04
CAMPAIGN_04056,CUST_03244,Done,sms,Exclusive Preview,2024-04-26,2024-04-27,2024-04-28
CAMPAIGN_04057,CUST_01659,Done,email,Exclusive Preview,2024-06-05,2024-06-13,2024-06-13
CAMPAIGN_04058,CUST_00141,Done,email,New Arrivals,2024-06-23,2024-06-25,2024-06-28
CAMPAIGN_04059,CUST_02027,Done,email,Exclusive Preview,2024-09-03,2024-09-09,2024-09-14
CAMPAIGN_04060,CUST_00113,Done,email,VIP Re-engagement,2024-12-27,2024-12-30,2025-01-03
CAMPAIGN_04061,CUST_02231,Done,sms,VIP Re-engagement,2024-02-24,2024-02-25,2024-02-26
CAMPAIGN_04062,CUST_00885,Done,email,Anniversary Campaign,2024-06-20,2024-06-22,2024-06-23
CAMPAIGN_04063,CUST_00075,Done,call,Anniversary Campaign,2024-04-30,2024-05-01,2024-05-04
CAMPAIGN_04064,CUST_01450,Done,letter,Spring Collection Launch,2023-03-18,2023-03-21,2023-03-22
CAMPAIGN_04065,CUST_02102,Done,email,Personalized Offer,2023-04-26,2023-05-03,2023-05-04
CAMPAIGN_04066,CUST_00508,Done,call,Loyalty Program Update,2023-11-27,2023-12-04,2023-12-06
CAMPAIGN_04067,CUST_00730,Done,email,Holiday Sale,2023-02-19,2023-02-20,2023-02-25
CAMPAIGN_04068,CUST_01914,Done,call,Anniversary Campaign,2023-04-08,2023-04-13,2023-04-15
CAMPAIGN_04069,CUST_02601,Done,letter,Loyalty Program Update,2023-05-31,2023-06-08,2023-06-11
CAMPAIGN_04070,CUST_00948,Done,sms,Spring Collection Launch,2023-10-11,2023-10-21,2023-10-25
CAMPAIGN_04071,CUST_01511,Failed,letter,Anniversary Campaign,2023-12-24,2024-01-03,2024-01-04
CAMPAIGN_04072,CUST_02533,Failed,call,Anniversary Campaign,2023-09-16,2023-09-24,2023-09-27
CAMPAIGN_04073,CUST_02715,Done,sms,New Arrivals,2024-07-06,2024-07-16,2024-07-16
CAMPAIGN_04074,CUST_01363,Done,letter,Exclusive Preview,2024-02-19,2024-02-21,2024-02-22
CAMPAIGN_04075,CUST_00193,Done,email,VIP Re-engagement,2024-07-22,2024-07-23,2024-07-27
CAMPAIGN_04076,CUST_02312,Done,call,Holiday Sale,2023-08-05,2023-08-06,2023-08-11
CAMPAIGN_04077,CUST_01470,Done,email,Holiday Sale,2024-09-04,2024-09-13,2024-09-15
CAMPAIGN_04078,CUST_00784,Failed,letter,Anniversary Campaign,2024-02-14,2024-02-21,2024-02-25
CAMPAIGN_04079,CUST_00288,Failed,sms,Holiday Sale,2023-07-01,2023-07-09,2023-07-14
CAMPAIGN_04080,CUST_03072,Done,email,Loyalty Program Update,2023-11-23,2023-11-29,2023-12-04
CAMPAIGN_04081,CUST_02520,Failed,call,Exclusive Preview,2023-12-15,2023-12-22,2023-12-23
CAMPAIGN_04082,CUST_00431,Done,email,Exclusive Preview,2023-11-24,2023-11-30,2023-11-30
CAMPAIGN_04083,CUST_01085,Done,sms,Personalized Offer,2023-03-11,2023-03-12,2023-03-16
CAMPAIGN_04084,CUST_00595,Done,email,Personalized Offer,2024-01-17,2024-01-27,2024-01-27
CAMPAIGN_04085,CUST_02988,Done,sms,Anniversary Campaign,2023-04-02,2023-04-12,2023-04-16
CAMPAIGN_04086,CUST_02348,Failed,email,Holiday Sale,2023-11-22,2023-11-23,2023-11-28
CAMPAIGN_04087,CUST_00901,Done,sms,Exclusive Preview,2024-07-16,2024-07-20,2024-07-24
CAMPAIGN_04088,CUST_00442,Done,sms,New Arrivals,2024-11-15,2024-11-23,2024-11-24
CAMPAIGN_04089,CUST_02570,Failed,email,New Arrivals,2024-12-23,2024-12-28,2024-12-30
CAMPAIGN_04090,CUST_01823,Done,sms,Loyalty Program Update,2023-01-20,2023-01-21,2023-01-23
CAMPAIGN_04091,CUST_00091,Done,sms,Loyalty Program Update,2024-09-12,2024-09-20,2024-09-21
CAMPAIGN_04092,CUST_02303,Done,email,Personalized Offer,2023-12-01,2023-12-07,2023-12-12
CAMPAIGN_04093,CUST_02184,Done,sms,Personalized Offer,2024-06-19,2024-06-28,2024-07-01
CAMPAIGN_04094,CUST_01721,Done,call,VIP Re-engagement,2024-05-15,2024-05-25,2024-05-30
CAMPAIGN_04095,CUST_02207,Failed,letter,Spring Collection Launch,2023-10-01,2023-10-09,2023-10-14
CAMPAIGN_04096,CUST_00470,Done,email,Holiday Sale,2024-07-27,2024-08-01,2024-08-02
CAMPAIGN_04097,CUST_02638,Done,call,Exclusive Preview,2023-03-20,2023-03-21,2023-03-26
CAMPAIGN_04098,CUST_01408,Failed,email,New Arrivals,2023-06-23,2023-07-01,2023-07-01
CAMPAIGN_04099,CUST_02927,Done,email,Exclusive Preview,2023-04-24,2023-04-29,2023-05-01
CAMPAIGN_04100,CUST_00909,Done,email,Anniversary Campaign,2023-01-18,2023-01-20,2023-01-25
CAMPAIGN_04101,CUST_01486,Done,call,Personalized Offer,2024-08-05,2024-08-14,2024-08-17
CAMPAIGN_04102,CUST_03380,Failed,call,VIP Re-engagement,2023-08-01,2023-08-08,2023-08-10
CAMPAIGN_04103,CUST_02028,Done,sms,Holiday Sale,2023-10-03,2023-10-11,2023-10-15
CAMPAIGN_04104,CUST_00484,Done,call,Anniversary Campaign,2023-12-05,2023-12-09,2023-12-10
CAMPAIGN_04105,CUST_00919,Done,sms,Anniversary Campaign,2024-01-23,2024-01-27,2024-02-01
CAMPAIGN_04106,CUST_01655,Done,call,Spring Collection Launch,2024-01-31,2024-02-05,2024-02-07
CAMPAIGN_04107,CUST_01297,Done,call,Exclusive Preview,2023-11-19,2023-11-25,2023-11-27
CAMPAIGN_04108,CUST_01019,Done,email,Anniversary Campaign,2024-03-03,2024-03-09,2024-03-09
CAMPAIGN_04109,CUST_01584,Failed,sms,Holiday Sale,2024-10-07,2024-10-11,2024-10-11
CAMPAIGN_04110,CUST_01160,Failed,call,VIP Re-engagement,2023-09-13,2023-09-18,2023-09-22
CAMPAIGN_04111,CUST_02159,Done,letter,Anniversary Campaign,2023-11-18,2023-11-24,2023-11-26
CAMPAIGN_04112,CUST_02222,Done,email,New Arrivals,2023-09-15,2023-09-17,2023-09-20
CAMPAIGN_04113,CUST_01919,Done,call,Loyalty Program Update,2023-08-08,2023-08-16,2023-08-21
CAMPAIGN_04114,CUST_01860,Done,email,New Arrivals,2024-02-01,2024-02-06,2024-02-11
CAMPAIGN_04115,CUST_02181,Done,email,New Arrivals,2023-09-04,2023-09-08,2023-09-13
CAMPAIGN_04116,CUST_00209,Done,call,Personalized Offer,2023-12-14,2023-12-22,2023-12-26
CAMPAIGN_04117,CUST_02211,Done,letter,Personalized Offer,2024-07-05,2024-07-07,2024-07-07
CAMPAIGN_04118,CUST_00003,Done,email,Holiday Sale,2023-04-27,2023-04-30,2023-05-04
CAMPAIGN_04119,CUST_01060,Done,letter,Personalized Offer,2023-10-01,2023-10-03,2023-10-08
CAMPAIGN_04120,CUST_00844,Failed,email,Spring Collection Launch,2024-09-04,2024-09-08,2024-09-13
CAMPAIGN_04121,CUST_03296,Failed,letter,Loyalty Program Update,2023-11-22,2023-11-28,2023-12-03
CAMPAIGN_04122,CUST_01234,Done,letter,Anniversary Campaign,2023-10-04,2023-10-06,2023-10-11
CAMPAIGN_04123,CUST_01091,Done,email,Loyalty Program Update,2024-02-03,2024-02-08,2024-02-08
CAMPAIGN_04124,CUST_01690,Failed,email,VIP Re-engagement,2023-04-11,2023-04-19,2023-04-20
CAMPAIGN_04125,CUST_01354,Done,call,Loyalty Program Update,2023-03-15,2023-03-23,2023-03-28
CAMPAIGN_04126,CUST_02459,Failed,email,Loyalty Program Update,2024-08-14,2024-08-19,2024-08-21
CAMPAIGN_04127,CUST_00465,Done,email,Holiday Sale,2023-02-20,2023-02-25,2023-03-01
CAMPAIGN_04128,CUST_00187,Done,email,New Arrivals,2023-12-14,2023-12-23,2023-12-26
CAMPAIGN_04129,CUST_00332,Failed,call,Exclusive Preview,2024-11-27,2024-12-05,2024-12-05
CAMPAIGN_04130,CUST_00140,Failed,email,Exclusive Preview,2023-11-02,2023-11-07,2023-11-07
CAMPAIGN_04131,CUST_01716,Done,sms,New Arrivals,2024-02-26,2024-03-06,2024-03-06
CAMPAIGN_04132,CUST_01155,Done,sms,VIP Re-engagement,2024-07-14,2024-07-19,2024-07-19
CAMPAIGN_04133,CUST_00704,Done,sms,Spring Collection Launch,2023-11-21,2023-12-01,2023-12-01
CAMPAIGN_04134,CUST_02701,Done,call,Loyalty Program Update,2023-05-18,2023-05-25,2023-05-28
CAMPAIGN_04135,CUST_01232,Done,call,Exclusive Preview,2024-06-08,2024-06-16,2024-06-21
CAMPAIGN_04136,CUST_00108,Done,sms,New Arrivals,2023-05-11,2023-05-19,2023-05-23
CAMPAIGN_04137,CUST_02926,Done,letter,Personalized Offer,2024-02-16,2024-02-24,2024-02-25
CAMPAIGN_04138,CUST_03244,Done,letter,Anniversary Campaign,2024-02-01,2024-02-08,2024-02-09
CAMPAIGN_04139,CUST_00042,Failed,sms,New Arrivals,2024-06-13,2024-06-15,2024-06-16
CAMPAIGN_04140,CUST_03141,Failed,email,VIP Re-engagement,2024-04-01,2024-04-11,2024-04-11
CAMPAIGN_04141,CUST_00590,Done,email,Loyalty Program Update,2024-06-13,2024-06-22,2024-06-22
CAMPAIGN_04142,CUST_00503,Failed,email,Holiday Sale,2024-01-30,2024-02-09,2024-02-10
CAMPAIGN_04143,CUST_02342,Done,call,New Arrivals,2024-02-02,2024-02-04,2024-02-09
CAMPAIGN_04144,CUST_02769,Failed,letter,VIP Re-engagement,2023-06-24,2023-06-25,2023-06-27
CAMPAIGN_04145,CUST_02614,Failed,letter,Holiday Sale,2023-05-14,2023-05-19,2023-05-21
CAMPAIGN_04146,CUST_01612,Done,sms,New Arrivals,2023-10-08,2023-10-11,2023-10-13
CAMPAIGN_04147,CUST_02401,Done,email,Spring Collection Launch,2023-01-13,2023-01-21,2023-01-26
CAMPAIGN_04148,CUST_01346,Failed,sms,VIP Re-engagement,2024-09-21,2024-09-25,2024-09-29
CAMPAIGN_04149,CUST_03500,Failed,email,New Arrivals,2023-12-08,2023-12-13,2023-12-18
CAMPAIGN_04150,CUST_02627,Failed,call,Spring Collection Launch,2024-04-24,2024-05-01,2024-05-04
CAMPAIGN_04151,CUST_02447,Failed,sms,Personalized Offer,2023-08-11,2023-08-19,2023-08-21
CAMPAIGN_04152,CUST_00335,Done,sms,VIP Re-engagement,2024-01-10,2024-01-19,2024-01-21
CAMPAIGN_04153,CUST_01990,Failed,sms,Exclusive Preview,2023-12-29,2023-12-31,2024-01-02
CAMPAIGN_04154,CUST_00474,Done,call,Spring Collection Launch,2023-05-21,2023-05-25,2023-05-30
CAMPAIGN_04155,CUST_02261,Failed,letter,Spring Collection Launch,2024-04-05,2024-04-07,2024-04-08
CAMPAIGN_04156,CUST_03410,Done,call,New Arrivals,2023-07-19,2023-07-29,2023-08-03
CAMPAIGN_04157,CUST_00241,Done,call,New Arrivals,2023-10-08,2023-10-13,2023-10-14
CAMPAIGN_04158,CUST_03201,Done,email,Holiday Sale,2023-02-18,2023-02-20,2023-02-21
CAMPAIGN_04159,CUST_03305,Failed,letter,Personalized Offer,2023-09-28,2023-09-29,2023-09-29
CAMPAIGN_04160,CUST_00118,Done,call,Holiday Sale,2023-05-31,2023-06-04,2023-06-06
CAMPAIGN_04161,CUST_03147,Done,letter,Anniversary Campaign,2024-12-11,2024-12-15,2024-12-18
CAMPAIGN_04162,CUST_02462,Done,sms,New Arrivals,2024-09-26,2024-10-02,2024-10-02
CAMPAIGN_04163,CUST_00463,Done,call,Loyalty Program Update,2024-09-28,2024-10-07,2024-10-11
CAMPAIGN_04164,CUST_01681,Done,letter,New Arrivals,2023-06-08,2023-06-09,2023-06-14
CAMPAIGN_04165,CUST_01130,Done,email,Anniversary Campaign,2024-11-27,2024-12-06,2024-12-07
CAMPAIGN_04166,CUST_01200,Done,sms,New Arrivals,2023-05-21,2023-05-24,2023-05-24
CAMPAIGN_04167,CUST_03445,Done,email,Exclusive Preview,2024-09-01,2024-09-09,2024-09-12
CAMPAIGN_04168,CUST_00410,Done,letter,Anniversary Campaign,2024-02-10,2024-02-17,2024-02-18
CAMPAIGN_04169,CUST_02461,Failed,email,Holiday Sale,2023-01-26,2023-01-30,2023-01-31
CAMPAIGN_04170,CUST_02163,Failed,sms,VIP Re-engagement,2023-02-18,2023-02-21,2023-02-26
CAMPAIGN_04171,CUST_01634,Done,call,Loyalty Program Update,2024-12-22,2024-12-26,2024-12-29
CAMPAIGN_04172,CUST_02701,Done,email,New Arrivals,2023-08-23,2023-08-30,2023-08-31
CAMPAIGN_04173,CUST_00806,Failed,letter,Exclusive Preview,2023-06-13,2023-06-18,2023-06-19
CAMPAIGN_04174,CUST_02000,Failed,call,VIP Re-engagement,2024-09-06,2024-09-15,2024-09-17
CAMPAIGN_04175,CUST_01317,Done,sms,Personalized Offer,2024-08-30,2024-09-01,2024-09-02
CAMPAIGN_04176,CUST_02399,Done,call,Exclusive Preview,2023-02-16,2023-02-26,2023-02-27
CAMPAIGN_04177,CUST_00475,Failed,email,Exclusive Preview,2024-01-10,2024-01-17,2024-01-18
CAMPAIGN_04178,CUST_02456,Done,sms,Loyalty Program Update,2023-09-11,2023-09-12,2023-09-12
CAMPAIGN_04179,CUST_00631,Done,letter,Exclusive Preview,2023-07-06,2023-07-07,2023-07-10
CAMPAIGN_04180,CUST_02793,Failed,letter,Holiday Sale,2024-07-10,2024-07-20,2024-07-25
CAMPAIGN_04181,CUST_01494,Failed,call,New Arrivals,2023-09-25,2023-10-01,2023-10-01
CAMPAIGN_04182,CUST_03155,Done,letter,Loyalty Program Update,2023-06-21,2023-06-22,2023-06-24
CAMPAIGN_04183,CUST_02166,Done,letter,Personalized Offer,2024-04-27,2024-05-02,2024-05-02
CAMPAIGN_04184,CUST_03144,Done,letter,VIP Re-engagement,2023-05-01,2023-05-03,2023-05-06
CAMPAIGN_04185,CUST_02527,Done,email,New Arrivals,2023-06-03,2023-06-12,2023-06-14
CAMPAIGN_04186,CUST_01109,Failed,sms,Anniversary Campaign,2023-03-20,2023-03-26,2023-03-26
CAMPAIGN_04187,CUST_01261,Done,email,VIP Re-engagement,2023-03-01,2023-03-07,2023-03-08
CAMPAIGN_04188,CUST_03031,Done,sms,Personalized Offer,2023-06-26,2023-06-27,2023-07-02
CAMPAIGN_04189,CUST_00194,Failed,call,Anniversary Campaign,2023-01-20,2023-01-28,2023-01-29
CAMPAIGN_04190,CUST_02869,Done,letter,Anniversary Campaign,2024-02-03,2024-02-08,2024-02-09
CAMPAIGN_04191,CUST_01523,Done,sms,New Arrivals,2023-01-07,2023-01-11,2023-01-12
CAMPAIGN_04192,CUST_02686,Done,call,Spring Collection Launch,2024-04-23,2024-05-01,2024-05-06
CAMPAIGN_04193,CUST_01471,Done,call,Exclusive Preview,2023-03-11,2023-03-20,2023-03-21
CAMPAIGN_04194,CUST_01063,Done,call,Exclusive Preview,2024-02-03,2024-02-08,2024-02-09
CAMPAIGN_04195,CUST_01633,Done,email,New Arrivals,2024-11-06,2024-11-13,2024-11-16
CAMPAIGN_04196,CUST_03242,Done,sms,VIP Re-engagement,2024-08-08,2024-08-16,2024-08-17
CAMPAIGN_04197,CUST_00161,Done,letter,Anniversary Campaign,2023-09-29,2023-10-03,2023-10-03
CAMPAIGN_04198,CUST_00530,Done,sms,New Arrivals,2024-02-13,2024-02-22,2024-02-22
CAMPAIGN_04199,CUST_03057,Failed,sms,Holiday Sale,2023-05-23,2023-05-29,2023-05-30
CAMPAIGN_04200,CUST_01411,Done,sms,Loyalty Program Update,2024-07-17,2024-07-18,2024-07-18
CAMPAIGN_04201,CUST_02511,Failed,letter,Anniversary Campaign,2023-12-25,2023-12-30,2023-12-30
CAMPAIGN_04202,CUST_00853,Done,sms,Spring Collection Launch,2024-06-06,2024-06-14,2024-06-19
CAMPAIGN_04203,CUST_03296,Failed,call,New Arrivals,2024-03-10,2024-03-12,2024-03-16
CAMPAIGN_04204,CUST_02687,Done,email,VIP Re-engagement,2023-09-04,2023-09-05,2023-09-05
CAMPAIGN_04205,CUST_00685,Failed,call,Anniversary Campaign,2024-01-05,2024-01-11,2024-01-13
CAMPAIGN_04206,CUST_02976,Done,call,Holiday Sale,2024-11-06,2024-11-14,2024-11-18
CAMPAIGN_04207,CUST_02827,Done,sms,VIP Re-engagement,2023-02-21,2023-03-01,2023-03-05
CAMPAIGN_04208,CUST_02633,Done,call,Holiday Sale,2023-08-13,2023-08-20,2023-08-21
CAMPAIGN_04209,CUST_01304,Done,sms,Exclusive Preview,2024-07-17,2024-07-27,2024-07-31
CAMPAIGN_04210,CUST_01380,Done,letter,New Arrivals,2023-06-12,2023-06-14,2023-06-14
CAMPAIGN_04211,CUST_01078,Done,sms,Exclusive Preview,2024-10-26,2024-11-02,2024-11-06
CAMPAIGN_04212,CUST_03003,Done,sms,Spring Collection Launch,2024-09-03,2024-09-05,2024-09-05
CAMPAIGN_04213,CUST_02464,Done,sms,Anniversary Campaign,2023-07-27,2023-07-29,2023-07-31
CAMPAIGN_04214,CUST_02079,Done,email,Holiday Sale,2023-01-31,2023-02-07,2023-02-09
CAMPAIGN_04215,CUST_02769,Failed,sms,New Arrivals,2024-09-21,2024-09-24,2024-09-26
CAMPAIGN_04216,CUST_01756,Done,email,Personalized Offer,2023-11-18,2023-11-19,2023-11-20
CAMPAIGN_04217,CUST_02992,Done,call,VIP Re-engagement,2023-01-18,2023-01-21,2023-01-26
CAMPAIGN_04218,CUST_02664,Failed,sms,Anniversary Campaign,2023-03-06,2023-03-16,2023-03-20
CAMPAIGN_04219,CUST_02602,Done,letter,Anniversary Campaign,2023-06-19,2023-06-24,2023-06-25
CAMPAIGN_04220,CUST_00830,Failed,call,Anniversary Campaign,2023-04-01,2023-04-05,2023-04-06
CAMPAIGN_04221,CUST_00186,Done,sms,Loyalty Program Update,2023-08-09,2023-08-18,2023-08-23
CAMPAIGN_04222,CUST_02336,Done,call,VIP Re-engagement,2023-04-12,2023-04-17,2023-04-18
CAMPAIGN_04223,CUST_01678,Failed,call,VIP Re-engagement,2024-07-16,2024-07-18,2024-07-23
CAMPAIGN_04224,CUST_02543,Done,letter,VIP Re-engagement,2023-02-12,2023-02-16,2023-02-19
CAMPAIGN_04225,CUST_00044,Done,email,VIP Re-engagement,2024-06-07,2024-06-13,2024-06-13
CAMPAIGN_04226,CUST_01179,Done,sms,Holiday Sale,2023-12-12,2023-12-19,2023-12-19
CAMPAIGN_04227,CUST_01930,Done,sms,Spring Collection Launch,2024-03-10,2024-03-16,2024-03-17
CAMPAIGN_04228,CUST_00379,Done,call,Personalized Offer,2024-08-09,2024-08-15,2024-08-20
CAMPAIGN_04229,CUST_03293,Failed,sms,Holiday Sale,2023-02-15,2023-02-24,2023-02-24
CAMPAIGN_04230,CUST_01874,Done,email,Holiday Sale,2023-07-22,2023-07-24,2023-07-24
CAMPAIGN_04231,CUST_01100,Failed,email,Personalized Offer,2023-02-23,2023-02-27,2023-03-04
CAMPAIGN_04232,CUST_02640,Done,letter,Exclusive Preview,2024-11-02,2024-11-06,2024-11-10
CAMPAIGN_04233,CUST_02436,Done,sms,Personalized Offer,2023-01-08,2023-01-12,2023-01-15
CAMPAIGN_04234,CUST_01312,Done,call,New Arrivals,2023-02-27,2023-03-02,2023-03-06
CAMPAIGN_04235,CUST_00155,Done,call,Spring Collection Launch,2023-11-06,2023-11-15,2023-11-19
CAMPAIGN_04236,CUST_02721,Done,email,VIP Re-engagement,2024-01-20,2024-01-25,2024-01-27
CAMPAIGN_04237,CUST_02116,Failed,letter,Exclusive Preview,2023-01-15,2023-01-17,2023-01-19
CAMPAIGN_04238,CUST_01681,Done,sms,Loyalty Program Update,2024-11-19,2024-11-22,2024-11-22
CAMPAIGN_04239,CUST_01785,Done,call,Loyalty Program Update,2023-11-23,2023-12-01,2023-12-04
CAMPAIGN_04240,CUST_03227,Done,sms,Holiday Sale,2023-12-31,2024-01-04,2024-01-06
CAMPAIGN_04241,CUST_02172,Done,email,VIP Re-engagement,2024-06-12,2024-06-20,2024-06-20
CAMPAIGN_04242,CUST_03465,Done,email,Personalized Offer,2024-04-12,2024-04-19,2024-04-20
CAMPAIGN_04243,CUST_00578,Failed,email,Spring Collection Launch,2023-03-20,2023-03-30,2023-03-30
CAMPAIGN_04244,CUST_02247,Done,sms,Spring Collection Launch,2023-10-01,2023-10-10,2023-10-15
CAMPAIGN_04245,CUST_03449,Done,call,Anniversary Campaign,2024-03-06,2024-03-08,2024-03-12
CAMPAIGN_04246,CUST_03497,Done,sms,Loyalty Program Update,2024-12-27,2025-01-03,2025-01-08
CAMPAIGN_04247,CUST_00893,Failed,sms,VIP Re-engagement,2023-11-24,2023-12-02,2023-12-05
CAMPAIGN_04248,CUST_00661,Done,email,New Arrivals,2023-09-03,2023-09-05,2023-09-09
CAMPAIGN_04249,CUST_01214,Done,letter,Personalized Offer,2024-07-01,2024-07-09,2024-07-09
CAMPAIGN_04250,CUST_01758,Done,email,Personalized Offer,2024-11-29,2024-12-02,2024-12-02
CAMPAIGN_04251,CUST_02501,Done,letter,New Arrivals,2023-02-05,2023-02-15,2023-02-17
CAMPAIGN_04252,CUST_02765,Done,call,Loyalty Program Update,2023-04-14,2023-04-19,2023-04-21
CAMPAIGN_04253,CUST_03359,Done,call,Loyalty Program Update,2023-09-23,2023-09-25,2023-09-26
CAMPAIGN_04254,CUST_00605,Done,sms,Personalized Offer,2023-08-16,2023-08-18,2023-08-21
CAMPAIGN_04255,CUST_00691,Failed,sms,Exclusive Preview,2024-06-03,2024-06-13,2024-06-14
CAMPAIGN_04256,CUST_00469,Failed,email,Holiday Sale,2024-07-23,2024-08-02,2024-08-06
CAMPAIGN_04257,CUST_02576,Done,call,VIP Re-engagement,2023-02-22,2023-03-04,2023-03-07
CAMPAIGN_04258,CUST_00861,Done,email,Spring Collection Launch,2023-05-20,2023-05-26,2023-05-31
CAMPAIGN_04259,CUST_01059,Failed,email,New Arrivals,2023-01-17,2023-01-26,2023-01-29
CAMPAIGN_04260,CUST_03048,Failed,sms,New Arrivals,2023-12-09,2023-12-16,2023-12-18
CAMPAIGN_04261,CUST_00959,Failed,letter,VIP Re-engagement,2023-12-02,2023-12-11,2023-12-15
CAMPAIGN_04262,CUST_01424,Done,call,VIP Re-engagement,2023-10-25,2023-10-27,2023-10-28
CAMPAIGN_04263,CUST_00359,Failed,call,Holiday Sale,2023-04-18,2023-04-21,2023-04-21
CAMPAIGN_04264,CUST_01518,Done,letter,Exclusive Preview,2023-09-15,2023-09-17,2023-09-17
CAMPAIGN_04265,CUST_00634,Done,sms,VIP Re-engagement,2024-08-04,2024-08-08,2024-08-08
CAMPAIGN_04266,CUST_00552,Done,email,VIP Re-engagement,2023-04-29,2023-05-07,2023-05-11
CAMPAIGN_04267,CUST_03176,Failed,sms,Personalized Offer,2023-04-19,2023-04-21,2023-04-24
CAMPAIGN_04268,CUST_02455,Done,sms,Personalized Offer,2024-02-25,2024-03-05,2024-03-06
CAMPAIGN_04269,CUST_00460,Failed,call,Loyalty Program Update,2024-12-29,2025-01-03,2025-01-04
CAMPAIGN_04270,CUST_03207,Failed,call,New Arrivals,2024-04-14,2024-04-18,2024-04-20
CAMPAIGN_04271,CUST_01656,Done,letter,New Arrivals,2023-12-17,2023-12-18,2023-12-21
CAMPAIGN_04272,CUST_00427,Done,sms,Personalized Offer,2023-01-27,2023-02-05,2023-02-08
CAMPAIGN_04273,CUST_02000,Failed,letter,New Arrivals,2024-01-07,2024-01-12,2024-01-16
CAMPAIGN_04274,CUST_00226,Done,email,Holiday Sale,2023-11-05,2023-11-07,2023-11-11
CAMPAIGN_04275,CUST_03351,Done,call,Exclusive Preview,2024-11-07,2024-11-08,2024-11-10
CAMPAIGN_04276,CUST_02269,Done,sms,Exclusive Preview,2023-05-03,2023-05-11,2023-05-14
CAMPAIGN_04277,CUST_02900,Failed,letter,Loyalty Program Update,2023-04-24,2023-04-26,2023-04-26
CAMPAIGN_04278,CUST_01014,Done,sms,New Arrivals,2024-05-09,2024-05-17,2024-05-18
CAMPAIGN_04279,CUST_00104,Done,call,Exclusive Preview,2024-10-18,2024-10-20,2024-10-25
CAMPAIGN_04280,CUST_02958,Done,call,Loyalty Program Update,2023-07-30,2023-08-02,2023-08-02
CAMPAIGN_04281,CUST_00647,Done,sms,New Arrivals,2023-02-02,2023-02-06,2023-02-07
CAMPAIGN_04282,CUST_03463,Done,call,Exclusive Preview,2023-12-14,2023-12-17,2023-12-20
CAMPAIGN_04283,CUST_00583,Failed,call,Spring Collection Launch,2024-10-30,2024-11-09,2024-11-13
CAMPAIGN_04284,CUST_01397,Done,call,Spring Collection Launch,2023-09-04,2023-09-12,2023-09-12
CAMPAIGN_04285,CUST_01848,Done,call,New Arrivals,2023-12-02,2023-12-04,2023-12-08
CAMPAIGN_04286,CUST_01716,Done,letter,Exclusive Preview,2023-05-26,2023-06-03,2023-06-07
CAMPAIGN_04287,CUST_03487,Done,call,VIP Re-engagement,2024-05-05,2024-05-15,2024-05-16
CAMPAIGN_04288,CUST_03374,Done,call,VIP Re-engagement,2024-03-29,2024-04-02,2024-04-04
CAMPAIGN_04289,CUST_00738,Done,sms,Anniversary Campaign,2023-02-10,2023-02-13,2023-02-17
CAMPAIGN_04290,CUST_02120,Done,sms,Holiday Sale,2023-07-06,2023-07-08,2023-07-13
CAMPAIGN_04291,CUST_02003,Failed,letter,Personalized Offer,2023-01-13,2023-01-23,2023-01-27
CAMPAIGN_04292,CUST_01603,Done,call,Anniversary Campaign,2023-03-15,2023-03-25,2023-03-26
CAMPAIGN_04293,CUST_01623,Failed,sms,Personalized Offer,2024-11-28,2024-12-03,2024-12-08
CAMPAIGN_04294,CUST_02014,Done,letter,New Arrivals,2024-01-18,2024-01-23,2024-01-28
CAMPAIGN_04295,CUST_03474,Done,letter,Personalized Offer,2024-06-05,2024-06-06,2024-06-10
CAMPAIGN_04296,CUST_03031,Done,letter,Personalized Offer,2023-03-28,2023-04-07,2023-04-09
CAMPAIGN_04297,CUST_00722,Failed,email,New Arrivals,2023-06-01,2023-06-07,2023-06-07
CAMPAIGN_04298,CUST_01133,Failed,call,Spring Collection Launch,2024-11-12,2024-11-15,2024-11-17
CAMPAIGN_04299,CUST_02051,Done,email,Spring Collection Launch,2023-10-10,2023-10-16,2023-10-18
CAMPAIGN_04300,CUST_03029,Done,call,Loyalty Program Update,2023-08-19,2023-08-25,2023-08-25
CAMPAIGN_04301,CUST_00401,Done,email,Personalized Offer,2023-05-26,2023-06-04,2023-06-06
CAMPAIGN_04302,CUST_02228,Done,letter,Exclusive Preview,2023-10-09,2023-10-13,2023-10-15
CAMPAIGN_04303,CUST_03404,Failed,call,Holiday Sale,2023-03-28,2023-03-30,2023-04-04
CAMPAIGN_04304,CUST_02192,Done,letter,Exclusive Preview,2024-04-17,2024-04-26,2024-04-28
CAMPAIGN_04305,CUST_03100,Done,call,Spring Collection Launch,2024-01-26,2024-01-30,2024-02-02
CAMPAIGN_04306,CUST_03291,Done,email,Loyalty Program Update,2023-09-05,2023-09-07,2023-09-09
CAMPAIGN_04307,CUST_02588,Done,letter,Holiday Sale,2023-11-23,2023-11-26,2023-11-29
CAMPAIGN_04308,CUST_02356,Done,letter,New Arrivals,2024-07-02,2024-07-12,2024-07-13
CAMPAIGN_04309,CUST_00679,Failed,email,Holiday Sale,2024-11-09,2024-11-10,2024-11-13
CAMPAIGN_04310,CUST_01602,Done,sms,Anniversary Campaign,2024-05-03,2024-05-12,2024-05-12
CAMPAIGN_04311,CUST_02356,Done,sms,Anniversary Campaign,2024-12-30,2024-12-31,2025-01-01
CAMPAIGN_04312,CUST_00873,Done,sms,Anniversary Campaign,2023-09-04,2023-09-14,2023-09-14
CAMPAIGN_04313,CUST_02781,Failed,letter,Anniversary Campaign,2024-08-24,2024-09-03,2024-09-03
CAMPAIGN_04314,CUST_02641,Failed,letter,Holiday Sale,2023-11-13,2023-11-21,2023-11-24
CAMPAIGN_04315,CUST_01377,Done,sms,Anniversary Campaign,2024-03-03,2024-03-06,2024-03-10
CAMPAIGN_04316,CUST_00114,Done,sms,VIP Re-engagement,2023-09-11,2023-09-18,2023-09-21
CAMPAIGN_04317,CUST_02459,Failed,letter,Spring Collection Launch,2023-10-17,2023-10-25,2023-10-28
CAMPAIGN_04318,CUST_02030,Done,email,VIP Re-engagement,2023-09-12,2023-09-17,2023-09-22
CAMPAIGN_04319,CUST_02330,Failed,sms,Exclusive Preview,2023-09-21,2023-10-01,2023-10-04
CAMPAIGN_04320,CUST_01710,Done,sms,Exclusive Preview,2024-09-26,2024-09-30,2024-10-04
CAMPAIGN_04321,CUST_02540,Done,email,Loyalty Program Update,2024-06-11,2024-06-19,2024-06-22
CAMPAIGN_04322,CUST_02929,Done,sms,Spring Collection Launch,2024-02-04,2024-02-09,2024-02-12
CAMPAIGN_04323,CUST_03248,Done,email,Exclusive Preview,2023-02-15,2023-02-19,2023-02-23
CAMPAIGN_04324,CUST_01709,Failed,email,Loyalty Program Update,2024-06-27,2024-07-03,2024-07-06
CAMPAIGN_04325,CUST_01071,Done,email,Exclusive Preview,2023-07-28,2023-08-03,2023-08-06
CAMPAIGN_04326,CUST_01720,Done,call,VIP Re-engagement,2023-03-26,2023-04-05,2023-04-10
CAMPAIGN_04327,CUST_03275,Done,sms,Spring Collection Launch,2024-09-30,2024-10-09,2024-10-14
CAMPAIGN_04328,CUST_01122,Done,sms,New Arrivals,2024-10-13,2024-10-21,2024-10-22
CAMPAIGN_04329,CUST_01041,Done,sms,Spring Collection Launch,2024-09-04,2024-09-14,2024-09-19
CAMPAIGN_04330,CUST_00021,Done,letter,Spring Collection Launch,2023-03-06,2023-03-07,2023-03-09
CAMPAIGN_04331,CUST_03217,Done,email,VIP Re-engagement,2023-05-31,2023-06-09,2023-06-09
CAMPAIGN_04332,CUST_02833,Failed,email,Anniversary Campaign,2024-10-28,2024-10-29,2024-11-01
CAMPAIGN_04333,CUST_02932,Done,call,New Arrivals,2024-07-16,2024-07-19,2024-07-22
CAMPAIGN_04334,CUST_03157,Failed,call,Holiday Sale,2024-07-17,2024-07-25,2024-07-28
CAMPAIGN_04335,CUST_01922,Done,email,Anniversary Campaign,2023-08-19,2023-08-20,2023-08-23
CAMPAIGN_04336,CUST_01542,Failed,letter,VIP Re-engagement,2024-07-20,2024-07-25,2024-07-25
CAMPAIGN_04337,CUST_00654,Failed,sms,Personalized Offer,2024-07-16,2024-07-17,2024-07-18
CAMPAIGN_04338,CUST_01542,Failed,sms,Anniversary Campaign,2023-08-22,2023-09-01,2023-09-03
CAMPAIGN_04339,CUST_01518,Done,sms,Loyalty Program Update,2024-03-07,2024-03-12,2024-03-17
CAMPAIGN_04340,CUST_01844,Failed,email,Loyalty Program Update,2023-03-30,2023-04-09,2023-04-14
CAMPAIGN_04341,CUST_00689,Done,email,Personalized Offer,2023-09-10,2023-09-17,2023-09-22
CAMPAIGN_04342,CUST_01709,Failed,email,Holiday Sale,2023-11-13,2023-11-21,2023-11-25
CAMPAIGN_04343,CUST_02500,Done,call,Holiday Sale,2024-02-22,2024-03-02,2024-03-07
CAMPAIGN_04344,CUST_03419,Done,email,Anniversary Campaign,2023-07-24,2023-07-25,2023-07-26
CAMPAIGN_04345,CUST_03257,Done,email,New Arrivals,2024-01-18,2024-01-25,2024-01-27
CAMPAIGN_04346,CUST_03352,Done,letter,Spring Collection Launch,2024-11-02,2024-11-09,2024-11-13
CAMPAIGN_04347,CUST_00342,Done,email,Loyalty Program Update,2023-02-08,2023-02-15,2023-02-16
CAMPAIGN_04348,CUST_00964,Done,call,New Arrivals,2024-11-14,2024-11-24,2024-11-25
CAMPAIGN_04349,CUST_03165,Done,email,VIP Re-engagement,2023-03-06,2023-03-16,2023-03-20
CAMPAIGN_04350,CUST_02474,Done,call,VIP Re-engagement,2023-05-01,2023-05-09,2023-05-11
CAMPAIGN_04351,CUST_01021,Done,email,Holiday Sale,2023-06-16,2023-06-17,2023-06-17
CAMPAIGN_04352,CUST_03173,Failed,call,Anniversary Campaign,2024-09-13,2024-09-17,2024-09-18
CAMPAIGN_04353,CUST_03279,Done,call,Holiday Sale,2024-04-03,2024-04-08,2024-04-08
CAMPAIGN_04354,CUST_00818,Done,sms,Loyalty Program Update,2024-01-21,2024-01-27,2024-02-01
CAMPAIGN_04355,CUST_03041,Done,sms,Loyalty Program Update,2023-03-08,2023-03-16,2023-03-19
CAMPAIGN_04356,CUST_00183,Done,letter,Anniversary Campaign,2024-03-02,2024-03-09,2024-03-14
CAMPAIGN_04357,CUST_00011,Done,call,Loyalty Program Update,2023-07-07,2023-07-11,2023-07-12
CAMPAIGN_04358,CUST_00761,Failed,email,Loyalty Program Update,2023-12-15,2023-12-20,2023-12-24
CAMPAIGN_04359,CUST_03038,Failed,email,VIP Re-engagement,2023-05-19,2023-05-24,2023-05-27
CAMPAIGN_04360,CUST_00103,Done,call,Anniversary Campaign,2024-11-28,2024-12-06,2024-12-06
CAMPAIGN_04361,CUST_02749,Done,email,Spring Collection Launch,2024-03-21,2024-03-24,2024-03-27
CAMPAIGN_04362,CUST_00573,Done,letter,VIP Re-engagement,2024-09-15,2024-09-18,2024-09-19
CAMPAIGN_04363,CUST_02209,Done,letter,Spring Collection Launch,2023-09-27,2023-09-30,2023-10-03
CAMPAIGN_04364,CUST_01696,Done,call,VIP Re-engagement,2023-10-17,2023-10-27,2023-10-28
CAMPAIGN_04365,CUST_02165,Done,email,Spring Collection Launch,2024-08-20,2024-08-28,2024-08-30
CAMPAIGN_04366,CUST_01392,Done,call,Anniversary Campaign,2024-09-26,2024-09-28,2024-09-29
CAMPAIGN_04367,CUST_01691,Failed,email,Holiday Sale,2023-03-12,2023-03-22,2023-03-25
CAMPAIGN_04368,CUST_01403,Done,letter,Personalized Offer,2024-05-27,2024-06-02,2024-06-07
CAMPAIGN_04369,CUST_03473,Done,email,Exclusive Preview,2023-10-11,2023-10-13,2023-10-16
CAMPAIGN_04370,CUST_03269,Failed,sms,Personalized Offer,2023-10-17,2023-10-22,2023-10-25
CAMPAIGN_04371,CUST_03187,Done,sms,New Arrivals,2024-10-26,2024-10-29,2024-10-29
CAMPAIGN_04372,CUST_02174,Done,email,Loyalty Program Update,2023-07-07,2023-07-13,2023-07-15
CAMPAIGN_04373,CUST_00186,Done,letter,VIP Re-engagement,2023-02-13,2023-02-20,2023-02-25
CAMPAIGN_04374,CUST_02283,Done,sms,VIP Re-engagement,2023-09-09,2023-09-11,2023-09-12
CAMPAIGN_04375,CUST_03147,Done,letter,Holiday Sale,2024-06-11,2024-06-16,2024-06-19
CAMPAIGN_04376,CUST_00550,Done,letter,Anniversary Campaign,2023-11-12,2023-11-13,2023-11-14
CAMPAIGN_04377,CUST_02997,Done,call,Loyalty Program Update,2024-06-08,2024-06-14,2024-06-18
CAMPAIGN_04378,CUST_01075,Done,sms,Personalized Offer,2024-01-07,2024-01-16,2024-01-17
CAMPAIGN_04379,CUST_03352,Done,email,Anniversary Campaign,2023-07-26,2023-08-04,2023-08-05
CAMPAIGN_04380,CUST_02127,Failed,letter,Holiday Sale,2024-11-13,2024-11-22,2024-11-27
CAMPAIGN_04381,CUST_02717,Done,letter,Exclusive Preview,2023-03-24,2023-04-01,2023-04-04
CAMPAIGN_04382,CUST_00002,Done,email,Loyalty Program Update,2023-08-15,2023-08-20,2023-08-25
CAMPAIGN_04383,CUST_02597,Failed,email,Holiday Sale,2024-12-23,2024-12-27,2024-12-27
CAMPAIGN_04384,CUST_00364,Failed,sms,Loyalty Program Update,2023-04-26,2023-05-03,2023-05-05
CAMPAIGN_04385,CUST_02620,Done,call,Exclusive Preview,2024-02-07,2024-02-14,2024-02-17
CAMPAIGN_04386,CUST_02844,Done,call,VIP Re-engagement,2024-05-08,2024-05-13,2024-05-15
CAMPAIGN_04387,CUST_02963,Done,sms,VIP Re-engagement,2024-09-17,2024-09-26,2024-09-30
CAMPAIGN_04388,CUST_02540,Done,email,Exclusive Preview,2023-01-17,2023-01-22,2023-01-23
CAMPAIGN_04389,CUST_01230,Done,call,VIP Re-engagement,2024-08-01,2024-08-08,2024-08-10
CAMPAIGN_04390,CUST_01662,Done,call,VIP Re-engagement,2023-12-09,2023-12-18,2023-12-23
CAMPAIGN_04391,CUST_00230,Done,letter,VIP Re-engagement,2023-06-27,2023-07-02,2023-07-07
CAMPAIGN_04392,CUST_02734,Done,call,Personalized Offer,2023-03-15,2023-03-20,2023-03-20
CAMPAIGN_04393,CUST_00923,Failed,letter,Personalized Offer,2024-03-11,2024-03-18,2024-03-19
CAMPAIGN_04394,CUST_02408,Failed,sms,Spring Collection Launch,2024-08-07,2024-08-13,2024-08-15
CAMPAIGN_04395,CUST_03492,Done,sms,Holiday Sale,2023-02-16,2023-02-19,2023-02-22
CAMPAIGN_04396,CUST_00874,Failed,email,Loyalty Program Update,2024-07-26,2024-07-29,2024-07-30
CAMPAIGN_04397,CUST_00946,Done,call,Loyalty Program Update,2024-01-29,2024-02-07,2024-02-12
CAMPAIGN_04398,CUST_00894,Done,email,Spring Collection Launch,2023-07-27,2023-08-04,2023-08-08
CAMPAIGN_04399,CUST_03016,Done,call,Personalized Offer,2024-11-20,2024-11-29,2024-12-01
CAMPAIGN_04400,CUST_00967,Failed,email,Anniversary Campaign,2023-03-21,2023-03-24,2023-03-29
CAMPAIGN_04401,CUST_01392,Done,email,Exclusive Preview,2024-03-12,2024-03-19,2024-03-23
CAMPAIGN_04402,CUST_02922,Failed,letter,Spring Collection Launch,2023-12-29,2024-01-06,2024-01-11
CAMPAIGN_04403,CUST_03066,Done,sms,New Arrivals,2024-02-01,2024-02-02,2024-02-05
CAMPAIGN_04404,CUST_00906,Done,letter,Spring Collection Launch,2023-03-01,2023-03-06,2023-03-09
CAMPAIGN_04405,CUST_03471,Done,email,Spring Collection Launch,2023-04-02,2023-04-12,2023-04-17
CAMPAIGN_04406,CUST_01057,Done,call,Loyalty Program Update,2024-12-22,2024-12-23,2024-12-28
CAMPAIGN_04407,CUST_02600,Failed,email,Exclusive Preview,2024-05-06,2024-05-07,2024-05-09
CAMPAIGN_04408,CUST_00283,Failed,call,Personalized Offer,2024-03-08,2024-03-14,2024-03-18
CAMPAIGN_04409,CUST_02929,Done,email,Personalized Offer,2023-09-26,2023-09-29,2023-10-03
CAMPAIGN_04410,CUST_02639,Failed,sms,Exclusive Preview,2023-10-01,2023-10-05,2023-10-08
CAMPAIGN_04411,CUST_03235,Done,call,Spring Collection Launch,2024-09-10,2024-09-20,2024-09-24
CAMPAIGN_04412,CUST_00457,Done,email,Holiday Sale,2024-10-23,2024-10-25,2024-10-27
CAMPAIGN_04413,CUST_02486,Done,email,Anniversary Campaign,2024-04-08,2024-04-11,2024-04-12
CAMPAIGN_04414,CUST_03468,Done,sms,Holiday Sale,2024-03-19,2024-03-23,2024-03-28
CAMPAIGN_04415,CUST_02795,Done,call,Anniversary Campaign,2024-01-17,2024-01-19,2024-01-19
CAMPAIGN_04416,CUST_01509,Done,sms,VIP Re-engagement,2023-01-03,2023-01-08,2023-01-12
CAMPAIGN_04417,CUST_02174,Done,call,Holiday Sale,2023-06-02,2023-06-03,2023-06-08
CAMPAIGN_04418,CUST_00079,Done,sms,Holiday Sale,2024-02-09,2024-02-11,2024-02-13
CAMPAIGN_04419,CUST_00259,Done,sms,Holiday Sale,2024-05-02,2024-05-04,2024-05-08
CAMPAIGN_04420,CUST_01460,Done,letter,Exclusive Preview,2023-07-17,2023-07-26,2023-07-30
CAMPAIGN_04421,CUST_01800,Failed,sms,Loyalty Program Update,2024-05-16,2024-05-24,2024-05-26
CAMPAIGN_04422,CUST_02996,Failed,call,Anniversary Campaign,2024-11-20,2024-11-26,2024-11-28
CAMPAIGN_04423,CUST_02647,Done,email,Anniversary Campaign,2023-12-21,2023-12-26,2023-12-31
CAMPAIGN_04424,CUST_00651,Done,call,Anniversary Campaign,2024-01-31,2024-02-07,2024-02-07
CAMPAIGN_04425,CUST_00409,Done,email,Personalized Offer,2024-10-08,2024-10-09,2024-10-14
CAMPAIGN_04426,CUST_00510,Done,call,New Arrivals,2024-07-04,2024-07-06,2024-07-08
CAMPAIGN_04427,CUST_03485,Done,email,Exclusive Preview,2023-07-10,2023-07-16,2023-07-21
CAMPAIGN_04428,CUST_03412,Done,letter,Personalized Offer,2024-03-13,2024-03-23,2024-03-24
CAMPAIGN_04429,CUST_00916,Done,call,Personalized Offer,2023-05-01,2023-05-11,2023-05-13
CAMPAIGN_04430,CUST_01988,Done,sms,VIP Re-engagement,2024-01-10,2024-01-11,2024-01-15
CAMPAIGN_04431,CUST_02163,Failed,letter,Anniversary Campaign,2023-02-13,2023-02-18,2023-02-20
CAMPAIGN_04432,CUST_03194,Done,call,Exclusive Preview,2023-09-17,2023-09-26,2023-09-26
CAMPAIGN_04433,CUST_02312,Done,call,Spring Collection Launch,2023-07-12,2023-07-14,2023-07-18
CAMPAIGN_04434,CUST_02870,Done,sms,Spring Collection Launch,2023-08-19,2023-08-25,2023-08-30
CAMPAIGN_04435,CUST_03086,Done,call,Spring Collection Launch,2023-02-19,2023-02-27,2023-03-01
CAMPAIGN_04436,CUST_00457,Done,sms,Exclusive Preview,2024-09-02,2024-09-05,2024-09-05
CAMPAIGN_04437,CUST_00466,Done,letter,Personalized Offer,2024-01-21,2024-01-29,2024-02-01
CAMPAIGN_04438,CUST_03324,Done,email,Personalized Offer,2024-02-14,2024-02-17,2024-02-22
CAMPAIGN_04439,CUST_03163,Done,letter,Spring Collection Launch,2024-10-25,2024-11-02,2024-11-05
CAMPAIGN_04440,CUST_01836,Failed,call,Personalized Offer,2023-07-30,2023-08-07,2023-08-07
CAMPAIGN_04441,CUST_00297,Done,email,Exclusive Preview,2024-12-16,2024-12-21,2024-12-21
CAMPAIGN_04442,CUST_00689,Done,letter,Loyalty Program Update,2024-10-10,2024-10-14,2024-10-17
CAMPAIGN_04443,CUST_01344,Done,email,New Arrivals,2023-11-24,2023-11-29,2023-12-01
CAMPAIGN_04444,CUST_03114,Failed,letter,New Arrivals,2023-01-15,2023-01-22,2023-01-23
CAMPAIGN_04445,CUST_00435,Failed,sms,Loyalty Program Update,2023-05-13,2023-05-23,2023-05-26
CAMPAIGN_04446,CUST_02393,Failed,call,Spring Collection Launch,2023-06-26,2023-07-04,2023-07-05
CAMPAIGN_04447,CUST_01364,Failed,email,Loyalty Program Update,2023-11-28,2023-12-03,2023-12-06
CAMPAIGN_04448,CUST_03162,Done,letter,Exclusive Preview,2024-07-17,2024-07-20,2024-07-24
CAMPAIGN_04449,CUST_03421,Done,sms,Personalized Offer,2024-05-14,2024-05-21,2024-05-21
CAMPAIGN_04450,CUST_03486,Failed,letter,Loyalty Program Update,2023-06-28,2023-06-29,2023-06-30
CAMPAIGN_04451,CUST_03296,Failed,email,Exclusive Preview,2023-09-13,2023-09-21,2023-09-22
CAMPAIGN_04452,CUST_00672,Done,sms,Personalized Offer,2023-12-05,2023-12-12,2023-12-12
CAMPAIGN_04453,CUST_01240,Done,sms,Personalized Offer,2024-09-27,2024-09-29,2024-10-01
CAMPAIGN_04454,CUST_00808,Failed,sms,Anniversary Campaign,2024-07-28,2024-07-30,2024-07-31
CAMPAIGN_04455,CUST_00017,Failed,email,Exclusive Preview,2023-01-21,2023-01-29,2023-02-01
CAMPAIGN_04456,CUST_00766,Failed,sms,Loyalty Program Update,2023-05-20,2023-05-26,2023-05-28
CAMPAIGN_04457,CUST_00068,Done,email,Exclusive Preview,2024-06-08,2024-06-18,2024-06-23
CAMPAIGN_04458,CUST_02448,Done,sms,New Arrivals,2024-01-26,2024-02-02,2024-02-02
CAMPAIGN_04459,CUST_02908,Done,call,Spring Collection Launch,2023-05-11,2023-05-20,2023-05-21
CAMPAIGN_04460,CUST_00441,Done,email,Anniversary Campaign,2024-03-12,2024-03-16,2024-03-17
CAMPAIGN_04461,CUST_02326,Done,sms,Exclusive Preview,2024-04-01,2024-04-08,2024-04-11
CAMPAIGN_04462,CUST_02079,Done,letter,Loyalty Program Update,2023-12-28,2024-01-01,2024-01-01
CAMPAIGN_04463,CUST_02218,Done,sms,Loyalty Program Update,2023-04-18,2023-04-28,2023-04-29
CAMPAIGN_04464,CUST_00081,Failed,email,Anniversary Campaign,2023-09-09,2023-09-15,2023-09-19
CAMPAIGN_04465,CUST_01954,Done,call,Exclusive Preview,2024-08-31,2024-09-09,2024-09-13
CAMPAIGN_04466,CUST_02235,Done,call,VIP Re-engagement,2024-03-01,2024-03-10,2024-03-10
CAMPAIGN_04467,CUST_01594,Failed,sms,Spring Collection Launch,2024-03-26,2024-03-30,2024-04-01
CAMPAIGN_04468,CUST_02836,Failed,letter,New Arrivals,2023-05-24,2023-05-29,2023-06-03
CAMPAIGN_04469,CUST_00923,Failed,sms,VIP Re-engagement,2024-05-06,2024-05-09,2024-05-10
CAMPAIGN_04470,CUST_03101,Failed,sms,Exclusive Preview,2024-11-04,2024-11-05,2024-11-07
CAMPAIGN_04471,CUST_00384,Done,sms,Loyalty Program Update,2024-08-04,2024-08-05,2024-08-08
CAMPAIGN_04472,CUST_02209,Done,email,Anniversary Campaign,2023-04-25,2023-05-05,2023-05-08
CAMPAIGN_04473,CUST_00751,Failed,sms,VIP Re-engagement,2023-08-22,2023-08-24,2023-08-27
CAMPAIGN_04474,CUST_00570,Done,letter,VIP Re-engagement,2023-06-05,2023-06-10,2023-06-13
CAMPAIGN_04475,CUST_02423,Done,email,Exclusive Preview,2024-06-27,2024-06-29,2024-06-30
CAMPAIGN_04476,CUST_00568,Failed,sms,Spring Collection Launch,2023-02-06,2023-02-14,2023-02-19
CAMPAIGN_04477,CUST_02047,Done,sms,VIP Re-engagement,2024-03-28,2024-04-04,2024-04-08
CAMPAIGN_04478,CUST_00409,Done,call,VIP Re-engagement,2023-02-28,2023-03-09,2023-03-14
CAMPAIGN_04479,CUST_03140,Done,sms,Holiday Sale,2024-11-12,2024-11-17,2024-11-19
CAMPAIGN_04480,CUST_02805,Done,call,Holiday Sale,2024-07-12,2024-07-18,2024-07-19
CAMPAIGN_04481,CUST_01858,Done,email,New Arrivals,2023-04-04,2023-04-14,2023-04-19
CAMPAIGN_04482,CUST_01838,Failed,letter,Loyalty Program Update,2024-07-10,2024-07-16,2024-07-16
CAMPAIGN_04483,CUST_03200,Done,email,VIP Re-engagement,2023-09-21,2023-10-01,2023-10-04
CAMPAIGN_04484,CUST_01602,Done,call,Exclusive Preview,2023-08-23,2023-08-25,2023-08-27
CAMPAIGN_04485,CUST_00136,Done,call,Spring Collection Launch,2024-09-13,2024-09-15,2024-09-17
CAMPAIGN_04486,CUST_03432,Failed,email,Spring Collection Launch,2023-11-22,2023-11-28,2023-12-01
CAMPAIGN_04487,CUST_00590,Done,call,Personalized Offer,2023-05-16,2023-05-20,2023-05-23
CAMPAIGN_04488,CUST_00201,Done,sms,Holiday Sale,2024-01-11,2024-01-14,2024-01-15
CAMPAIGN_04489,CUST_02418,Done,sms,Personalized Offer,2024-08-17,2024-08-26,2024-08-31
CAMPAIGN_04490,CUST_01139,Done,sms,Personalized Offer,2023-01-26,2023-01-27,2023-01-31
CAMPAIGN_04491,CUST_01506,Failed,sms,New Arrivals,2023-03-19,2023-03-29,2023-04-02
CAMPAIGN_04492,CUST_03025,Done,email,Loyalty Program Update,2024-10-21,2024-10-29,2024-10-30
CAMPAIGN_04493,CUST_01593,Done,email,VIP Re-engagement,2023-03-16,2023-03-25,2023-03-27
CAMPAIGN_04494,CUST_03150,Done,call,New Arrivals,2024-08-31,2024-09-10,2024-09-12
CAMPAIGN_04495,CUST_02450,Done,email,Anniversary Campaign,2024-05-11,2024-05-12,2024-05-17
CAMPAIGN_04496,CUST_01505,Failed,letter,Holiday Sale,2023-01-20,2023-01-26,2023-01-31
CAMPAIGN_04497,CUST_00158,Done,sms,Holiday Sale,2024-06-15,2024-06-16,2024-06-19
CAMPAIGN_04498,CUST_02138,Done,email,Loyalty Program Update,2023-06-09,2023-06-11,2023-06-13
CAMPAIGN_04499,CUST_01167,Done,call,Anniversary Campaign,2023-09-06,2023-09-14,2023-09-16
CAMPAIGN_04500,CUST_00678,Failed,letter,Spring Collection Launch,2024-05-25,2024-05-30,2024-05-31
CAMPAIGN_04501,CUST_02104,Failed,letter,Personalized Offer,2024-12-06,2024-12-08,2024-12-08
CAMPAIGN_04502,CUST_02027,Done,letter,Spring Collection Launch,2024-03-17,2024-03-26,2024-03-31
CAMPAIGN_04503,CUST_03369,Failed,email,New Arrivals,2024-09-18,2024-09-23,2024-09-23
CAMPAIGN_04504,CUST_00039,Failed,sms,Holiday Sale,2024-10-24,2024-10-30,2024-10-30
CAMPAIGN_04505,CUST_00652,Failed,letter,Loyalty Program Update,2023-04-10,2023-04-13,2023-04-16
CAMPAIGN_04506,CUST_00567,Done,call,Anniversary Campaign,2023-09-11,2023-09-17,2023-09-19
CAMPAIGN_04507,CUST_00801,Failed,call,Spring Collection Launch,2023-03-03,2023-03-05,2023-03-10
CAMPAIGN_04508,CUST_00098,Done,letter,Exclusive Preview,2024-10-29,2024-11-07,2024-11-07
CAMPAIGN_04509,CUST_02487,Done,email,Personalized Offer,2024-04-11,2024-04-14,2024-04-19
CAMPAIGN_04510,CUST_02926,Done,letter,Personalized Offer,2023-05-09,2023-05-17,2023-05-17
CAMPAIGN_04511,CUST_00006,Done,call,Loyalty Program Update,2023-08-28,2023-08-29,2023-08-29
CAMPAIGN_04512,CUST_03219,Failed,sms,Holiday Sale,2024-02-24,2024-02-26,2024-02-29
CAMPAIGN_04513,CUST_03231,Done,letter,Anniversary Campaign,2023-03-06,2023-03-10,2023-03-12
CAMPAIGN_04514,CUST_02994,Done,sms,New Arrivals,2023-05-21,2023-05-22,2023-05-23
CAMPAIGN_04515,CUST_00397,Failed,sms,Loyalty Program Update,2023-04-06,2023-04-11,2023-04-12
CAMPAIGN_04516,CUST_00609,Done,call,VIP Re-engagement,2023-09-10,2023-09-15,2023-09-20
CAMPAIGN_04517,CUST_02788,Failed,sms,VIP Re-engagement,2024-09-11,2024-09-20,2024-09-25
CAMPAIGN_04518,CUST_02944,Done,letter,Holiday Sale,2023-02-07,2023-02-08,2023-02-08
CAMPAIGN_04519,CUST_03125,Done,call,Personalized Offer,2023-11-09,2023-11-16,2023-11-20
CAMPAIGN_04520,CUST_02542,Done,sms,Holiday Sale,2023-11-13,2023-11-22,2023-11-27
CAMPAIGN_04521,CUST_00530,Done,email,Spring Collection Launch,2024-12-05,2024-12-07,2024-12-10
CAMPAIGN_04522,CUST_03016,Done,sms,Anniversary Campaign,2023-09-03,2023-09-07,2023-09-07
CAMPAIGN_04523,CUST_01804,Done,call,Personalized Offer,2023-06-27,2023-07-05,2023-07-07
CAMPAIGN_04524,CUST_03027,Done,sms,Loyalty Program Update,2024-10-02,2024-10-08,2024-10-09
CAMPAIGN_04525,CUST_00552,Done,letter,New Arrivals,2023-04-30,2023-05-10,2023-05-13
CAMPAIGN_04526,CUST_02844,Done,sms,Holiday Sale,2023-11-27,2023-12-02,2023-12-07
CAMPAIGN_04527,CUST_00026,Failed,letter,New Arrivals,2024-04-21,2024-04-23,2024-04-24
CAMPAIGN_04528,CUST_01692,Done,email,New Arrivals,2023-04-16,2023-04-23,2023-04-26
CAMPAIGN_04529,CUST_01053,Failed,call,Exclusive Preview,2023-03-12,2023-03-19,2023-03-20
CAMPAIGN_04530,CUST_01459,Done,sms,Anniversary Campaign,2023-12-30,2024-01-06,2024-01-11
CAMPAIGN_04531,CUST_00819,Done,sms,Personalized Offer,2023-04-19,2023-04-29,2023-04-30
CAMPAIGN_04532,CUST_01199,Done,call,New Arrivals,2024-01-11,2024-01-19,2024-01-20
CAMPAIGN_04533,CUST_01307,Done,email,Personalized Offer,2024-03-11,2024-03-14,2024-03-14
CAMPAIGN_04534,CUST_02452,Failed,letter,Holiday Sale,2024-12-13,2024-12-14,2024-12-19
CAMPAIGN_04535,CUST_02012,Done,email,Anniversary Campaign,2024-12-31,2025-01-06,2025-01-11
CAMPAIGN_04536,CUST_03121,Failed,email,VIP Re-engagement,2024-06-07,2024-06-11,2024-06-12
CAMPAIGN_04537,CUST_01248,Done,call,New Arrivals,2023-03-20,2023-03-24,2023-03-29
CAMPAIGN_04538,CUST_01782,Done,call,VIP Re-engagement,2024-11-16,2024-11-17,2024-11-17
CAMPAIGN_04539,CUST_01106,Done,call,New Arrivals,2023-12-03,2023-12-12,2023-12-13
CAMPAIGN_04540,CUST_00092,Done,email,New Arrivals,2023-05-03,2023-05-05,2023-05-06
CAMPAIGN_04541,CUST_00335,Done,call,New Arrivals,2024-09-17,2024-09-19,2024-09-19
CAMPAIGN_04542,CUST_01720,Done,email,Personalized Offer,2024-01-27,2024-01-30,2024-02-04
CAMPAIGN_04543,CUST_00979,Done,call,Exclusive Preview,2024-10-15,2024-10-16,2024-10-16
CAMPAIGN_04544,CUST_02058,Done,call,VIP Re-engagement,2024-08-02,2024-08-04,2024-08-05
CAMPAIGN_04545,CUST_00610,Done,email,Holiday Sale,2023-04-13,2023-04-14,2023-04-15
CAMPAIGN_04546,CUST_01883,Failed,call,Holiday Sale,2023-02-22,2023-03-02,2023-03-04
CAMPAIGN_04547,CUST_02570,Failed,sms,Exclusive Preview,2023-09-19,2023-09-22,2023-09-24
CAMPAIGN_04548,CUST_00563,Done,sms,Holiday Sale,2024-06-29,2024-07-01,2024-07-03
CAMPAIGN_04549,CUST_01381,Failed,call,Anniversary Campaign,2024-01-24,2024-01-27,2024-01-30
CAMPAIGN_04550,CUST_02218,Done,call,Personalized Offer,2024-12-31,2025-01-05,2025-01-09
CAMPAIGN_04551,CUST_02679,Done,letter,Anniversary Campaign,2023-05-14,2023-05-21,2023-05-23
CAMPAIGN_04552,CUST_03061,Done,sms,Exclusive Preview,2024-08-22,2024-08-24,2024-08-29
CAMPAIGN_04553,CUST_02676,Failed,call,Personalized Offer,2024-02-26,2024-03-06,2024-03-07
CAMPAIGN_04554,CUST_01786,Done,sms,VIP Re-engagement,2024-07-12,2024-07-14,2024-07-16
CAMPAIGN_04555,CUST_03487,Done,sms,Holiday Sale,2023-05-10,2023-05-12,2023-05-14
CAMPAIGN_04556,CUST_02936,Done,sms,Spring Collection Launch,2024-06-26,2024-06-29,2024-07-02
CAMPAIGN_04557,CUST_01232,Done,email,VIP Re-engagement,2023-12-30,2024-01-08,2024-01-12
CAMPAIGN_04558,CUST_01921,Done,call,Personalized Offer,2024-09-30,2024-10-07,2024-10-10
CAMPAIGN_04559,CUST_01089,Done,call,Spring Collection Launch,2023-09-11,2023-09-13,2023-09-14
CAMPAIGN_04560,CUST_02388,Done,call,New Arrivals,2023-06-07,2023-06-08,2023-06-11
CAMPAIGN_04561,CUST_00851,Done,email,Loyalty Program Update,2023-12-01,2023-12-03,2023-12-06
CAMPAIGN_04562,CUST_02662,Done,email,Spring Collection Launch,2023-02-07,2023-02-12,2023-02-12
CAMPAIGN_04563,CUST_00853,Done,call,Spring Collection Launch,2024-03-10,2024-03-19,2024-03-22
CAMPAIGN_04564,CUST_03425,Done,sms,Personalized Offer,2023-06-11,2023-06-21,2023-06-24
CAMPAIGN_04565,CUST_02692,Failed,letter,Personalized Offer,2023-01-10,2023-01-15,2023-01-20
CAMPAIGN_04566,CUST_01282,Failed,sms,Holiday Sale,2024-02-22,2024-03-03,2024-03-05
CAMPAIGN_04567,CUST_02004,Done,email,Loyalty Program Update,2024-03-12,2024-03-21,2024-03-25
CAMPAIGN_04568,CUST_00873,Done,email,Exclusive Preview,2023-08-17,2023-08-21,2023-08-26
CAMPAIGN_04569,CUST_02533,Failed,email,Personalized Offer,2024-03-23,2024-03-29,2024-04-03
CAMPAIGN_04570,CUST_02559,Failed,email,Spring Collection Launch,2023-11-27,2023-12-02,2023-12-06
CAMPAIGN_04571,CUST_00762,Done,letter,Anniversary Campaign,2023-09-25,2023-10-02,2023-10-02
CAMPAIGN_04572,CUST_00981,Failed,call,Anniversary Campaign,2024-05-17,2024-05-22,2024-05-26
CAMPAIGN_04573,CUST_01753,Done,email,Spring Collection Launch,2024-05-10,2024-05-13,2024-05-15
CAMPAIGN_04574,CUST_02177,Failed,email,VIP Re-engagement,2023-11-19,2023-11-24,2023-11-27
CAMPAIGN_04575,CUST_02193,Done,call,Spring Collection Launch,2023-08-02,2023-08-04,2023-08-09
CAMPAIGN_04576,CUST_03386,Failed,letter,New Arrivals,2023-10-28,2023-11-01,2023-11-04
CAMPAIGN_04577,CUST_02307,Done,email,New Arrivals,2023-12-26,2023-12-28,2023-12-31
CAMPAIGN_04578,CUST_01966,Done,email,Personalized Offer,2024-06-04,2024-06-09,2024-06-10
CAMPAIGN_04579,CUST_01858,Done,sms,Anniversary Campaign,2023-04-23,2023-04-26,2023-04-27
CAMPAIGN_04580,CUST_02084,Done,email,Exclusive Preview,2023-03-22,2023-03-24,2023-03-25
CAMPAIGN_04581,CUST_01132,Done,letter,Loyalty Program Update,2024-02-10,2024-02-19,2024-02-23
CAMPAIGN_04582,CUST_00573,Done,email,Anniversary Campaign,2024-05-09,2024-05-12,2024-05-14
CAMPAIGN_04583,CUST_01856,Done,letter,Spring Collection Launch,2023-11-29,2023-12-09,2023-12-12
CAMPAIGN_04584,CUST_01224,Done,call,Loyalty Program Update,2024-02-09,2024-02-18,2024-02-21
CAMPAIGN_04585,CUST_01555,Done,call,VIP Re-engagement,2023-09-14,2023-09-17,2023-09-17
CAMPAIGN_04586,CUST_01081,Done,letter,Spring Collection Launch,2024-09-23,2024-09-26,2024-09-28
CAMPAIGN_04587,CUST_02939,Failed,call,Loyalty Program Update,2024-10-18,2024-10-26,2024-10-27
CAMPAIGN_04588,CUST_01955,Done,letter,VIP Re-engagement,2023-05-03,2023-05-05,2023-05-09
CAMPAIGN_04589,CUST_00696,Done,call,Exclusive Preview,2024-06-17,2024-06-20,2024-06-23
CAMPAIGN_04590,CUST_02325,Failed,sms,Loyalty Program Update,2024-09-03,2024-09-08,2024-09-12
CAMPAIGN_04591,CUST_00739,Failed,letter,Personalized Offer,2024-04-01,2024-04-10,2024-04-13
CAMPAIGN_04592,CUST_00950,Done,email,Exclusive Preview,2024-10-24,2024-10-31,2024-11-01
CAMPAIGN_04593,CUST_03013,Failed,email,Loyalty Program Update,2023-08-13,2023-08-17,2023-08-17
CAMPAIGN_04594,CUST_03359,Done,letter,Anniversary Campaign,2023-04-17,2023-04-26,2023-05-01
CAMPAIGN_04595,CUST_01370,Failed,letter,Spring Collection Launch,2024-11-23,2024-11-28,2024-11-29
CAMPAIGN_04596,CUST_02713,Done,letter,Spring Collection Launch,2023-03-28,2023-04-04,2023-04-05
CAMPAIGN_04597,CUST_00614,Done,call,Holiday Sale,2024-09-25,2024-09-28,2024-10-03
CAMPAIGN_04598,CUST_03359,Done,call,Loyalty Program Update,2024-10-01,2024-10-09,2024-10-11
CAMPAIGN_04599,CUST_02232,Failed,letter,Loyalty Program Update,2023-06-13,2023-06-14,2023-06-16
CAMPAIGN_04600,CUST_00552,Done,email,Spring Collection Launch,2024-09-03,2024-09-10,2024-09-11
CAMPAIGN_04601,CUST_03465,Done,email,VIP Re-engagement,2024-01-11,2024-01-18,2024-01-19
CAMPAIGN_04602,CUST_00916,Done,email,Spring Collection Launch,2024-03-26,2024-03-27,2024-03-31
CAMPAIGN_04603,CUST_01948,Failed,email,Exclusive Preview,2024-12-13,2024-12-18,2024-12-18
CAMPAIGN_04604,CUST_02982,Done,letter,Exclusive Preview,2023-11-06,2023-11-16,2023-11-17
CAMPAIGN_04605,CUST_01577,Done,sms,Loyalty Program Update,2024-09-22,2024-09-30,2024-10-04
CAMPAIGN_04606,CUST_02367,Done,call,Spring Collection Launch,2024-07-03,2024-07-06,2024-07-06
CAMPAIGN_04607,CUST_00383,Done,email,Personalized Offer,2023-08-05,2023-08-06,2023-08-08
CAMPAIGN_04608,CUST_00917,Done,letter,Personalized Offer,2023-07-15,2023-07-23,2023-07-24
CAMPAIGN_04609,CUST_02807,Done,letter,Anniversary Campaign,2024-05-20,2024-05-28,2024-05-28
CAMPAIGN_04610,CUST_03237,Done,letter,Personalized Offer,2023-04-15,2023-04-23,2023-04-23
CAMPAIGN_04611,CUST_03488,Done,letter,VIP Re-engagement,2023-11-18,2023-11-21,2023-11-23
CAMPAIGN_04612,CUST_01712,Done,email,Anniversary Campaign,2023-01-12,2023-01-18,2023-01-20
CAMPAIGN_04613,CUST_03377,Done,call,Spring Collection Launch,2023-04-13,2023-04-17,2023-04-21
CAMPAIGN_04614,CUST_02413,Done,email,Loyalty Program Update,2023-10-07,2023-10-14,2023-10-14
CAMPAIGN_04615,CUST_01362,Done,call,Personalized Offer,2024-01-13,2024-01-15,2024-01-19
CAMPAIGN_04616,CUST_03203,Done,letter,Exclusive Preview,2023-07-01,2023-07-10,2023-07-15
CAMPAIGN_04617,CUST_00082,Done,sms,Personalized Offer,2023-11-11,2023-11-17,2023-11-17
CAMPAIGN_04618,CUST_02684,Failed,call,Exclusive Preview,2023-08-04,2023-08-13,2023-08-15
CAMPAIGN_04619,CUST_03008,Done,email,Holiday Sale,2023-03-10,2023-03-12,2023-03-13
CAMPAIGN_04620,CUST_01275,Done,sms,Loyalty Program Update,2023-02-11,2023-02-13,2023-02-15
CAMPAIGN_04621,CUST_02915,Done,letter,Spring Collection Launch,2023-01-14,2023-01-15,2023-01-18
CAMPAIGN_04622,CUST_01527,Done,call,Exclusive Preview,2024-09-18,2024-09-24,2024-09-29
CAMPAIGN_04623,CUST_01733,Done,letter,Personalized Offer,2023-07-02,2023-07-11,2023-07-11
CAMPAIGN_04624,CUST_02793,Failed,sms,Loyalty Program Update,2023-07-15,2023-07-23,2023-07-27
CAMPAIGN_04625,CUST_01873,Done,email,Spring Collection Launch,2023-12-14,2023-12-18,2023-12-21
CAMPAIGN_04626,CUST_02265,Done,email,Holiday Sale,2023-04-20,2023-04-23,2023-04-24
CAMPAIGN_04627,CUST_01851,Failed,letter,Exclusive Preview,2023-04-01,2023-04-02,2023-04-03
CAMPAIGN_04628,CUST_01028,Done,call,Personalized Offer,2024-07-19,2024-07-22,2024-07-27
CAMPAIGN_04629,CUST_00412,Done,call,Spring Collection Launch,2023-02-17,2023-02-27,2023-03-03
CAMPAIGN_04630,CUST_01440,Done,call,Loyalty Program Update,2024-03-25,2024-04-02,2024-04-07
CAMPAIGN_04631,CUST_01629,Done,letter,New Arrivals,2024-03-24,2024-03-28,2024-04-02
CAMPAIGN_04632,CUST_01190,Done,letter,Holiday Sale,2024-10-20,2024-10-22,2024-10-24
CAMPAIGN_04633,CUST_02699,Failed,call,Loyalty Program Update,2023-01-09,2023-01-10,2023-01-13
CAMPAIGN_04634,CUST_02750,Done,email,Exclusive Preview,2024-05-02,2024-05-04,2024-05-04
CAMPAIGN_04635,CUST_00652,Failed,sms,Exclusive Preview,2024-02-26,2024-03-03,2024-03-03
CAMPAIGN_04636,CUST_02844,Done,sms,Loyalty Program Update,2023-09-24,2023-10-04,2023-10-05
CAMPAIGN_04637,CUST_02755,Done,call,Exclusive Preview,2024-01-25,2024-01-29,2024-01-31
CAMPAIGN_04638,CUST_00587,Done,email,Spring Collection Launch,2023-02-21,2023-02-22,2023-02-27
CAMPAIGN_04639,CUST_01093,Failed,letter,New Arrivals,2024-06-10,2024-06-17,2024-06-17
CAMPAIGN_04640,CUST_00734,Done,email,Loyalty Program Update,2024-03-07,2024-03-10,2024-03-14
CAMPAIGN_04641,CUST_03383,Failed,call,Anniversary Campaign,2024-01-11,2024-01-20,2024-01-25
CAMPAIGN_04642,CUST_02362,Done,email,New Arrivals,2024-10-01,2024-10-04,2024-10-06
CAMPAIGN_04643,CUST_03010,Failed,call,Anniversary Campaign,2024-09-11,2024-09-16,2024-09-19
CAMPAIGN_04644,CUST_02650,Failed,sms,Loyalty Program Update,2023-01-20,2023-01-27,2023-01-28
CAMPAIGN_04645,CUST_03338,Failed,call,VIP Re-engagement,2024-10-16,2024-10-21,2024-10-26
CAMPAIGN_04646,CUST_00088,Done,sms,VIP Re-engagement,2023-07-17,2023-07-19,2023-07-20
CAMPAIGN_04647,CUST_00792,Done,call,VIP Re-engagement,2023-06-04,2023-06-07,2023-06-10
CAMPAIGN_04648,CUST_02827,Done,email,Spring Collection Launch,2023-01-08,2023-01-14,2023-01-19
CAMPAIGN_04649,CUST_01531,Failed,sms,Spring Collection Launch,2023-04-29,2023-04-30,2023-05-05
CAMPAIGN_04650,CUST_03109,Failed,call,VIP Re-engagement,2024-07-27,2024-08-02,2024-08-07
CAMPAIGN_04651,CUST_03219,Failed,sms,Personalized Offer,2024-09-22,2024-09-27,2024-10-01
CAMPAIGN_04652,CUST_00681,Failed,email,Loyalty Program Update,2023-05-17,2023-05-20,2023-05-21
CAMPAIGN_04653,CUST_02614,Failed,letter,Spring Collection Launch,2023-06-05,2023-06-11,2023-06-12
CAMPAIGN_04654,CUST_03491,Done,letter,Anniversary Campaign,2023-11-02,2023-11-11,2023-11-13
CAMPAIGN_04655,CUST_01952,Done,sms,Loyalty Program Update,2024-07-05,2024-07-15,2024-07-16
CAMPAIGN_04656,CUST_03034,Done,letter,Holiday Sale,2024-11-04,2024-11-09,2024-11-11
CAMPAIGN_04657,CUST_02299,Done,letter,Spring Collection Launch,2024-12-28,2025-01-02,2025-01-06
CAMPAIGN_04658,CUST_02777,Done,letter,VIP Re-engagement,2023-10-09,2023-10-16,2023-10-19
CAMPAIGN_04659,CUST_02076,Done,letter,Personalized Offer,2024-01-13,2024-01-15,2024-01-19
CAMPAIGN_04660,CUST_00995,Done,sms,VIP Re-engagement,2023-10-30,2023-11-06,2023-11-07
CAMPAIGN_04661,CUST_03219,Failed,letter,VIP Re-engagement,2023-04-22,2023-04-26,2023-04-27
CAMPAIGN_04662,CUST_01543,Done,call,Exclusive Preview,2024-10-14,2024-10-17,2024-10-19
CAMPAIGN_04663,CUST_02935,Failed,call,Spring Collection Launch,2023-10-30,2023-11-09,2023-11-10
CAMPAIGN_04664,CUST_02182,Done,call,Personalized Offer,2024-04-25,2024-04-30,2024-05-03
CAMPAIGN_04665,CUST_00638,Done,sms,Spring Collection Launch,2024-07-13,2024-07-18,2024-07-21
CAMPAIGN_04666,CUST_02736,Failed,sms,Anniversary Campaign,2024-11-15,2024-11-23,2024-11-28
CAMPAIGN_04667,CUST_03271,Done,email,VIP Re-engagement,2023-08-16,2023-08-20,2023-08-22
CAMPAIGN_04668,CUST_01939,Done,sms,Loyalty Program Update,2024-04-20,2024-04-24,2024-04-25
CAMPAIGN_04669,CUST_00259,Done,sms,Exclusive Preview,2024-12-06,2024-12-10,2024-12-11
CAMPAIGN_04670,CUST_02372,Failed,sms,Loyalty Program Update,2023-01-27,2023-02-04,2023-02-04
CAMPAIGN_04671,CUST_01288,Failed,email,Exclusive Preview,2023-04-12,2023-04-20,2023-04-20
CAMPAIGN_04672,CUST_01181,Done,sms,Exclusive Preview,2024-11-04,2024-11-14,2024-11-18
CAMPAIGN_04673,CUST_00978,Done,email,New Arrivals,2024-06-14,2024-06-15,2024-06-16
CAMPAIGN_04674,CUST_03369,Failed,call,Spring Collection Launch,2023-07-04,2023-07-06,2023-07-09
CAMPAIGN_04675,CUST_00879,Failed,call,Personalized Offer,2024-09-14,2024-09-16,2024-09-19
CAMPAIGN_04676,CUST_00599,Failed,call,Personalized Offer,2023-12-08,2023-12-14,2023-12-16
CAMPAIGN_04677,CUST_01054,Done,letter,VIP Re-engagement,2023-03-01,2023-03-06,2023-03-06
CAMPAIGN_04678,CUST_01567,Done,letter,New Arrivals,2024-12-16,2024-12-17,2024-12-17
CAMPAIGN_04679,CUST_03095,Done,letter,Anniversary Campaign,2023-05-24,2023-06-03,2023-06-05
CAMPAIGN_04680,CUST_03397,Done,sms,Holiday Sale,2023-12-23,2023-12-31,2023-12-31
CAMPAIGN_04681,CUST_02373,Done,sms,New Arrivals,2023-01-12,2023-01-18,2023-01-19
CAMPAIGN_04682,CUST_03097,Done,email,Exclusive Preview,2024-07-01,2024-07-04,2024-07-04
CAMPAIGN_04683,CUST_01519,Done,letter,Loyalty Program Update,2024-10-31,2024-11-01,2024-11-04
CAMPAIGN_04684,CUST_00153,Done,email,Holiday Sale,2023-09-05,2023-09-11,2023-09-13
CAMPAIGN_04685,CUST_02406,Failed,sms,Spring Collection Launch,2023-06-26,2023-07-01,2023-07-04
CAMPAIGN_04686,CUST_01755,Done,letter,New Arrivals,2023-04-28,2023-05-03,2023-05-07
CAMPAIGN_04687,CUST_00882,Done,call,New Arrivals,2024-01-28,2024-02-07,2024-02-08
CAMPAIGN_04688,CUST_01392,Done,email,New Arrivals,2023-04-05,2023-04-07,2023-04-10
CAMPAIGN_04689,CUST_01881,Failed,letter,Personalized Offer,2023-08-20,2023-08-24,2023-08-24
CAMPAIGN_04690,CUST_01123,Done,letter,New Arrivals,2024-11-29,2024-12-09,2024-12-12
CAMPAIGN_04691,CUST_01112,Done,call,Anniversary Campaign,2024-01-25,2024-01-30,2024-02-03
CAMPAIGN_04692,CUST_00942,Failed,letter,Loyalty Program Update,2023-04-16,2023-04-21,2023-04-25
CAMPAIGN_04693,CUST_01484,Done,letter,Personalized Offer,2024-06-17,2024-06-21,2024-06-26
CAMPAIGN_04694,CUST_01365,Failed,sms,VIP Re-engagement,2023-09-14,2023-09-23,2023-09-25
CAMPAIGN_04695,CUST_01716,Done,email,New Arrivals,2023-08-25,2023-08-31,2023-09-03
CAMPAIGN_04696,CUST_03470,Done,call,Personalized Offer,2024-09-26,2024-09-29,2024-10-02
CAMPAIGN_04697,CUST_03016,Done,call,Exclusive Preview,2023-07-10,2023-07-14,2023-07-19
CAMPAIGN_04698,CUST_00508,Done,letter,Loyalty Program Update,2024-01-08,2024-01-16,2024-01-17
CAMPAIGN_04699,CUST_03183,Failed,email,VIP Re-engagement,2023-08-26,2023-08-31,2023-08-31
CAMPAIGN_04700,CUST_00765,Done,sms,Personalized Offer,2024-04-20,2024-04-21,2024-04-25
CAMPAIGN_04701,CUST_00134,Done,letter,Spring Collection Launch,2023-03-15,2023-03-16,2023-03-18
CAMPAIGN_04702,CUST_02495,Done,call,Loyalty Program Update,2024-09-30,2024-10-10,2024-10-11
CAMPAIGN_04703,CUST_01913,Failed,email,Spring Collection Launch,2023-11-18,2023-11-22,2023-11-25
CAMPAIGN_04704,CUST_00003,Done,letter,Exclusive Preview,2024-01-07,2024-01-10,2024-01-15
CAMPAIGN_04705,CUST_01357,Done,email,New Arrivals,2024-05-05,2024-05-06,2024-05-08
CAMPAIGN_04706,CUST_00098,Done,sms,Personalized Offer,2024-02-01,2024-02-05,2024-02-05
CAMPAIGN_04707,CUST_01809,Done,letter,Loyalty Program Update,2024-11-09,2024-11-19,2024-11-20
CAMPAIGN_04708,CUST_00737,Done,sms,VIP Re-engagement,2024-05-19,2024-05-27,2024-06-01
CAMPAIGN_04709,CUST_02303,Done,email,New Arrivals,2024-05-20,2024-05-28,2024-05-29
CAMPAIGN_04710,CUST_02640,Done,sms,VIP Re-engagement,2023-09-26,2023-10-03,2023-10-05
CAMPAIGN_04711,CUST_00713,Done,sms,Anniversary Campaign,2023-10-30,2023-11-03,2023-11-08
CAMPAIGN_04712,CUST_01072,Done,email,Loyalty Program Update,2023-01-18,2023-01-22,2023-01-22
CAMPAIGN_04713,CUST_00774,Done,sms,Exclusive Preview,2024-08-13,2024-08-15,2024-08-19
CAMPAIGN_04714,CUST_03073,Done,email,VIP Re-engagement,2024-04-03,2024-04-11,2024-04-15
CAMPAIGN_04715,CUST_01489,Done,sms,Holiday Sale,2024-08-29,2024-09-06,2024-09-07
CAMPAIGN_04716,CUST_01052,Failed,sms,Anniversary Campaign,2024-08-10,2024-08-18,2024-08-19
CAMPAIGN_04717,CUST_00758,Done,email,New Arrivals,2023-04-25,2023-04-28,2023-04-28
CAMPAIGN_04718,CUST_00249,Failed,call,Exclusive Preview,2024-10-12,2024-10-14,2024-10-16
CAMPAIGN_04719,CUST_00247,Done,call,Spring Collection Launch,2024-07-24,2024-08-01,2024-08-02
CAMPAIGN_04720,CUST_01999,Failed,sms,Loyalty Program Update,2024-12-09,2024-12-14,2024-12-18
CAMPAIGN_04721,CUST_02735,Done,email,New Arrivals,2023-07-23,2023-07-27,2023-07-27
CAMPAIGN_04722,CUST_00071,Done,sms,Personalized Offer,2023-04-07,2023-04-17,2023-04-19
CAMPAIGN_04723,CUST_00497,Done,sms,Holiday Sale,2023-06-24,2023-06-30,2023-07-04
CAMPAIGN_04724,CUST_01602,Done,letter,Spring Collection Launch,2024-10-07,2024-10-10,2024-10-13
CAMPAIGN_04725,CUST_00503,Failed,call,Holiday Sale,2024-04-15,2024-04-21,2024-04-21
CAMPAIGN_04726,CUST_03296,Failed,email,Personalized Offer,2024-05-23,2024-05-25,2024-05-26
CAMPAIGN_04727,CUST_02846,Done,letter,Spring Collection Launch,2023-11-13,2023-11-20,2023-11-20
CAMPAIGN_04728,CUST_02687,Done,letter,VIP Re-engagement,2024-10-06,2024-10-11,2024-10-11
CAMPAIGN_04729,CUST_00543,Done,letter,Anniversary Campaign,2023-03-24,2023-03-28,2023-03-31
CAMPAIGN_04730,CUST_01793,Failed,letter,Spring Collection Launch,2023-06-12,2023-06-16,2023-06-17
CAMPAIGN_04731,CUST_02799,Done,call,Spring Collection Launch,2024-06-19,2024-06-28,2024-06-29
CAMPAIGN_04732,CUST_01023,Failed,call,Spring Collection Launch,2024-04-29,2024-05-02,2024-05-07
CAMPAIGN_04733,CUST_01333,Done,call,Anniversary Campaign,2024-07-18,2024-07-22,2024-07-27
CAMPAIGN_04734,CUST_00614,Done,email,Loyalty Program Update,2024-02-05,2024-02-14,2024-02-19
CAMPAIGN_04735,CUST_01894,Failed,email,Exclusive Preview,2024-02-06,2024-02-15,2024-02-17
CAMPAIGN_04736,CUST_00561,Done,email,Spring Collection Launch,2023-06-21,2023-06-24,2023-06-29
CAMPAIGN_04737,CUST_01979,Done,email,Exclusive Preview,2023-11-24,2023-12-03,2023-12-05
CAMPAIGN_04738,CUST_02582,Done,letter,VIP Re-engagement,2023-07-05,2023-07-15,2023-07-19
CAMPAIGN_04739,CUST_00487,Done,call,Exclusive Preview,2024-09-30,2024-10-09,2024-10-11
CAMPAIGN_04740,CUST_01026,Done,email,Anniversary Campaign,2023-11-23,2023-11-28,2023-12-03
CAMPAIGN_04741,CUST_02236,Done,letter,VIP Re-engagement,2023-08-17,2023-08-25,2023-08-30
CAMPAIGN_04742,CUST_01440,Done,sms,Personalized Offer,2024-09-26,2024-09-27,2024-10-01
CAMPAIGN_04743,CUST_02109,Done,letter,Spring Collection Launch,2023-01-19,2023-01-21,2023-01-24
CAMPAIGN_04744,CUST_00495,Failed,sms,Holiday Sale,2024-10-13,2024-10-17,2024-10-20
CAMPAIGN_04745,CUST_03005,Done,call,Holiday Sale,2023-08-03,2023-08-13,2023-08-13
CAMPAIGN_04746,CUST_00137,Done,letter,New Arrivals,2024-11-22,2024-11-23,2024-11-24
CAMPAIGN_04747,CUST_02868,Done,email,Loyalty Program Update,2024-12-27,2024-12-31,2025-01-02
CAMPAIGN_04748,CUST_01637,Done,letter,Personalized Offer,2023-10-14,2023-10-19,2023-10-24
CAMPAIGN_04749,CUST_00487,Done,email,Spring Collection Launch,2023-11-15,2023-11-21,2023-11-24
CAMPAIGN_04750,CUST_02448,Done,email,VIP Re-engagement,2024-02-04,2024-02-13,2024-02-17
CAMPAIGN_04751,CUST_01119,Failed,sms,VIP Re-engagement,2024-03-19,2024-03-28,2024-03-30
CAMPAIGN_04752,CUST_00786,Done,email,VIP Re-engagement,2023-12-08,2023-12-13,2023-12-14
CAMPAIGN_04753,CUST_03114,Failed,call,Spring Collection Launch,2024-07-13,2024-07-21,2024-07-22
CAMPAIGN_04754,CUST_02706,Done,letter,Loyalty Program Update,2024-04-30,2024-05-06,2024-05-06
CAMPAIGN_04755,CUST_02062,Done,sms,VIP Re-engagement,2024-02-08,2024-02-15,2024-02-19
CAMPAIGN_04756,CUST_01409,Done,sms,Personalized Offer,2024-12-06,2024-12-15,2024-12-17
CAMPAIGN_04757,CUST_03435,Done,email,New Arrivals,2024-01-07,2024-01-12,2024-01-15
CAMPAIGN_04758,CUST_00266,Done,letter,VIP Re-engagement,2024-02-08,2024-02-12,2024-02-14
CAMPAIGN_04759,CUST_02792,Done,sms,Exclusive Preview,2023-03-05,2023-03-06,2023-03-09
CAMPAIGN_04760,CUST_01593,Done,call,Anniversary Campaign,2024-06-30,2024-07-09,2024-07-09
CAMPAIGN_04761,CUST_03010,Failed,call,VIP Re-engagement,2023-09-03,2023-09-08,2023-09-12
CAMPAIGN_04762,CUST_01173,Done,email,Anniversary Campaign,2024-07-18,2024-07-22,2024-07-24
CAMPAIGN_04763,CUST_00499,Done,letter,Personalized Offer,2023-11-27,2023-12-04,2023-12-06
CAMPAIGN_04764,CUST_01509,Done,sms,Anniversary Campaign,2024-07-22,2024-07-25,2024-07-25
CAMPAIGN_04765,CUST_02714,Done,call,New Arrivals,2023-09-11,2023-09-17,2023-09-17
CAMPAIGN_04766,CUST_02411,Failed,letter,Holiday Sale,2023-02-11,2023-02-18,2023-02-21
CAMPAIGN_04767,CUST_01578,Failed,letter,Loyalty Program Update,2024-10-09,2024-10-15,2024-10-18
CAMPAIGN_04768,CUST_00069,Done,letter,New Arrivals,2024-06-04,2024-06-08,2024-06-11
CAMPAIGN_04769,CUST_02586,Failed,email,VIP Re-engagement,2023-08-29,2023-08-30,2023-09-02
CAMPAIGN_04770,CUST_01587,Failed,sms,New Arrivals,2024-04-10,2024-04-17,2024-04-20
CAMPAIGN_04771,CUST_00216,Failed,email,Exclusive Preview,2024-08-02,2024-08-09,2024-08-13
CAMPAIGN_04772,CUST_03195,Failed,call,Spring Collection Launch,2024-07-18,2024-07-24,2024-07-27
CAMPAIGN_04773,CUST_00160,Failed,sms,Holiday Sale,2024-03-07,2024-03-15,2024-03-18
CAMPAIGN_04774,CUST_03224,Failed,letter,Personalized Offer,2024-02-16,2024-02-25,2024-02-26
CAMPAIGN_04775,CUST_01295,Failed,letter,Spring Collection Launch,2024-02-25,2024-03-04,2024-03-06
CAMPAIGN_04776,CUST_00780,Failed,email,Holiday Sale,2023-09-29,2023-10-08,2023-10-12
CAMPAIGN_04777,CUST_01123,Done,letter,New Arrivals,2023-09-06,2023-09-16,2023-09-17
CAMPAIGN_04778,CUST_01949,Done,email,Holiday Sale,2024-03-20,2024-03-29,2024-03-31
CAMPAIGN_04779,CUST_00519,Done,letter,Personalized Offer,2023-12-18,2023-12-21,2023-12-22
CAMPAIGN_04780,CUST_03163,Done,sms,Personalized Offer,2023-01-27,2023-01-28,2023-01-29
CAMPAIGN_04781,CUST_00905,Done,email,Holiday Sale,2023-11-10,2023-11-13,2023-11-15
CAMPAIGN_04782,CUST_01420,Failed,sms,Holiday Sale,2024-07-11,2024-07-14,2024-07-15
CAMPAIGN_04783,CUST_02501,Done,email,Spring Collection Launch,2023-08-14,2023-08-19,2023-08-23
CAMPAIGN_04784,CUST_00448,Done,call,Personalized Offer,2024-01-12,2024-01-21,2024-01-22
CAMPAIGN_04785,CUST_00900,Failed,letter,Exclusive Preview,2023-03-26,2023-04-04,2023-04-04
CAMPAIGN_04786,CUST_00997,Done,letter,Exclusive Preview,2024-08-02,2024-08-08,2024-08-09
CAMPAIGN_04787,CUST_03338,Failed,email,Spring Collection Launch,2023-12-19,2023-12-22,2023-12-26
CAMPAIGN_04788,CUST_01199,Done,call,Spring Collection Launch,2024-11-30,2024-12-03,2024-12-07
CAMPAIGN_04789,CUST_02028,Done,letter,VIP Re-engagement,2024-04-28,2024-05-02,2024-05-03
CAMPAIGN_04790,CUST_01772,Failed,email,Holiday Sale,2023-05-19,2023-05-24,2023-05-28
CAMPAIGN_04791,CUST_02910,Done,sms,Personalized Offer,2024-12-07,2024-12-12,2024-12-16
CAMPAIGN_04792,CUST_00013,Done,letter,Anniversary Campaign,2023-01-29,2023-02-08,2023-02-12
CAMPAIGN_04793,CUST_02568,Done,letter,Anniversary Campaign,2023-06-09,2023-06-12,2023-06-14
CAMPAIGN_04794,CUST_02443,Done,letter,Anniversary Campaign,2023-09-06,2023-09-10,2023-09-14
CAMPAIGN_04795,CUST_01253,Done,call,Personalized Offer,2023-05-03,2023-05-05,2023-05-09
CAMPAIGN_04796,CUST_00615,Done,letter,Spring Collection Launch,2024-01-16,2024-01-24,2024-01-24
CAMPAIGN_04797,CUST_02196,Failed,call,New Arrivals,2023-10-27,2023-10-30,2023-11-01
CAMPAIGN_04798,CUST_01923,Failed,letter,VIP Re-engagement,2023-03-05,2023-03-13,2023-03-18
CAMPAIGN_04799,CUST_01638,Done,call,Anniversary Campaign,2024-09-12,2024-09-21,2024-09-21
CAMPAIGN_04800,CUST_03046,Failed,email,Exclusive Preview,2023-05-26,2023-05-31,2023-06-01
CAMPAIGN_04801,CUST_01656,Done,sms,New Arrivals,2023-04-12,2023-04-14,2023-04-18
CAMPAIGN_04802,CUST_01312,Done,call,Exclusive Preview,2024-04-02,2024-04-11,2024-04-12
CAMPAIGN_04803,CUST_02480,Done,sms,Personalized Offer,2024-12-05,2024-12-12,2024-12-15
CAMPAIGN_04804,CUST_03098,Done,call,Personalized Offer,2024-01-15,2024-01-24,2024-01-27
CAMPAIGN_04805,CUST_02491,Done,call,Loyalty Program Update,2024-09-06,2024-09-10,2024-09-13
CAMPAIGN_04806,CUST_00750,Done,email,Spring Collection Launch,2024-05-24,2024-05-30,2024-05-31
CAMPAIGN_04807,CUST_02995,Failed,call,Personalized Offer,2023-10-19,2023-10-24,2023-10-27
CAMPAIGN_04808,CUST_00703,Done,sms,Personalized Offer,2023-03-30,2023-04-02,2023-04-03
CAMPAIGN_04809,CUST_03327,Done,letter,Spring Collection Launch,2023-05-20,2023-05-24,2023-05-24
CAMPAIGN_04810,CUST_01476,Done,email,Anniversary Campaign,2023-01-30,2023-02-03,2023-02-06
CAMPAIGN_04811,CUST_00121,Failed,call,Holiday Sale,2023-11-29,2023-12-04,2023-12-07
CAMPAIGN_04812,CUST_02622,Done,letter,VIP Re-engagement,2023-12-12,2023-12-15,2023-12-18
CAMPAIGN_04813,CUST_03112,Done,email,Loyalty Program Update,2024-06-14,2024-06-15,2024-06-20
CAMPAIGN_04814,CUST_01709,Failed,letter,VIP Re-engagement,2023-02-12,2023-02-15,2023-02-19
CAMPAIGN_04815,CUST_01868,Done,call,Spring Collection Launch,2023-09-06,2023-09-13,2023-09-16
CAMPAIGN_04816,CUST_03099,Done,call,Anniversary Campaign,2024-08-15,2024-08-16,2024-08-20
CAMPAIGN_04817,CUST_02739,Done,letter,VIP Re-engagement,2023-02-15,2023-02-22,2023-02-23
CAMPAIGN_04818,CUST_03205,Done,letter,VIP Re-engagement,2024-12-04,2024-12-08,2024-12-08
CAMPAIGN_04819,CUST_03455,Failed,sms,Exclusive Preview,2023-12-03,2023-12-10,2023-12-15
CAMPAIGN_04820,CUST_02362,Done,sms,Spring Collection Launch,2024-08-22,2024-08-23,2024-08-23
CAMPAIGN_04821,CUST_02947,Failed,email,Loyalty Program Update,2024-12-24,2024-12-27,2024-12-30
CAMPAIGN_04822,CUST_01848,Done,call,Anniversary Campaign,2024-05-02,2024-05-04,2024-05-06
CAMPAIGN_04823,CUST_03290,Done,email,Holiday Sale,2024-05-01,2024-05-11,2024-05-16
CAMPAIGN_04824,CUST_01765,Done,call,Holiday Sale,2023-07-05,2023-07-13,2023-07-17
CAMPAIGN_04825,CUST_01286,Done,email,VIP Re-engagement,2024-03-19,2024-03-25,2024-03-25
CAMPAIGN_04826,CUST_03127,Done,letter,Holiday Sale,2023-08-24,2023-08-29,2023-08-30
CAMPAIGN_04827,CUST_02952,Failed,call,Loyalty Program Update,2024-08-23,2024-08-29,2024-09-03
CAMPAIGN_04828,CUST_01160,Failed,sms,New Arrivals,2024-10-13,2024-10-17,2024-10-19
CAMPAIGN_04829,CUST_00593,Done,sms,Anniversary Campaign,2023-08-20,2023-08-27,2023-08-27
CAMPAIGN_04830,CUST_00124,Failed,sms,Loyalty Program Update,2023-11-25,2023-11-30,2023-12-04
CAMPAIGN_04831,CUST_01131,Done,sms,Personalized Offer,2023-12-27,2024-01-05,2024-01-08
CAMPAIGN_04832,CUST_02111,Done,letter,Spring Collection Launch,2024-07-25,2024-08-03,2024-08-03
CAMPAIGN_04833,CUST_00122,Done,letter,Loyalty Program Update,2023-05-06,2023-05-16,2023-05-19
CAMPAIGN_04834,CUST_02180,Failed,letter,VIP Re-engagement,2023-07-13,2023-07-21,2023-07-22
CAMPAIGN_04835,CUST_01318,Done,call,Spring Collection Launch,2023-12-06,2023-12-08,2023-12-09
CAMPAIGN_04836,CUST_02595,Done,call,Exclusive Preview,2024-06-30,2024-07-04,2024-07-04
CAMPAIGN_04837,CUST_02135,Done,call,Loyalty Program Update,2023-02-12,2023-02-19,2023-02-19
CAMPAIGN_04838,CUST_01323,Done,sms,Loyalty Program Update,2024-05-15,2024-05-23,2024-05-26
CAMPAIGN_04839,CUST_02601,Done,letter,New Arrivals,2023-05-01,2023-05-02,2023-05-03
CAMPAIGN_04840,CUST_01983,Done,sms,New Arrivals,2023-07-14,2023-07-18,2023-07-20
CAMPAIGN_04841,CUST_02939,Failed,sms,Anniversary Campaign,2024-04-24,2024-04-28,2024-05-02
CAMPAIGN_04842,CUST_02123,Failed,call,Exclusive Preview,2023-03-10,2023-03-14,2023-03-17
CAMPAIGN_04843,CUST_01886,Done,letter,Spring Collection Launch,2023-01-12,2023-01-21,2023-01-23
CAMPAIGN_04844,CUST_00151,Done,call,Holiday Sale,2024-07-12,2024-07-19,2024-07-23
CAMPAIGN_04845,CUST_02474,Done,sms,Exclusive Preview,2023-07-16,2023-07-18,2023-07-18
CAMPAIGN_04846,CUST_02236,Done,sms,Holiday Sale,2023-12-17,2023-12-20,2023-12-22
CAMPAIGN_04847,CUST_00869,Failed,call,New Arrivals,2024-03-29,2024-03-30,2024-03-30
CAMPAIGN_04848,CUST_01189,Failed,sms,Exclusive Preview,2023-10-16,2023-10-22,2023-10-24
CAMPAIGN_04849,CUST_00945,Failed,letter,Holiday Sale,2023-08-23,2023-08-30,2023-09-04
CAMPAIGN_04850,CUST_01373,Done,letter,Spring Collection Launch,2023-10-15,2023-10-17,2023-10-20
CAMPAIGN_04851,CUST_01440,Done,call,Loyalty Program Update,2023-07-10,2023-07-11,2023-07-12
CAMPAIGN_04852,CUST_00919,Done,email,VIP Re-engagement,2024-08-03,2024-08-12,2024-08-15
CAMPAIGN_04853,CUST_00848,Failed,sms,VIP Re-engagement,2024-07-23,2024-07-29,2024-08-02
CAMPAIGN_04854,CUST_03387,Done,email,Loyalty Program Update,2023-05-31,2023-06-07,2023-06-11
CAMPAIGN_04855,CUST_00169,Done,call,Holiday Sale,2023-10-18,2023-10-25,2023-10-29
CAMPAIGN_04856,CUST_02012,Done,letter,VIP Re-engagement,2023-03-15,2023-03-16,2023-03-18
CAMPAIGN_04857,CUST_01742,Done,sms,Loyalty Program Update,2024-03-11,2024-03-17,2024-03-17
CAMPAIGN_04858,CUST_02351,Done,email,Anniversary Campaign,2023-12-24,2023-12-25,2023-12-28
CAMPAIGN_04859,CUST_00694,Done,email,Anniversary Campaign,2024-10-01,2024-10-04,2024-10-06
CAMPAIGN_04860,CUST_01177,Failed,letter,Anniversary Campaign,2023-09-10,2023-09-11,2023-09-16
CAMPAIGN_04861,CUST_02538,Failed,sms,Loyalty Program Update,2023-05-24,2023-05-27,2023-06-01
CAMPAIGN_04862,CUST_02054,Done,sms,Personalized Offer,2023-01-19,2023-01-28,2023-02-02
CAMPAIGN_04863,CUST_02428,Done,sms,Holiday Sale,2023-08-17,2023-08-25,2023-08-30
CAMPAIGN_04864,CUST_01601,Done,email,Exclusive Preview,2023-05-14,2023-05-23,2023-05-27
CAMPAIGN_04865,CUST_02554,Done,call,Exclusive Preview,2024-09-27,2024-10-06,2024-10-08
CAMPAIGN_04866,CUST_02095,Done,letter,VIP Re-engagement,2024-08-12,2024-08-20,2024-08-22
CAMPAIGN_04867,CUST_01145,Done,email,New Arrivals,2024-12-22,2024-12-31,2025-01-03
CAMPAIGN_04868,CUST_01485,Failed,email,Spring Collection Launch,2024-09-08,2024-09-13,2024-09-14
CAMPAIGN_04869,CUST_03373,Failed,call,Anniversary Campaign,2023-05-10,2023-05-16,2023-05-19
CAMPAIGN_04870,CUST_00222,Done,call,VIP Re-engagement,2023-09-22,2023-09-29,2023-09-30
CAMPAIGN_04871,CUST_00415,Done,call,Personalized Offer,2023-10-12,2023-10-19,2023-10-23
CAMPAIGN_04872,CUST_01855,Failed,letter,Loyalty Program Update,2024-08-11,2024-08-13,2024-08-13
CAMPAIGN_04873,CUST_02203,Failed,email,New Arrivals,2023-10-04,2023-10-08,2023-10-10
CAMPAIGN_04874,CUST_01789,Done,letter,New Arrivals,2024-10-21,2024-10-26,2024-10-28
CAMPAIGN_04875,CUST_01230,Done,call,Personalized Offer,2023-07-05,2023-07-08,2023-07-10
CAMPAIGN_04876,CUST_00429,Failed,letter,VIP Re-engagement,2023-01-24,2023-01-31,2023-02-05
CAMPAIGN_04877,CUST_00054,Done,sms,Holiday Sale,2024-07-11,2024-07-16,2024-07-19
CAMPAIGN_04878,CUST_02454,Done,letter,Spring Collection Launch,2024-05-02,2024-05-08,2024-05-08
CAMPAIGN_04879,CUST_01581,Done,call,Spring Collection Launch,2024-04-17,2024-04-22,2024-04-23
CAMPAIGN_04880,CUST_00114,Done,letter,Personalized Offer,2023-12-15,2023-12-20,2023-12-21
CAMPAIGN_04881,CUST_03169,Done,call,Anniversary Campaign,2023-10-11,2023-10-20,2023-10-25
CAMPAIGN_04882,CUST_00586,Failed,letter,Spring Collection Launch,2023-10-12,2023-10-19,2023-10-22
CAMPAIGN_04883,CUST_00674,Done,sms,Exclusive Preview,2024-11-23,2024-12-02,2024-12-07
CAMPAIGN_04884,CUST_00612,Done,email,Loyalty Program Update,2024-07-11,2024-07-17,2024-07-18
CAMPAIGN_04885,CUST_02260,Done,email,Personalized Offer,2024-06-24,2024-06-27,2024-06-27
CAMPAIGN_04886,CUST_02890,Done,letter,New Arrivals,2024-09-15,2024-09-20,2024-09-20
CAMPAIGN_04887,CUST_03257,Done,sms,New Arrivals,2023-01-10,2023-01-19,2023-01-19
CAMPAIGN_04888,CUST_02244,Done,letter,Loyalty Program Update,2023-12-06,2023-12-13,2023-12-17
CAMPAIGN_04889,CUST_00604,Done,sms,New Arrivals,2023-03-06,2023-03-14,2023-03-18
CAMPAIGN_04890,CUST_00574,Done,letter,Spring Collection Launch,2023-12-04,2023-12-06,2023-12-07
CAMPAIGN_04891,CUST_02358,Failed,sms,Spring Collection Launch,2024-05-13,2024-05-19,2024-05-20
CAMPAIGN_04892,CUST_00048,Done,email,Exclusive Preview,2023-09-09,2023-09-17,2023-09-18
CAMPAIGN_04893,CUST_00669,Failed,email,VIP Re-engagement,2023-09-07,2023-09-15,2023-09-16
CAMPAIGN_04894,CUST_00667,Done,sms,VIP Re-engagement,2024-07-31,2024-08-05,2024-08-07
CAMPAIGN_04895,CUST_03047,Done,call,Exclusive Preview,2023-03-03,2023-03-13,2023-03-18
CAMPAIGN_04896,CUST_01638,Done,letter,VIP Re-engagement,2023-09-22,2023-10-01,2023-10-05
CAMPAIGN_04897,CUST_00456,Done,letter,Loyalty Program Update,2024-10-24,2024-11-03,2024-11-04
CAMPAIGN_04898,CUST_02016,Failed,email,Loyalty Program Update,2023-12-20,2023-12-27,2024-01-01
CAMPAIGN_04899,CUST_00161,Done,letter,Exclusive Preview,2024-06-16,2024-06-22,2024-06-27
CAMPAIGN_04900,CUST_03418,Failed,email,Holiday Sale,2023-09-14,2023-09-19,2023-09-23
CAMPAIGN_04901,CUST_01715,Failed,call,Spring Collection Launch,2024-07-22,2024-07-29,2024-07-29
CAMPAIGN_04902,CUST_02552,Done,letter,VIP Re-engagement,2023-09-20,2023-09-27,2023-09-30
CAMPAIGN_04903,CUST_01437,Done,letter,VIP Re-engagement,2024-12-15,2024-12-16,2024-12-18
CAMPAIGN_04904,CUST_01426,Failed,letter,New Arrivals,2024-05-08,2024-05-16,2024-05-18
CAMPAIGN_04905,CUST_00361,Done,call,Loyalty Program Update,2023-04-26,2023-05-01,2023-05-03
CAMPAIGN_04906,CUST_00213,Done,sms,VIP Re-engagement,2023-04-07,2023-04-14,2023-04-19
CAMPAIGN_04907,CUST_02271,Failed,sms,Loyalty Program Update,2023-09-22,2023-09-24,2023-09-26
CAMPAIGN_04908,CUST_01285,Done,call,Personalized Offer,2023-03-03,2023-03-06,2023-03-09
CAMPAIGN_04909,CUST_02726,Done,sms,Spring Collection Launch,2024-07-23,2024-07-31,2024-08-03
CAMPAIGN_04910,CUST_00754,Done,email,Spring Collection Launch,2024-07-02,2024-07-05,2024-07-09
CAMPAIGN_04911,CUST_01201,Done,letter,Spring Collection Launch,2023-02-12,2023-02-13,2023-02-17
CAMPAIGN_04912,CUST_02085,Failed,sms,Loyalty Program Update,2023-11-25,2023-11-30,2023-12-03
CAMPAIGN_04913,CUST_00117,Failed,call,Exclusive Preview,2023-05-25,2023-06-04,2023-06-04
CAMPAIGN_04914,CUST_01765,Done,call,Exclusive Preview,2023-02-10,2023-02-17,2023-02-19
CAMPAIGN_04915,CUST_00289,Done,email,Spring Collection Launch,2024-08-09,2024-08-12,2024-08-15
CAMPAIGN_04916,CUST_02074,Done,call,Personalized Offer,2023-08-24,2023-08-28,2023-08-28
CAMPAIGN_04917,CUST_00700,Done,call,Loyalty Program Update,2023-01-03,2023-01-05,2023-01-05
CAMPAIGN_04918,CUST_03185,Done,letter,Loyalty Program Update,2023-01-31,2023-02-06,2023-02-10
CAMPAIGN_04919,CUST_01302,Done,sms,Spring Collection Launch,2023-11-26,2023-12-04,2023-12-05
CAMPAIGN_04920,CUST_02742,Failed,call,Holiday Sale,2023-08-30,2023-09-09,2023-09-12
CAMPAIGN_04921,CUST_01531,Failed,sms,Loyalty Program Update,2024-06-09,2024-06-14,2024-06-15
CAMPAIGN_04922,CUST_02836,Failed,call,VIP Re-engagement,2023-09-13,2023-09-14,2023-09-15
CAMPAIGN_04923,CUST_02701,Done,email,Anniversary Campaign,2023-02-03,2023-02-06,2023-02-08
CAMPAIGN_04924,CUST_02002,Done,letter,VIP Re-engagement,2023-02-04,2023-02-13,2023-02-17
CAMPAIGN_04925,CUST_03480,Done,call,Anniversary Campaign,2023-04-03,2023-04-13,2023-04-17
CAMPAIGN_04926,CUST_01372,Failed,sms,Holiday Sale,2023-05-29,2023-06-07,2023-06-08
CAMPAIGN_04927,CUST_00885,Done,letter,Anniversary Campaign,2024-12-03,2024-12-09,2024-12-13
CAMPAIGN_04928,CUST_01208,Done,email,VIP Re-engagement,2023-05-16,2023-05-24,2023-05-28
CAMPAIGN_04929,CUST_02036,Done,email,Anniversary Campaign,2023-09-12,2023-09-21,2023-09-22
CAMPAIGN_04930,CUST_02788,Failed,call,Loyalty Program Update,2023-06-02,2023-06-08,2023-06-08
CAMPAIGN_04931,CUST_01352,Done,sms,Holiday Sale,2023-02-16,2023-02-20,2023-02-22
CAMPAIGN_04932,CUST_03133,Failed,sms,New Arrivals,2024-07-15,2024-07-24,2024-07-25
CAMPAIGN_04933,CUST_02045,Done,letter,New Arrivals,2024-03-14,2024-03-21,2024-03-22
CAMPAIGN_04934,CUST_01549,Failed,sms,Exclusive Preview,2024-10-04,2024-10-14,2024-10-14
CAMPAIGN_04935,CUST_00887,Done,sms,Personalized Offer,2023-03-05,2023-03-08,2023-03-11
CAMPAIGN_04936,CUST_02990,Done,sms,New Arrivals,2023-07-23,2023-07-27,2023-08-01
CAMPAIGN_04937,CUST_01656,Done,email,Exclusive Preview,2023-06-29,2023-07-01,2023-07-03
CAMPAIGN_04938,CUST_01613,Done,email,New Arrivals,2024-09-08,2024-09-10,2024-09-15
CAMPAIGN_04939,CUST_00267,Failed,sms,Spring Collection Launch,2023-05-12,2023-05-15,2023-05-17
CAMPAIGN_04940,CUST_01601,Done,sms,Loyalty Program Update,2024-12-06,2024-12-10,2024-12-10
CAMPAIGN_04941,CUST_01767,Done,call,Exclusive Preview,2024-04-01,2024-04-03,2024-04-06
CAMPAIGN_04942,CUST_00040,Done,email,Anniversary Campaign,2023-12-28,2024-01-04,2024-01-09
CAMPAIGN_04943,CUST_01730,Failed,email,Exclusive Preview,2024-01-10,2024-01-15,2024-01-17
CAMPAIGN_04944,CUST_00989,Done,letter,Loyalty Program Update,2023-11-24,2023-11-25,2023-11-26
CAMPAIGN_04945,CUST_02382,Failed,sms,Anniversary Campaign,2023-02-28,2023-03-09,2023-03-14
CAMPAIGN_04946,CUST_02920,Done,sms,Holiday Sale,2023-07-15,2023-07-25,2023-07-28
CAMPAIGN_04947,CUST_00085,Done,sms,Loyalty Program Update,2024-06-27,2024-06-29,2024-07-02
CAMPAIGN_04948,CUST_01882,Done,email,New Arrivals,2024-10-13,2024-10-23,2024-10-27
CAMPAIGN_04949,CUST_02580,Failed,letter,Holiday Sale,2023-12-16,2023-12-24,2023-12-25
CAMPAIGN_04950,CUST_01071,Done,email,Loyalty Program Update,2024-10-05,2024-10-14,2024-10-18
CAMPAIGN_04951,CUST_01945,Done,letter,Personalized Offer,2024-07-22,2024-07-28,2024-08-01
CAMPAIGN_04952,CUST_02216,Done,email,Anniversary Campaign,2023-12-20,2023-12-28,2023-12-29
CAMPAIGN_04953,CUST_00626,Done,sms,Holiday Sale,2023-07-09,2023-07-12,2023-07-15
CAMPAIGN_04954,CUST_01860,Done,email,Anniversary Campaign,2023-03-27,2023-03-28,2023-04-01
CAMPAIGN_04955,CUST_02866,Done,sms,Holiday Sale,2023-12-10,2023-12-15,2023-12-17
CAMPAIGN_04956,CUST_00645,Failed,call,Exclusive Preview,2024-03-19,2024-03-25,2024-03-30
CAMPAIGN_04957,CUST_00185,Failed,sms,Exclusive Preview,2023-10-16,2023-10-23,2023-10-25
CAMPAIGN_04958,CUST_02925,Failed,sms,Exclusive Preview,2023-01-29,2023-02-03,2023-02-03
CAMPAIGN_04959,CUST_02685,Done,sms,New Arrivals,2023-06-12,2023-06-22,2023-06-26
CAMPAIGN_04960,CUST_00534,Failed,email,Exclusive Preview,2024-10-11,2024-10-15,2024-10-18
CAMPAIGN_04961,CUST_00503,Failed,letter,VIP Re-engagement,2023-10-09,2023-10-15,2023-10-16
CAMPAIGN_04962,CUST_02065,Failed,email,Anniversary Campaign,2024-06-12,2024-06-21,2024-06-21
CAMPAIGN_04963,CUST_02384,Failed,letter,Loyalty Program Update,2023-12-17,2023-12-18,2023-12-23
CAMPAIGN_04964,CUST_02943,Done,letter,VIP Re-engagement,2024-12-22,2025-01-01,2025-01-05
CAMPAIGN_04965,CUST_01467,Done,letter,New Arrivals,2023-12-16,2023-12-21,2023-12-21
CAMPAIGN_04966,CUST_01901,Done,sms,Exclusive Preview,2024-02-02,2024-02-10,2024-02-14
CAMPAIGN_04967,CUST_01721,Done,call,Exclusive Preview,2024-06-16,2024-06-22,2024-06-27
CAMPAIGN_04968,CUST_01122,Done,email,New Arrivals,2024-05-12,2024-05-14,2024-05-14
CAMPAIGN_04969,CUST_02583,Failed,email,Anniversary Campaign,2023-01-29,2023-02-05,2023-02-05
CAMPAIGN_04970,CUST_03378,Done,sms,Personalized Offer,2023-09-19,2023-09-21,2023-09-21
CAMPAIGN_04971,CUST_02055,Done,email,Holiday Sale,2024-05-10,2024-05-15,2024-05-20
CAMPAIGN_04972,CUST_00829,Done,call,VIP Re-engagement,2024-05-02,2024-05-10,2024-05-12
CAMPAIGN_04973,CUST_01756,Done,email,Exclusive Preview,2024-04-06,2024-04-13,2024-04-18
CAMPAIGN_04974,CUST_02623,Done,email,Loyalty Program Update,2024-06-05,2024-06-08,2024-06-10
CAMPAIGN_04975,CUST_02322,Done,call,Spring Collection Launch,2023-09-29,2023-10-04,2023-10-09
CAMPAIGN_04976,CUST_00426,Failed,letter,Anniversary Campaign,2024-07-28,2024-08-04,2024-08-06
CAMPAIGN_04977,CUST_02313,Done,sms,Holiday Sale,2024-03-03,2024-03-11,2024-03-13
CAMPAIGN_04978,CUST_02404,Done,email,Loyalty Program Update,2023-05-05,2023-05-14,2023-05-16
CAMPAIGN_04979,CUST_01428,Failed,letter,Loyalty Program Update,2024-09-23,2024-09-24,2024-09-24
CAMPAIGN_04980,CUST_02086,Done,sms,Exclusive Preview,2023-07-10,2023-07-19,2023-07-24
CAMPAIGN_04981,CUST_03088,Failed,letter,New Arrivals,2023-07-27,2023-08-03,2023-08-07
CAMPAIGN_04982,CUST_01141,Done,email,Personalized Offer,2023-04-09,2023-04-19,2023-04-23
CAMPAIGN_04983,CUST_01282,Failed,sms,New Arrivals,2023-01-31,2023-02-02,2023-02-04
CAMPAIGN_04984,CUST_00911,Done,sms,Holiday Sale,2023-09-03,2023-09-04,2023-09-08
CAMPAIGN_04985,CUST_01101,Failed,email,Anniversary Campaign,2024-08-24,2024-08-26,2024-08-26
CAMPAIGN_04986,CUST_03201,Done,email,Anniversary Campaign,2024-10-30,2024-11-04,2024-11-07
CAMPAIGN_04987,CUST_03244,Done,call,Exclusive Preview,2023-06-25,2023-07-05,2023-07-07
CAMPAIGN_04988,CUST_03453,Done,email,Exclusive Preview,2023-05-22,2023-06-01,2023-06-05
CAMPAIGN_04989,CUST_03125,Done,letter,Loyalty Program Update,2024-07-18,2024-07-20,2024-07-20
CAMPAIGN_04990,CUST_02251,Done,call,Spring Collection Launch,2024-02-28,2024-03-08,2024-03-11
CAMPAIGN_04991,CUST_00005,Failed,sms,Anniversary Campaign,2023-04-27,2023-05-03,2023-05-05
CAMPAIGN_04992,CUST_02914,Done,sms,VIP Re-engagement,2024-11-11,2024-11-20,2024-11-20
CAMPAIGN_04993,CUST_01768,Done,sms,Spring Collection Launch,2024-05-27,2024-05-31,2024-06-05
CAMPAIGN_04994,CUST_02893,Done,email,Anniversary Campaign,2024-08-09,2024-08-10,2024-08-13
CAMPAIGN_04995,CUST_03333,Failed,sms,Spring Collection Launch,2024-02-19,2024-02-23,2024-02-23
CAMPAIGN_04996,CUST_01420,Failed,call,Holiday Sale,2024-12-23,2024-12-26,2024-12-31
CAMPAIGN_04997,CUST_00066,Done,letter,VIP Re-engagement,2024-07-12,2024-07-21,2024-07-23
CAMPAIGN_04998,CUST_00427,Done,call,Anniversary Campaign,2023-07-04,2023-07-11,2023-07-16
CAMPAIGN_04999,CUST_00254,Done,letter,Personalized Offer,2024-12-31,2025-01-05,2025-01-06
CAMPAIGN_05000,CUST_01486,Done,sms,Anniversary Campaign,2024-08-03,2024-08-07,2024-08-11
