customer_id,birth_year,gender,country,registration_date,is_active,marketing_consent
CUST_00001,1988,Other,CN,2024-08-02,1,1
CUST_00002,2001,M,US,2021-08-17,1,1
CUST_00003,1978,M,CN,2021-02-21,1,1
CUST_00004,1964,F,DE,2022-07-18,1,1
CUST_00005,1992,F,JP,2022-05-17,0,1
CUST_00006,1957,F,FR,2022-04-03,1,1
CUST_00007,1970,F,CN,2021-10-13,0,1
CUST_00008,1988,M,DE,2021-07-29,0,1
CUST_00009,1968,F,FR,2024-10-17,0,1
CUST_00010,1972,M,FR,2024-01-22,1,1
CUST_00011,1960,M,CN,2021-06-28,1,1
CUST_00012,1960,F,DE,2024-04-24,0,1
CUST_00013,1973,M,JP,2023-05-15,1,1
CUST_00014,2002,M,CN,2021-03-07,1,1
CUST_00015,1985,F,US,2021-03-03,1,1
CUST_00016,1989,M,FR,2021-07-11,1,1
CUST_00017,1973,F,CN,2022-03-24,0,1
CUST_00018,1952,M,FR,2022-04-22,1,1
CUST_00019,1971,F,DE,2023-11-01,0,1
CUST_00020,2002,M,IT,2024-05-17,1,1
CUST_00021,1951,M,CN,2021-02-24,1,0
CUST_00022,1973,Other,JP,2024-02-24,1,1
CUST_00023,1993,F,CN,2022-02-12,0,1
CUST_00024,1979,F,FR,2024-08-23,1,1
CUST_00025,1987,M,DE,2024-12-07,1,0
CUST_00026,1951,F,US,2024-01-22,0,1
CUST_00027,1970,F,JP,2023-05-10,1,1
CUST_00028,1982,F,DE,2022-03-28,1,1
CUST_00029,1961,F,CN,2023-07-09,0,1
CUST_00030,1971,M,US,2024-04-21,0,1
CUST_00031,1993,M,DE,2022-07-24,1,1
CUST_00032,1974,F,IT,2021-01-14,1,1
CUST_00033,1998,M,JP,2021-11-23,0,1
CUST_00034,1976,M,FR,2024-11-30,1,1
CUST_00035,1991,F,DE,2023-05-16,1,1
CUST_00036,1977,F,DE,2022-11-28,0,1
CUST_00037,1965,F,IT,2022-07-24,0,1
CUST_00038,1964,F,CN,2021-11-15,1,1
CUST_00039,1996,F,JP,2022-03-17,0,1
CUST_00040,2000,M,JP,2022-11-21,1,1
CUST_00041,1993,M,FR,2021-07-29,0,1
CUST_00042,2004,M,DE,2021-07-09,0,1
CUST_00043,2001,M,US,2023-02-18,0,1
CUST_00044,1952,F,DE,2021-07-18,1,1
CUST_00045,1986,M,FR,2023-01-06,0,1
CUST_00046,2000,M,DE,2022-12-06,1,1
CUST_00047,1956,M,IT,2024-05-21,1,0
CUST_00048,1970,M,DE,2022-06-26,1,0
CUST_00049,1958,M,DE,2021-03-30,1,1
CUST_00050,1988,M,US,2023-07-30,1,1
CUST_00051,1967,M,IT,2024-01-04,1,1
CUST_00052,1953,M,IT,2021-09-13,0,1
CUST_00053,1974,M,DE,2023-02-15,1,1
CUST_00054,1963,F,JP,2021-06-11,1,1
CUST_00055,1999,M,US,2024-02-05,1,1
CUST_00056,1958,M,DE,2022-08-24,1,1
CUST_00057,1975,F,DE,2024-07-11,1,1
CUST_00058,2002,M,FR,2024-06-20,0,1
CUST_00059,1951,F,FR,2023-01-11,1,1
CUST_00060,1969,F,JP,2024-03-28,0,1
CUST_00061,1977,M,US,2022-01-29,1,1
CUST_00062,1996,F,CN,2024-12-13,1,1
CUST_00063,1956,M,FR,2021-05-23,1,0
CUST_00064,1993,F,CN,2021-04-04,1,1
CUST_00065,1957,M,IT,2024-09-16,1,1
CUST_00066,1996,F,FR,2022-04-12,1,1
CUST_00067,1984,M,FR,2022-08-16,1,1
CUST_00068,1963,F,US,2021-06-13,1,1
CUST_00069,1966,F,JP,2022-04-22,1,1
CUST_00070,1985,M,CN,2021-07-26,0,1
CUST_00071,1999,M,FR,2023-02-18,1,1
CUST_00072,1989,F,FR,2022-07-24,1,1
CUST_00073,1953,F,US,2023-07-18,1,1
CUST_00074,1951,M,US,2024-07-25,1,1
CUST_00075,1955,F,JP,2023-01-18,1,1
CUST_00076,2003,Other,CN,2021-11-30,0,1
CUST_00077,1991,F,IT,2023-01-29,1,1
CUST_00078,1953,M,JP,2022-12-29,0,1
CUST_00079,2003,F,IT,2022-03-06,1,1
CUST_00080,1978,M,DE,2024-10-04,1,1
CUST_00081,1967,Other,FR,2022-07-01,0,1
CUST_00082,1975,F,CN,2024-12-08,1,1
CUST_00083,1993,M,JP,2024-10-31,0,0
CUST_00084,1983,F,FR,2024-08-20,1,1
CUST_00085,1959,M,CN,2021-05-27,1,1
CUST_00086,1985,Other,CN,2024-06-01,1,1
CUST_00087,1963,Other,CN,2024-07-24,0,0
CUST_00088,1980,F,FR,2021-12-17,1,1
CUST_00089,1997,M,JP,2023-12-30,1,1
CUST_00090,1964,F,US,2022-05-17,0,1
CUST_00091,1957,M,FR,2021-12-01,1,1
CUST_00092,1963,M,CN,2023-08-05,1,1
CUST_00093,1972,F,JP,2023-02-17,1,1
CUST_00094,1989,M,DE,2022-07-07,1,1
CUST_00095,1970,M,IT,2024-08-03,1,1
CUST_00096,1965,Other,CN,2024-11-10,1,0
CUST_00097,1994,M,DE,2024-02-15,1,1
CUST_00098,1967,M,US,2022-03-26,1,1
CUST_00099,1996,F,CN,2024-11-03,1,1
CUST_00100,2002,M,DE,2022-10-27,1,0
CUST_00101,1973,F,CN,2021-04-25,1,1
CUST_00102,1975,Other,FR,2022-04-15,1,1
CUST_00103,1974,F,JP,2021-03-07,1,1
CUST_00104,1994,F,DE,2022-10-09,1,1
CUST_00105,1990,M,JP,2023-04-02,0,0
CUST_00106,1978,M,FR,2022-07-03,1,1
CUST_00107,1964,F,FR,2021-05-16,1,1
CUST_00108,1994,F,JP,2022-03-09,1,1
CUST_00109,1950,F,DE,2024-03-07,1,1
CUST_00110,1974,M,JP,2022-10-07,1,1
CUST_00111,1956,M,JP,2022-03-12,1,1
CUST_00112,1958,M,IT,2024-09-04,1,1
CUST_00113,1973,F,DE,2023-10-20,1,1
CUST_00114,1950,M,IT,2023-03-22,1,1
CUST_00115,1993,F,CN,2024-08-09,1,1
CUST_00116,1957,F,JP,2023-07-29,0,1
CUST_00117,1973,M,CN,2021-10-20,0,1
CUST_00118,1960,F,DE,2022-06-27,1,1
CUST_00119,2000,M,JP,2021-10-13,1,1
CUST_00120,1966,F,CN,2022-05-21,0,1
CUST_00121,1957,F,US,2024-02-24,0,1
CUST_00122,1984,F,FR,2024-01-09,1,1
CUST_00123,1984,F,JP,2022-06-23,1,1
CUST_00124,1982,M,FR,2024-04-12,0,1
CUST_00125,1954,M,IT,2023-05-28,1,1
CUST_00126,1991,F,CN,2024-04-10,1,1
CUST_00127,1988,M,IT,2023-03-29,0,1
CUST_00128,1990,M,JP,2023-01-12,1,1
CUST_00129,1977,M,FR,2022-03-26,1,1
CUST_00130,1956,F,FR,2021-10-11,1,1
CUST_00131,1958,M,CN,2023-11-10,1,0
CUST_00132,1957,F,JP,2023-10-08,1,1
CUST_00133,1961,Other,US,2021-07-06,0,1
CUST_00134,1983,M,US,2021-04-07,1,1
CUST_00135,1982,M,CN,2021-08-13,0,1
CUST_00136,1997,M,JP,2021-11-10,1,1
CUST_00137,2004,F,CN,2024-07-09,1,1
CUST_00138,1972,M,JP,2021-11-24,1,1
CUST_00139,1973,M,IT,2024-10-25,1,1
CUST_00140,1986,M,CN,2023-05-15,0,1
CUST_00141,1984,F,JP,2024-05-06,1,1
CUST_00142,1993,M,US,2021-05-11,0,1
CUST_00143,1989,F,JP,2023-02-28,1,1
CUST_00144,1971,F,JP,2023-02-21,1,1
CUST_00145,1976,M,CN,2024-05-05,1,0
CUST_00146,1984,F,IT,2023-08-17,0,1
CUST_00147,1950,M,IT,2023-12-20,1,1
CUST_00148,1984,F,IT,2022-05-30,0,1
CUST_00149,1986,F,IT,2024-02-08,0,1
CUST_00150,1996,F,DE,2021-01-24,1,1
CUST_00151,1963,M,CN,2024-10-25,1,1
CUST_00152,1952,M,FR,2021-08-23,0,1
CUST_00153,1950,M,CN,2024-10-28,1,1
CUST_00154,1954,M,DE,2024-01-05,0,1
CUST_00155,1975,M,IT,2022-07-01,1,1
CUST_00156,2004,M,DE,2024-08-05,1,0
CUST_00157,1963,M,US,2022-11-28,1,1
CUST_00158,1988,M,US,2021-08-17,1,0
CUST_00159,1976,F,CN,2022-08-25,1,1
CUST_00160,1958,M,CN,2023-06-10,0,1
CUST_00161,1964,M,FR,2021-11-20,1,1
CUST_00162,1964,M,FR,2023-07-19,1,1
CUST_00163,1975,M,US,2021-01-07,1,1
CUST_00164,1991,Other,IT,2022-06-24,0,1
CUST_00165,1962,M,DE,2023-10-23,0,1
CUST_00166,2000,F,FR,2022-01-01,1,0
CUST_00167,1981,Other,JP,2023-11-06,0,1
CUST_00168,1988,F,FR,2021-08-06,1,1
CUST_00169,1998,F,IT,2024-07-04,1,1
CUST_00170,2001,F,IT,2022-09-04,0,1
CUST_00171,1981,Other,CN,2024-08-01,0,1
CUST_00172,1953,F,DE,2023-11-06,1,1
CUST_00173,1979,F,IT,2024-06-01,1,1
CUST_00174,1986,F,FR,2022-02-12,1,1
CUST_00175,1972,F,FR,2021-11-10,1,1
CUST_00176,1988,F,US,2023-02-05,0,1
CUST_00177,1994,M,IT,2021-11-27,0,1
CUST_00178,1964,M,JP,2024-01-10,1,1
CUST_00179,1992,M,CN,2023-12-23,0,1
CUST_00180,1978,M,DE,2021-01-02,1,1
CUST_00181,1985,M,JP,2024-05-11,1,1
CUST_00182,1962,M,CN,2022-10-26,0,1
CUST_00183,1981,F,FR,2023-09-28,1,1
CUST_00184,1956,M,JP,2021-02-09,1,1
CUST_00185,2000,F,CN,2021-08-18,0,1
CUST_00186,1971,M,FR,2023-01-14,1,1
CUST_00187,1977,M,FR,2022-09-22,1,1
CUST_00188,1951,F,FR,2022-05-06,1,1
CUST_00189,1991,F,FR,2021-04-29,1,1
CUST_00190,1994,M,FR,2022-05-09,0,1
CUST_00191,2002,F,US,2024-03-07,0,1
CUST_00192,1955,F,JP,2021-06-11,0,1
CUST_00193,1977,M,CN,2021-06-25,1,1
CUST_00194,1977,M,US,2023-09-23,0,1
CUST_00195,1993,Other,US,2021-05-22,0,1
CUST_00196,1993,F,IT,2023-12-27,1,1
CUST_00197,1969,F,IT,2021-09-15,0,1
CUST_00198,1979,F,IT,2021-09-20,1,1
CUST_00199,1960,M,DE,2024-09-13,1,1
CUST_00200,2004,M,IT,2023-09-01,1,1
CUST_00201,1977,M,CN,2024-01-31,1,0
CUST_00202,1974,F,US,2021-12-05,0,1
CUST_00203,1988,F,CN,2022-06-27,0,1
CUST_00204,1982,F,JP,2023-12-17,1,1
CUST_00205,1950,M,IT,2024-05-27,0,1
CUST_00206,1976,M,DE,2023-05-17,1,1
CUST_00207,2001,F,JP,2022-03-10,1,0
CUST_00208,1962,F,DE,2024-01-10,0,1
CUST_00209,1990,F,JP,2024-11-13,1,1
CUST_00210,1952,M,US,2022-02-16,0,1
CUST_00211,1988,F,CN,2024-12-31,1,1
CUST_00212,1955,M,FR,2022-10-01,1,1
CUST_00213,1957,F,CN,2023-03-29,1,1
CUST_00214,1976,M,IT,2024-10-07,1,1
CUST_00215,1958,F,FR,2024-08-23,0,1
CUST_00216,1986,M,DE,2023-02-04,0,1
CUST_00217,1982,F,US,2023-06-17,1,1
CUST_00218,2000,M,US,2023-11-26,1,1
CUST_00219,1991,M,DE,2023-07-14,0,1
CUST_00220,1993,M,IT,2021-09-05,0,1
CUST_00221,1973,M,DE,2022-05-23,1,1
CUST_00222,1964,M,JP,2022-04-06,1,0
CUST_00223,2003,F,IT,2021-05-12,1,1
CUST_00224,1981,M,FR,2022-11-24,1,1
CUST_00225,1981,F,DE,2021-02-13,0,1
CUST_00226,1973,F,IT,2024-04-19,1,1
CUST_00227,1990,F,FR,2024-02-09,1,1
CUST_00228,2001,M,DE,2022-04-17,1,1
CUST_00229,1998,M,US,2024-04-20,1,1
CUST_00230,1998,F,DE,2022-03-28,1,1
CUST_00231,2001,Other,CN,2021-01-15,0,1
CUST_00232,1961,M,DE,2021-05-26,0,1
CUST_00233,1988,M,CN,2024-12-20,1,1
CUST_00234,1951,M,FR,2024-07-16,0,1
CUST_00235,1952,Other,DE,2021-05-01,1,1
CUST_00236,1998,M,FR,2022-04-14,1,1
CUST_00237,1986,M,FR,2021-05-19,0,1
CUST_00238,1998,F,IT,2021-03-06,0,1
CUST_00239,1966,M,FR,2022-11-08,1,1
CUST_00240,1998,M,FR,2021-05-26,1,1
CUST_00241,1951,F,DE,2023-11-19,1,1
CUST_00242,1951,F,DE,2022-05-03,0,1
CUST_00243,1977,M,US,2022-07-25,1,0
CUST_00244,2003,M,IT,2024-10-02,1,1
CUST_00245,1972,M,FR,2023-09-22,0,1
CUST_00246,1986,M,IT,2022-03-15,1,1
CUST_00247,1981,F,CN,2024-01-10,1,1
CUST_00248,1982,M,FR,2021-09-28,0,1
CUST_00249,1950,M,IT,2024-03-15,0,0
CUST_00250,1968,M,US,2024-03-26,1,1
CUST_00251,1951,F,US,2023-08-27,1,1
CUST_00252,2002,F,FR,2022-05-13,1,0
CUST_00253,1993,F,CN,2023-08-27,0,1
CUST_00254,1975,M,US,2023-04-14,1,1
CUST_00255,1981,F,US,2022-01-25,1,1
CUST_00256,1955,F,CN,2021-07-13,1,1
CUST_00257,1981,M,IT,2021-07-18,0,0
CUST_00258,2004,M,US,2024-09-11,1,0
CUST_00259,1953,M,DE,2023-06-02,1,1
CUST_00260,2004,M,JP,2022-12-27,1,0
CUST_00261,1960,M,JP,2023-05-18,1,1
CUST_00262,1966,M,US,2023-04-22,1,1
CUST_00263,1987,M,IT,2023-08-15,1,1
CUST_00264,1973,F,IT,2021-04-21,0,1
CUST_00265,1954,M,FR,2024-10-11,1,1
CUST_00266,2001,F,DE,2024-08-31,1,1
CUST_00267,1983,F,IT,2024-08-16,0,1
CUST_00268,1955,F,CN,2021-07-21,1,1
CUST_00269,1971,F,DE,2021-05-05,0,1
CUST_00270,1960,M,JP,2023-04-05,0,1
CUST_00271,1997,F,DE,2022-11-26,0,1
CUST_00272,1965,M,CN,2021-08-12,0,1
CUST_00273,1982,M,US,2022-05-25,0,1
CUST_00274,1958,F,CN,2022-01-28,1,1
CUST_00275,1955,M,CN,2022-01-25,1,1
CUST_00276,1965,M,US,2024-01-04,1,1
CUST_00277,1978,F,US,2023-07-08,0,1
CUST_00278,1952,F,US,2021-10-15,0,1
CUST_00279,1969,F,US,2023-05-15,0,1
CUST_00280,1985,M,US,2022-01-11,0,1
CUST_00281,1968,F,CN,2022-07-25,1,1
CUST_00282,1975,M,FR,2023-08-06,0,1
CUST_00283,1952,F,FR,2022-05-27,0,0
CUST_00284,1968,F,IT,2021-06-04,0,1
CUST_00285,1969,F,FR,2023-06-27,1,1
CUST_00286,1981,F,JP,2024-02-02,1,1
CUST_00287,1956,M,FR,2021-07-20,1,0
CUST_00288,2001,F,CN,2021-04-14,0,1
CUST_00289,1990,F,US,2024-08-28,1,1
CUST_00290,1982,M,US,2024-01-13,0,1
CUST_00291,1989,F,CN,2021-01-31,1,1
CUST_00292,1988,M,JP,2021-07-11,0,1
CUST_00293,1967,F,FR,2022-04-30,1,1
CUST_00294,1989,F,CN,2021-12-07,0,1
CUST_00295,1950,F,IT,2023-04-13,0,1
CUST_00296,1960,M,US,2023-09-22,0,1
CUST_00297,1977,F,DE,2023-09-13,1,1
CUST_00298,1974,F,IT,2022-03-14,1,1
CUST_00299,1999,F,JP,2023-04-02,1,1
CUST_00300,1972,M,IT,2021-05-01,1,1
CUST_00301,1980,M,CN,2021-12-04,0,1
CUST_00302,1979,F,FR,2023-02-16,1,1
CUST_00303,1991,M,US,2021-01-05,1,1
CUST_00304,1984,F,JP,2023-03-11,0,0
CUST_00305,1956,F,JP,2022-06-28,0,1
CUST_00306,1965,F,DE,2023-07-21,1,1
CUST_00307,1975,F,IT,2022-08-08,1,1
CUST_00308,1997,F,DE,2023-05-17,1,1
CUST_00309,2001,M,FR,2024-11-27,1,0
CUST_00310,1998,M,FR,2024-02-13,0,1
CUST_00311,1951,M,DE,2024-09-17,0,1
CUST_00312,1950,M,US,2023-09-24,1,1
CUST_00313,1997,F,FR,2021-11-14,0,1
CUST_00314,1961,F,DE,2022-01-24,0,1
CUST_00315,1954,F,IT,2022-08-31,1,1
CUST_00316,1986,F,DE,2022-03-22,0,1
CUST_00317,1981,Other,DE,2021-04-30,1,1
CUST_00318,2004,F,CN,2024-04-01,1,1
CUST_00319,1958,F,FR,2024-01-16,1,1
CUST_00320,1990,F,US,2021-05-05,0,1
CUST_00321,1984,M,US,2022-10-05,0,0
CUST_00322,1968,M,CN,2021-04-28,1,1
CUST_00323,1997,M,JP,2021-04-13,1,1
CUST_00324,1965,F,US,2024-04-11,0,1
CUST_00325,1952,F,DE,2023-09-04,1,1
CUST_00326,1969,M,CN,2023-10-27,1,1
CUST_00327,1973,M,IT,2023-12-24,1,1
CUST_00328,2003,F,FR,2021-11-19,1,1
CUST_00329,1982,M,FR,2021-04-27,1,1
CUST_00330,1973,M,FR,2023-11-07,1,1
CUST_00331,2001,F,DE,2021-06-14,1,1
CUST_00332,1960,M,IT,2022-01-16,0,1
CUST_00333,1998,M,CN,2021-05-21,1,1
CUST_00334,1957,F,CN,2024-05-03,1,0
CUST_00335,1985,F,FR,2021-05-20,1,1
CUST_00336,1987,F,IT,2024-10-14,1,1
CUST_00337,1989,M,IT,2022-04-27,1,1
CUST_00338,1969,M,IT,2023-04-07,0,1
CUST_00339,1984,M,US,2021-09-03,1,1
CUST_00340,1997,F,US,2024-03-12,1,1
CUST_00341,1974,F,FR,2022-05-20,1,1
CUST_00342,1984,M,IT,2024-03-31,1,1
CUST_00343,1974,F,JP,2024-05-02,1,1
CUST_00344,1978,M,IT,2021-03-23,1,1
CUST_00345,1967,M,CN,2024-06-22,0,1
CUST_00346,1995,M,CN,2021-06-17,0,1
CUST_00347,1967,M,FR,2023-05-09,0,1
CUST_00348,1951,F,JP,2024-09-08,1,1
CUST_00349,2003,F,IT,2024-04-10,1,1
CUST_00350,1984,M,JP,2024-03-03,0,1
CUST_00351,1965,F,FR,2023-12-07,0,0
CUST_00352,1990,M,CN,2022-10-10,1,1
CUST_00353,1985,F,CN,2022-06-19,1,1
CUST_00354,1982,F,US,2022-02-23,1,1
CUST_00355,1953,M,FR,2024-10-03,1,1
CUST_00356,1982,F,FR,2022-10-06,0,1
CUST_00357,1963,M,IT,2022-05-04,1,1
CUST_00358,1970,M,IT,2022-06-28,0,1
CUST_00359,1997,M,US,2023-03-22,0,1
CUST_00360,1969,F,DE,2021-09-26,1,1
CUST_00361,1957,F,JP,2024-10-07,1,1
CUST_00362,1956,M,DE,2024-08-14,0,1
CUST_00363,1952,F,DE,2022-09-07,1,1
CUST_00364,1966,F,FR,2023-07-26,0,1
CUST_00365,1982,F,JP,2022-10-10,1,1
CUST_00366,1997,F,FR,2021-05-29,1,1
CUST_00367,1961,F,JP,2021-01-20,0,1
CUST_00368,2000,M,CN,2023-07-28,1,1
CUST_00369,1971,M,FR,2024-06-26,1,1
CUST_00370,2004,Other,FR,2024-02-28,1,1
CUST_00371,1971,M,FR,2021-07-24,1,1
CUST_00372,1995,Other,US,2021-05-31,1,1
CUST_00373,1979,F,FR,2024-01-07,1,1
CUST_00374,1987,M,IT,2022-03-13,1,1
CUST_00375,1987,M,IT,2023-11-03,1,1
CUST_00376,1994,M,JP,2022-06-28,1,1
CUST_00377,2000,F,CN,2021-09-29,1,1
CUST_00378,2003,M,US,2022-12-16,0,1
CUST_00379,1957,M,JP,2021-05-21,1,1
CUST_00380,1976,M,IT,2022-05-16,1,1
CUST_00381,1976,M,US,2023-01-27,0,0
CUST_00382,1983,F,US,2022-08-07,1,0
CUST_00383,1970,M,CN,2021-11-20,1,1
CUST_00384,1979,F,US,2023-06-17,1,1
CUST_00385,1982,M,FR,2024-01-18,0,1
CUST_00386,1977,M,US,2024-12-11,0,1
CUST_00387,1996,M,CN,2022-09-12,1,1
CUST_00388,1982,M,JP,2024-06-06,1,1
CUST_00389,1954,Other,CN,2024-09-01,1,1
CUST_00390,1997,F,CN,2023-12-20,1,1
CUST_00391,1968,M,IT,2021-01-17,1,1
CUST_00392,1953,F,FR,2024-09-29,1,1
CUST_00393,1984,M,IT,2024-02-10,1,1
CUST_00394,1998,M,JP,2022-09-06,1,1
CUST_00395,1966,Other,DE,2024-09-20,0,1
CUST_00396,1993,F,JP,2021-08-01,0,1
CUST_00397,1977,Other,FR,2021-10-03,0,1
CUST_00398,1979,M,US,2022-06-26,0,1
CUST_00399,1978,F,CN,2021-08-25,1,1
CUST_00400,1995,M,DE,2021-08-08,1,1
CUST_00401,2002,M,FR,2024-02-08,1,1
CUST_00402,1955,F,IT,2021-11-15,0,0
CUST_00403,1984,M,CN,2022-07-12,1,0
CUST_00404,1990,F,JP,2022-08-01,1,0
CUST_00405,1986,F,IT,2024-05-23,1,0
CUST_00406,1973,M,FR,2022-03-08,0,1
CUST_00407,1978,F,FR,2022-12-04,1,1
CUST_00408,1998,F,JP,2022-02-21,1,1
CUST_00409,1995,M,DE,2024-11-08,1,1
CUST_00410,2002,F,JP,2024-07-22,1,1
CUST_00411,1980,F,US,2022-06-25,0,1
CUST_00412,1984,M,IT,2023-11-02,1,1
CUST_00413,1982,F,DE,2023-09-28,0,1
CUST_00414,2001,Other,CN,2022-05-30,1,1
CUST_00415,1970,M,US,2021-04-15,1,1
CUST_00416,1981,F,DE,2021-07-09,1,1
CUST_00417,1972,M,IT,2024-07-23,1,1
CUST_00418,1982,F,FR,2023-05-18,1,1
CUST_00419,1952,F,CN,2022-07-21,0,1
CUST_00420,1967,M,JP,2021-04-01,1,1
CUST_00421,1974,M,IT,2021-01-08,1,1
CUST_00422,1991,F,US,2022-11-15,1,1
CUST_00423,1980,M,US,2021-09-25,1,1
CUST_00424,2003,F,FR,2024-07-28,0,1
CUST_00425,1952,M,FR,2022-06-21,1,1
CUST_00426,1989,F,CN,2021-11-27,0,0
CUST_00427,1995,F,JP,2023-06-24,1,1
CUST_00428,1973,F,CN,2024-02-04,0,1
CUST_00429,1999,M,FR,2024-12-16,0,1
CUST_00430,1981,F,FR,2023-05-26,1,1
CUST_00431,1996,F,US,2024-02-23,1,1
CUST_00432,1971,M,FR,2021-01-20,0,1
CUST_00433,1972,M,DE,2021-08-18,1,1
CUST_00434,1951,M,IT,2021-06-04,1,1
CUST_00435,1976,F,FR,2024-11-16,0,1
CUST_00436,1991,F,CN,2021-11-02,1,1
CUST_00437,1951,M,JP,2024-01-23,0,1
CUST_00438,1975,F,JP,2021-03-15,0,1
CUST_00439,1966,M,JP,2023-01-27,1,1
CUST_00440,1989,M,DE,2024-04-07,0,1
CUST_00441,1982,Other,CN,2024-02-06,1,1
CUST_00442,1958,F,DE,2021-10-31,1,0
CUST_00443,1992,F,FR,2023-05-31,0,0
CUST_00444,2003,M,IT,2021-09-19,0,1
CUST_00445,1997,F,JP,2021-03-27,1,1
CUST_00446,1988,F,CN,2022-09-24,1,1
CUST_00447,1978,M,JP,2023-01-17,0,1
CUST_00448,1991,F,DE,2021-03-23,1,1
CUST_00449,2004,F,US,2023-01-03,1,1
CUST_00450,1975,F,FR,2022-03-07,0,1
CUST_00451,1984,M,IT,2024-10-28,0,1
CUST_00452,1999,F,FR,2022-05-27,1,1
CUST_00453,1974,F,US,2024-09-27,1,1
CUST_00454,1973,M,IT,2021-07-30,1,1
CUST_00455,1962,F,US,2022-12-26,1,1
CUST_00456,1956,F,FR,2024-02-21,1,1
CUST_00457,1985,M,DE,2023-04-13,1,1
CUST_00458,1994,M,FR,2024-06-25,0,1
CUST_00459,1969,F,FR,2021-11-13,1,1
CUST_00460,1950,F,FR,2022-04-30,0,1
CUST_00461,1957,F,CN,2021-11-29,1,1
CUST_00462,1995,M,US,2021-12-29,1,1
CUST_00463,1965,Other,US,2023-04-25,1,1
CUST_00464,1963,M,JP,2021-02-20,1,0
CUST_00465,1961,M,US,2022-01-03,1,1
CUST_00466,2000,F,JP,2022-11-12,1,1
CUST_00467,1972,M,CN,2023-04-24,1,1
CUST_00468,1964,M,DE,2024-10-03,1,1
CUST_00469,1977,M,JP,2022-05-24,0,1
CUST_00470,1983,M,FR,2022-07-01,1,1
CUST_00471,1951,M,DE,2021-11-23,0,1
CUST_00472,1981,Other,CN,2024-12-07,0,1
CUST_00473,1972,M,US,2021-08-10,1,0
CUST_00474,1971,F,JP,2023-02-23,1,1
CUST_00475,2000,F,FR,2021-03-21,0,0
CUST_00476,1974,F,IT,2023-08-22,1,1
CUST_00477,1971,M,IT,2022-04-01,1,1
CUST_00478,1971,F,DE,2022-02-13,1,1
CUST_00479,1998,F,US,2023-08-01,1,1
CUST_00480,2001,F,IT,2022-12-18,0,0
CUST_00481,1991,F,DE,2022-09-18,1,1
CUST_00482,1955,F,CN,2022-04-12,1,1
CUST_00483,1964,M,DE,2022-04-02,0,1
CUST_00484,2003,F,DE,2021-02-18,1,1
CUST_00485,1992,F,DE,2024-09-13,0,1
CUST_00486,1986,F,FR,2022-01-31,1,1
CUST_00487,1982,Other,DE,2023-03-28,1,1
CUST_00488,1957,M,JP,2022-11-04,1,1
CUST_00489,2002,Other,DE,2022-07-25,1,1
CUST_00490,1993,M,FR,2021-05-23,0,1
CUST_00491,1993,M,FR,2022-07-26,1,1
CUST_00492,1954,M,CN,2022-12-21,1,1
CUST_00493,1988,M,US,2024-08-06,1,1
CUST_00494,1953,F,IT,2023-11-10,1,1
CUST_00495,1955,M,IT,2023-03-30,0,1
CUST_00496,1994,M,DE,2024-10-23,1,0
CUST_00497,1981,F,CN,2024-01-04,1,1
CUST_00498,2001,F,DE,2022-11-10,0,1
CUST_00499,1979,F,IT,2021-02-26,1,1
CUST_00500,1996,F,FR,2021-08-25,1,1
CUST_00501,1984,F,US,2022-06-19,0,0
CUST_00502,2004,M,CN,2022-01-01,1,0
CUST_00503,1989,M,FR,2024-04-04,0,1
CUST_00504,2001,F,US,2022-06-28,0,1
CUST_00505,1965,M,CN,2021-03-20,1,1
CUST_00506,1962,F,CN,2021-08-11,0,1
CUST_00507,1999,M,IT,2024-05-06,1,1
CUST_00508,1991,M,FR,2023-06-09,1,1
CUST_00509,1979,F,CN,2022-12-09,1,1
CUST_00510,1968,F,JP,2022-10-05,1,1
CUST_00511,1966,F,CN,2023-06-13,0,1
CUST_00512,1968,F,US,2024-05-26,1,1
CUST_00513,1977,M,IT,2023-11-14,1,1
CUST_00514,2004,M,DE,2021-08-25,0,1
CUST_00515,1975,F,IT,2023-02-28,0,1
CUST_00516,1986,F,DE,2024-03-26,1,1
CUST_00517,1975,M,FR,2022-01-25,1,1
CUST_00518,2002,F,FR,2022-06-06,1,0
CUST_00519,1972,M,CN,2021-04-01,1,1
CUST_00520,1958,M,JP,2024-12-22,1,1
CUST_00521,1961,M,FR,2023-06-13,1,1
CUST_00522,2002,F,CN,2021-01-04,1,1
CUST_00523,1950,F,IT,2023-12-01,0,1
CUST_00524,1950,M,FR,2024-01-08,1,1
CUST_00525,1996,F,IT,2024-11-07,1,1
CUST_00526,1983,M,IT,2024-10-05,0,0
CUST_00527,1981,M,JP,2022-02-08,0,1
CUST_00528,2003,M,FR,2023-01-16,1,1
CUST_00529,1997,M,IT,2023-06-03,1,1
CUST_00530,1974,M,JP,2021-05-24,1,1
CUST_00531,1989,F,JP,2024-09-22,1,0
CUST_00532,1994,F,FR,2022-11-08,1,1
CUST_00533,2002,F,JP,2024-06-30,1,1
CUST_00534,1950,M,FR,2022-10-05,0,1
CUST_00535,1965,M,FR,2024-09-20,1,0
CUST_00536,1988,M,DE,2021-09-13,0,1
CUST_00537,1954,M,IT,2022-09-08,1,1
CUST_00538,1971,F,US,2023-11-05,1,1
CUST_00539,1978,M,FR,2022-09-26,0,1
CUST_00540,2004,F,IT,2024-09-27,1,1
CUST_00541,1952,F,JP,2023-04-17,1,1
CUST_00542,1961,M,CN,2022-10-31,1,1
CUST_00543,1975,F,FR,2023-04-05,1,1
CUST_00544,1965,F,JP,2024-11-28,1,0
CUST_00545,2000,F,JP,2022-08-29,0,1
CUST_00546,1986,F,JP,2024-02-10,1,1
CUST_00547,1971,M,JP,2021-09-18,0,1
CUST_00548,1978,M,JP,2022-01-28,0,1
CUST_00549,1963,M,FR,2023-05-12,1,1
CUST_00550,1977,M,US,2024-09-23,1,1
CUST_00551,1954,F,DE,2023-02-16,1,1
CUST_00552,1996,M,JP,2024-10-19,1,1
CUST_00553,1998,F,JP,2021-12-23,1,1
CUST_00554,1979,F,DE,2024-06-14,1,1
CUST_00555,1995,M,FR,2024-03-11,0,1
CUST_00556,2001,M,IT,2022-09-09,1,1
CUST_00557,1954,F,CN,2023-04-12,0,0
CUST_00558,1961,F,CN,2024-01-28,1,1
CUST_00559,1965,F,IT,2021-01-01,0,1
CUST_00560,1975,M,FR,2022-09-15,1,1
CUST_00561,1975,M,CN,2022-08-11,1,0
CUST_00562,1997,M,DE,2022-03-07,0,0
CUST_00563,1970,M,IT,2023-05-31,1,1
CUST_00564,1988,F,US,2024-04-02,1,1
CUST_00565,1985,F,FR,2024-05-27,1,1
CUST_00566,1982,F,IT,2024-09-02,1,1
CUST_00567,1979,F,CN,2022-10-22,1,0
CUST_00568,1986,F,FR,2023-08-11,0,1
CUST_00569,1972,M,DE,2023-06-24,0,1
CUST_00570,1959,M,FR,2023-06-25,1,1
CUST_00571,2003,F,FR,2024-10-15,1,1
CUST_00572,1954,M,DE,2022-03-14,1,1
CUST_00573,1985,F,JP,2023-11-13,1,0
CUST_00574,1983,F,DE,2023-08-28,1,1
CUST_00575,2001,M,FR,2021-12-14,1,0
CUST_00576,1980,F,DE,2024-09-11,0,1
CUST_00577,1959,F,JP,2021-06-23,1,1
CUST_00578,1968,F,IT,2022-08-05,0,1
CUST_00579,1981,F,DE,2023-11-22,0,1
CUST_00580,1950,F,DE,2024-09-21,1,1
CUST_00581,1954,M,FR,2024-07-20,1,1
CUST_00582,1994,M,IT,2024-06-22,0,1
CUST_00583,1953,F,US,2022-11-18,0,1
CUST_00584,1965,F,US,2021-07-11,1,1
CUST_00585,1973,M,CN,2022-04-27,1,1
CUST_00586,1965,M,DE,2024-10-09,0,1
CUST_00587,2004,F,DE,2022-09-28,1,0
CUST_00588,1951,F,IT,2022-04-06,0,1
CUST_00589,1998,F,JP,2022-02-12,1,1
CUST_00590,1977,F,US,2021-10-29,1,1
CUST_00591,1981,M,CN,2021-02-20,1,1
CUST_00592,1976,M,IT,2021-04-05,0,1
CUST_00593,1969,F,DE,2022-05-17,1,1
CUST_00594,1973,M,US,2023-09-01,0,1
CUST_00595,1961,M,CN,2024-06-05,1,1
CUST_00596,1999,M,FR,2021-05-30,1,1
CUST_00597,1984,F,US,2023-07-22,0,1
CUST_00598,1982,F,CN,2023-04-29,1,1
CUST_00599,1982,M,IT,2024-07-13,0,1
CUST_00600,2000,M,FR,2024-03-24,1,1
CUST_00601,1992,F,CN,2022-02-03,1,1
CUST_00602,1986,Other,CN,2024-11-27,1,1
CUST_00603,1961,M,DE,2023-02-26,1,1
CUST_00604,1952,F,JP,2023-10-10,1,1
CUST_00605,1950,M,US,2023-03-30,1,0
CUST_00606,1982,F,DE,2022-05-15,1,1
CUST_00607,1989,M,FR,2021-10-30,1,1
CUST_00608,1959,M,JP,2024-09-05,1,1
CUST_00609,1992,F,CN,2024-11-09,1,1
CUST_00610,1993,F,DE,2021-01-12,1,1
CUST_00611,1978,M,JP,2021-08-07,1,1
CUST_00612,1962,F,US,2023-05-21,1,1
CUST_00613,1961,M,FR,2022-03-25,1,1
CUST_00614,1980,F,IT,2021-12-27,1,1
CUST_00615,1995,M,DE,2024-11-26,1,1
CUST_00616,1951,F,FR,2023-11-27,1,0
CUST_00617,2000,M,IT,2023-08-10,1,1
CUST_00618,1999,F,DE,2021-04-13,1,1
CUST_00619,1984,F,FR,2024-02-16,1,1
CUST_00620,1972,F,FR,2022-05-26,0,1
CUST_00621,1966,F,JP,2021-09-06,1,1
CUST_00622,1975,F,DE,2023-07-24,1,1
CUST_00623,1957,M,FR,2021-10-01,1,1
CUST_00624,1978,M,CN,2023-08-10,0,1
CUST_00625,1975,F,DE,2024-09-29,0,1
CUST_00626,1959,M,FR,2023-12-24,1,1
CUST_00627,1975,F,JP,2024-02-19,1,1
CUST_00628,1983,Other,IT,2024-05-04,0,0
CUST_00629,2000,M,IT,2022-10-12,0,1
CUST_00630,1990,F,CN,2023-06-26,0,0
CUST_00631,1956,M,DE,2024-06-08,1,1
CUST_00632,1953,F,JP,2023-10-31,1,1
CUST_00633,2002,M,FR,2023-05-24,0,1
CUST_00634,1999,M,FR,2024-01-28,1,1
CUST_00635,1994,F,IT,2023-07-03,1,1
CUST_00636,1960,F,JP,2021-11-22,0,0
CUST_00637,1978,F,CN,2023-08-31,0,1
CUST_00638,1985,F,IT,2023-07-11,1,1
CUST_00639,1974,M,IT,2022-06-15,1,1
CUST_00640,1970,F,CN,2022-05-22,0,1
CUST_00641,1985,M,DE,2024-07-29,0,1
CUST_00642,1959,F,FR,2022-07-22,1,1
CUST_00643,1986,F,DE,2023-12-04,1,1
CUST_00644,1958,F,JP,2023-09-20,0,1
CUST_00645,1973,F,US,2024-07-07,0,1
CUST_00646,1984,M,US,2022-05-05,1,1
CUST_00647,1998,F,US,2022-07-17,1,1
CUST_00648,1984,M,CN,2023-06-20,0,1
CUST_00649,1997,F,IT,2021-06-08,1,1
CUST_00650,1985,M,DE,2022-08-09,1,1
CUST_00651,1967,F,FR,2022-04-26,1,0
CUST_00652,1998,F,US,2022-07-11,0,1
CUST_00653,1988,M,DE,2022-11-19,1,1
CUST_00654,1981,M,US,2022-10-17,0,0
CUST_00655,1973,F,US,2024-01-12,1,1
CUST_00656,1972,M,FR,2021-06-15,1,1
CUST_00657,1981,M,JP,2021-10-11,0,1
CUST_00658,1986,M,JP,2021-11-05,1,1
CUST_00659,1961,M,JP,2022-04-19,1,1
CUST_00660,1998,F,CN,2023-02-24,0,0
CUST_00661,2004,F,IT,2024-11-22,1,1
CUST_00662,1962,M,CN,2021-11-09,0,1
CUST_00663,1972,M,DE,2024-12-17,1,1
CUST_00664,1974,M,CN,2022-03-15,1,1
CUST_00665,1984,M,DE,2021-05-12,0,1
CUST_00666,1990,M,DE,2023-04-30,1,1
CUST_00667,1979,M,IT,2023-04-15,1,1
CUST_00668,1966,M,FR,2022-11-09,1,1
CUST_00669,1998,F,IT,2024-01-17,0,1
CUST_00670,1969,M,JP,2023-08-13,1,1
CUST_00671,1997,F,JP,2023-05-02,1,1
CUST_00672,1974,F,CN,2021-05-08,1,1
CUST_00673,1971,F,DE,2022-02-28,1,1
CUST_00674,1962,F,US,2023-05-11,1,1
CUST_00675,1968,F,US,2023-03-09,0,1
CUST_00676,1998,F,DE,2024-04-11,1,1
CUST_00677,1985,F,IT,2024-11-25,1,1
CUST_00678,1961,F,FR,2021-02-10,0,1
CUST_00679,1990,F,IT,2024-03-25,0,1
CUST_00680,1968,F,DE,2023-02-19,0,0
CUST_00681,1961,M,DE,2023-09-04,0,1
CUST_00682,1958,M,FR,2021-01-13,1,1
CUST_00683,1956,M,CN,2022-12-22,1,1
CUST_00684,1977,F,CN,2022-09-04,1,1
CUST_00685,1963,F,FR,2023-03-10,0,1
CUST_00686,1980,F,CN,2023-05-09,0,1
CUST_00687,2001,F,US,2024-01-08,1,1
CUST_00688,1968,M,CN,2024-01-24,1,1
CUST_00689,1996,M,CN,2024-05-20,1,1
CUST_00690,1965,F,CN,2022-03-28,1,1
CUST_00691,2002,F,US,2023-09-27,0,1
CUST_00692,1954,Other,CN,2022-03-26,0,1
CUST_00693,1984,M,JP,2022-07-13,1,1
CUST_00694,1961,F,US,2023-06-12,1,1
CUST_00695,1974,F,FR,2023-09-22,0,1
CUST_00696,2001,F,IT,2021-03-01,1,1
CUST_00697,1970,F,FR,2023-03-08,1,1
CUST_00698,1985,F,IT,2022-11-20,0,1
CUST_00699,2002,M,FR,2024-10-01,1,1
CUST_00700,1972,F,JP,2024-10-22,1,1
CUST_00701,1965,F,IT,2023-04-09,1,1
CUST_00702,1988,F,IT,2021-12-05,0,1
CUST_00703,1994,F,DE,2023-08-16,1,1
CUST_00704,2002,M,IT,2021-09-19,1,1
CUST_00705,1991,M,IT,2024-06-28,0,1
CUST_00706,1988,Other,DE,2023-12-30,1,1
CUST_00707,1963,F,CN,2021-02-25,1,1
CUST_00708,1980,F,CN,2023-03-18,0,1
CUST_00709,1954,M,DE,2024-04-27,1,1
CUST_00710,1984,F,US,2024-03-01,0,1
CUST_00711,1972,F,IT,2024-09-19,0,1
CUST_00712,1978,F,IT,2021-02-25,1,1
CUST_00713,1992,M,DE,2021-06-21,1,0
CUST_00714,1960,F,DE,2024-08-09,0,1
CUST_00715,1967,F,US,2023-05-28,1,1
CUST_00716,1996,M,JP,2021-10-05,0,1
CUST_00717,1961,F,CN,2023-08-04,0,0
CUST_00718,1958,F,FR,2022-01-08,1,1
CUST_00719,1959,F,JP,2021-04-13,0,0
CUST_00720,1993,F,CN,2022-06-17,1,1
CUST_00721,1966,M,IT,2023-02-16,1,1
CUST_00722,1987,M,JP,2022-11-02,0,1
CUST_00723,1956,M,DE,2022-03-10,1,1
CUST_00724,1995,M,US,2023-07-21,1,1
CUST_00725,1962,F,CN,2022-11-01,0,1
CUST_00726,1989,M,US,2022-11-23,1,1
CUST_00727,1991,F,CN,2023-02-16,1,1
CUST_00728,1958,Other,JP,2022-07-24,1,1
CUST_00729,1999,F,IT,2023-05-14,1,1
CUST_00730,1976,F,FR,2022-06-01,1,1
CUST_00731,1951,F,US,2021-06-17,0,1
CUST_00732,1954,F,US,2023-08-22,0,1
CUST_00733,1978,M,FR,2021-02-09,0,1
CUST_00734,1986,M,US,2024-01-10,1,1
CUST_00735,1987,F,US,2021-04-17,0,1
CUST_00736,1968,F,CN,2022-12-18,1,1
CUST_00737,1957,F,CN,2022-04-05,1,1
CUST_00738,1997,F,FR,2024-08-24,1,1
CUST_00739,1994,F,IT,2021-05-21,0,1
CUST_00740,1950,M,JP,2024-08-27,1,1
CUST_00741,1971,Other,JP,2021-03-24,1,1
CUST_00742,2001,F,US,2021-03-05,0,1
CUST_00743,1966,M,IT,2022-05-22,1,1
CUST_00744,1956,F,FR,2022-02-13,0,1
CUST_00745,1974,M,FR,2021-02-11,1,1
CUST_00746,1994,F,CN,2024-06-26,0,1
CUST_00747,1953,F,US,2021-11-09,0,1
CUST_00748,1985,M,DE,2022-05-04,0,1
CUST_00749,1955,F,FR,2021-09-16,1,1
CUST_00750,1980,F,US,2023-08-28,1,0
CUST_00751,1968,M,IT,2024-10-03,0,1
CUST_00752,1993,M,CN,2021-08-23,0,1
CUST_00753,2003,F,JP,2024-03-01,0,1
CUST_00754,1988,M,IT,2022-03-23,1,1
CUST_00755,1976,M,FR,2023-08-11,1,1
CUST_00756,1959,M,FR,2024-12-03,1,1
CUST_00757,1975,M,IT,2022-06-09,1,1
CUST_00758,1968,F,FR,2023-01-26,1,1
CUST_00759,1988,F,US,2021-12-10,1,1
CUST_00760,1952,M,FR,2024-05-25,0,1
CUST_00761,1994,F,CN,2024-05-28,0,1
CUST_00762,1962,M,US,2021-08-23,1,1
CUST_00763,1999,F,DE,2021-12-02,1,1
CUST_00764,1977,Other,FR,2022-09-30,1,1
CUST_00765,1969,M,FR,2021-08-10,1,1
CUST_00766,1977,F,CN,2024-03-31,0,1
CUST_00767,1957,F,CN,2021-02-22,0,1
CUST_00768,1990,M,JP,2022-10-01,0,1
CUST_00769,1988,M,IT,2024-03-25,0,1
CUST_00770,1950,M,IT,2024-10-19,1,1
CUST_00771,1952,F,IT,2023-02-08,1,1
CUST_00772,1962,Other,CN,2023-03-24,1,1
CUST_00773,1977,F,IT,2022-02-11,0,1
CUST_00774,1998,F,IT,2021-06-05,1,1
CUST_00775,1974,F,DE,2024-04-27,1,1
CUST_00776,1982,F,IT,2024-11-15,1,1
CUST_00777,1987,F,FR,2024-07-08,0,1
CUST_00778,2002,M,JP,2022-05-13,1,1
CUST_00779,1955,F,CN,2021-07-28,1,1
CUST_00780,1993,F,US,2024-11-28,0,1
CUST_00781,1994,M,JP,2022-09-10,1,0
CUST_00782,1981,F,DE,2024-11-02,0,0
CUST_00783,1994,M,CN,2024-05-14,1,1
CUST_00784,1996,F,CN,2021-09-05,0,1
CUST_00785,1970,F,FR,2024-03-05,0,1
CUST_00786,1965,M,JP,2021-03-26,1,1
CUST_00787,2003,M,JP,2022-12-13,0,1
CUST_00788,1970,M,IT,2023-12-28,1,1
CUST_00789,1960,F,FR,2023-05-28,1,1
CUST_00790,1986,M,IT,2024-09-16,1,1
CUST_00791,1985,F,IT,2023-01-29,1,0
CUST_00792,1984,M,CN,2021-05-22,1,0
CUST_00793,1968,Other,JP,2023-11-03,0,1
CUST_00794,1969,F,IT,2024-08-19,1,1
CUST_00795,1967,F,DE,2022-11-30,0,1
CUST_00796,1996,F,DE,2021-01-26,1,1
CUST_00797,1990,F,JP,2023-05-11,1,1
CUST_00798,1998,F,DE,2023-10-01,0,1
CUST_00799,1963,M,CN,2021-08-05,0,1
CUST_00800,1964,M,FR,2023-06-07,0,1
CUST_00801,1980,M,US,2023-01-12,0,1
CUST_00802,1950,M,IT,2024-07-25,1,1
CUST_00803,2002,M,US,2023-07-31,1,1
CUST_00804,2003,F,FR,2024-12-19,1,1
CUST_00805,2003,Other,FR,2021-11-10,1,1
CUST_00806,1952,M,CN,2023-06-11,0,1
CUST_00807,1965,F,DE,2021-12-27,0,0
CUST_00808,1972,M,DE,2023-12-05,0,1
CUST_00809,1960,F,FR,2024-08-25,0,1
CUST_00810,1961,F,CN,2022-07-08,0,1
CUST_00811,1959,F,CN,2024-06-15,1,0
CUST_00812,1981,Other,JP,2024-01-08,0,1
CUST_00813,1965,M,IT,2023-09-18,1,1
CUST_00814,1957,F,DE,2023-08-11,1,1
CUST_00815,1987,F,FR,2023-06-12,1,1
CUST_00816,1961,M,JP,2024-04-28,1,1
CUST_00817,1973,F,US,2022-07-04,1,1
CUST_00818,1977,M,DE,2022-10-23,1,1
CUST_00819,2002,F,IT,2022-05-18,1,0
CUST_00820,1957,M,CN,2021-06-27,1,1
CUST_00821,1977,M,FR,2022-07-26,1,1
CUST_00822,1985,F,DE,2023-07-13,1,1
CUST_00823,1975,F,US,2022-05-15,0,1
CUST_00824,1957,M,IT,2023-08-10,0,1
CUST_00825,1999,M,IT,2024-03-13,1,1
CUST_00826,1977,F,JP,2024-06-03,0,1
CUST_00827,1977,M,DE,2024-09-30,0,1
CUST_00828,1986,M,US,2023-02-16,0,1
CUST_00829,1990,F,IT,2022-11-20,1,1
CUST_00830,1985,F,FR,2021-02-28,0,1
CUST_00831,1976,M,IT,2023-10-10,1,1
CUST_00832,2003,F,US,2022-10-28,0,1
CUST_00833,1966,F,CN,2022-01-08,1,1
CUST_00834,1958,F,CN,2023-09-26,1,1
CUST_00835,1982,F,JP,2022-03-11,1,1
CUST_00836,2002,M,DE,2022-12-28,1,1
CUST_00837,1969,M,US,2022-06-14,1,1
CUST_00838,1962,M,JP,2022-11-29,1,1
CUST_00839,1977,F,IT,2022-07-27,0,0
CUST_00840,1997,M,IT,2024-05-05,1,0
CUST_00841,1978,F,CN,2024-12-07,1,1
CUST_00842,1962,M,JP,2022-07-20,1,1
CUST_00843,1995,M,CN,2024-02-13,1,1
CUST_00844,1984,F,FR,2021-01-21,0,1
CUST_00845,1955,M,CN,2023-11-25,1,1
CUST_00846,1967,M,FR,2022-01-27,1,1
CUST_00847,2000,F,IT,2021-06-25,1,1
CUST_00848,1954,M,JP,2022-05-10,0,1
CUST_00849,1996,F,FR,2023-04-13,0,1
CUST_00850,1974,F,JP,2023-09-28,0,1
CUST_00851,1951,M,JP,2024-02-12,1,1
CUST_00852,1959,F,FR,2022-05-08,0,1
CUST_00853,1979,F,DE,2024-11-15,1,1
CUST_00854,1999,M,CN,2023-09-03,1,1
CUST_00855,1994,M,FR,2024-08-15,1,0
CUST_00856,1954,M,IT,2024-12-28,0,0
CUST_00857,2004,F,JP,2023-10-03,0,1
CUST_00858,1982,M,US,2023-07-07,1,1
CUST_00859,2003,F,FR,2021-02-05,1,1
CUST_00860,1950,F,CN,2021-07-10,1,1
CUST_00861,1967,F,JP,2022-08-26,1,1
CUST_00862,1981,M,DE,2022-03-30,1,0
CUST_00863,1996,M,IT,2023-04-09,1,1
CUST_00864,1998,F,DE,2024-11-17,1,1
CUST_00865,1960,M,US,2022-05-14,1,1
CUST_00866,1970,M,FR,2022-09-20,1,1
CUST_00867,1975,M,JP,2024-09-21,0,1
CUST_00868,1974,M,FR,2024-04-06,1,1
CUST_00869,1971,F,CN,2023-01-26,0,1
CUST_00870,1976,M,FR,2023-08-28,1,1
CUST_00871,1998,M,IT,2024-02-08,0,1
CUST_00872,1962,M,US,2023-12-24,0,1
CUST_00873,1982,F,DE,2022-12-06,1,1
CUST_00874,1983,F,US,2023-05-22,0,1
CUST_00875,1990,M,JP,2024-02-02,1,1
CUST_00876,1984,F,FR,2022-11-09,1,0
CUST_00877,1950,F,JP,2022-12-22,1,1
CUST_00878,1970,F,DE,2024-12-10,1,1
CUST_00879,1997,F,JP,2023-07-19,0,0
CUST_00880,2004,M,CN,2022-07-09,1,1
CUST_00881,1955,M,US,2022-09-20,1,0
CUST_00882,1977,M,DE,2022-05-30,1,1
CUST_00883,1966,M,DE,2022-04-18,1,1
CUST_00884,1954,Other,DE,2021-09-05,1,1
CUST_00885,1980,M,IT,2022-01-30,1,1
CUST_00886,1954,M,US,2022-10-09,1,1
CUST_00887,1987,F,JP,2021-09-02,1,1
CUST_00888,1952,F,DE,2024-01-03,1,1
CUST_00889,2002,M,US,2024-11-14,1,1
CUST_00890,1972,M,DE,2022-01-15,0,1
CUST_00891,1986,M,CN,2022-01-28,1,1
CUST_00892,2002,F,CN,2022-03-20,0,1
CUST_00893,1986,M,CN,2023-09-19,0,1
CUST_00894,1959,M,FR,2022-07-21,1,1
CUST_00895,1959,F,DE,2024-04-22,1,1
CUST_00896,1968,M,FR,2023-12-11,1,1
CUST_00897,1966,F,US,2024-05-07,1,1
CUST_00898,1970,F,FR,2022-08-03,1,0
CUST_00899,1963,M,US,2021-07-25,0,1
CUST_00900,1958,F,US,2022-02-02,0,1
CUST_00901,1995,F,US,2022-08-30,1,0
CUST_00902,1950,M,JP,2022-04-11,0,1
CUST_00903,2000,F,FR,2023-01-10,1,1
CUST_00904,1994,F,JP,2022-01-03,1,1
CUST_00905,1962,F,DE,2022-09-12,1,1
CUST_00906,1953,M,FR,2021-01-29,1,0
CUST_00907,1950,Other,DE,2024-12-21,1,1
CUST_00908,1998,M,DE,2023-12-30,1,1
CUST_00909,1989,M,US,2021-09-17,1,1
CUST_00910,1981,M,FR,2022-07-16,1,1
CUST_00911,1983,M,DE,2021-04-04,1,1
CUST_00912,1977,F,CN,2021-04-22,0,1
CUST_00913,1980,M,DE,2024-02-08,1,1
CUST_00914,1957,M,CN,2022-08-22,1,1
CUST_00915,1988,F,FR,2024-11-29,0,1
CUST_00916,1975,M,JP,2021-09-16,1,1
CUST_00917,1983,M,FR,2024-07-30,1,1
CUST_00918,2003,M,JP,2023-10-03,1,1
CUST_00919,2003,M,JP,2021-07-30,1,1
CUST_00920,1952,M,FR,2021-01-26,1,1
CUST_00921,1999,F,DE,2024-03-21,1,1
CUST_00922,1961,M,IT,2022-08-06,0,1
CUST_00923,1950,M,DE,2023-08-20,0,0
CUST_00924,2003,F,DE,2023-09-08,1,0
CUST_00925,1993,F,US,2023-06-22,1,1
CUST_00926,1954,M,US,2022-11-29,0,1
CUST_00927,1979,F,DE,2022-01-13,1,1
CUST_00928,1979,M,CN,2021-04-16,1,1
CUST_00929,1966,F,JP,2022-06-02,1,1
CUST_00930,1997,F,US,2023-09-06,0,1
CUST_00931,1996,M,DE,2021-08-22,1,1
CUST_00932,1972,F,IT,2021-05-14,1,1
CUST_00933,1964,M,CN,2023-04-01,1,0
CUST_00934,1986,F,FR,2023-10-05,1,1
CUST_00935,1970,M,DE,2021-06-01,1,1
CUST_00936,1963,F,DE,2024-03-27,1,1
CUST_00937,1951,F,JP,2024-07-13,0,1
CUST_00938,1960,F,CN,2024-11-06,1,1
CUST_00939,2000,M,US,2021-04-20,1,1
CUST_00940,1988,F,US,2021-11-07,1,1
CUST_00941,1987,F,US,2021-11-02,0,1
CUST_00942,1983,F,FR,2024-02-27,0,1
CUST_00943,1987,F,CN,2022-09-15,1,1
CUST_00944,1999,F,CN,2021-06-24,0,1
CUST_00945,1983,M,US,2022-05-24,0,1
CUST_00946,1967,M,US,2021-08-31,1,1
CUST_00947,1979,F,JP,2024-02-17,0,1
CUST_00948,1964,M,IT,2023-05-03,1,1
CUST_00949,1976,Other,IT,2024-05-26,1,1
CUST_00950,2000,F,DE,2024-05-05,1,1
CUST_00951,1983,F,DE,2024-06-20,0,1
CUST_00952,2001,M,CN,2022-04-08,0,1
CUST_00953,1987,F,CN,2023-12-07,0,0
CUST_00954,1982,F,FR,2023-02-19,1,1
CUST_00955,1973,F,FR,2023-07-12,1,1
CUST_00956,1964,F,IT,2023-06-26,0,1
CUST_00957,1979,M,DE,2022-09-01,0,1
CUST_00958,2004,F,IT,2024-04-20,1,1
CUST_00959,1991,F,IT,2023-05-29,0,1
CUST_00960,2000,M,DE,2022-09-18,1,1
CUST_00961,1966,M,FR,2024-03-10,1,1
CUST_00962,1954,F,JP,2024-06-25,1,1
CUST_00963,1978,F,JP,2021-05-04,1,1
CUST_00964,1953,Other,JP,2024-06-02,1,1
CUST_00965,1959,F,DE,2021-07-23,0,1
CUST_00966,1966,M,US,2022-03-02,1,1
CUST_00967,1959,M,US,2024-07-05,0,1
CUST_00968,1966,M,US,2022-03-09,1,1
CUST_00969,1969,M,CN,2022-06-26,1,1
CUST_00970,1973,M,FR,2024-09-14,0,1
CUST_00971,1954,M,FR,2021-06-16,0,1
CUST_00972,1983,M,CN,2021-11-18,1,1
CUST_00973,1955,F,IT,2022-05-07,0,1
CUST_00974,2002,M,JP,2021-12-22,1,1
CUST_00975,1951,F,US,2024-02-05,1,1
CUST_00976,1962,F,JP,2021-06-03,1,1
CUST_00977,1992,M,US,2021-11-17,0,1
CUST_00978,1992,M,JP,2021-01-06,1,1
CUST_00979,1997,M,IT,2023-04-17,1,1
CUST_00980,1960,M,JP,2023-07-12,1,1
CUST_00981,2000,F,JP,2024-11-12,0,1
CUST_00982,1996,M,DE,2024-05-01,0,1
CUST_00983,1972,M,JP,2023-08-21,0,0
CUST_00984,2004,M,DE,2022-08-20,1,1
CUST_00985,1965,Other,FR,2021-03-08,1,1
CUST_00986,1980,F,CN,2022-04-20,1,1
CUST_00987,1960,F,JP,2022-08-14,1,1
CUST_00988,2003,M,FR,2024-12-18,1,1
CUST_00989,1965,F,DE,2022-08-03,1,1
CUST_00990,1957,F,JP,2024-12-10,1,1
CUST_00991,1953,F,JP,2023-07-19,1,1
CUST_00992,1989,Other,IT,2021-05-26,1,1
CUST_00993,1953,M,FR,2024-11-08,1,1
CUST_00994,1974,F,US,2022-04-24,1,1
CUST_00995,1952,F,US,2022-06-26,1,1
CUST_00996,1981,M,IT,2024-07-04,1,1
CUST_00997,1952,M,DE,2024-04-22,1,1
CUST_00998,1976,Other,US,2024-09-16,0,0
CUST_00999,1978,M,US,2022-02-10,1,1
CUST_01000,1981,F,CN,2023-05-21,1,1
CUST_01001,1999,Other,FR,2021-08-24,0,1
CUST_01002,2000,F,DE,2024-01-21,0,1
CUST_01003,1968,M,JP,2022-04-06,0,1
CUST_01004,1970,F,FR,2024-08-19,1,1
CUST_01005,1954,M,DE,2021-11-02,1,0
CUST_01006,1967,F,US,2022-06-29,1,1
CUST_01007,1977,M,CN,2021-10-19,1,1
CUST_01008,1991,F,FR,2021-05-27,0,1
CUST_01009,1971,F,US,2021-05-03,1,1
CUST_01010,1970,F,DE,2021-12-06,1,1
CUST_01011,1955,F,FR,2022-09-22,0,0
CUST_01012,1950,F,JP,2024-05-03,0,1
CUST_01013,1954,F,FR,2024-03-11,1,1
CUST_01014,1990,M,US,2022-08-15,1,1
CUST_01015,1961,F,FR,2023-06-19,0,1
CUST_01016,1975,M,JP,2021-09-12,1,1
CUST_01017,1995,F,CN,2023-08-18,1,1
CUST_01018,1983,M,CN,2024-11-11,0,1
CUST_01019,1998,M,US,2022-09-15,1,1
CUST_01020,1963,F,DE,2024-12-04,0,1
CUST_01021,1975,M,US,2023-04-05,1,1
CUST_01022,1994,M,CN,2022-07-12,1,1
CUST_01023,1976,F,IT,2023-10-22,0,1
CUST_01024,1958,F,IT,2024-01-11,0,1
CUST_01025,1975,F,FR,2023-10-09,1,1
CUST_01026,1996,M,JP,2023-06-16,1,1
CUST_01027,1971,F,FR,2021-06-14,0,1
CUST_01028,1996,M,IT,2024-05-09,1,1
CUST_01029,1979,F,CN,2021-03-23,1,1
CUST_01030,1992,F,FR,2023-06-04,1,1
CUST_01031,1997,F,US,2022-10-23,1,1
CUST_01032,1966,M,JP,2024-05-21,1,1
CUST_01033,1975,M,US,2022-05-28,1,1
CUST_01034,1985,M,JP,2021-02-22,1,1
CUST_01035,1950,M,CN,2021-07-07,1,1
CUST_01036,1957,M,FR,2022-04-14,1,1
CUST_01037,1998,F,JP,2024-10-12,1,1
CUST_01038,1984,M,US,2024-03-24,1,1
CUST_01039,2001,F,FR,2024-04-17,1,1
CUST_01040,1964,M,FR,2021-02-12,1,0
CUST_01041,1996,F,US,2024-10-08,1,0
CUST_01042,1971,F,IT,2022-07-06,1,1
CUST_01043,1963,M,JP,2024-03-26,1,1
CUST_01044,1975,M,US,2021-03-24,1,1
CUST_01045,1977,F,CN,2021-12-25,1,1
CUST_01046,1972,M,DE,2023-08-22,1,1
CUST_01047,1963,F,US,2023-11-29,1,1
CUST_01048,1973,F,FR,2024-08-27,0,1
CUST_01049,1951,F,FR,2023-06-25,1,1
CUST_01050,1994,M,US,2022-07-24,0,1
CUST_01051,1975,F,DE,2022-01-07,1,1
CUST_01052,1963,F,US,2024-04-13,0,1
CUST_01053,2000,F,DE,2023-06-12,0,1
CUST_01054,1956,M,DE,2024-07-24,1,1
CUST_01055,1952,F,CN,2023-10-05,0,1
CUST_01056,1996,F,JP,2021-07-06,1,1
CUST_01057,1972,F,FR,2023-08-21,1,1
CUST_01058,1995,M,FR,2022-12-14,1,1
CUST_01059,1992,F,DE,2023-04-17,0,1
CUST_01060,1996,M,FR,2022-11-14,1,1
CUST_01061,1994,F,IT,2022-10-20,0,1
CUST_01062,1967,F,DE,2024-10-04,0,1
CUST_01063,1987,F,FR,2021-08-03,1,1
CUST_01064,1984,F,IT,2021-11-26,1,1
CUST_01065,2000,M,CN,2022-11-07,0,1
CUST_01066,1964,Other,FR,2023-04-24,1,0
CUST_01067,1974,M,IT,2024-11-21,1,1
CUST_01068,2004,F,US,2023-10-12,1,1
CUST_01069,1986,F,JP,2022-08-14,0,1
CUST_01070,1977,F,US,2024-09-18,1,1
CUST_01071,1959,M,IT,2023-04-01,1,1
CUST_01072,1988,F,DE,2024-02-01,1,1
CUST_01073,1966,F,DE,2021-03-17,0,1
CUST_01074,1988,M,FR,2023-07-21,1,1
CUST_01075,1971,F,US,2021-06-30,1,1
CUST_01076,1975,M,DE,2022-10-07,0,1
CUST_01077,1993,M,DE,2022-06-01,1,1
CUST_01078,1974,M,US,2022-10-25,1,1
CUST_01079,1966,M,CN,2021-08-26,1,1
CUST_01080,1962,F,DE,2023-04-08,0,0
CUST_01081,1969,M,JP,2023-11-20,1,1
CUST_01082,1974,M,IT,2021-01-03,0,1
CUST_01083,1953,M,FR,2024-09-08,1,1
CUST_01084,1959,F,DE,2024-01-17,0,1
CUST_01085,1952,F,JP,2023-08-05,1,1
CUST_01086,1990,M,JP,2023-04-27,1,1
CUST_01087,1994,M,DE,2021-04-22,1,0
CUST_01088,1967,F,CN,2022-01-20,1,1
CUST_01089,1996,M,IT,2023-11-28,1,1
CUST_01090,1985,F,FR,2023-01-11,1,1
CUST_01091,1996,M,DE,2024-06-29,1,1
CUST_01092,1971,F,FR,2023-10-18,1,1
CUST_01093,1983,M,US,2024-07-04,0,1
CUST_01094,1996,F,JP,2023-06-25,1,1
CUST_01095,1957,M,JP,2021-04-16,1,1
CUST_01096,1989,Other,DE,2022-02-21,0,1
CUST_01097,1998,M,DE,2022-07-01,1,1
CUST_01098,1993,F,US,2024-01-30,1,1
CUST_01099,1968,M,CN,2021-09-26,1,1
CUST_01100,1991,M,DE,2022-08-13,0,1
CUST_01101,1990,F,JP,2023-06-17,0,1
CUST_01102,1986,M,FR,2024-12-01,0,1
CUST_01103,1955,F,IT,2023-09-20,1,1
CUST_01104,2001,F,FR,2021-09-06,1,1
CUST_01105,1975,F,CN,2021-03-01,1,1
CUST_01106,1983,M,IT,2024-07-14,1,1
CUST_01107,1994,F,FR,2024-05-31,0,1
CUST_01108,1955,M,FR,2022-05-06,1,1
CUST_01109,1986,F,US,2024-12-24,0,1
CUST_01110,1982,F,CN,2021-11-21,0,1
CUST_01111,2002,F,JP,2022-09-29,0,1
CUST_01112,1971,F,US,2024-02-03,1,1
CUST_01113,1970,F,IT,2021-01-29,1,1
CUST_01114,1955,M,JP,2024-02-06,1,0
CUST_01115,1955,F,US,2023-04-16,1,1
CUST_01116,2004,M,CN,2021-07-10,0,1
CUST_01117,1997,F,DE,2022-04-06,0,1
CUST_01118,1953,F,DE,2021-08-21,0,0
CUST_01119,1979,F,IT,2023-08-04,0,1
CUST_01120,1960,M,DE,2021-08-29,1,1
CUST_01121,1979,F,US,2024-08-19,1,1
CUST_01122,1980,M,IT,2021-11-12,1,0
CUST_01123,1973,M,JP,2023-10-18,1,1
CUST_01124,2004,M,CN,2022-08-21,1,1
CUST_01125,1958,M,IT,2023-11-09,1,1
CUST_01126,2004,M,JP,2024-12-15,1,1
CUST_01127,1952,F,IT,2022-07-14,1,1
CUST_01128,2000,M,FR,2023-05-01,1,1
CUST_01129,1980,M,FR,2023-09-16,0,0
CUST_01130,1989,F,IT,2023-08-26,1,1
CUST_01131,1986,M,DE,2022-05-15,1,1
CUST_01132,1985,F,FR,2023-07-25,1,1
CUST_01133,1973,F,CN,2024-02-03,0,1
CUST_01134,1980,F,JP,2021-10-24,1,1
CUST_01135,1955,F,US,2023-02-25,1,1
CUST_01136,1951,F,FR,2022-01-26,1,0
CUST_01137,1969,F,IT,2024-05-12,0,1
CUST_01138,1977,M,DE,2023-11-07,0,1
CUST_01139,1960,F,US,2021-10-07,1,1
CUST_01140,1953,M,JP,2021-05-23,1,1
CUST_01141,1964,F,JP,2022-07-20,1,1
CUST_01142,1955,M,FR,2023-04-30,0,1
CUST_01143,2003,F,JP,2022-11-28,0,1
CUST_01144,1998,M,JP,2023-11-06,0,1
CUST_01145,1979,F,DE,2022-07-02,1,1
CUST_01146,1987,M,DE,2021-01-06,0,1
CUST_01147,2000,F,DE,2022-08-03,0,1
CUST_01148,1951,F,IT,2022-09-04,1,1
CUST_01149,1964,M,JP,2024-04-17,1,1
CUST_01150,1960,F,JP,2024-04-02,0,1
CUST_01151,1957,F,JP,2024-09-13,1,1
CUST_01152,1975,F,CN,2023-09-30,1,1
CUST_01153,2000,M,DE,2021-11-01,1,1
CUST_01154,1994,M,US,2023-07-04,1,1
CUST_01155,1993,M,FR,2024-01-09,1,0
CUST_01156,1954,M,US,2023-09-19,1,1
CUST_01157,1955,F,IT,2022-12-08,1,1
CUST_01158,1975,M,IT,2022-11-12,1,1
CUST_01159,2003,F,JP,2024-02-05,0,0
CUST_01160,1953,M,US,2024-01-18,0,1
CUST_01161,1968,F,JP,2023-02-12,0,0
CUST_01162,1969,F,CN,2023-07-22,1,0
CUST_01163,1982,F,IT,2022-10-22,1,1
CUST_01164,1969,M,IT,2022-01-22,0,1
CUST_01165,1998,M,US,2024-11-29,1,1
CUST_01166,1961,M,IT,2022-05-05,1,1
CUST_01167,1996,M,CN,2024-03-17,1,0
CUST_01168,1950,M,CN,2023-02-24,1,1
CUST_01169,1975,M,CN,2022-04-24,1,1
CUST_01170,1963,M,FR,2023-04-22,0,1
CUST_01171,1987,F,CN,2021-03-31,0,1
CUST_01172,1986,M,CN,2022-10-14,1,1
CUST_01173,1960,F,FR,2023-08-27,1,1
CUST_01174,1985,M,JP,2024-12-15,1,0
CUST_01175,1962,F,DE,2023-02-20,1,0
CUST_01176,1992,F,IT,2023-03-02,0,1
CUST_01177,1952,F,CN,2024-09-21,0,1
CUST_01178,1982,F,IT,2024-08-28,1,1
CUST_01179,1955,M,US,2021-11-08,1,1
CUST_01180,1999,F,IT,2023-10-12,1,1
CUST_01181,1959,M,JP,2021-03-17,1,1
CUST_01182,1954,M,FR,2021-09-16,1,1
CUST_01183,1972,F,IT,2023-10-26,1,1
CUST_01184,1959,F,IT,2024-04-23,0,1
CUST_01185,1993,M,IT,2022-11-11,1,1
CUST_01186,1951,F,DE,2021-07-25,1,1
CUST_01187,1962,F,DE,2023-06-21,0,1
CUST_01188,1989,M,US,2021-07-24,1,1
CUST_01189,1951,M,FR,2023-12-14,0,1
CUST_01190,1969,M,IT,2023-07-25,1,1
CUST_01191,1950,M,IT,2021-02-01,1,1
CUST_01192,1986,M,IT,2021-10-23,1,1
CUST_01193,1958,M,IT,2023-04-20,1,1
CUST_01194,1966,M,DE,2024-09-02,1,1
CUST_01195,1958,F,JP,2021-11-13,0,1
CUST_01196,1960,F,JP,2021-06-03,1,1
CUST_01197,1964,Other,US,2023-08-20,0,1
CUST_01198,1973,M,CN,2022-06-27,1,1
CUST_01199,1987,F,FR,2022-11-25,1,1
CUST_01200,2004,F,JP,2024-06-30,1,1
CUST_01201,1984,F,IT,2024-11-19,1,1
CUST_01202,1979,M,JP,2023-03-26,0,0
CUST_01203,1980,F,US,2024-08-23,0,1
CUST_01204,1998,M,CN,2021-06-14,0,1
CUST_01205,1954,M,JP,2022-11-04,1,1
CUST_01206,1993,F,US,2024-10-13,1,1
CUST_01207,1999,F,DE,2023-12-29,1,1
CUST_01208,1963,M,CN,2023-02-18,1,1
CUST_01209,2002,F,US,2022-10-11,1,1
CUST_01210,1960,F,JP,2024-07-07,0,1
CUST_01211,1958,F,DE,2023-09-27,1,0
CUST_01212,1983,F,US,2024-01-14,1,1
CUST_01213,1961,M,US,2021-03-15,0,1
CUST_01214,1984,Other,JP,2024-06-18,1,1
CUST_01215,1984,F,CN,2021-05-21,1,1
CUST_01216,1950,M,DE,2022-04-26,1,1
CUST_01217,1989,F,IT,2024-07-16,0,1
CUST_01218,1971,F,FR,2024-11-02,1,1
CUST_01219,1978,F,CN,2022-08-12,0,1
CUST_01220,1957,F,DE,2022-04-11,1,1
CUST_01221,1960,F,US,2021-07-05,1,1
CUST_01222,1990,F,DE,2023-06-08,1,1
CUST_01223,1986,F,FR,2021-07-21,1,1
CUST_01224,1963,F,JP,2024-07-21,1,1
CUST_01225,1979,M,FR,2024-12-12,1,1
CUST_01226,1984,F,IT,2021-07-25,0,1
CUST_01227,1970,M,IT,2023-06-28,1,1
CUST_01228,1986,F,FR,2021-12-07,0,1
CUST_01229,1954,F,CN,2024-11-22,0,0
CUST_01230,1968,F,CN,2022-09-06,1,0
CUST_01231,1963,F,US,2021-03-01,1,1
CUST_01232,1975,F,IT,2021-04-05,1,1
CUST_01233,1953,M,US,2022-10-27,1,1
CUST_01234,1974,F,IT,2021-04-25,1,1
CUST_01235,1994,M,FR,2022-08-24,1,1
CUST_01236,1991,M,CN,2023-01-05,0,1
CUST_01237,1974,M,CN,2023-02-07,0,1
CUST_01238,1967,F,FR,2023-06-02,0,1
CUST_01239,1989,F,US,2021-10-26,0,1
CUST_01240,1957,F,US,2022-05-16,1,1
CUST_01241,1988,M,DE,2023-12-24,1,1
CUST_01242,1989,F,IT,2023-04-24,0,1
CUST_01243,1963,M,US,2024-03-05,1,1
CUST_01244,1981,M,FR,2024-10-28,1,1
CUST_01245,2000,F,US,2022-01-04,0,1
CUST_01246,1987,M,CN,2021-12-15,1,0
CUST_01247,1982,M,IT,2021-12-25,1,1
CUST_01248,1972,M,JP,2021-06-11,1,1
CUST_01249,1964,M,DE,2024-06-02,1,1
CUST_01250,1982,M,IT,2023-02-23,1,1
CUST_01251,1974,M,CN,2024-06-23,1,0
CUST_01252,1966,F,CN,2024-10-31,1,1
CUST_01253,1982,F,CN,2022-05-09,1,1
CUST_01254,1996,F,CN,2023-10-17,1,1
CUST_01255,2004,Other,FR,2024-04-09,0,1
CUST_01256,1951,M,DE,2021-10-21,0,1
CUST_01257,1963,F,JP,2022-04-21,1,1
CUST_01258,2002,Other,CN,2023-08-03,1,1
CUST_01259,1989,M,CN,2024-07-30,1,1
CUST_01260,1989,F,US,2022-06-05,0,1
CUST_01261,2000,M,DE,2023-07-31,1,1
CUST_01262,1988,M,IT,2022-06-07,1,1
CUST_01263,2000,M,DE,2024-09-27,0,1
CUST_01264,1955,F,DE,2021-01-20,1,1
CUST_01265,1955,F,JP,2023-08-11,0,1
CUST_01266,1952,F,DE,2022-08-13,0,0
CUST_01267,1956,M,JP,2024-10-19,1,0
CUST_01268,2000,M,CN,2024-01-25,1,1
CUST_01269,1957,M,CN,2021-11-20,1,1
CUST_01270,1991,M,FR,2021-06-01,1,1
CUST_01271,2001,F,JP,2023-06-24,1,1
CUST_01272,1964,M,JP,2022-12-09,1,1
CUST_01273,1996,F,IT,2024-04-18,0,1
CUST_01274,1978,F,US,2022-09-05,0,1
CUST_01275,1982,M,DE,2024-08-01,1,1
CUST_01276,2001,F,IT,2023-05-19,1,1
CUST_01277,1979,M,JP,2024-11-14,1,1
CUST_01278,1988,M,IT,2022-05-28,1,1
CUST_01279,1976,M,FR,2023-07-25,1,1
CUST_01280,1985,F,US,2022-09-11,1,1
CUST_01281,1978,M,JP,2022-02-12,1,1
CUST_01282,1987,F,JP,2023-02-27,0,1
CUST_01283,1982,F,DE,2023-09-17,0,1
CUST_01284,1986,M,US,2021-08-07,1,1
CUST_01285,1976,F,FR,2022-05-01,1,1
CUST_01286,2004,F,CN,2023-02-21,1,1
CUST_01287,1982,M,IT,2024-03-17,1,1
CUST_01288,1953,M,DE,2023-01-06,0,1
CUST_01289,1971,F,JP,2024-03-23,1,1
CUST_01290,1951,M,CN,2022-08-29,1,1
CUST_01291,1959,F,FR,2024-12-03,1,1
CUST_01292,1954,M,US,2022-08-28,1,0
CUST_01293,1959,M,IT,2021-02-14,1,1
CUST_01294,1982,M,DE,2024-09-10,0,1
CUST_01295,2003,M,JP,2023-03-22,0,1
CUST_01296,1987,F,JP,2022-07-17,1,1
CUST_01297,1962,M,CN,2021-01-17,1,1
CUST_01298,1980,F,CN,2024-03-05,1,1
CUST_01299,1996,F,IT,2024-11-05,1,1
CUST_01300,1985,F,US,2021-04-11,1,1
CUST_01301,1994,F,FR,2024-05-26,1,1
CUST_01302,1973,M,US,2023-10-15,1,1
CUST_01303,2001,M,US,2022-08-10,1,1
CUST_01304,1964,F,US,2022-04-17,1,1
CUST_01305,1978,M,IT,2024-05-28,1,0
CUST_01306,1957,F,IT,2022-12-23,1,0
CUST_01307,1954,M,FR,2022-03-25,1,1
CUST_01308,1978,F,US,2024-07-27,0,0
CUST_01309,1996,F,IT,2022-01-25,0,1
CUST_01310,1953,F,FR,2024-06-25,1,1
CUST_01311,1961,F,JP,2022-05-29,0,1
CUST_01312,1994,F,FR,2024-10-20,1,1
CUST_01313,1951,F,US,2024-09-12,1,1
CUST_01314,1976,F,DE,2024-10-26,1,1
CUST_01315,1980,M,US,2021-10-08,0,1
CUST_01316,2000,M,DE,2024-07-10,1,1
CUST_01317,2000,M,FR,2021-07-18,1,1
CUST_01318,1985,F,JP,2024-07-09,1,1
CUST_01319,1985,M,JP,2024-08-16,1,1
CUST_01320,1975,F,IT,2021-03-22,0,1
CUST_01321,1992,F,JP,2022-09-25,1,1
CUST_01322,1976,F,CN,2023-06-22,0,1
CUST_01323,1954,F,FR,2021-03-10,1,1
CUST_01324,1969,M,IT,2024-04-01,1,1
CUST_01325,1960,F,JP,2023-01-18,1,1
CUST_01326,1959,F,FR,2021-09-27,1,1
CUST_01327,1989,M,US,2021-07-04,1,1
CUST_01328,1987,M,JP,2022-08-28,1,1
CUST_01329,1955,F,DE,2022-11-01,1,1
CUST_01330,1957,F,FR,2023-05-01,1,1
CUST_01331,1972,M,IT,2021-12-26,1,1
CUST_01332,1996,F,US,2022-02-16,1,1
CUST_01333,1975,F,CN,2021-09-28,1,1
CUST_01334,1995,M,US,2024-01-10,1,1
CUST_01335,1992,Other,JP,2023-01-20,1,1
CUST_01336,1961,F,DE,2023-12-24,0,1
CUST_01337,1975,F,US,2023-10-25,0,1
CUST_01338,1962,F,CN,2022-07-13,1,1
CUST_01339,1989,M,IT,2021-12-03,1,1
CUST_01340,1967,M,FR,2022-06-11,1,1
CUST_01341,1974,M,DE,2023-09-14,1,1
CUST_01342,1982,M,CN,2022-08-28,1,1
CUST_01343,1996,M,JP,2022-11-25,0,1
CUST_01344,1989,F,JP,2021-08-24,1,1
CUST_01345,1992,F,JP,2023-08-18,1,1
CUST_01346,1961,F,DE,2021-06-04,0,1
CUST_01347,1993,F,US,2021-10-16,1,1
CUST_01348,1985,F,DE,2022-04-08,1,1
CUST_01349,1997,M,JP,2024-10-17,1,1
CUST_01350,1953,M,CN,2024-10-13,1,1
CUST_01351,1954,F,FR,2023-03-25,0,0
CUST_01352,1986,F,FR,2024-02-16,1,1
CUST_01353,1957,M,DE,2023-01-20,1,1
CUST_01354,1991,F,JP,2021-07-04,1,0
CUST_01355,1998,M,IT,2023-03-20,1,1
CUST_01356,1977,F,DE,2021-01-29,1,0
CUST_01357,1980,F,JP,2022-06-26,1,1
CUST_01358,1958,F,US,2024-01-04,1,1
CUST_01359,2003,Other,FR,2021-09-11,1,1
CUST_01360,2000,F,FR,2023-07-21,1,1
CUST_01361,1978,F,FR,2023-01-25,0,1
CUST_01362,1963,F,IT,2024-10-09,1,1
CUST_01363,1989,F,JP,2024-10-08,1,1
CUST_01364,1990,F,JP,2022-06-21,0,1
CUST_01365,1971,M,JP,2024-04-12,0,1
CUST_01366,1960,M,JP,2023-02-20,1,1
CUST_01367,1972,F,IT,2024-07-31,1,1
CUST_01368,1950,M,CN,2023-01-31,0,1
CUST_01369,1995,M,DE,2021-08-10,0,1
CUST_01370,1986,Other,DE,2024-10-14,0,1
CUST_01371,1970,F,JP,2022-04-24,1,1
CUST_01372,1975,F,US,2023-08-24,0,1
CUST_01373,1995,M,FR,2021-02-21,1,1
CUST_01374,1985,M,IT,2024-06-22,0,1
CUST_01375,2003,M,US,2024-02-24,1,1
CUST_01376,1972,M,US,2022-11-03,1,1
CUST_01377,1950,M,JP,2024-06-03,1,1
CUST_01378,2003,M,IT,2022-03-30,0,1
CUST_01379,2004,F,DE,2024-08-19,0,1
CUST_01380,2000,F,FR,2021-05-10,1,1
CUST_01381,1989,M,DE,2024-07-25,0,0
CUST_01382,1964,M,US,2023-08-09,1,1
CUST_01383,1970,F,FR,2024-12-06,1,1
CUST_01384,1996,M,CN,2022-09-11,1,1
CUST_01385,1958,F,US,2024-08-22,0,0
CUST_01386,2002,M,DE,2023-04-17,0,1
CUST_01387,1958,M,DE,2021-08-27,1,1
CUST_01388,1959,M,JP,2021-10-14,1,0
CUST_01389,2001,M,DE,2021-04-03,1,1
CUST_01390,2002,F,IT,2021-03-18,1,1
CUST_01391,1975,F,US,2022-09-16,0,1
CUST_01392,1990,F,FR,2023-10-06,1,1
CUST_01393,1984,M,DE,2021-08-26,1,1
CUST_01394,2001,F,JP,2021-07-19,1,1
CUST_01395,1974,F,JP,2022-04-26,0,1
CUST_01396,1975,F,DE,2024-01-06,1,1
CUST_01397,1960,M,IT,2021-10-05,1,1
CUST_01398,1987,M,JP,2023-03-07,0,1
CUST_01399,1951,F,FR,2023-07-19,1,1
CUST_01400,1956,F,US,2023-01-30,1,1
CUST_01401,1967,M,CN,2024-10-05,0,1
CUST_01402,1976,M,IT,2024-11-27,0,1
CUST_01403,1983,F,JP,2024-01-12,1,1
CUST_01404,1976,F,US,2023-05-09,1,1
CUST_01405,1966,M,CN,2024-04-17,0,1
CUST_01406,1992,F,DE,2021-11-13,1,1
CUST_01407,1993,F,DE,2023-04-30,1,1
CUST_01408,2000,F,FR,2024-09-03,0,1
CUST_01409,2003,F,CN,2021-07-22,1,1
CUST_01410,1973,M,DE,2023-09-30,1,1
CUST_01411,1974,F,DE,2024-06-14,1,1
CUST_01412,1956,M,JP,2023-04-16,1,1
CUST_01413,2001,F,FR,2022-07-27,0,1
CUST_01414,1955,F,US,2021-03-09,0,1
CUST_01415,2002,M,DE,2024-11-14,0,1
CUST_01416,1973,F,IT,2023-01-29,0,1
CUST_01417,1982,Other,IT,2022-03-21,0,1
CUST_01418,1998,M,US,2023-06-28,0,1
CUST_01419,1978,F,CN,2023-06-30,1,1
CUST_01420,1992,F,FR,2022-04-29,0,1
CUST_01421,1971,F,JP,2023-01-13,1,0
CUST_01422,1975,M,IT,2021-07-23,0,1
CUST_01423,1977,M,IT,2024-11-05,1,1
CUST_01424,1999,M,US,2023-01-23,1,1
CUST_01425,1970,F,CN,2024-01-21,1,1
CUST_01426,1998,M,CN,2024-08-13,0,1
CUST_01427,1956,F,US,2023-01-05,1,1
CUST_01428,1966,M,IT,2021-05-05,0,1
CUST_01429,1969,F,FR,2023-03-27,1,1
CUST_01430,1990,M,IT,2022-07-20,0,1
CUST_01431,1998,M,CN,2022-01-24,0,1
CUST_01432,1969,M,JP,2021-09-08,0,1
CUST_01433,2003,M,IT,2023-07-21,1,1
CUST_01434,1971,F,FR,2021-07-07,1,1
CUST_01435,1977,F,DE,2024-09-19,1,1
CUST_01436,1989,F,IT,2022-03-11,1,0
CUST_01437,1998,F,US,2024-08-07,1,1
CUST_01438,1956,F,DE,2024-08-02,0,0
CUST_01439,1950,F,US,2024-05-07,0,1
CUST_01440,1981,F,US,2021-02-13,1,1
CUST_01441,1962,F,US,2021-04-14,1,1
CUST_01442,1979,M,IT,2022-11-15,1,1
CUST_01443,1972,F,CN,2022-05-14,1,1
CUST_01444,2000,M,DE,2021-09-15,0,1
CUST_01445,1968,F,FR,2024-03-02,1,1
CUST_01446,1981,F,CN,2022-02-25,1,1
CUST_01447,1979,M,IT,2021-05-21,1,1
CUST_01448,1978,M,US,2024-02-10,0,0
CUST_01449,1998,F,FR,2022-03-01,1,0
CUST_01450,1994,F,DE,2024-04-15,1,1
CUST_01451,1978,M,CN,2022-03-19,0,1
CUST_01452,1979,F,JP,2022-04-23,1,1
CUST_01453,1965,F,CN,2022-11-04,1,1
CUST_01454,1989,F,FR,2021-10-30,0,1
CUST_01455,1968,Other,IT,2024-05-05,1,1
CUST_01456,1967,F,DE,2021-01-06,1,1
CUST_01457,1950,M,FR,2022-07-22,0,1
CUST_01458,1963,F,US,2021-10-24,1,1
CUST_01459,2000,F,DE,2021-09-24,1,1
CUST_01460,1996,M,CN,2024-01-12,1,1
CUST_01461,1999,M,FR,2022-05-29,1,1
CUST_01462,1951,M,CN,2021-12-24,0,0
CUST_01463,2003,F,CN,2021-08-14,0,1
CUST_01464,1977,F,CN,2024-09-15,0,1
CUST_01465,1998,F,IT,2021-02-22,0,1
CUST_01466,1999,F,CN,2021-09-27,1,1
CUST_01467,1979,F,US,2021-01-31,1,1
CUST_01468,1987,M,US,2023-01-04,1,1
CUST_01469,2000,M,DE,2022-05-03,1,1
CUST_01470,1953,M,JP,2024-04-20,1,1
CUST_01471,1950,M,CN,2022-10-26,1,1
CUST_01472,1957,F,CN,2021-02-02,1,1
CUST_01473,1978,F,FR,2021-12-23,1,1
CUST_01474,2004,M,IT,2022-06-28,1,1
CUST_01475,1988,F,JP,2021-04-18,1,1
CUST_01476,1952,F,DE,2021-09-17,1,1
CUST_01477,1981,M,JP,2023-05-13,1,1
CUST_01478,1959,M,CN,2023-12-14,1,1
CUST_01479,1959,M,FR,2021-08-21,1,1
CUST_01480,1968,M,IT,2021-05-11,1,1
CUST_01481,1995,F,DE,2023-09-03,1,1
CUST_01482,1983,M,JP,2023-07-08,1,1
CUST_01483,1982,M,DE,2023-01-12,1,0
CUST_01484,1972,F,CN,2023-11-18,1,1
CUST_01485,2004,Other,DE,2024-04-30,0,1
CUST_01486,1977,M,FR,2021-08-12,1,1
CUST_01487,1981,M,DE,2023-07-15,0,1
CUST_01488,1999,M,US,2023-10-29,1,1
CUST_01489,1956,M,FR,2022-03-30,1,1
CUST_01490,1978,M,JP,2024-06-13,1,1
CUST_01491,1957,F,IT,2021-03-30,1,1
CUST_01492,1950,M,IT,2024-09-11,0,1
CUST_01493,2004,M,CN,2023-12-04,0,1
CUST_01494,1952,F,CN,2022-09-10,0,1
CUST_01495,1973,M,US,2023-07-28,0,1
CUST_01496,1972,M,JP,2024-08-10,1,1
CUST_01497,1957,M,IT,2021-03-05,1,1
CUST_01498,2003,Other,IT,2021-05-05,1,1
CUST_01499,1996,M,IT,2023-09-08,1,1
CUST_01500,1986,F,IT,2023-04-03,1,1
CUST_01501,1952,F,DE,2023-05-24,0,1
CUST_01502,2000,M,JP,2024-11-06,1,1
CUST_01503,1982,Other,FR,2021-08-10,1,1
CUST_01504,1977,M,FR,2023-10-02,1,1
CUST_01505,1996,M,US,2024-12-29,0,1
CUST_01506,1957,F,DE,2023-06-28,0,1
CUST_01507,1983,F,IT,2021-05-31,0,1
CUST_01508,1984,F,IT,2021-06-15,1,0
CUST_01509,1981,M,CN,2022-10-22,1,1
CUST_01510,1973,M,CN,2024-05-30,1,1
CUST_01511,1963,F,US,2021-10-31,0,1
CUST_01512,1981,M,IT,2021-05-15,1,1
CUST_01513,1995,M,US,2021-09-16,1,1
CUST_01514,1992,M,DE,2022-07-18,1,1
CUST_01515,1965,M,FR,2024-07-02,1,1
CUST_01516,1953,F,IT,2024-07-20,1,1
CUST_01517,2001,M,JP,2024-04-13,1,1
CUST_01518,1986,Other,DE,2024-01-29,1,1
CUST_01519,2003,M,IT,2024-12-29,1,1
CUST_01520,1970,F,JP,2022-10-28,1,0
CUST_01521,1963,M,CN,2023-02-20,0,1
CUST_01522,1980,M,US,2024-05-08,1,1
CUST_01523,2004,M,CN,2023-12-23,1,1
CUST_01524,1997,M,FR,2022-08-27,0,1
CUST_01525,1967,F,CN,2023-07-19,1,1
CUST_01526,1956,Other,IT,2023-11-02,1,1
CUST_01527,1959,F,JP,2024-05-24,1,1
CUST_01528,1956,M,CN,2023-06-01,0,1
CUST_01529,1982,M,IT,2021-07-23,1,1
CUST_01530,1972,M,FR,2024-12-08,1,1
CUST_01531,1970,F,JP,2021-08-23,0,1
CUST_01532,1968,F,CN,2024-09-02,1,1
CUST_01533,1997,F,US,2024-08-26,1,1
CUST_01534,1968,M,US,2024-02-04,1,0
CUST_01535,1985,F,JP,2022-03-17,1,1
CUST_01536,1978,M,US,2023-05-31,1,1
CUST_01537,1967,F,CN,2023-07-14,1,0
CUST_01538,1951,F,CN,2022-04-13,0,1
CUST_01539,1950,F,JP,2023-04-28,1,1
CUST_01540,1996,F,CN,2022-11-26,1,1
CUST_01541,1954,M,IT,2023-07-18,1,1
CUST_01542,1969,F,FR,2023-03-28,0,1
CUST_01543,1960,M,US,2023-05-02,1,1
CUST_01544,1991,F,IT,2021-07-14,0,1
CUST_01545,1951,M,JP,2022-10-03,1,1
CUST_01546,1952,F,US,2023-05-25,1,1
CUST_01547,1972,F,IT,2022-10-03,1,1
CUST_01548,2004,F,CN,2024-09-24,1,1
CUST_01549,1961,F,JP,2022-06-07,0,1
CUST_01550,1969,F,JP,2023-02-06,0,1
CUST_01551,1954,F,US,2021-11-09,1,1
CUST_01552,1986,F,CN,2024-11-07,1,1
CUST_01553,1987,F,US,2023-08-30,1,0
CUST_01554,1979,M,DE,2021-05-18,1,1
CUST_01555,1958,Other,IT,2021-07-06,1,1
CUST_01556,1983,F,DE,2021-06-24,0,1
CUST_01557,2002,F,IT,2021-07-10,1,1
CUST_01558,1993,M,FR,2023-06-04,0,1
CUST_01559,1984,M,JP,2021-07-17,0,1
CUST_01560,2001,F,US,2023-02-03,1,1
CUST_01561,1971,M,FR,2021-09-24,1,1
CUST_01562,1993,F,FR,2024-02-14,0,1
CUST_01563,1973,F,JP,2021-05-03,1,1
CUST_01564,1966,M,JP,2024-04-16,0,1
CUST_01565,1959,F,IT,2024-02-25,1,1
CUST_01566,1979,F,DE,2024-02-25,1,1
CUST_01567,1995,F,CN,2022-11-07,1,1
CUST_01568,1972,F,IT,2024-10-04,1,1
CUST_01569,1981,M,CN,2021-09-08,1,1
CUST_01570,1966,F,FR,2023-04-22,1,1
CUST_01571,1999,M,CN,2022-12-26,1,1
CUST_01572,2000,F,DE,2024-09-24,1,0
CUST_01573,1966,F,IT,2023-05-17,1,1
CUST_01574,1963,M,JP,2021-04-16,1,1
CUST_01575,1958,F,DE,2022-08-13,1,1
CUST_01576,1989,F,DE,2024-05-14,1,1
CUST_01577,1951,M,IT,2022-10-02,1,0
CUST_01578,1994,Other,JP,2022-12-22,0,1
CUST_01579,1974,M,DE,2021-08-01,0,1
CUST_01580,1988,M,JP,2024-03-29,1,1
CUST_01581,1958,F,US,2023-11-06,1,1
CUST_01582,2003,F,US,2022-03-12,0,1
CUST_01583,1971,F,US,2021-11-13,0,1
CUST_01584,1992,F,CN,2024-09-06,0,0
CUST_01585,1995,F,DE,2023-09-15,1,1
CUST_01586,1953,F,IT,2022-04-05,1,1
CUST_01587,1975,M,IT,2021-08-10,0,1
CUST_01588,1978,M,CN,2022-12-19,1,1
CUST_01589,1994,M,IT,2024-02-14,1,1
CUST_01590,1983,M,US,2023-01-23,1,1
CUST_01591,1972,F,DE,2021-08-24,1,1
CUST_01592,1986,M,IT,2022-07-25,1,1
CUST_01593,1960,M,IT,2024-03-21,1,1
CUST_01594,1955,M,FR,2022-04-09,0,1
CUST_01595,1967,F,FR,2023-05-29,0,0
CUST_01596,1970,F,FR,2024-02-23,0,0
CUST_01597,1991,F,DE,2024-06-27,0,1
CUST_01598,1985,F,US,2024-06-10,1,1
CUST_01599,1990,F,JP,2024-10-14,0,0
CUST_01600,1987,F,US,2024-08-09,1,1
CUST_01601,1983,M,US,2024-02-15,1,1
CUST_01602,1966,F,DE,2021-02-23,1,1
CUST_01603,1986,F,DE,2024-06-01,1,1
CUST_01604,1974,F,FR,2024-09-09,0,1
CUST_01605,1987,F,IT,2024-11-21,1,1
CUST_01606,1961,F,CN,2022-07-02,1,1
CUST_01607,1972,F,CN,2021-03-01,0,1
CUST_01608,2002,F,JP,2022-01-05,0,1
CUST_01609,1991,M,IT,2022-07-14,0,1
CUST_01610,1971,F,JP,2024-12-10,0,1
CUST_01611,1970,M,FR,2022-09-25,1,0
CUST_01612,1976,F,JP,2022-11-27,1,0
CUST_01613,1980,F,IT,2022-12-20,1,1
CUST_01614,1955,M,IT,2021-01-13,0,1
CUST_01615,1976,F,CN,2022-01-07,1,1
CUST_01616,1989,M,FR,2021-10-21,1,1
CUST_01617,1983,F,DE,2024-03-05,1,0
CUST_01618,1961,M,JP,2024-09-08,1,1
CUST_01619,1994,F,CN,2023-04-01,1,1
CUST_01620,2002,M,JP,2021-05-23,1,1
CUST_01621,1956,F,JP,2021-10-18,1,1
CUST_01622,1959,M,DE,2024-07-20,1,0
CUST_01623,1994,F,FR,2021-03-04,0,1
CUST_01624,1966,F,IT,2021-07-07,1,0
CUST_01625,1975,Other,US,2023-12-23,0,1
CUST_01626,1970,F,JP,2022-03-17,1,1
CUST_01627,1977,F,US,2023-02-10,1,0
CUST_01628,1995,M,FR,2023-05-10,1,1
CUST_01629,1951,M,US,2023-07-19,1,1
CUST_01630,2003,M,JP,2022-11-30,1,1
CUST_01631,1992,F,DE,2021-11-19,1,1
CUST_01632,1950,F,US,2023-01-28,0,1
CUST_01633,2000,M,FR,2022-10-01,1,1
CUST_01634,2002,F,FR,2022-10-27,1,0
CUST_01635,1985,F,DE,2024-03-08,1,1
CUST_01636,2000,F,US,2024-05-06,0,0
CUST_01637,1975,M,US,2021-06-23,1,1
CUST_01638,1978,M,IT,2021-04-18,1,1
CUST_01639,1970,F,CN,2021-11-15,0,0
CUST_01640,1960,F,FR,2021-11-19,1,1
CUST_01641,1989,M,IT,2024-06-19,1,1
CUST_01642,1960,F,FR,2021-04-12,1,1
CUST_01643,1985,F,IT,2024-10-12,1,1
CUST_01644,1998,F,CN,2021-06-17,0,1
CUST_01645,1988,F,IT,2022-07-12,0,1
CUST_01646,1989,M,FR,2023-06-27,1,1
CUST_01647,1984,M,US,2024-09-17,0,1
CUST_01648,2003,F,FR,2023-05-19,0,1
CUST_01649,1983,M,JP,2023-09-22,0,1
CUST_01650,2004,M,DE,2024-05-28,1,1
CUST_01651,1996,M,DE,2023-06-25,1,1
CUST_01652,1973,M,JP,2023-04-29,1,1
CUST_01653,2003,M,DE,2022-07-14,1,1
CUST_01654,1971,M,DE,2022-03-18,0,1
CUST_01655,1954,M,CN,2023-11-16,1,1
CUST_01656,1982,M,US,2021-08-22,1,1
CUST_01657,1985,F,US,2022-12-08,1,1
CUST_01658,1996,F,FR,2023-05-31,1,1
CUST_01659,1969,F,JP,2021-08-16,1,1
CUST_01660,1968,M,IT,2022-08-04,1,0
CUST_01661,1984,M,FR,2024-10-20,0,0
CUST_01662,2001,F,FR,2024-10-21,1,1
CUST_01663,1992,F,FR,2024-04-29,1,1
CUST_01664,1966,F,FR,2023-09-24,1,1
CUST_01665,1994,M,US,2023-12-16,0,1
CUST_01666,1992,F,IT,2024-09-28,1,1
CUST_01667,1983,M,FR,2022-09-24,0,1
CUST_01668,1958,M,US,2021-04-04,1,0
CUST_01669,1975,F,FR,2022-03-28,1,0
CUST_01670,1951,F,DE,2023-03-21,1,1
CUST_01671,2002,M,FR,2024-05-12,1,1
CUST_01672,1958,M,JP,2021-04-23,0,1
CUST_01673,1958,F,JP,2021-01-16,0,1
CUST_01674,1989,M,FR,2022-02-23,1,1
CUST_01675,1966,M,CN,2022-09-10,0,1
CUST_01676,1950,M,DE,2022-03-09,1,1
CUST_01677,1974,F,IT,2021-10-09,1,1
CUST_01678,1992,M,FR,2022-06-08,0,1
CUST_01679,1989,Other,IT,2022-08-16,1,1
CUST_01680,1991,F,DE,2022-11-03,1,1
CUST_01681,1974,Other,FR,2021-09-03,1,1
CUST_01682,1988,F,CN,2021-01-16,0,1
CUST_01683,1984,M,US,2023-10-16,1,1
CUST_01684,1952,M,CN,2023-06-01,0,1
CUST_01685,1999,M,CN,2021-12-26,1,1
CUST_01686,1986,M,US,2021-09-22,0,1
CUST_01687,1993,F,US,2023-02-18,1,1
CUST_01688,1993,M,JP,2023-12-27,1,1
CUST_01689,2000,M,US,2024-12-12,0,0
CUST_01690,1979,M,FR,2022-04-17,0,1
CUST_01691,1987,F,IT,2023-10-22,0,1
CUST_01692,1983,M,JP,2024-02-19,1,0
CUST_01693,1961,M,JP,2024-09-30,1,1
CUST_01694,1968,M,IT,2022-12-27,1,1
CUST_01695,1986,F,JP,2021-05-28,1,1
CUST_01696,1993,F,US,2023-03-25,1,1
CUST_01697,1998,M,CN,2021-03-28,0,1
CUST_01698,1966,M,DE,2023-06-13,0,1
CUST_01699,1959,M,US,2021-02-08,1,1
CUST_01700,2004,M,CN,2023-07-31,0,1
CUST_01701,1998,F,CN,2021-06-09,1,1
CUST_01702,1996,F,JP,2022-10-04,1,1
CUST_01703,1961,M,FR,2024-03-25,1,1
CUST_01704,1965,F,FR,2023-05-30,1,1
CUST_01705,1973,M,JP,2024-03-20,1,1
CUST_01706,1968,F,JP,2023-04-09,1,1
CUST_01707,1957,F,IT,2024-12-24,1,1
CUST_01708,1980,M,IT,2024-08-04,1,1
CUST_01709,1970,F,DE,2023-05-06,0,1
CUST_01710,1966,M,DE,2022-08-16,1,1
CUST_01711,1972,M,DE,2021-08-24,1,1
CUST_01712,1986,M,DE,2023-04-10,1,1
CUST_01713,2003,M,CN,2021-02-12,1,1
CUST_01714,1965,F,CN,2022-10-28,1,1
CUST_01715,1955,F,IT,2021-12-18,0,1
CUST_01716,1957,F,FR,2024-06-19,1,1
CUST_01717,1974,F,JP,2023-08-01,1,1
CUST_01718,1967,F,FR,2024-11-13,0,1
CUST_01719,1974,M,US,2023-01-12,1,1
CUST_01720,1961,F,CN,2021-06-30,1,0
CUST_01721,1964,M,DE,2023-06-14,1,1
CUST_01722,1975,F,DE,2021-08-05,0,1
CUST_01723,1990,F,US,2022-05-14,1,1
CUST_01724,1994,M,FR,2023-06-12,1,1
CUST_01725,1975,F,DE,2024-04-21,1,1
CUST_01726,1996,F,FR,2023-04-01,0,1
CUST_01727,1981,F,JP,2023-12-10,0,1
CUST_01728,1959,M,US,2021-06-11,1,1
CUST_01729,1965,M,FR,2023-03-22,1,1
CUST_01730,1956,M,JP,2022-09-28,0,1
CUST_01731,1966,M,FR,2022-11-27,1,1
CUST_01732,1972,M,FR,2022-03-30,1,0
CUST_01733,1975,F,DE,2022-11-14,1,1
CUST_01734,1970,M,IT,2021-12-11,1,1
CUST_01735,1971,F,CN,2021-06-06,1,1
CUST_01736,1956,F,FR,2023-11-12,1,1
CUST_01737,1963,F,FR,2024-07-20,1,1
CUST_01738,1964,M,FR,2021-08-22,0,1
CUST_01739,2002,F,IT,2023-12-23,1,1
CUST_01740,1956,F,JP,2023-11-11,0,1
CUST_01741,1958,M,US,2022-02-02,0,1
CUST_01742,2000,M,DE,2022-12-17,1,1
CUST_01743,1997,F,IT,2022-12-21,1,1
CUST_01744,1957,M,JP,2024-08-14,1,1
CUST_01745,1999,M,FR,2021-10-30,1,1
CUST_01746,1972,M,JP,2022-04-29,1,1
CUST_01747,1978,M,IT,2021-07-30,0,0
CUST_01748,1967,F,IT,2021-10-27,1,1
CUST_01749,1980,M,IT,2022-06-09,1,1
CUST_01750,1979,F,US,2022-02-09,1,1
CUST_01751,2001,F,CN,2021-12-22,1,1
CUST_01752,1988,F,DE,2024-05-18,1,1
CUST_01753,1984,F,US,2021-11-10,1,1
CUST_01754,1967,F,US,2024-09-04,0,1
CUST_01755,1991,M,CN,2021-06-04,1,1
CUST_01756,1988,F,US,2021-12-29,1,0
CUST_01757,1966,F,IT,2024-07-10,0,0
CUST_01758,1963,F,IT,2023-10-09,1,1
CUST_01759,1980,F,JP,2023-08-09,1,1
CUST_01760,1973,M,FR,2024-02-29,1,0
CUST_01761,1984,M,US,2024-04-01,0,1
CUST_01762,1993,F,FR,2023-07-09,0,1
CUST_01763,1994,M,DE,2024-10-26,0,1
CUST_01764,1983,F,IT,2024-03-02,1,1
CUST_01765,1952,M,JP,2024-08-09,1,1
CUST_01766,1986,M,DE,2024-07-25,1,1
CUST_01767,1992,M,JP,2024-07-03,1,1
CUST_01768,1989,M,CN,2022-10-24,1,1
CUST_01769,1975,F,IT,2024-07-08,1,1
CUST_01770,2004,M,DE,2022-10-10,1,1
CUST_01771,1972,Other,CN,2021-11-06,1,1
CUST_01772,1993,F,DE,2023-06-20,0,0
CUST_01773,1988,M,JP,2021-05-20,1,1
CUST_01774,1964,F,CN,2023-08-19,1,0
CUST_01775,1998,F,CN,2023-06-25,1,1
CUST_01776,1953,F,IT,2024-07-17,1,1
CUST_01777,1978,M,FR,2022-09-13,1,1
CUST_01778,1971,F,JP,2022-07-17,1,0
CUST_01779,1974,F,JP,2024-04-26,1,1
CUST_01780,1962,M,CN,2021-04-26,1,1
CUST_01781,1967,M,CN,2022-12-22,1,1
CUST_01782,1982,F,IT,2023-11-06,1,1
CUST_01783,1965,M,FR,2021-06-01,1,1
CUST_01784,1994,F,JP,2022-09-28,1,1
CUST_01785,1991,M,US,2023-08-04,1,1
CUST_01786,1993,F,US,2023-07-15,1,0
CUST_01787,1951,F,FR,2021-03-19,1,0
CUST_01788,2004,M,DE,2021-04-27,1,1
CUST_01789,1984,M,IT,2023-01-26,1,1
CUST_01790,1991,F,FR,2022-08-11,1,0
CUST_01791,1983,F,US,2021-06-07,1,1
CUST_01792,1979,F,CN,2024-08-13,0,1
CUST_01793,2004,M,US,2021-07-04,0,1
CUST_01794,1962,M,CN,2024-06-13,1,1
CUST_01795,1962,M,IT,2024-05-01,1,1
CUST_01796,1967,F,CN,2023-11-05,0,1
CUST_01797,1981,M,FR,2023-02-27,1,1
CUST_01798,1981,M,CN,2023-08-06,1,0
CUST_01799,1984,F,DE,2024-04-03,1,1
CUST_01800,1988,F,FR,2024-02-10,0,0
CUST_01801,1995,M,IT,2021-03-26,0,1
CUST_01802,2001,M,FR,2023-07-11,1,1
CUST_01803,1978,F,DE,2024-03-16,0,1
CUST_01804,1998,F,IT,2024-08-27,1,1
CUST_01805,1978,M,US,2022-01-21,1,1
CUST_01806,2002,F,DE,2022-10-21,1,1
CUST_01807,1993,F,IT,2024-05-24,1,1
CUST_01808,1965,M,CN,2023-09-02,1,1
CUST_01809,1993,M,FR,2023-10-24,1,1
CUST_01810,1996,F,IT,2021-11-05,0,1
CUST_01811,1959,F,FR,2021-05-07,1,1
CUST_01812,1979,M,CN,2023-07-12,0,1
CUST_01813,1974,F,IT,2021-07-31,1,1
CUST_01814,1988,F,US,2022-12-05,1,1
CUST_01815,1969,M,DE,2021-06-22,1,0
CUST_01816,1954,F,IT,2023-10-31,0,0
CUST_01817,1950,F,CN,2024-08-16,0,1
CUST_01818,1979,M,IT,2021-12-20,1,1
CUST_01819,1998,M,FR,2021-03-22,1,1
CUST_01820,1952,M,JP,2022-05-23,0,1
CUST_01821,1994,F,IT,2024-12-20,1,1
CUST_01822,1963,Other,US,2023-06-16,0,1
CUST_01823,1979,M,IT,2023-06-19,1,1
CUST_01824,1999,F,DE,2023-12-10,0,1
CUST_01825,1953,F,IT,2023-12-07,0,1
CUST_01826,1967,F,JP,2024-06-02,1,1
CUST_01827,1986,M,FR,2021-11-22,1,0
CUST_01828,1974,M,IT,2023-01-16,1,1
CUST_01829,1997,M,US,2023-02-03,0,1
CUST_01830,1950,F,CN,2022-08-03,1,1
CUST_01831,2002,M,IT,2023-03-05,1,1
CUST_01832,1995,F,IT,2023-04-18,1,1
CUST_01833,1964,M,DE,2022-11-24,1,1
CUST_01834,1958,M,US,2024-10-22,1,1
CUST_01835,1964,F,JP,2024-05-09,0,0
CUST_01836,1998,F,CN,2021-04-18,0,1
CUST_01837,1973,M,FR,2024-07-16,1,1
CUST_01838,1953,M,IT,2024-08-18,0,1
CUST_01839,1961,Other,JP,2022-11-17,1,1
CUST_01840,1986,M,CN,2021-05-15,0,1
CUST_01841,1986,M,FR,2022-11-07,1,1
CUST_01842,1992,F,JP,2021-07-13,1,1
CUST_01843,1955,M,US,2024-02-17,1,1
CUST_01844,1988,M,US,2024-10-21,0,1
CUST_01845,1995,M,CN,2023-03-03,1,1
CUST_01846,1973,M,FR,2022-08-05,1,1
CUST_01847,1960,M,US,2022-06-01,1,1
CUST_01848,1962,M,CN,2024-09-06,1,1
CUST_01849,1983,M,US,2024-05-19,1,0
CUST_01850,1974,M,US,2021-11-04,1,1
CUST_01851,1956,F,JP,2022-11-14,0,1
CUST_01852,2001,M,JP,2021-06-16,1,1
CUST_01853,1953,M,US,2024-04-08,1,1
CUST_01854,1957,F,DE,2024-09-21,1,1
CUST_01855,1969,F,JP,2021-10-17,0,1
CUST_01856,1978,M,FR,2022-12-18,1,1
CUST_01857,2003,F,CN,2022-09-28,1,1
CUST_01858,2002,M,CN,2024-09-05,1,1
CUST_01859,2000,M,FR,2024-12-01,1,1
CUST_01860,1994,F,FR,2024-09-18,1,1
CUST_01861,1995,F,FR,2023-03-14,0,1
CUST_01862,1959,M,FR,2021-09-22,1,1
CUST_01863,1992,M,IT,2024-05-03,1,1
CUST_01864,1983,F,CN,2024-12-22,1,1
CUST_01865,1975,M,IT,2021-06-23,1,0
CUST_01866,1990,F,US,2022-09-27,1,1
CUST_01867,1998,M,US,2024-02-19,0,1
CUST_01868,1952,F,CN,2023-02-11,1,0
CUST_01869,1955,F,US,2024-08-10,1,1
CUST_01870,1954,F,FR,2022-11-04,1,1
CUST_01871,1954,F,IT,2021-09-19,1,1
CUST_01872,2003,F,FR,2024-10-04,1,1
CUST_01873,1996,M,US,2024-12-10,1,1
CUST_01874,1972,M,JP,2024-11-04,1,1
CUST_01875,1998,M,IT,2023-12-15,1,1
CUST_01876,1958,F,FR,2021-07-11,1,1
CUST_01877,1984,F,CN,2024-08-16,1,1
CUST_01878,1969,M,FR,2024-10-05,1,1
CUST_01879,1998,M,JP,2023-05-18,0,1
CUST_01880,1991,M,US,2023-11-08,0,1
CUST_01881,1984,F,IT,2023-01-12,0,1
CUST_01882,1999,M,CN,2021-02-07,1,1
CUST_01883,1967,F,IT,2023-01-13,0,1
CUST_01884,1966,Other,CN,2022-09-25,0,1
CUST_01885,1973,M,IT,2022-01-05,1,1
CUST_01886,1952,M,US,2022-03-15,1,1
CUST_01887,1981,M,CN,2022-12-01,0,1
CUST_01888,1984,M,DE,2023-09-23,0,1
CUST_01889,1987,M,IT,2022-01-29,1,1
CUST_01890,1962,M,IT,2022-04-09,1,1
CUST_01891,1996,F,FR,2021-10-09,0,0
CUST_01892,1974,M,CN,2021-11-14,1,1
CUST_01893,1958,F,JP,2021-06-08,1,0
CUST_01894,1953,F,DE,2022-08-29,0,1
CUST_01895,1963,F,US,2021-07-27,0,1
CUST_01896,1986,M,FR,2023-11-06,1,1
CUST_01897,1983,F,DE,2024-01-11,1,1
CUST_01898,1960,M,CN,2023-12-15,1,1
CUST_01899,1990,F,DE,2021-03-19,1,1
CUST_01900,1952,F,IT,2024-09-17,1,1
CUST_01901,1977,F,IT,2022-11-21,1,0
CUST_01902,1978,M,FR,2024-06-19,1,1
CUST_01903,1958,F,CN,2021-09-26,0,1
CUST_01904,1952,M,CN,2024-05-08,0,1
CUST_01905,1974,M,DE,2023-02-11,1,1
CUST_01906,1983,M,FR,2021-11-12,1,1
CUST_01907,1961,M,CN,2021-11-29,0,1
CUST_01908,1991,M,JP,2022-01-06,1,1
CUST_01909,1958,F,JP,2024-11-19,1,1
CUST_01910,1964,F,IT,2024-07-03,1,1
CUST_01911,1989,M,DE,2021-12-06,1,1
CUST_01912,1974,M,US,2023-06-16,1,1
CUST_01913,1954,M,IT,2021-03-31,0,1
CUST_01914,1960,M,FR,2023-04-22,1,1
CUST_01915,1983,M,CN,2023-01-17,0,1
CUST_01916,1973,F,IT,2024-10-17,1,0
CUST_01917,1964,M,US,2022-05-02,0,1
CUST_01918,1987,M,US,2023-06-29,1,1
CUST_01919,1957,M,JP,2024-06-04,1,1
CUST_01920,1954,F,FR,2022-08-07,1,1
CUST_01921,1997,F,IT,2023-07-09,1,1
CUST_01922,1975,F,DE,2022-04-25,1,1
CUST_01923,1967,F,IT,2023-12-30,0,1
CUST_01924,1955,M,JP,2022-05-05,0,1
CUST_01925,1986,M,US,2022-09-26,1,1
CUST_01926,1997,F,FR,2023-08-19,1,1
CUST_01927,1962,M,FR,2022-02-02,1,1
CUST_01928,1977,F,DE,2023-01-24,0,0
CUST_01929,1954,M,FR,2024-10-21,1,1
CUST_01930,1962,M,JP,2024-03-14,1,1
CUST_01931,1966,F,JP,2023-06-22,1,1
CUST_01932,1999,F,JP,2023-08-04,1,1
CUST_01933,1989,F,FR,2022-08-01,0,1
CUST_01934,1994,M,FR,2023-02-22,1,0
CUST_01935,1981,F,JP,2023-10-27,1,1
CUST_01936,1978,M,FR,2023-12-17,0,1
CUST_01937,2000,M,FR,2023-05-08,1,1
CUST_01938,1952,M,US,2021-11-28,1,1
CUST_01939,1989,M,IT,2022-02-13,1,1
CUST_01940,1983,M,CN,2024-05-23,1,1
CUST_01941,1989,M,FR,2021-10-11,1,1
CUST_01942,1976,M,CN,2022-05-28,1,1
CUST_01943,1962,M,CN,2021-04-17,0,1
CUST_01944,1994,M,US,2024-08-06,1,1
CUST_01945,1982,M,FR,2023-09-12,1,1
CUST_01946,1955,M,JP,2023-01-31,1,1
CUST_01947,1973,F,CN,2024-02-10,1,1
CUST_01948,1968,M,FR,2021-07-30,0,1
CUST_01949,1965,M,DE,2024-12-27,1,1
CUST_01950,1989,M,JP,2023-11-23,1,1
CUST_01951,1977,F,DE,2021-09-13,1,1
CUST_01952,1982,F,DE,2022-08-07,1,1
CUST_01953,1997,F,CN,2021-06-21,1,1
CUST_01954,1990,F,DE,2021-11-25,1,1
CUST_01955,1962,F,US,2022-07-13,1,1
CUST_01956,1992,F,US,2023-07-10,0,1
CUST_01957,1994,F,CN,2023-11-18,1,1
CUST_01958,1974,M,FR,2021-10-29,1,1
CUST_01959,2002,M,IT,2023-06-15,1,1
CUST_01960,1991,M,FR,2021-07-07,1,0
CUST_01961,1985,F,FR,2022-03-31,1,1
CUST_01962,1976,F,FR,2023-07-13,0,1
CUST_01963,1987,F,FR,2022-12-17,0,1
CUST_01964,1956,M,JP,2021-02-24,1,1
CUST_01965,1954,M,IT,2023-04-30,1,1
CUST_01966,1992,M,JP,2021-04-20,1,1
CUST_01967,1994,M,DE,2023-03-23,1,1
CUST_01968,2000,F,FR,2023-10-26,0,1
CUST_01969,1980,F,US,2023-02-05,1,1
CUST_01970,1972,M,CN,2022-04-28,1,1
CUST_01971,1991,F,CN,2023-03-02,0,1
CUST_01972,1959,M,JP,2021-06-17,1,1
CUST_01973,1981,Other,JP,2023-02-07,1,1
CUST_01974,1992,M,US,2022-04-05,0,1
CUST_01975,2002,M,FR,2021-02-27,1,1
CUST_01976,1979,M,IT,2022-10-15,1,0
CUST_01977,1988,M,DE,2021-07-22,1,1
CUST_01978,1980,M,CN,2024-08-24,1,1
CUST_01979,1967,F,DE,2022-11-18,1,1
CUST_01980,1985,F,IT,2021-10-27,1,1
CUST_01981,1951,F,JP,2021-10-09,0,1
CUST_01982,1963,M,CN,2021-03-20,0,1
CUST_01983,1962,F,DE,2022-08-11,1,1
CUST_01984,1978,M,JP,2023-08-26,1,1
CUST_01985,1961,M,IT,2024-11-26,1,1
CUST_01986,1988,F,DE,2021-10-12,1,1
CUST_01987,1951,F,FR,2024-12-15,1,1
CUST_01988,1981,M,JP,2023-08-19,1,1
CUST_01989,1962,M,IT,2023-07-08,1,0
CUST_01990,1995,Other,DE,2024-06-14,0,1
CUST_01991,1976,M,FR,2021-01-11,1,0
CUST_01992,1998,M,FR,2021-06-12,1,1
CUST_01993,1990,F,IT,2021-02-08,1,1
CUST_01994,1966,M,US,2022-06-09,0,1
CUST_01995,1989,M,CN,2022-03-18,1,1
CUST_01996,1980,M,IT,2021-11-03,0,1
CUST_01997,1983,F,FR,2024-01-29,1,1
CUST_01998,1973,F,FR,2024-05-31,0,1
CUST_01999,1994,F,IT,2023-12-17,0,1
CUST_02000,1984,Other,US,2023-05-17,0,1
CUST_02001,1997,F,CN,2021-08-16,0,1
CUST_02002,1955,M,DE,2022-08-14,1,1
CUST_02003,1968,M,IT,2022-05-02,0,1
CUST_02004,1979,F,CN,2022-09-09,1,1
CUST_02005,1956,F,CN,2021-09-07,1,1
CUST_02006,1959,F,JP,2021-04-08,1,1
CUST_02007,1990,F,FR,2022-05-04,1,0
CUST_02008,1981,M,DE,2023-05-10,0,1
CUST_02009,1983,M,IT,2024-08-01,1,1
CUST_02010,1977,M,FR,2024-06-29,1,1
CUST_02011,1964,M,JP,2023-07-26,1,1
CUST_02012,1979,M,JP,2021-05-09,1,1
CUST_02013,1986,F,FR,2021-08-16,1,1
CUST_02014,1978,F,US,2023-10-21,1,1
CUST_02015,1971,M,CN,2024-05-07,1,0
CUST_02016,1953,M,IT,2024-01-03,0,1
CUST_02017,1969,F,IT,2021-02-03,0,1
CUST_02018,1981,M,IT,2024-07-18,1,1
CUST_02019,1985,F,FR,2023-11-22,1,1
CUST_02020,1999,F,US,2024-03-23,0,1
CUST_02021,1953,F,DE,2022-05-11,1,1
CUST_02022,1976,F,JP,2021-10-22,1,1
CUST_02023,1966,F,FR,2022-08-20,0,1
CUST_02024,1961,M,DE,2023-05-30,1,1
CUST_02025,1971,M,JP,2021-01-04,1,0
CUST_02026,1966,M,JP,2024-06-13,0,1
CUST_02027,1959,Other,US,2022-12-24,1,1
CUST_02028,2003,M,CN,2022-05-08,1,1
CUST_02029,1950,M,IT,2024-03-14,1,0
CUST_02030,1971,F,DE,2023-05-04,1,1
CUST_02031,1975,F,FR,2022-01-19,0,1
CUST_02032,1967,F,DE,2024-09-22,0,1
CUST_02033,1999,M,CN,2024-09-30,1,0
CUST_02034,1963,M,IT,2021-06-25,1,0
CUST_02035,1996,M,DE,2023-12-09,1,1
CUST_02036,1978,M,CN,2023-01-09,1,1
CUST_02037,1961,M,FR,2021-05-19,1,1
CUST_02038,1985,M,US,2023-12-14,0,1
CUST_02039,1984,F,JP,2024-01-20,1,1
CUST_02040,2001,M,FR,2023-11-06,1,1
CUST_02041,1961,F,IT,2023-11-06,0,1
CUST_02042,1956,F,JP,2024-02-09,1,1
CUST_02043,1978,M,FR,2021-02-11,1,1
CUST_02044,1960,F,FR,2023-03-11,1,1
CUST_02045,1982,M,FR,2023-08-21,1,1
CUST_02046,1955,M,FR,2021-03-31,1,1
CUST_02047,1996,F,JP,2024-07-25,1,0
CUST_02048,1964,M,IT,2023-03-04,1,1
CUST_02049,1981,Other,CN,2023-02-04,0,1
CUST_02050,2000,M,DE,2022-06-04,1,1
CUST_02051,1960,F,US,2021-02-03,1,0
CUST_02052,1972,M,DE,2023-01-02,1,1
CUST_02053,1975,M,DE,2021-05-19,0,1
CUST_02054,1983,M,US,2022-12-08,1,1
CUST_02055,1995,F,JP,2022-05-09,1,1
CUST_02056,1983,F,IT,2024-09-07,1,1
CUST_02057,1978,F,US,2024-07-10,1,1
CUST_02058,1953,F,IT,2021-08-01,1,1
CUST_02059,1966,F,JP,2024-04-06,1,1
CUST_02060,1984,F,DE,2022-11-12,0,1
CUST_02061,1962,F,IT,2021-10-01,1,1
CUST_02062,1990,F,JP,2021-04-01,1,1
CUST_02063,1988,F,JP,2022-12-23,1,1
CUST_02064,1964,F,CN,2024-01-24,1,1
CUST_02065,2004,M,US,2022-11-25,0,1
CUST_02066,1978,F,CN,2024-08-09,1,1
CUST_02067,1978,F,DE,2021-12-25,1,1
CUST_02068,1960,M,US,2024-11-03,1,1
CUST_02069,2001,M,DE,2023-08-10,1,1
CUST_02070,1981,M,CN,2024-11-25,0,1
CUST_02071,1951,F,JP,2023-09-08,1,1
CUST_02072,1996,F,DE,2024-07-17,0,1
CUST_02073,1963,M,US,2022-01-09,0,1
CUST_02074,1969,F,US,2021-10-04,1,1
CUST_02075,1971,F,DE,2021-05-10,0,1
CUST_02076,1960,M,US,2023-07-27,1,1
CUST_02077,1976,F,JP,2021-03-17,0,1
CUST_02078,1952,Other,JP,2022-08-24,1,1
CUST_02079,1966,F,US,2022-02-17,1,1
CUST_02080,1993,F,DE,2021-03-31,0,1
CUST_02081,1977,Other,CN,2022-02-13,0,1
CUST_02082,1978,F,US,2021-03-27,1,1
CUST_02083,1970,M,US,2022-10-09,0,1
CUST_02084,1996,F,US,2022-09-28,1,1
CUST_02085,1965,F,US,2023-11-22,0,1
CUST_02086,1986,F,DE,2023-03-27,1,1
CUST_02087,1969,M,CN,2024-01-18,0,1
CUST_02088,1955,F,CN,2023-08-28,1,1
CUST_02089,1968,M,IT,2022-06-03,0,1
CUST_02090,1954,F,US,2021-03-16,1,1
CUST_02091,1952,M,US,2024-08-17,0,0
CUST_02092,1950,M,IT,2022-01-27,0,1
CUST_02093,1987,M,CN,2022-08-09,1,1
CUST_02094,1964,M,FR,2023-01-02,1,1
CUST_02095,1983,F,JP,2021-04-08,1,1
CUST_02096,1984,F,FR,2024-09-04,1,1
CUST_02097,1998,F,CN,2022-11-11,1,1
CUST_02098,1974,M,US,2022-07-14,1,1
CUST_02099,1973,M,FR,2021-09-12,0,1
CUST_02100,1961,F,DE,2023-01-24,0,1
CUST_02101,1967,F,DE,2023-06-14,0,1
CUST_02102,1964,M,IT,2023-03-31,1,1
CUST_02103,1993,F,CN,2023-06-20,1,1
CUST_02104,1965,M,CN,2023-03-03,0,1
CUST_02105,1976,F,FR,2022-11-26,0,1
CUST_02106,1957,F,US,2022-01-18,1,1
CUST_02107,1995,M,CN,2023-10-14,1,1
CUST_02108,1974,M,FR,2024-11-18,1,1
CUST_02109,1966,F,FR,2023-10-16,1,1
CUST_02110,1978,M,JP,2023-01-23,1,0
CUST_02111,2002,M,JP,2023-11-30,1,0
CUST_02112,1957,F,CN,2022-07-01,1,1
CUST_02113,1964,M,FR,2021-06-19,1,1
CUST_02114,1976,M,IT,2023-05-20,0,1
CUST_02115,1995,F,IT,2021-06-11,1,1
CUST_02116,1999,F,JP,2023-06-01,0,0
CUST_02117,2001,F,CN,2024-05-18,0,1
CUST_02118,1956,F,US,2022-01-05,1,0
CUST_02119,1952,F,IT,2024-01-23,1,1
CUST_02120,1978,F,IT,2022-08-25,1,1
CUST_02121,1993,M,JP,2022-10-20,1,1
CUST_02122,2002,F,JP,2021-07-30,1,1
CUST_02123,1973,Other,CN,2021-06-13,0,1
CUST_02124,1952,M,JP,2022-11-03,0,1
CUST_02125,1969,M,DE,2024-09-15,1,1
CUST_02126,1995,F,FR,2022-08-29,1,1
CUST_02127,1964,M,IT,2022-09-20,0,1
CUST_02128,1974,M,DE,2023-07-03,1,1
CUST_02129,1979,F,US,2024-05-19,1,1
CUST_02130,1963,Other,DE,2023-05-23,1,1
CUST_02131,1956,M,CN,2021-12-08,1,1
CUST_02132,1966,M,US,2024-11-13,1,0
CUST_02133,1993,M,US,2023-06-29,1,1
CUST_02134,1969,F,JP,2022-12-21,1,1
CUST_02135,1985,M,DE,2023-07-05,1,1
CUST_02136,1958,M,CN,2021-03-28,0,1
CUST_02137,1987,M,IT,2022-12-24,1,1
CUST_02138,1997,M,JP,2024-06-13,1,0
CUST_02139,1971,F,DE,2023-06-10,1,1
CUST_02140,2003,F,IT,2022-07-17,0,1
CUST_02141,2002,F,DE,2024-08-02,0,1
CUST_02142,2002,F,JP,2021-04-28,1,1
CUST_02143,1951,M,IT,2021-06-03,1,1
CUST_02144,1973,F,JP,2024-10-06,1,1
CUST_02145,1957,F,DE,2024-07-29,0,1
CUST_02146,1960,M,US,2023-04-12,1,1
CUST_02147,1962,F,FR,2023-01-15,1,1
CUST_02148,1966,M,US,2023-11-17,0,1
CUST_02149,1957,F,JP,2024-10-23,0,0
CUST_02150,1970,M,JP,2021-11-24,1,1
CUST_02151,1967,Other,JP,2021-03-05,1,1
CUST_02152,1979,M,IT,2021-10-20,1,1
CUST_02153,1967,F,CN,2024-05-29,1,1
CUST_02154,1995,F,JP,2024-10-20,0,1
CUST_02155,1996,F,US,2023-06-17,1,1
CUST_02156,1980,M,FR,2021-03-13,0,1
CUST_02157,1987,F,JP,2021-09-16,0,1
CUST_02158,1981,F,JP,2021-05-18,0,1
CUST_02159,1960,M,JP,2022-04-29,1,1
CUST_02160,1994,M,IT,2024-08-14,1,1
CUST_02161,1974,F,JP,2023-01-21,1,1
CUST_02162,1982,F,US,2023-01-12,1,1
CUST_02163,1987,M,DE,2023-02-24,0,1
CUST_02164,1990,M,CN,2024-03-07,0,0
CUST_02165,1957,M,JP,2021-03-08,1,1
CUST_02166,1960,F,IT,2024-05-24,1,1
CUST_02167,1971,F,US,2021-11-11,1,1
CUST_02168,2000,F,JP,2024-10-22,1,1
CUST_02169,1973,Other,IT,2023-07-11,1,1
CUST_02170,1990,M,DE,2023-01-30,1,1
CUST_02171,1966,M,FR,2023-02-01,0,1
CUST_02172,1961,M,JP,2023-06-29,1,1
CUST_02173,1995,M,US,2021-06-07,1,1
CUST_02174,1981,F,IT,2024-03-21,1,1
CUST_02175,1964,F,IT,2021-10-09,1,1
CUST_02176,1965,M,JP,2023-12-21,1,1
CUST_02177,2003,M,IT,2023-01-22,0,0
CUST_02178,1971,F,FR,2023-03-27,1,1
CUST_02179,1977,F,IT,2022-10-06,0,1
CUST_02180,1969,M,CN,2024-08-23,0,1
CUST_02181,1982,Other,CN,2022-07-25,1,1
CUST_02182,1959,F,IT,2022-05-27,1,1
CUST_02183,1989,M,JP,2021-08-21,1,1
CUST_02184,1981,F,CN,2021-02-23,1,1
CUST_02185,1999,M,US,2022-01-17,0,1
CUST_02186,1982,F,CN,2023-10-20,1,1
CUST_02187,1951,Other,IT,2023-11-27,1,1
CUST_02188,1982,F,JP,2023-03-04,1,1
CUST_02189,1982,F,DE,2024-02-25,1,1
CUST_02190,1990,M,JP,2021-08-30,1,1
CUST_02191,1962,F,JP,2022-06-21,1,1
CUST_02192,1979,F,JP,2022-06-18,1,1
CUST_02193,1982,F,US,2024-12-12,1,0
CUST_02194,1962,F,FR,2023-07-03,1,1
CUST_02195,2001,Other,IT,2022-03-16,0,0
CUST_02196,1975,F,FR,2024-06-07,0,1
CUST_02197,1971,M,DE,2022-08-08,1,1
CUST_02198,1988,Other,FR,2024-11-22,0,1
CUST_02199,1951,F,IT,2023-10-03,1,1
CUST_02200,1987,F,IT,2022-02-14,1,1
CUST_02201,1988,F,DE,2021-09-09,0,1
CUST_02202,1975,M,IT,2021-10-05,1,1
CUST_02203,1995,M,DE,2021-06-01,0,1
CUST_02204,1999,F,DE,2023-07-15,0,1
CUST_02205,1964,F,IT,2021-12-20,1,1
CUST_02206,1983,M,CN,2024-12-31,1,0
CUST_02207,1991,F,DE,2023-07-01,0,1
CUST_02208,2004,M,IT,2021-06-29,1,1
CUST_02209,1993,F,CN,2024-10-28,1,1
CUST_02210,1998,M,DE,2022-10-17,0,1
CUST_02211,1989,M,CN,2024-09-29,1,1
CUST_02212,1960,M,US,2022-12-13,1,1
CUST_02213,1952,M,JP,2024-12-24,0,1
CUST_02214,1955,F,US,2021-05-13,1,1
CUST_02215,1958,M,CN,2024-02-01,0,1
CUST_02216,1955,M,DE,2024-01-16,1,1
CUST_02217,1958,F,IT,2022-08-18,1,1
CUST_02218,1988,F,FR,2022-09-07,1,1
CUST_02219,1980,M,IT,2021-11-19,0,1
CUST_02220,1981,Other,FR,2024-12-28,1,0
CUST_02221,1990,M,FR,2024-12-24,1,1
CUST_02222,1999,F,DE,2024-12-05,1,1
CUST_02223,1961,F,CN,2024-07-30,0,0
CUST_02224,1957,M,IT,2021-12-23,1,1
CUST_02225,1957,M,CN,2023-01-11,0,1
CUST_02226,1999,M,US,2023-11-08,0,1
CUST_02227,1977,M,DE,2022-04-05,0,1
CUST_02228,1969,F,DE,2021-09-06,1,1
CUST_02229,1996,M,US,2022-02-16,0,1
CUST_02230,1956,M,IT,2021-10-12,0,1
CUST_02231,1960,M,JP,2022-04-30,1,1
CUST_02232,1969,M,US,2023-10-09,0,1
CUST_02233,1965,F,IT,2021-02-23,1,0
CUST_02234,1953,M,FR,2023-01-10,0,1
CUST_02235,1955,F,DE,2024-02-09,1,1
CUST_02236,1971,M,IT,2024-03-18,1,1
CUST_02237,1975,M,CN,2023-01-26,1,1
CUST_02238,1952,F,CN,2023-08-16,0,1
CUST_02239,1990,M,DE,2024-02-04,1,0
CUST_02240,1991,F,US,2021-09-23,1,1
CUST_02241,1963,F,JP,2024-06-07,0,1
CUST_02242,1960,M,US,2021-06-26,1,1
CUST_02243,1967,M,IT,2021-05-15,0,1
CUST_02244,2003,M,US,2022-09-26,1,1
CUST_02245,1961,M,DE,2023-03-27,1,1
CUST_02246,1972,M,IT,2023-09-08,1,1
CUST_02247,1961,M,FR,2023-12-13,1,1
CUST_02248,1962,M,US,2023-04-22,0,1
CUST_02249,1974,F,US,2023-04-19,0,1
CUST_02250,1994,F,JP,2024-03-23,0,1
CUST_02251,2000,F,IT,2021-06-01,1,1
CUST_02252,1968,M,CN,2021-09-14,1,1
CUST_02253,2004,M,US,2022-10-12,1,0
CUST_02254,1995,F,DE,2024-08-08,1,0
CUST_02255,1985,F,US,2021-06-01,1,1
CUST_02256,1994,F,JP,2023-07-11,0,1
CUST_02257,1957,M,FR,2023-08-13,0,1
CUST_02258,1978,F,JP,2024-10-24,0,1
CUST_02259,2004,F,US,2023-11-26,0,1
CUST_02260,2002,M,CN,2022-12-07,1,1
CUST_02261,2004,M,US,2021-09-20,0,1
CUST_02262,1981,F,IT,2024-02-04,1,0
CUST_02263,2000,M,US,2024-08-03,1,1
CUST_02264,1993,M,CN,2024-04-18,1,1
CUST_02265,1967,F,IT,2022-01-08,1,1
CUST_02266,1955,F,DE,2021-09-22,1,1
CUST_02267,1967,M,IT,2023-06-06,1,1
CUST_02268,1968,M,JP,2023-10-27,1,1
CUST_02269,1971,M,FR,2021-04-24,1,1
CUST_02270,1986,F,JP,2021-09-12,1,1
CUST_02271,1981,M,IT,2023-11-28,0,1
CUST_02272,1990,Other,DE,2021-11-10,0,1
CUST_02273,1952,M,US,2022-09-15,0,1
CUST_02274,1977,M,IT,2021-12-04,0,1
CUST_02275,1959,F,JP,2021-11-28,1,1
CUST_02276,2000,F,IT,2022-10-23,1,1
CUST_02277,1984,M,IT,2024-12-23,1,1
CUST_02278,1978,M,IT,2022-04-07,1,1
CUST_02279,2003,Other,DE,2022-12-10,1,1
CUST_02280,1964,M,CN,2023-11-29,1,1
CUST_02281,1982,F,CN,2022-08-05,1,1
CUST_02282,1956,M,IT,2021-06-11,0,1
CUST_02283,1961,F,DE,2022-05-29,1,1
CUST_02284,1998,F,DE,2022-02-07,1,1
CUST_02285,1979,M,IT,2024-07-24,1,1
CUST_02286,1970,F,JP,2024-02-03,1,1
CUST_02287,1980,M,JP,2022-07-17,1,0
CUST_02288,1973,M,FR,2021-09-14,1,1
CUST_02289,1969,F,IT,2024-07-04,0,1
CUST_02290,1986,M,FR,2022-09-13,1,1
CUST_02291,1953,F,JP,2024-06-12,1,1
CUST_02292,1977,M,JP,2023-12-29,0,1
CUST_02293,1993,M,IT,2021-07-11,1,1
CUST_02294,1969,M,FR,2023-10-27,1,0
CUST_02295,1973,M,FR,2024-08-05,1,1
CUST_02296,1999,M,IT,2021-12-12,1,1
CUST_02297,1998,F,FR,2024-04-27,1,1
CUST_02298,2000,F,US,2024-04-04,0,1
CUST_02299,1981,F,JP,2021-11-12,1,1
CUST_02300,1990,M,CN,2021-12-17,1,1
CUST_02301,1985,M,DE,2024-09-11,0,1
CUST_02302,2002,M,FR,2024-07-02,1,1
CUST_02303,1983,M,FR,2024-05-24,1,1
CUST_02304,1985,F,DE,2022-11-23,1,1
CUST_02305,1951,M,FR,2024-02-29,0,1
CUST_02306,1964,M,DE,2021-03-26,1,0
CUST_02307,1983,F,IT,2021-02-28,1,0
CUST_02308,1985,M,US,2021-06-16,1,1
CUST_02309,1955,M,US,2021-04-04,1,1
CUST_02310,1988,M,JP,2024-08-06,1,1
CUST_02311,1991,M,CN,2024-03-27,0,1
CUST_02312,2000,F,FR,2022-06-27,1,1
CUST_02313,2000,M,CN,2024-08-26,1,1
CUST_02314,2003,M,IT,2022-03-08,1,1
CUST_02315,1961,M,US,2024-03-17,0,1
CUST_02316,1952,M,IT,2023-05-04,1,1
CUST_02317,1994,M,IT,2024-06-19,1,1
CUST_02318,1967,F,FR,2024-08-01,0,1
CUST_02319,1989,F,IT,2021-03-04,1,1
CUST_02320,1970,F,US,2023-10-17,1,1
CUST_02321,1964,M,CN,2024-07-08,0,1
CUST_02322,1982,F,US,2024-01-23,1,1
CUST_02323,1984,F,FR,2022-08-17,1,1
CUST_02324,1975,M,US,2024-08-07,1,1
CUST_02325,1957,F,DE,2022-09-11,0,1
CUST_02326,1985,M,CN,2023-09-17,1,0
CUST_02327,1997,M,DE,2022-05-17,0,1
CUST_02328,1979,F,DE,2024-11-03,1,1
CUST_02329,1972,M,JP,2023-04-12,1,1
CUST_02330,1991,F,FR,2022-09-02,0,0
CUST_02331,1993,M,IT,2023-07-18,1,1
CUST_02332,1963,F,DE,2021-05-30,0,1
CUST_02333,1963,F,US,2024-11-11,1,1
CUST_02334,1951,F,IT,2021-05-03,0,1
CUST_02335,2004,M,US,2021-11-20,1,1
CUST_02336,1986,M,US,2023-06-20,1,1
CUST_02337,1954,M,IT,2023-05-02,1,1
CUST_02338,1987,M,IT,2023-09-19,1,1
CUST_02339,1994,M,US,2023-08-10,0,1
CUST_02340,1990,F,FR,2022-02-22,1,1
CUST_02341,2003,F,CN,2022-11-28,1,1
CUST_02342,1996,Other,JP,2024-05-27,1,1
CUST_02343,1963,M,CN,2021-10-22,1,1
CUST_02344,1988,M,FR,2022-10-03,1,1
CUST_02345,1974,M,JP,2022-10-16,1,1
CUST_02346,1969,F,IT,2022-12-09,1,1
CUST_02347,1951,F,JP,2023-03-28,1,1
CUST_02348,1988,F,US,2021-09-25,0,1
CUST_02349,1955,F,CN,2023-01-29,0,1
CUST_02350,1966,F,JP,2023-11-21,0,1
CUST_02351,1974,M,US,2024-02-25,1,1
CUST_02352,1977,M,FR,2021-08-06,0,1
CUST_02353,1951,F,JP,2022-10-16,0,1
CUST_02354,1984,M,US,2022-05-11,1,0
CUST_02355,1986,M,FR,2023-08-14,0,1
CUST_02356,1954,F,IT,2021-09-08,1,1
CUST_02357,1950,Other,FR,2022-07-02,1,1
CUST_02358,1989,F,FR,2023-07-10,0,1
CUST_02359,1961,F,CN,2022-05-23,0,1
CUST_02360,1985,F,US,2021-10-16,0,1
CUST_02361,1994,M,JP,2021-07-18,1,1
CUST_02362,1972,M,CN,2021-04-14,1,1
CUST_02363,1996,F,DE,2022-08-18,1,1
CUST_02364,1980,F,FR,2023-02-26,1,1
CUST_02365,1960,M,DE,2024-06-14,1,1
CUST_02366,1959,F,CN,2023-05-07,1,1
CUST_02367,1952,M,US,2022-05-24,1,1
CUST_02368,2003,M,CN,2021-11-24,1,1
CUST_02369,1963,F,US,2022-11-02,1,1
CUST_02370,1965,M,US,2024-03-29,1,1
CUST_02371,1959,M,IT,2022-10-03,1,1
CUST_02372,1978,M,FR,2022-01-24,0,1
CUST_02373,1959,F,CN,2021-11-23,1,1
CUST_02374,1961,M,US,2023-10-18,1,1
CUST_02375,1979,F,CN,2023-11-21,0,1
CUST_02376,1990,F,CN,2023-08-15,1,0
CUST_02377,1950,M,US,2023-10-19,1,1
CUST_02378,1954,Other,JP,2022-09-24,1,1
CUST_02379,1969,M,DE,2023-10-16,1,0
CUST_02380,1957,Other,FR,2021-02-17,1,1
CUST_02381,1992,F,FR,2021-07-04,0,1
CUST_02382,1961,Other,JP,2023-03-17,0,1
CUST_02383,1950,M,IT,2023-11-02,1,1
CUST_02384,2003,F,JP,2023-07-26,0,1
CUST_02385,1969,M,IT,2022-05-09,1,0
CUST_02386,1977,M,IT,2022-03-17,1,1
CUST_02387,1992,F,JP,2024-04-09,1,1
CUST_02388,1986,M,FR,2022-12-24,1,1
CUST_02389,1996,F,DE,2021-04-10,1,1
CUST_02390,1986,M,FR,2021-04-14,0,1
CUST_02391,1961,M,FR,2022-07-31,1,1
CUST_02392,1986,F,FR,2023-10-11,0,1
CUST_02393,1998,M,JP,2024-05-08,0,1
CUST_02394,1998,F,JP,2024-09-01,0,1
CUST_02395,1993,F,JP,2024-10-09,1,0
CUST_02396,1977,F,FR,2023-08-22,0,1
CUST_02397,1996,M,DE,2022-08-09,1,0
CUST_02398,1964,F,IT,2024-01-05,0,1
CUST_02399,1955,Other,CN,2021-01-17,1,1
CUST_02400,1993,F,IT,2021-08-09,0,1
CUST_02401,1969,F,IT,2023-06-02,1,0
CUST_02402,1999,F,CN,2021-10-02,1,1
CUST_02403,1963,F,FR,2022-06-26,1,1
CUST_02404,1951,F,DE,2023-01-20,1,1
CUST_02405,1958,M,DE,2023-04-06,1,1
CUST_02406,1986,M,IT,2023-01-20,0,1
CUST_02407,1969,F,CN,2021-04-03,1,1
CUST_02408,1975,M,US,2023-04-01,0,1
CUST_02409,1978,F,FR,2021-04-15,0,1
CUST_02410,1950,M,IT,2024-03-13,0,1
CUST_02411,2004,F,DE,2024-02-25,0,1
CUST_02412,1984,M,JP,2022-02-03,1,1
CUST_02413,1955,M,JP,2023-01-13,1,1
CUST_02414,1986,F,CN,2024-02-08,0,1
CUST_02415,2002,F,CN,2022-08-15,1,1
CUST_02416,1954,F,IT,2021-05-31,1,0
CUST_02417,1982,M,US,2023-03-03,0,1
CUST_02418,1998,F,DE,2023-10-30,1,1
CUST_02419,2000,F,IT,2023-07-12,0,1
CUST_02420,1963,F,US,2024-02-01,0,1
CUST_02421,1961,M,CN,2022-07-27,1,1
CUST_02422,1991,F,JP,2024-06-30,1,0
CUST_02423,1969,F,FR,2024-10-25,1,1
CUST_02424,2002,Other,JP,2024-06-05,1,1
CUST_02425,1999,M,DE,2021-09-01,0,1
CUST_02426,1973,F,DE,2021-09-21,1,1
CUST_02427,1992,F,JP,2021-07-18,0,1
CUST_02428,1983,M,JP,2023-03-18,1,1
CUST_02429,1974,M,US,2023-02-04,0,1
CUST_02430,1999,M,IT,2022-11-26,1,1
CUST_02431,1978,M,CN,2024-02-17,1,1
CUST_02432,1988,M,US,2023-01-19,0,1
CUST_02433,1980,F,FR,2021-10-23,1,1
CUST_02434,1996,F,JP,2022-02-12,1,1
CUST_02435,1992,F,FR,2024-05-18,0,1
CUST_02436,1999,F,FR,2023-11-09,1,0
CUST_02437,1972,M,US,2023-04-03,0,1
CUST_02438,1993,M,CN,2023-10-22,1,1
CUST_02439,1987,F,DE,2021-03-24,0,1
CUST_02440,1969,M,IT,2021-04-03,1,1
CUST_02441,1972,M,DE,2021-03-21,1,1
CUST_02442,1994,M,CN,2021-10-08,0,1
CUST_02443,2001,M,DE,2022-11-14,1,1
CUST_02444,1965,F,JP,2023-08-29,0,1
CUST_02445,1999,M,JP,2023-11-30,0,1
CUST_02446,1991,M,US,2023-07-25,1,0
CUST_02447,2004,M,FR,2021-11-02,0,1
CUST_02448,1957,F,CN,2024-05-26,1,1
CUST_02449,1999,M,CN,2023-11-22,0,1
CUST_02450,1970,F,DE,2021-10-14,1,1
CUST_02451,1950,M,US,2022-11-03,1,1
CUST_02452,2004,M,DE,2024-06-09,0,1
CUST_02453,1957,F,DE,2022-10-15,1,1
CUST_02454,1978,M,CN,2021-11-29,1,1
CUST_02455,1981,M,DE,2023-03-16,1,1
CUST_02456,1987,M,FR,2024-06-16,1,1
CUST_02457,1954,F,DE,2022-09-05,1,1
CUST_02458,1996,M,FR,2024-04-30,1,1
CUST_02459,1971,F,CN,2022-11-20,0,1
CUST_02460,1996,M,US,2023-11-05,1,1
CUST_02461,1983,M,JP,2023-11-10,0,1
CUST_02462,1950,M,FR,2023-12-27,1,0
CUST_02463,2004,F,US,2023-10-01,1,0
CUST_02464,2004,M,US,2024-12-22,1,1
CUST_02465,1975,M,FR,2024-02-27,1,1
CUST_02466,1992,M,CN,2022-09-06,1,1
CUST_02467,1959,M,IT,2023-08-31,1,1
CUST_02468,1979,M,US,2021-02-04,1,1
CUST_02469,1999,F,US,2023-01-25,1,1
CUST_02470,1967,M,CN,2022-11-10,0,1
CUST_02471,1966,M,CN,2024-10-11,1,1
CUST_02472,1975,F,DE,2021-08-13,1,1
CUST_02473,1957,M,CN,2023-05-04,1,1
CUST_02474,1996,M,US,2024-04-10,1,1
CUST_02475,1989,M,FR,2022-09-23,1,1
CUST_02476,1998,F,IT,2024-11-10,1,1
CUST_02477,1961,M,DE,2024-07-12,1,1
CUST_02478,1976,F,FR,2021-02-24,1,1
CUST_02479,1957,M,IT,2024-05-07,1,1
CUST_02480,1974,F,IT,2023-08-30,1,1
CUST_02481,1995,M,IT,2022-06-28,1,1
CUST_02482,1953,F,JP,2024-09-04,1,1
CUST_02483,1982,F,FR,2024-03-30,0,1
CUST_02484,1950,F,DE,2024-03-28,0,1
CUST_02485,1968,M,DE,2022-04-12,1,1
CUST_02486,1980,M,IT,2021-04-16,1,1
CUST_02487,1965,M,FR,2024-04-10,1,1
CUST_02488,1963,M,JP,2023-09-11,1,0
CUST_02489,2002,M,IT,2021-12-16,0,1
CUST_02490,1997,F,CN,2023-12-10,1,1
CUST_02491,1954,M,DE,2024-07-12,1,0
CUST_02492,1990,M,US,2024-06-23,0,1
CUST_02493,1975,F,IT,2023-02-18,1,1
CUST_02494,1977,F,CN,2021-10-30,1,1
CUST_02495,1951,M,DE,2024-10-26,1,1
CUST_02496,1999,F,JP,2022-05-12,0,1
CUST_02497,1955,M,FR,2021-03-06,0,1
CUST_02498,1958,F,DE,2024-03-18,1,1
CUST_02499,1982,F,FR,2024-12-05,1,1
CUST_02500,1990,F,FR,2021-08-14,1,1
CUST_02501,1974,F,JP,2022-01-26,1,1
CUST_02502,1997,M,JP,2021-02-08,0,1
CUST_02503,1962,M,IT,2023-06-23,0,1
CUST_02504,1958,F,IT,2022-10-05,1,1
CUST_02505,2002,M,DE,2023-05-08,1,1
CUST_02506,1962,F,JP,2021-11-07,0,1
CUST_02507,1980,M,CN,2023-04-26,0,1
CUST_02508,1990,M,DE,2024-11-15,0,1
CUST_02509,1960,M,US,2022-02-22,0,1
CUST_02510,1953,M,FR,2023-04-21,0,0
CUST_02511,1983,F,FR,2023-10-25,0,1
CUST_02512,1987,F,IT,2024-06-06,1,1
CUST_02513,1995,F,CN,2023-08-24,1,1
CUST_02514,1953,F,JP,2021-05-08,1,1
CUST_02515,1987,F,JP,2024-12-16,1,1
CUST_02516,1968,F,IT,2021-10-10,1,1
CUST_02517,1955,M,US,2023-11-29,1,1
CUST_02518,1983,F,DE,2022-03-01,1,1
CUST_02519,1967,M,DE,2024-02-23,1,1
CUST_02520,1962,M,CN,2022-10-28,0,1
CUST_02521,1990,F,IT,2024-09-18,1,1
CUST_02522,1972,M,IT,2023-09-07,1,0
CUST_02523,1968,M,US,2023-12-13,0,1
CUST_02524,1994,M,DE,2023-02-11,0,1
CUST_02525,1960,M,IT,2022-10-05,1,1
CUST_02526,1950,F,JP,2021-12-21,0,1
CUST_02527,1973,M,CN,2023-07-31,1,1
CUST_02528,2003,M,DE,2023-12-28,1,1
CUST_02529,1956,M,US,2022-12-03,0,1
CUST_02530,1974,M,CN,2024-01-24,1,1
CUST_02531,1970,F,FR,2022-12-27,1,1
CUST_02532,1964,M,JP,2024-10-16,0,1
CUST_02533,1950,F,US,2024-10-26,0,1
CUST_02534,1961,F,CN,2024-08-10,1,1
CUST_02535,1956,F,IT,2024-11-20,0,1
CUST_02536,1964,F,FR,2022-06-26,1,1
CUST_02537,1970,F,US,2024-06-03,1,1
CUST_02538,1968,M,IT,2023-09-19,0,1
CUST_02539,1978,M,JP,2022-01-29,1,1
CUST_02540,1974,M,FR,2022-05-20,1,1
CUST_02541,1982,F,DE,2022-07-26,1,1
CUST_02542,1998,M,IT,2024-02-17,1,0
CUST_02543,1981,M,CN,2022-09-04,1,1
CUST_02544,1998,M,US,2022-04-06,1,1
CUST_02545,1984,M,FR,2022-09-02,0,1
CUST_02546,1993,M,IT,2022-08-15,0,1
CUST_02547,1987,Other,DE,2024-12-14,1,1
CUST_02548,1975,M,US,2022-03-01,0,1
CUST_02549,1960,F,US,2024-11-14,0,1
CUST_02550,1984,F,IT,2024-12-14,0,1
CUST_02551,1957,M,DE,2023-09-29,1,1
CUST_02552,1995,M,JP,2022-10-12,1,1
CUST_02553,1963,M,JP,2023-09-10,1,1
CUST_02554,1959,M,FR,2022-12-16,1,1
CUST_02555,1951,F,IT,2024-02-22,1,1
CUST_02556,1995,M,FR,2022-07-15,1,0
CUST_02557,1958,M,JP,2022-08-13,0,1
CUST_02558,1952,F,US,2021-09-07,1,1
CUST_02559,1970,F,FR,2024-03-20,0,1
CUST_02560,1975,F,DE,2024-10-17,1,1
CUST_02561,1957,F,CN,2024-01-18,0,0
CUST_02562,1997,F,JP,2023-02-17,1,0
CUST_02563,1951,M,JP,2023-03-20,1,1
CUST_02564,1955,F,DE,2022-12-08,1,1
CUST_02565,1977,M,FR,2021-10-27,0,1
CUST_02566,2002,F,IT,2022-08-18,1,1
CUST_02567,1978,F,US,2021-03-28,1,0
CUST_02568,1975,M,CN,2022-08-13,1,1
CUST_02569,1974,F,IT,2021-06-11,1,1
CUST_02570,1961,F,IT,2022-12-11,0,1
CUST_02571,1954,M,DE,2023-06-25,0,1
CUST_02572,1983,F,FR,2024-09-05,0,1
CUST_02573,1997,M,JP,2022-06-10,1,1
CUST_02574,1986,F,JP,2023-09-09,0,1
CUST_02575,1964,F,DE,2022-03-15,0,1
CUST_02576,1993,F,FR,2022-02-18,1,1
CUST_02577,1985,F,DE,2024-01-09,1,0
CUST_02578,1964,F,JP,2022-07-10,1,1
CUST_02579,1992,F,IT,2024-02-26,1,1
CUST_02580,1997,M,US,2024-11-26,0,1
CUST_02581,1972,F,FR,2022-07-11,1,0
CUST_02582,1955,M,CN,2021-10-09,1,1
CUST_02583,1995,F,CN,2021-08-12,0,1
CUST_02584,1999,M,IT,2024-06-14,1,1
CUST_02585,1993,M,DE,2024-04-16,0,1
CUST_02586,1992,F,DE,2022-05-06,0,1
CUST_02587,1994,M,JP,2022-05-12,1,1
CUST_02588,1970,M,IT,2021-04-14,1,1
CUST_02589,1972,M,JP,2024-10-03,0,1
CUST_02590,1992,M,JP,2023-12-24,1,1
CUST_02591,2004,M,CN,2022-04-08,0,0
CUST_02592,1965,M,JP,2024-07-30,1,1
CUST_02593,1996,M,JP,2022-04-22,1,1
CUST_02594,2002,M,CN,2021-04-18,1,1
CUST_02595,1964,F,DE,2021-07-25,1,1
CUST_02596,1974,M,FR,2023-04-27,1,1
CUST_02597,1985,F,US,2022-11-08,0,1
CUST_02598,1960,F,JP,2023-08-26,0,0
CUST_02599,2000,M,FR,2021-07-25,1,1
CUST_02600,1964,F,CN,2024-10-27,0,1
CUST_02601,1953,F,FR,2021-10-09,1,1
CUST_02602,1970,Other,US,2021-01-11,1,1
CUST_02603,1962,F,FR,2024-02-02,0,1
CUST_02604,1971,M,FR,2021-11-20,0,1
CUST_02605,1968,F,FR,2023-04-14,0,1
CUST_02606,1983,F,FR,2024-08-30,0,1
CUST_02607,1963,F,IT,2023-09-02,1,1
CUST_02608,1953,M,JP,2023-09-05,0,1
CUST_02609,1997,F,CN,2024-08-25,1,1
CUST_02610,2002,F,US,2022-02-13,0,1
CUST_02611,2001,M,CN,2022-08-12,1,1
CUST_02612,1995,M,IT,2022-10-20,0,1
CUST_02613,1976,M,IT,2022-08-08,1,0
CUST_02614,1978,F,IT,2024-08-15,0,1
CUST_02615,1996,F,JP,2021-05-02,0,1
CUST_02616,1977,F,IT,2021-07-03,0,1
CUST_02617,1984,M,FR,2024-08-28,1,1
CUST_02618,1957,F,CN,2024-03-21,0,1
CUST_02619,1965,M,DE,2022-04-21,0,1
CUST_02620,1991,M,US,2024-01-01,1,1
CUST_02621,1985,F,IT,2021-03-18,0,0
CUST_02622,1979,Other,CN,2021-12-25,1,1
CUST_02623,1967,F,IT,2023-05-06,1,1
CUST_02624,1951,F,JP,2021-12-27,1,1
CUST_02625,1998,M,IT,2021-03-16,0,0
CUST_02626,1962,M,IT,2023-03-25,1,1
CUST_02627,1953,F,IT,2023-10-12,0,1
CUST_02628,1975,F,IT,2022-01-17,1,1
CUST_02629,1974,M,US,2022-08-16,1,1
CUST_02630,1979,M,CN,2021-03-18,1,1
CUST_02631,1960,M,JP,2021-01-19,1,1
CUST_02632,1956,F,IT,2022-09-04,0,1
CUST_02633,1980,M,IT,2024-03-09,1,1
CUST_02634,1993,M,IT,2024-05-19,1,1
CUST_02635,1959,M,IT,2021-08-08,0,0
CUST_02636,1988,M,FR,2022-11-18,1,0
CUST_02637,1962,F,FR,2022-08-06,1,1
CUST_02638,1980,M,DE,2023-07-20,1,1
CUST_02639,1956,F,IT,2024-08-06,0,1
CUST_02640,1998,F,DE,2024-01-18,1,1
CUST_02641,1991,F,US,2023-12-10,0,1
CUST_02642,1991,M,DE,2023-10-09,1,1
CUST_02643,1985,Other,CN,2021-10-02,1,1
CUST_02644,1969,F,FR,2023-10-30,1,1
CUST_02645,1953,Other,FR,2023-08-17,0,1
CUST_02646,2003,F,IT,2022-07-13,1,1
CUST_02647,1956,M,IT,2022-01-30,1,1
CUST_02648,2003,M,US,2021-08-19,0,1
CUST_02649,1950,M,JP,2022-11-09,1,1
CUST_02650,1993,F,US,2021-11-29,0,1
CUST_02651,1994,M,CN,2023-07-29,1,1
CUST_02652,1991,M,IT,2024-08-20,1,0
CUST_02653,1996,M,IT,2022-06-11,1,1
CUST_02654,1962,M,US,2022-01-17,1,1
CUST_02655,2004,M,US,2021-01-29,1,1
CUST_02656,1971,M,US,2022-11-22,1,1
CUST_02657,2003,M,FR,2022-08-28,0,1
CUST_02658,1970,M,DE,2024-03-08,0,1
CUST_02659,1971,M,DE,2024-10-13,1,1
CUST_02660,1977,M,IT,2022-01-31,1,1
CUST_02661,1958,F,FR,2021-12-26,0,1
CUST_02662,1975,F,US,2024-06-05,1,0
CUST_02663,1958,M,IT,2024-08-01,1,0
CUST_02664,1964,M,FR,2023-04-11,0,0
CUST_02665,1959,F,CN,2023-05-26,1,1
CUST_02666,1973,F,JP,2023-11-22,0,1
CUST_02667,1991,F,FR,2022-11-03,0,1
CUST_02668,1957,F,IT,2021-06-27,0,1
CUST_02669,1973,M,DE,2023-04-01,1,1
CUST_02670,1965,M,US,2024-10-02,1,1
CUST_02671,1998,M,JP,2021-07-15,1,1
CUST_02672,1975,F,CN,2022-01-14,1,1
CUST_02673,1976,F,JP,2021-10-15,0,1
CUST_02674,1986,F,JP,2023-09-05,0,1
CUST_02675,1953,M,FR,2022-10-25,0,0
CUST_02676,1999,F,IT,2022-05-24,0,1
CUST_02677,1973,M,IT,2021-01-14,1,1
CUST_02678,1968,M,JP,2022-06-19,1,0
CUST_02679,1985,M,US,2023-02-25,1,1
CUST_02680,1988,F,IT,2022-04-28,0,1
CUST_02681,1959,M,JP,2023-07-04,1,0
CUST_02682,1974,F,IT,2022-07-01,0,1
CUST_02683,1967,M,US,2022-11-07,0,1
CUST_02684,1968,F,CN,2022-09-11,0,0
CUST_02685,1985,F,JP,2024-04-07,1,1
CUST_02686,1959,M,DE,2024-03-19,1,1
CUST_02687,1982,F,DE,2021-01-24,1,1
CUST_02688,2004,F,JP,2022-06-20,1,1
CUST_02689,1999,F,FR,2024-08-31,1,1
CUST_02690,1954,F,CN,2023-01-07,0,1
CUST_02691,1996,F,FR,2024-11-19,1,1
CUST_02692,1998,M,DE,2022-04-29,0,1
CUST_02693,1984,F,US,2021-05-08,1,1
CUST_02694,1993,M,JP,2024-09-29,1,1
CUST_02695,1983,M,IT,2021-08-31,1,1
CUST_02696,1982,M,DE,2023-08-12,1,1
CUST_02697,2004,F,CN,2022-09-21,1,1
CUST_02698,1970,F,DE,2021-11-24,1,1
CUST_02699,1966,M,CN,2023-04-11,0,1
CUST_02700,1971,F,CN,2024-11-06,1,1
CUST_02701,1997,F,JP,2023-10-27,1,1
CUST_02702,1986,M,CN,2024-12-11,1,1
CUST_02703,1964,M,FR,2022-09-29,0,1
CUST_02704,1984,F,US,2024-11-14,0,1
CUST_02705,1977,M,DE,2021-08-29,0,1
CUST_02706,1956,F,US,2024-08-01,1,1
CUST_02707,1981,M,IT,2022-08-28,1,1
CUST_02708,1960,M,DE,2023-01-23,1,1
CUST_02709,1959,F,US,2024-06-12,0,1
CUST_02710,1958,F,US,2022-03-29,1,1
CUST_02711,1963,F,JP,2022-03-25,1,1
CUST_02712,1962,F,JP,2021-10-01,1,1
CUST_02713,1974,F,IT,2023-09-07,1,1
CUST_02714,1951,F,CN,2021-11-10,1,1
CUST_02715,1984,M,DE,2023-07-21,1,1
CUST_02716,1956,F,JP,2024-05-25,1,1
CUST_02717,1970,M,DE,2023-02-05,1,1
CUST_02718,1967,F,IT,2023-05-02,1,1
CUST_02719,1952,M,JP,2024-12-08,0,1
CUST_02720,1991,F,JP,2024-01-30,1,1
CUST_02721,2003,M,CN,2023-08-23,1,1
CUST_02722,1988,F,DE,2024-01-06,1,1
CUST_02723,1990,F,DE,2024-09-22,1,0
CUST_02724,1998,M,DE,2022-03-24,0,1
CUST_02725,1960,F,CN,2022-05-22,1,1
CUST_02726,1988,M,JP,2024-10-25,1,1
CUST_02727,1973,F,IT,2024-05-05,1,1
CUST_02728,1995,F,DE,2021-06-17,0,1
CUST_02729,1968,M,US,2023-12-13,1,1
CUST_02730,1953,F,CN,2023-07-04,1,1
CUST_02731,1975,M,FR,2023-12-18,1,1
CUST_02732,1987,M,IT,2024-12-12,1,1
CUST_02733,1991,F,US,2023-01-11,1,1
CUST_02734,1981,M,DE,2021-06-09,1,1
CUST_02735,1988,Other,FR,2024-03-01,1,1
CUST_02736,1994,F,IT,2021-08-18,0,1
CUST_02737,1995,M,CN,2021-05-07,1,1
CUST_02738,1985,F,FR,2024-01-27,1,1
CUST_02739,1989,M,JP,2023-11-02,1,1
CUST_02740,1986,M,FR,2022-02-19,0,1
CUST_02741,1982,M,US,2024-03-18,0,1
CUST_02742,1985,M,IT,2024-01-05,0,1
CUST_02743,1952,M,US,2021-11-03,1,1
CUST_02744,1958,M,US,2021-12-03,1,1
CUST_02745,1957,Other,DE,2022-11-03,0,1
CUST_02746,1982,F,CN,2023-12-02,1,1
CUST_02747,1955,F,FR,2023-06-24,1,1
CUST_02748,1990,F,IT,2021-08-27,0,1
CUST_02749,1988,F,JP,2024-10-25,1,1
CUST_02750,1953,M,CN,2022-02-25,1,1
CUST_02751,1962,F,CN,2024-04-09,0,1
CUST_02752,1998,Other,IT,2023-09-29,0,0
CUST_02753,1951,M,CN,2021-07-06,1,1
CUST_02754,1954,F,DE,2023-11-12,1,0
CUST_02755,1993,F,CN,2023-07-02,1,1
CUST_02756,1976,F,DE,2021-04-24,1,1
CUST_02757,1981,F,FR,2023-07-18,1,1
CUST_02758,1970,M,FR,2021-09-28,0,1
CUST_02759,1957,M,US,2023-11-18,0,1
CUST_02760,1987,M,DE,2023-05-01,1,1
CUST_02761,1957,F,JP,2023-07-25,0,1
CUST_02762,1999,M,FR,2024-02-29,1,1
CUST_02763,1952,F,CN,2021-04-29,1,1
CUST_02764,2003,M,IT,2024-02-19,1,1
CUST_02765,1993,M,IT,2023-08-05,1,0
CUST_02766,1952,M,DE,2024-10-09,0,1
CUST_02767,1971,F,JP,2022-09-24,1,1
CUST_02768,1955,M,US,2021-02-14,1,1
CUST_02769,1951,M,CN,2023-03-22,0,1
CUST_02770,1972,F,DE,2022-06-06,0,1
CUST_02771,1993,M,IT,2021-01-07,0,1
CUST_02772,1951,M,DE,2022-03-23,1,0
CUST_02773,1987,F,CN,2024-03-30,1,1
CUST_02774,1966,F,JP,2021-05-30,0,1
CUST_02775,1984,M,JP,2021-04-03,1,1
CUST_02776,1983,F,FR,2023-05-18,1,1
CUST_02777,1972,Other,CN,2022-12-07,1,1
CUST_02778,1979,F,FR,2024-12-05,1,1
CUST_02779,2001,F,FR,2021-05-11,0,1
CUST_02780,1957,F,FR,2024-01-14,1,1
CUST_02781,1971,F,DE,2021-05-04,0,1
CUST_02782,1993,F,IT,2021-05-22,1,1
CUST_02783,1985,M,JP,2023-08-25,1,1
CUST_02784,1954,F,DE,2021-03-06,1,1
CUST_02785,1962,F,IT,2022-08-11,1,1
CUST_02786,1978,M,JP,2023-04-18,1,1
CUST_02787,1980,M,CN,2022-01-04,0,1
CUST_02788,1996,F,JP,2021-10-05,0,1
CUST_02789,2004,F,JP,2024-08-06,1,1
CUST_02790,1965,M,JP,2024-08-15,0,1
CUST_02791,1991,F,US,2023-05-11,1,1
CUST_02792,1979,M,CN,2023-02-06,1,1
CUST_02793,2004,M,DE,2023-02-23,0,1
CUST_02794,1965,F,DE,2023-07-08,1,0
CUST_02795,1961,M,IT,2023-02-13,1,1
CUST_02796,1966,M,DE,2023-02-09,1,0
CUST_02797,1965,F,FR,2021-06-14,0,1
CUST_02798,1961,M,JP,2024-10-30,1,0
CUST_02799,1957,M,DE,2024-09-17,1,1
CUST_02800,1969,Other,IT,2024-01-10,0,1
CUST_02801,1952,F,IT,2021-09-30,0,1
CUST_02802,1965,F,FR,2024-08-31,1,1
CUST_02803,1979,F,IT,2022-12-14,0,1
CUST_02804,1994,M,US,2021-08-31,1,1
CUST_02805,1972,F,JP,2022-01-01,1,1
CUST_02806,1977,F,JP,2024-01-06,1,0
CUST_02807,2000,F,JP,2023-03-16,1,1
CUST_02808,1989,F,CN,2023-12-20,1,1
CUST_02809,2003,F,DE,2021-09-18,1,1
CUST_02810,1954,M,US,2022-04-02,0,1
CUST_02811,1969,M,DE,2021-01-08,1,1
CUST_02812,1989,F,US,2021-02-16,1,1
CUST_02813,1993,F,DE,2022-09-04,0,0
CUST_02814,1950,F,FR,2023-08-07,1,1
CUST_02815,1979,M,IT,2024-10-11,1,0
CUST_02816,1970,F,IT,2024-01-21,1,1
CUST_02817,1969,F,FR,2023-05-19,1,1
CUST_02818,1955,F,US,2023-12-26,1,1
CUST_02819,1971,F,CN,2023-02-16,1,1
CUST_02820,1967,F,US,2022-04-16,1,1
CUST_02821,1957,F,IT,2022-05-22,0,1
CUST_02822,1988,F,CN,2023-08-02,0,1
CUST_02823,1981,F,DE,2022-12-10,1,1
CUST_02824,1982,F,CN,2021-11-14,0,1
CUST_02825,2002,F,US,2022-07-19,1,1
CUST_02826,1965,F,FR,2022-01-22,1,0
CUST_02827,1961,F,DE,2021-08-20,1,1
CUST_02828,1987,F,US,2021-03-07,0,1
CUST_02829,2001,M,DE,2024-09-14,0,0
CUST_02830,1983,M,CN,2023-05-09,1,0
CUST_02831,1963,Other,IT,2024-06-13,0,1
CUST_02832,1985,F,US,2021-02-02,0,1
CUST_02833,1982,F,FR,2022-05-08,0,1
CUST_02834,1972,F,CN,2022-02-27,1,1
CUST_02835,1999,F,US,2021-05-18,0,1
CUST_02836,1994,F,FR,2021-07-26,0,1
CUST_02837,1951,F,US,2024-05-01,1,1
CUST_02838,1990,F,CN,2021-03-10,0,1
CUST_02839,1970,M,US,2023-07-04,1,1
CUST_02840,1951,M,DE,2024-05-09,1,1
CUST_02841,1976,M,CN,2024-10-08,1,1
CUST_02842,1958,M,US,2024-12-11,1,1
CUST_02843,1950,F,IT,2021-04-10,0,1
CUST_02844,1960,M,US,2022-05-17,1,0
CUST_02845,1952,M,DE,2021-04-01,1,0
CUST_02846,2001,M,FR,2023-04-04,1,1
CUST_02847,1972,M,FR,2023-06-18,1,1
CUST_02848,1975,F,FR,2022-04-25,1,1
CUST_02849,1953,F,IT,2024-01-11,0,1
CUST_02850,1967,F,DE,2022-03-21,0,1
CUST_02851,2004,M,CN,2021-04-26,1,0
CUST_02852,1955,M,FR,2021-10-14,1,1
CUST_02853,1984,M,DE,2023-10-29,1,1
CUST_02854,1971,F,US,2022-08-16,1,1
CUST_02855,1992,M,IT,2022-04-25,1,1
CUST_02856,1964,F,DE,2024-03-25,1,1
CUST_02857,1971,M,DE,2022-10-16,1,1
CUST_02858,1986,F,CN,2024-03-28,0,1
CUST_02859,2001,M,DE,2024-05-09,1,1
CUST_02860,1991,M,CN,2024-10-09,1,1
CUST_02861,1961,F,IT,2022-10-19,0,1
CUST_02862,1996,M,IT,2022-05-01,1,0
CUST_02863,1998,M,US,2022-09-11,1,0
CUST_02864,1991,F,CN,2021-10-21,0,0
CUST_02865,1987,F,CN,2024-09-14,1,1
CUST_02866,1967,F,FR,2023-12-04,1,1
CUST_02867,1994,M,FR,2022-03-29,1,1
CUST_02868,1984,M,US,2023-04-27,1,1
CUST_02869,1979,M,IT,2022-09-08,1,1
CUST_02870,1973,M,JP,2022-07-18,1,1
CUST_02871,1991,F,FR,2021-05-05,1,1
CUST_02872,1979,F,DE,2024-02-15,1,1
CUST_02873,1963,M,IT,2024-04-26,1,1
CUST_02874,1955,F,JP,2021-12-25,0,1
CUST_02875,1952,M,DE,2024-07-06,1,1
CUST_02876,1965,F,CN,2024-10-22,1,1
CUST_02877,1956,M,IT,2023-05-25,1,1
CUST_02878,2001,M,US,2024-02-13,1,1
CUST_02879,1963,F,CN,2023-10-13,1,1
CUST_02880,1958,F,CN,2021-04-07,1,0
CUST_02881,1964,F,DE,2022-12-07,0,0
CUST_02882,1970,M,CN,2024-08-10,0,1
CUST_02883,1984,M,FR,2024-10-06,0,1
CUST_02884,1951,F,IT,2023-02-20,1,1
CUST_02885,1976,M,FR,2023-12-11,0,0
CUST_02886,1951,F,DE,2022-10-15,1,1
CUST_02887,1984,M,JP,2024-11-27,0,1
CUST_02888,1967,F,DE,2023-05-03,0,1
CUST_02889,1963,F,IT,2023-04-17,1,1
CUST_02890,1969,M,CN,2021-11-02,1,1
CUST_02891,1967,F,US,2022-09-07,0,1
CUST_02892,1959,F,DE,2023-02-10,0,1
CUST_02893,1974,M,IT,2022-01-12,1,1
CUST_02894,1951,F,US,2024-01-07,0,0
CUST_02895,1974,F,CN,2023-08-28,1,1
CUST_02896,2003,M,JP,2022-05-09,1,1
CUST_02897,1982,M,DE,2022-04-07,1,1
CUST_02898,1985,M,JP,2022-09-08,1,1
CUST_02899,1980,F,IT,2024-12-20,1,1
CUST_02900,1963,F,JP,2021-10-23,0,1
CUST_02901,1950,F,JP,2023-08-07,1,1
CUST_02902,1995,Other,IT,2021-04-29,1,0
CUST_02903,1965,F,IT,2024-02-26,1,1
CUST_02904,2003,F,DE,2023-04-26,0,1
CUST_02905,1995,M,JP,2023-05-04,1,1
CUST_02906,2001,F,US,2024-02-16,1,1
CUST_02907,1952,M,IT,2023-12-22,1,1
CUST_02908,1984,F,CN,2021-10-02,1,1
CUST_02909,1990,M,JP,2023-03-07,1,1
CUST_02910,1955,M,IT,2022-05-13,1,1
CUST_02911,1974,M,US,2022-06-07,1,1
CUST_02912,1962,M,DE,2022-02-21,0,1
CUST_02913,2002,F,JP,2022-11-08,1,1
CUST_02914,1983,M,IT,2024-08-17,1,1
CUST_02915,1957,F,IT,2021-06-11,1,1
CUST_02916,1970,F,CN,2023-07-11,1,1
CUST_02917,1983,F,CN,2023-01-30,1,1
CUST_02918,1953,M,JP,2021-07-09,1,1
CUST_02919,1974,M,IT,2024-01-02,1,1
CUST_02920,1964,F,JP,2022-01-26,1,1
CUST_02921,1953,F,IT,2021-04-16,1,0
CUST_02922,1994,M,CN,2022-07-04,0,1
CUST_02923,1961,M,US,2023-02-12,1,1
CUST_02924,1981,M,FR,2024-10-11,1,1
CUST_02925,1981,F,FR,2024-05-23,0,1
CUST_02926,1977,M,IT,2024-05-19,1,0
CUST_02927,1962,F,CN,2021-03-22,1,1
CUST_02928,1980,F,DE,2021-05-30,1,0
CUST_02929,1963,M,DE,2022-01-21,1,1
CUST_02930,1969,Other,FR,2024-04-18,0,1
CUST_02931,1967,F,US,2024-10-07,0,1
CUST_02932,1978,F,FR,2024-02-19,1,0
CUST_02933,1955,F,IT,2022-03-21,1,1
CUST_02934,1981,F,US,2023-09-09,0,1
CUST_02935,1978,F,DE,2022-03-04,0,1
CUST_02936,1992,M,CN,2022-11-13,1,1
CUST_02937,1951,M,CN,2022-09-13,0,0
CUST_02938,1972,M,IT,2021-02-01,0,1
CUST_02939,1968,M,FR,2022-03-10,0,1
CUST_02940,1980,M,IT,2022-01-25,1,1
CUST_02941,2000,M,CN,2021-08-29,0,1
CUST_02942,1954,M,DE,2023-09-08,1,1
CUST_02943,1968,F,CN,2022-05-12,1,1
CUST_02944,1983,F,US,2024-11-25,1,1
CUST_02945,1959,F,JP,2024-05-22,1,1
CUST_02946,1974,F,CN,2024-12-12,1,1
CUST_02947,1951,F,CN,2022-02-23,0,1
CUST_02948,1960,F,JP,2023-03-24,1,1
CUST_02949,1999,M,US,2022-05-06,1,1
CUST_02950,1980,M,FR,2024-02-05,0,1
CUST_02951,1964,F,CN,2022-10-21,1,1
CUST_02952,1958,F,IT,2022-08-03,0,0
CUST_02953,1972,F,CN,2023-02-19,1,1
CUST_02954,1968,M,IT,2023-08-13,1,0
CUST_02955,1958,M,US,2023-12-29,1,1
CUST_02956,1984,F,CN,2024-08-21,1,0
CUST_02957,1970,F,US,2023-01-06,0,1
CUST_02958,1958,M,US,2022-09-24,1,1
CUST_02959,1977,M,FR,2022-06-20,0,1
CUST_02960,1995,F,CN,2023-01-07,1,1
CUST_02961,2000,F,IT,2023-11-17,1,1
CUST_02962,1956,M,IT,2023-10-16,0,1
CUST_02963,1965,F,CN,2023-08-13,1,1
CUST_02964,1965,M,JP,2021-07-21,0,1
CUST_02965,1982,M,FR,2023-08-20,1,1
CUST_02966,1953,F,FR,2022-10-18,0,1
CUST_02967,1953,M,FR,2022-02-21,1,1
CUST_02968,1988,F,IT,2023-01-30,0,1
CUST_02969,1989,F,US,2022-10-03,1,1
CUST_02970,1966,F,JP,2023-04-28,1,1
CUST_02971,1986,M,FR,2021-04-04,1,1
CUST_02972,1988,M,IT,2024-02-27,1,1
CUST_02973,2001,M,IT,2022-03-30,1,1
CUST_02974,1978,F,US,2021-10-26,1,1
CUST_02975,2001,F,CN,2021-02-03,1,1
CUST_02976,1985,F,CN,2022-06-19,1,1
CUST_02977,1987,F,FR,2024-02-08,1,1
CUST_02978,1988,F,FR,2024-04-11,1,1
CUST_02979,1999,F,JP,2024-04-01,0,1
CUST_02980,1986,M,US,2023-05-06,1,0
CUST_02981,2001,M,FR,2022-08-28,1,1
CUST_02982,1984,F,US,2021-11-09,1,1
CUST_02983,1956,M,IT,2022-02-06,0,1
CUST_02984,1976,M,FR,2022-11-07,1,1
CUST_02985,1977,F,IT,2022-04-17,1,1
CUST_02986,1971,F,DE,2023-02-17,0,1
CUST_02987,1963,M,US,2024-03-12,1,1
CUST_02988,1956,F,DE,2022-05-19,1,1
CUST_02989,1986,F,FR,2023-10-20,1,0
CUST_02990,1971,F,IT,2024-02-02,1,1
CUST_02991,1954,M,FR,2024-09-02,1,1
CUST_02992,2004,M,DE,2024-11-03,1,1
CUST_02993,1951,F,FR,2022-11-23,1,1
CUST_02994,1976,F,JP,2022-06-12,1,1
CUST_02995,1970,F,CN,2023-09-28,0,1
CUST_02996,2003,F,DE,2024-08-07,0,1
CUST_02997,1987,M,FR,2023-10-02,1,1
CUST_02998,1964,M,IT,2023-08-02,1,1
CUST_02999,1970,F,FR,2021-12-11,1,0
CUST_03000,1959,M,IT,2022-12-23,1,1
CUST_03001,1972,M,CN,2021-12-13,1,1
CUST_03002,1988,F,FR,2021-10-14,1,1
CUST_03003,1954,M,CN,2024-01-25,1,1
CUST_03004,1950,M,DE,2023-09-28,1,1
CUST_03005,1962,M,IT,2022-01-12,1,1
CUST_03006,1970,M,JP,2024-01-16,0,1
CUST_03007,1975,M,DE,2024-08-07,1,1
CUST_03008,1999,F,IT,2021-05-01,1,1
CUST_03009,1994,F,CN,2023-12-10,1,1
CUST_03010,1970,M,US,2021-03-11,0,1
CUST_03011,2002,F,FR,2021-06-02,1,1
CUST_03012,1967,M,CN,2024-09-30,1,1
CUST_03013,1986,F,IT,2021-04-10,0,1
CUST_03014,1994,F,IT,2021-01-14,1,0
CUST_03015,1981,F,IT,2023-04-25,1,1
CUST_03016,1985,F,IT,2021-10-09,1,1
CUST_03017,1966,M,FR,2024-07-15,1,1
CUST_03018,1984,M,DE,2022-04-19,1,1
CUST_03019,1998,F,JP,2021-05-20,0,1
CUST_03020,1960,M,US,2024-12-19,1,1
CUST_03021,1970,M,FR,2021-11-06,1,1
CUST_03022,2001,F,IT,2021-01-19,0,1
CUST_03023,2004,F,FR,2022-03-24,0,1
CUST_03024,2002,F,CN,2023-11-02,0,1
CUST_03025,1975,M,JP,2023-07-23,1,0
CUST_03026,1953,F,IT,2023-02-04,1,1
CUST_03027,1983,M,US,2021-05-04,1,0
CUST_03028,2001,M,IT,2024-06-19,1,1
CUST_03029,1997,F,JP,2024-07-30,1,1
CUST_03030,1967,M,US,2024-09-27,0,1
CUST_03031,1989,M,JP,2024-06-16,1,1
CUST_03032,1984,F,US,2023-09-17,1,0
CUST_03033,1990,M,DE,2024-09-12,0,1
CUST_03034,1978,M,DE,2023-09-27,1,0
CUST_03035,2001,M,FR,2021-02-02,0,0
CUST_03036,1978,M,FR,2021-01-14,1,1
CUST_03037,1987,M,US,2023-12-26,0,0
CUST_03038,1991,F,IT,2024-02-04,0,1
CUST_03039,1970,F,CN,2023-04-23,0,1
CUST_03040,1991,M,CN,2021-01-25,1,0
CUST_03041,1962,F,IT,2021-02-04,1,0
CUST_03042,1998,M,IT,2023-12-21,1,1
CUST_03043,1990,M,DE,2022-07-17,0,1
CUST_03044,1966,F,CN,2024-01-03,1,1
CUST_03045,1958,M,US,2022-08-11,0,1
CUST_03046,1990,Other,JP,2021-02-05,0,1
CUST_03047,1950,M,FR,2023-10-26,1,1
CUST_03048,1951,F,JP,2024-11-30,0,1
CUST_03049,1997,M,DE,2024-10-12,1,1
CUST_03050,1978,M,CN,2023-06-01,0,1
CUST_03051,1982,M,IT,2022-01-03,1,1
CUST_03052,1959,F,CN,2021-08-08,0,1
CUST_03053,1999,F,US,2021-07-17,1,1
CUST_03054,1989,F,DE,2023-12-10,0,1
CUST_03055,1970,M,IT,2021-11-01,1,1
CUST_03056,1977,M,JP,2022-05-09,1,1
CUST_03057,1960,M,US,2022-01-29,0,1
CUST_03058,2004,F,JP,2024-06-23,1,0
CUST_03059,1983,F,FR,2023-12-15,1,1
CUST_03060,1957,M,DE,2022-06-01,1,1
CUST_03061,1971,F,US,2022-12-27,1,1
CUST_03062,1957,M,US,2022-07-02,1,0
CUST_03063,1998,F,JP,2023-03-24,1,1
CUST_03064,1964,F,IT,2021-06-11,1,0
CUST_03065,1966,M,FR,2023-02-04,1,1
CUST_03066,1972,M,JP,2023-04-12,1,1
CUST_03067,1973,Other,US,2023-07-30,0,0
CUST_03068,1994,F,DE,2024-03-03,1,1
CUST_03069,1968,F,US,2022-05-14,0,1
CUST_03070,1954,F,CN,2024-11-28,0,1
CUST_03071,1981,M,DE,2022-04-08,0,1
CUST_03072,1993,F,DE,2022-09-07,1,1
CUST_03073,1950,F,US,2024-11-01,1,1
CUST_03074,1972,F,IT,2021-06-15,0,1
CUST_03075,1986,M,DE,2024-08-31,1,1
CUST_03076,1957,M,CN,2024-08-23,0,1
CUST_03077,1962,M,JP,2021-03-06,0,1
CUST_03078,1957,M,IT,2021-07-11,0,1
CUST_03079,1972,M,IT,2023-04-11,0,1
CUST_03080,1992,M,IT,2023-02-16,0,1
CUST_03081,1950,M,DE,2023-02-12,0,1
CUST_03082,1994,M,IT,2024-02-06,0,1
CUST_03083,2000,F,US,2023-09-02,1,1
CUST_03084,1973,M,IT,2021-04-25,1,1
CUST_03085,1984,M,CN,2024-07-28,1,1
CUST_03086,1973,M,FR,2021-01-20,1,1
CUST_03087,1966,M,CN,2024-12-10,1,1
CUST_03088,1954,F,DE,2021-12-17,0,1
CUST_03089,1969,M,IT,2021-06-19,0,1
CUST_03090,1970,F,IT,2023-10-21,1,1
CUST_03091,1989,F,US,2023-06-08,0,1
CUST_03092,1980,F,JP,2024-08-13,1,1
CUST_03093,1995,F,IT,2022-11-10,1,1
CUST_03094,1985,F,CN,2024-03-04,1,1
CUST_03095,1960,F,DE,2021-07-15,1,1
CUST_03096,2001,M,FR,2023-12-18,1,1
CUST_03097,1964,M,IT,2021-03-29,1,1
CUST_03098,1968,F,FR,2022-04-16,1,0
CUST_03099,1956,M,IT,2022-03-09,1,1
CUST_03100,2000,M,DE,2024-11-18,1,1
CUST_03101,1977,F,JP,2024-03-06,0,1
CUST_03102,2000,F,CN,2023-09-01,1,1
CUST_03103,1992,M,DE,2022-07-10,1,1
CUST_03104,1954,F,FR,2021-04-06,1,1
CUST_03105,1954,M,IT,2021-06-02,1,1
CUST_03106,1979,F,FR,2024-11-02,0,1
CUST_03107,2003,M,CN,2022-07-29,1,0
CUST_03108,1981,M,DE,2024-01-18,0,1
CUST_03109,1957,F,FR,2024-02-29,0,1
CUST_03110,1959,M,FR,2024-09-09,0,1
CUST_03111,1987,F,CN,2021-03-09,1,1
CUST_03112,1996,M,IT,2022-01-03,1,1
CUST_03113,1981,M,FR,2022-10-07,1,1
CUST_03114,1997,F,CN,2021-02-02,0,1
CUST_03115,1977,M,IT,2022-03-01,1,0
CUST_03116,1966,M,JP,2024-04-17,0,1
CUST_03117,1980,M,IT,2021-10-23,1,0
CUST_03118,1957,F,JP,2024-12-30,1,1
CUST_03119,1989,F,DE,2023-03-27,1,0
CUST_03120,1974,Other,CN,2021-06-07,1,1
CUST_03121,1958,M,IT,2022-09-05,0,0
CUST_03122,1951,M,JP,2021-11-29,0,1
CUST_03123,1964,M,JP,2024-02-29,0,1
CUST_03124,1999,F,DE,2022-05-08,1,1
CUST_03125,1952,M,US,2024-03-06,1,1
CUST_03126,1998,F,CN,2023-03-08,1,1
CUST_03127,1985,M,US,2024-10-18,1,1
CUST_03128,1953,Other,IT,2024-01-13,1,0
CUST_03129,1963,F,CN,2022-11-11,0,1
CUST_03130,1990,F,DE,2023-02-26,1,1
CUST_03131,1990,M,IT,2021-10-14,1,1
CUST_03132,1974,M,CN,2024-11-12,1,1
CUST_03133,2004,M,CN,2021-06-10,0,1
CUST_03134,1999,M,US,2023-10-23,1,1
CUST_03135,1959,M,IT,2022-12-10,1,1
CUST_03136,1970,F,DE,2021-04-20,0,1
CUST_03137,1985,M,DE,2021-07-20,1,0
CUST_03138,1961,F,IT,2023-06-15,1,1
CUST_03139,1976,F,IT,2022-04-21,1,0
CUST_03140,1989,M,JP,2021-06-05,1,1
CUST_03141,1951,Other,FR,2022-11-29,0,1
CUST_03142,2003,M,US,2024-05-24,1,1
CUST_03143,1962,M,IT,2024-06-11,1,1
CUST_03144,2002,F,IT,2024-05-04,1,1
CUST_03145,1981,F,FR,2023-03-24,0,1
CUST_03146,1980,M,FR,2022-10-31,0,1
CUST_03147,1965,M,CN,2021-03-02,1,1
CUST_03148,1981,F,DE,2024-07-22,1,1
CUST_03149,1981,M,US,2022-07-14,1,1
CUST_03150,1983,F,CN,2023-07-12,1,1
CUST_03151,1960,F,IT,2023-10-02,1,1
CUST_03152,1959,Other,FR,2022-04-13,1,1
CUST_03153,1964,M,JP,2022-12-30,1,1
CUST_03154,1966,M,DE,2024-02-07,1,1
CUST_03155,1989,M,CN,2023-02-08,1,1
CUST_03156,1967,M,JP,2023-06-04,1,1
CUST_03157,2004,M,DE,2022-01-16,0,1
CUST_03158,1958,M,JP,2024-10-24,1,1
CUST_03159,1974,F,FR,2024-04-14,0,1
CUST_03160,1989,F,CN,2024-09-15,1,1
CUST_03161,1963,M,CN,2023-02-18,1,1
CUST_03162,1974,M,DE,2021-06-25,1,1
CUST_03163,1999,M,JP,2024-06-20,1,1
CUST_03164,1971,M,FR,2022-08-28,1,1
CUST_03165,2001,F,IT,2022-05-20,1,1
CUST_03166,1979,F,CN,2024-12-31,1,1
CUST_03167,1969,F,IT,2021-05-31,1,0
CUST_03168,1970,F,FR,2021-06-18,1,1
CUST_03169,1993,F,CN,2022-07-03,1,1
CUST_03170,1981,F,CN,2021-11-12,1,1
CUST_03171,2000,M,JP,2023-02-18,0,1
CUST_03172,1995,F,IT,2024-12-28,0,1
CUST_03173,1998,F,JP,2024-07-22,0,1
CUST_03174,1970,M,US,2021-11-12,1,1
CUST_03175,1984,M,IT,2023-03-09,1,1
CUST_03176,1981,M,IT,2022-10-11,0,1
CUST_03177,1979,F,US,2023-01-09,1,1
CUST_03178,2004,M,FR,2021-08-07,1,1
CUST_03179,1988,M,FR,2021-07-07,1,1
CUST_03180,1998,M,CN,2021-01-11,1,1
CUST_03181,1961,F,DE,2022-09-24,0,1
CUST_03182,1990,M,JP,2023-06-30,1,1
CUST_03183,1996,F,DE,2023-01-08,0,1
CUST_03184,1967,F,CN,2022-07-07,1,1
CUST_03185,1970,F,DE,2021-07-29,1,1
CUST_03186,1962,F,IT,2021-09-29,1,1
CUST_03187,1970,M,IT,2021-06-28,1,1
CUST_03188,1957,M,US,2022-01-19,0,1
CUST_03189,1995,F,US,2023-06-02,0,1
CUST_03190,1989,M,CN,2023-07-09,1,1
CUST_03191,1995,M,CN,2024-02-15,0,1
CUST_03192,1956,F,CN,2024-02-11,1,1
CUST_03193,1972,M,IT,2023-11-16,0,1
CUST_03194,1993,F,DE,2023-04-16,1,0
CUST_03195,1981,M,JP,2021-07-31,0,1
CUST_03196,1960,F,CN,2021-02-23,0,0
CUST_03197,1971,F,CN,2021-07-03,1,1
CUST_03198,1971,F,IT,2022-12-26,1,1
CUST_03199,1992,M,JP,2024-02-10,1,1
CUST_03200,1974,F,IT,2021-07-10,1,1
CUST_03201,1971,F,JP,2024-05-07,1,1
CUST_03202,1977,M,IT,2024-05-09,1,1
CUST_03203,1978,M,DE,2022-10-27,1,1
CUST_03204,1962,F,CN,2023-02-28,0,1
CUST_03205,1967,F,FR,2021-01-26,1,1
CUST_03206,1951,M,FR,2022-08-21,0,1
CUST_03207,1978,F,CN,2023-04-28,0,1
CUST_03208,1970,M,CN,2023-03-06,1,1
CUST_03209,1964,M,CN,2021-06-23,1,1
CUST_03210,2001,F,CN,2024-02-20,1,1
CUST_03211,1976,F,JP,2022-05-13,1,1
CUST_03212,1999,F,DE,2024-03-17,1,1
CUST_03213,1980,Other,FR,2023-12-04,1,1
CUST_03214,1964,M,US,2021-12-14,1,1
CUST_03215,2000,M,FR,2024-11-04,1,1
CUST_03216,1972,M,FR,2023-02-19,1,0
CUST_03217,1973,F,IT,2021-12-14,1,1
CUST_03218,1993,F,CN,2021-10-12,1,1
CUST_03219,1962,M,CN,2022-07-05,0,1
CUST_03220,1971,M,CN,2022-09-09,1,1
CUST_03221,1992,M,IT,2022-07-04,1,1
CUST_03222,1986,F,DE,2023-10-07,0,1
CUST_03223,1982,M,DE,2021-10-26,0,1
CUST_03224,1952,M,US,2021-05-10,0,0
CUST_03225,2003,F,DE,2021-12-09,0,1
CUST_03226,1968,F,DE,2023-06-10,1,1
CUST_03227,1972,F,CN,2022-07-20,1,1
CUST_03228,1978,F,JP,2023-05-13,0,1
CUST_03229,1979,M,FR,2022-09-06,1,1
CUST_03230,1988,F,DE,2023-09-19,0,1
CUST_03231,1993,F,DE,2021-06-07,1,1
CUST_03232,1996,Other,IT,2023-01-10,0,1
CUST_03233,1974,M,US,2022-05-31,1,1
CUST_03234,1986,M,JP,2022-05-21,1,1
CUST_03235,1996,M,IT,2024-07-04,1,1
CUST_03236,1957,M,CN,2023-10-13,1,1
CUST_03237,1991,F,FR,2024-05-01,1,0
CUST_03238,1965,M,US,2024-06-16,0,1
CUST_03239,1957,M,IT,2022-02-05,1,1
CUST_03240,1950,M,DE,2023-07-27,1,1
CUST_03241,1993,M,DE,2021-08-08,1,1
CUST_03242,1954,M,US,2021-10-05,1,1
CUST_03243,1952,M,DE,2022-09-16,1,1
CUST_03244,1950,M,IT,2021-01-14,1,1
CUST_03245,1953,F,IT,2023-03-22,0,1
CUST_03246,1989,F,DE,2022-11-12,0,1
CUST_03247,1984,M,DE,2024-06-24,1,1
CUST_03248,1981,Other,CN,2023-02-18,1,1
CUST_03249,1991,F,FR,2022-11-06,1,1
CUST_03250,1983,F,US,2023-06-21,0,1
CUST_03251,1992,M,IT,2022-11-17,1,1
CUST_03252,1974,M,US,2023-06-01,0,1
CUST_03253,1959,M,CN,2024-08-26,1,1
CUST_03254,1970,M,IT,2024-05-02,1,1
CUST_03255,1995,M,CN,2021-10-06,0,1
CUST_03256,1988,F,CN,2022-09-08,0,1
CUST_03257,1976,M,JP,2022-10-19,1,1
CUST_03258,1976,M,DE,2024-05-20,0,1
CUST_03259,1951,F,JP,2024-11-24,1,1
CUST_03260,1990,M,US,2022-02-16,1,1
CUST_03261,1997,F,US,2023-09-09,1,1
CUST_03262,1962,F,DE,2022-10-06,0,1
CUST_03263,1958,F,JP,2021-12-30,0,1
CUST_03264,2001,Other,US,2023-03-27,1,1
CUST_03265,1985,M,JP,2022-10-16,1,1
CUST_03266,1971,F,DE,2022-08-20,1,1
CUST_03267,1991,F,IT,2024-11-24,1,1
CUST_03268,1975,F,CN,2024-07-20,0,1
CUST_03269,2003,F,CN,2023-10-03,0,1
CUST_03270,1961,F,JP,2024-03-25,1,1
CUST_03271,1966,M,US,2022-05-12,1,1
CUST_03272,1963,F,JP,2022-10-30,0,1
CUST_03273,1963,M,JP,2023-02-10,1,1
CUST_03274,1983,F,FR,2022-07-29,1,1
CUST_03275,2002,F,CN,2023-03-16,1,1
CUST_03276,1969,M,DE,2023-01-18,0,1
CUST_03277,1960,M,JP,2021-08-22,1,1
CUST_03278,1965,M,FR,2024-02-29,1,1
CUST_03279,2000,F,FR,2022-02-14,1,1
CUST_03280,1980,F,CN,2024-04-27,0,1
CUST_03281,2004,F,CN,2024-01-23,1,1
CUST_03282,1955,F,CN,2022-01-04,1,1
CUST_03283,1968,F,DE,2024-10-28,1,1
CUST_03284,1986,M,FR,2024-02-01,1,1
CUST_03285,1953,M,US,2021-02-25,0,1
CUST_03286,1996,F,DE,2023-08-04,1,1
CUST_03287,1953,M,IT,2024-12-21,1,1
CUST_03288,1969,M,JP,2022-03-06,1,1
CUST_03289,1959,M,CN,2023-06-17,1,1
CUST_03290,1973,M,FR,2022-08-20,1,1
CUST_03291,2003,F,JP,2024-11-19,1,1
CUST_03292,1984,M,DE,2021-05-22,1,1
CUST_03293,1975,F,IT,2023-04-18,0,1
CUST_03294,1986,M,DE,2024-10-10,0,1
CUST_03295,1987,M,DE,2023-10-20,1,1
CUST_03296,1970,M,US,2021-10-13,0,1
CUST_03297,2003,F,JP,2024-07-21,1,1
CUST_03298,1989,F,US,2022-09-13,1,1
CUST_03299,1988,F,DE,2022-05-11,1,1
CUST_03300,1970,F,IT,2022-06-02,1,1
CUST_03301,1959,F,FR,2024-09-10,0,1
CUST_03302,1987,F,FR,2021-11-12,1,1
CUST_03303,1995,F,JP,2023-05-17,1,1
CUST_03304,1953,F,CN,2023-02-12,0,1
CUST_03305,1994,M,CN,2021-06-01,0,1
CUST_03306,1969,F,FR,2023-07-09,1,1
CUST_03307,1966,F,DE,2024-05-09,1,1
CUST_03308,2004,F,DE,2023-09-09,1,1
CUST_03309,1956,M,US,2024-04-07,1,1
CUST_03310,1953,F,JP,2023-04-01,0,0
CUST_03311,1978,F,US,2023-12-31,1,1
CUST_03312,1963,M,CN,2023-11-04,0,1
CUST_03313,1952,F,FR,2024-11-17,1,1
CUST_03314,1973,M,DE,2023-05-07,1,1
CUST_03315,1986,M,FR,2024-01-19,1,1
CUST_03316,1965,M,IT,2021-03-17,1,0
CUST_03317,2004,M,FR,2023-01-07,1,1
CUST_03318,2001,F,IT,2024-12-07,0,1
CUST_03319,1953,M,US,2024-01-05,1,1
CUST_03320,1973,M,US,2024-05-01,1,1
CUST_03321,1983,M,CN,2024-07-30,1,1
CUST_03322,1979,M,FR,2021-06-24,1,1
CUST_03323,1967,M,FR,2021-08-12,0,1
CUST_03324,1968,F,IT,2022-05-24,1,1
CUST_03325,1980,M,US,2024-09-08,1,1
CUST_03326,1968,F,IT,2024-09-23,1,1
CUST_03327,1998,F,US,2022-12-29,1,1
CUST_03328,1995,M,IT,2021-12-07,0,1
CUST_03329,1968,F,US,2024-08-18,1,1
CUST_03330,1971,M,IT,2024-06-08,1,1
CUST_03331,1973,M,US,2021-04-01,1,1
CUST_03332,1994,M,JP,2024-02-28,0,1
CUST_03333,1961,M,IT,2024-08-14,0,1
CUST_03334,1979,F,FR,2024-10-19,0,1
CUST_03335,1987,F,CN,2024-08-17,0,1
CUST_03336,2002,M,JP,2023-03-30,1,0
CUST_03337,1980,F,JP,2022-11-11,0,1
CUST_03338,1985,M,IT,2023-06-01,0,1
CUST_03339,1968,F,CN,2021-08-05,1,1
CUST_03340,1997,M,FR,2021-01-22,1,1
CUST_03341,1994,M,JP,2021-07-21,0,1
CUST_03342,1985,M,FR,2022-06-14,0,1
CUST_03343,1979,M,US,2022-03-31,1,1
CUST_03344,2004,F,CN,2023-11-12,0,0
CUST_03345,1998,F,DE,2023-11-29,0,1
CUST_03346,2004,M,US,2024-02-17,1,0
CUST_03347,1982,F,CN,2024-04-03,0,1
CUST_03348,1967,F,IT,2024-11-09,1,1
CUST_03349,2001,F,IT,2024-03-24,1,1
CUST_03350,1998,M,FR,2022-03-29,1,1
CUST_03351,1977,M,JP,2023-07-02,1,1
CUST_03352,1996,F,DE,2023-02-06,1,1
CUST_03353,1960,F,IT,2023-03-13,1,1
CUST_03354,2003,M,CN,2023-08-07,0,1
CUST_03355,1994,M,JP,2024-10-23,0,1
CUST_03356,1982,M,JP,2024-04-20,1,0
CUST_03357,1966,F,CN,2024-11-15,0,1
CUST_03358,1955,F,JP,2023-10-22,1,1
CUST_03359,1953,M,IT,2021-11-05,1,1
CUST_03360,1969,F,CN,2022-12-08,1,1
CUST_03361,1997,F,CN,2021-02-20,1,1
CUST_03362,1996,F,FR,2023-09-16,1,1
CUST_03363,1976,F,DE,2021-08-03,0,1
CUST_03364,1964,F,FR,2022-08-29,1,1
CUST_03365,1955,M,DE,2023-05-02,0,1
CUST_03366,1996,F,CN,2021-06-25,1,1
CUST_03367,1963,M,JP,2021-08-26,1,1
CUST_03368,1960,M,DE,2021-10-18,1,1
CUST_03369,1988,M,CN,2022-12-15,0,1
CUST_03370,1958,M,CN,2022-10-01,1,0
CUST_03371,1975,M,FR,2022-12-04,0,0
CUST_03372,1965,M,FR,2023-07-22,1,1
CUST_03373,1954,F,JP,2022-02-28,0,1
CUST_03374,2001,M,US,2023-12-04,1,1
CUST_03375,1959,F,IT,2023-09-17,1,1
CUST_03376,1999,M,US,2022-12-15,1,1
CUST_03377,1952,F,US,2023-09-03,1,1
CUST_03378,1962,F,JP,2021-07-19,1,1
CUST_03379,1992,M,DE,2023-06-17,1,1
CUST_03380,1998,F,JP,2024-11-27,0,1
CUST_03381,1979,F,JP,2023-07-16,0,1
CUST_03382,2003,F,CN,2022-10-16,1,1
CUST_03383,1994,F,CN,2021-05-18,0,1
CUST_03384,1955,F,CN,2022-09-07,1,1
CUST_03385,1966,F,IT,2021-04-02,1,1
CUST_03386,1994,M,DE,2024-12-26,0,1
CUST_03387,2000,M,DE,2021-08-24,1,1
CUST_03388,2002,F,CN,2021-02-16,1,1
CUST_03389,1968,M,US,2022-12-04,1,1
CUST_03390,1991,F,IT,2024-08-20,0,1
CUST_03391,1984,M,US,2021-08-12,1,1
CUST_03392,1995,F,FR,2024-10-18,1,1
CUST_03393,1975,Other,DE,2021-12-03,1,1
CUST_03394,2000,M,DE,2022-05-15,1,0
CUST_03395,1954,M,US,2023-11-23,0,1
CUST_03396,1978,F,IT,2021-12-24,0,1
CUST_03397,1986,F,DE,2024-02-05,1,0
CUST_03398,1969,M,US,2021-11-24,1,1
CUST_03399,1998,M,JP,2022-11-09,1,1
CUST_03400,1970,F,JP,2024-02-21,1,1
CUST_03401,1959,F,IT,2023-05-24,1,1
CUST_03402,1954,M,US,2023-08-05,1,1
CUST_03403,1985,M,JP,2022-04-20,1,1
CUST_03404,1955,F,IT,2023-04-10,0,0
CUST_03405,1975,M,CN,2024-07-13,1,1
CUST_03406,1953,M,IT,2022-01-13,1,1
CUST_03407,1988,F,FR,2022-01-17,1,1
CUST_03408,1988,M,CN,2024-08-04,1,1
CUST_03409,1999,F,US,2024-09-08,1,1
CUST_03410,1984,M,CN,2023-06-05,1,1
CUST_03411,1950,F,CN,2023-03-22,0,1
CUST_03412,1973,F,US,2021-03-01,1,0
CUST_03413,1985,M,US,2024-06-11,1,1
CUST_03414,1955,F,JP,2022-02-09,0,1
CUST_03415,1990,M,FR,2023-07-10,0,1
CUST_03416,2003,F,US,2024-04-27,0,1
CUST_03417,1995,F,DE,2023-05-30,1,1
CUST_03418,1993,M,DE,2023-03-08,0,1
CUST_03419,1980,M,FR,2021-01-10,1,1
CUST_03420,1969,M,IT,2024-12-14,1,1
CUST_03421,1973,F,IT,2022-03-16,1,1
CUST_03422,1974,M,DE,2022-02-26,1,1
CUST_03423,1985,M,US,2022-07-25,1,0
CUST_03424,1970,M,FR,2024-12-12,1,1
CUST_03425,1979,M,IT,2021-05-09,1,1
CUST_03426,1973,F,IT,2024-03-28,1,1
CUST_03427,1993,M,CN,2021-07-28,1,1
CUST_03428,1991,F,DE,2024-01-05,1,1
CUST_03429,1979,M,US,2022-01-18,1,1
CUST_03430,1971,M,FR,2023-01-20,1,1
CUST_03431,1977,F,IT,2022-10-30,1,1
CUST_03432,1956,Other,CN,2022-02-08,0,1
CUST_03433,1984,F,DE,2023-07-27,0,1
CUST_03434,2004,M,DE,2021-08-22,1,1
CUST_03435,1977,M,FR,2022-06-22,1,1
CUST_03436,1963,F,IT,2024-10-05,0,1
CUST_03437,1959,M,FR,2023-09-30,0,1
CUST_03438,1965,M,FR,2023-12-17,1,1
CUST_03439,1965,F,JP,2024-08-01,1,0
CUST_03440,2003,F,CN,2022-10-04,1,1
CUST_03441,1980,Other,DE,2024-05-07,1,1
CUST_03442,1991,F,JP,2023-03-07,1,1
CUST_03443,1974,F,US,2024-06-05,1,1
CUST_03444,1962,M,DE,2023-03-15,1,1
CUST_03445,1955,M,DE,2024-04-17,1,1
CUST_03446,1993,F,CN,2021-08-22,1,1
CUST_03447,1958,F,US,2022-12-14,1,1
CUST_03448,1994,M,IT,2022-12-22,1,1
CUST_03449,1985,M,US,2023-07-27,1,1
CUST_03450,1992,M,IT,2024-06-18,1,1
CUST_03451,1969,F,US,2021-12-20,0,1
CUST_03452,1967,M,FR,2024-10-11,1,1
CUST_03453,1992,M,US,2024-12-16,1,0
CUST_03454,1970,F,JP,2022-09-02,1,1
CUST_03455,1953,F,JP,2024-06-12,0,1
CUST_03456,1999,M,CN,2024-04-23,0,0
CUST_03457,1982,F,IT,2021-06-23,0,1
CUST_03458,1976,F,DE,2024-10-08,1,1
CUST_03459,1956,M,CN,2021-10-02,1,1
CUST_03460,1955,M,JP,2022-10-04,1,1
CUST_03461,1964,M,JP,2021-08-30,1,1
CUST_03462,1967,M,IT,2022-05-04,0,1
CUST_03463,1981,F,JP,2022-09-18,1,1
CUST_03464,1960,M,JP,2021-08-28,1,1
CUST_03465,1969,F,IT,2022-01-10,1,1
CUST_03466,1973,M,JP,2023-02-04,1,1
CUST_03467,1964,M,DE,2024-11-21,0,1
CUST_03468,1997,F,FR,2021-10-17,1,1
CUST_03469,1956,M,CN,2023-11-13,1,1
CUST_03470,1970,M,DE,2023-03-07,1,1
CUST_03471,1991,M,DE,2023-05-07,1,1
CUST_03472,1975,M,FR,2024-05-06,0,1
CUST_03473,1993,F,CN,2021-10-10,1,1
CUST_03474,1963,M,DE,2024-03-23,1,1
CUST_03475,1986,F,JP,2023-02-25,0,1
CUST_03476,1970,F,FR,2023-05-17,0,1
CUST_03477,1967,M,CN,2022-01-16,1,1
CUST_03478,1954,M,US,2023-09-24,1,1
CUST_03479,1952,F,IT,2024-07-25,0,1
CUST_03480,1972,F,JP,2024-01-06,1,1
CUST_03481,1975,M,FR,2024-11-21,1,1
CUST_03482,1986,F,IT,2024-08-14,1,1
CUST_03483,1973,M,US,2021-12-21,1,1
CUST_03484,1998,F,DE,2024-02-11,0,1
CUST_03485,1968,M,DE,2021-12-08,1,1
CUST_03486,2000,F,CN,2023-09-30,0,1
CUST_03487,1974,F,FR,2022-08-15,1,1
CUST_03488,1970,M,FR,2021-10-15,1,1
CUST_03489,1961,M,CN,2022-01-19,0,1
CUST_03490,1990,M,IT,2022-10-07,1,1
CUST_03491,1982,Other,DE,2023-07-13,1,1
CUST_03492,1999,M,DE,2024-06-22,1,1
CUST_03493,2002,M,FR,2021-04-20,1,1
CUST_03494,1953,F,FR,2023-01-06,1,1
CUST_03495,1991,F,CN,2021-01-20,1,1
CUST_03496,1956,F,US,2023-09-20,1,1
CUST_03497,1971,F,IT,2021-10-07,1,1
CUST_03498,2004,M,JP,2022-02-04,1,1
CUST_03499,1982,F,US,2023-02-26,0,1
CUST_03500,1966,M,US,2024-02-25,0,0
