customer_id,last_purchase,snapshot_date,inactive_date_start,date_end_react,inactive_days,last_purchase_days,is_active,reactivated,marketing_consent,prev_snap_email,prev_snap_letter,prev_snap_sms,prev_snap_call,tot_campaign,inactive_email,inactive_letter,inactive_sms,inactive_call,inactive_tot_campaign,n_day_acq,quantity_sum,quantity_mean,net_sale_euro_sum,u_price_mean,net_sale_euro_bags,net_sale_euro_rtw,net_sale_euro_shoes,net_sale_euro_slg,net_sale_euro_textile,quantity_bags,quantity_rtw,quantity_shoes,quantity_slg,quantity_textile,gender,age,Africa,Asia,Europe,North America,South America,Oceania,Antarctica,continent
CUST_00211,2024-06-01,2024-10-01,2024-09-29,2024-10-30,31,151,1,True,1,0.0,0.0,1.0,1.0,2.0,0.0,0.0,0.0,0.0,0.0,2,5,2.5,1160.99,330.53499999999997,0.0,494.43,0.0,666.56,0.0,0,1,0,4,0,F,37,1.0,0.0,0.0,0,0,0,0,Asia
CUST_00624,2024-06-02,2024-10-01,2024-09-30,2024-12-30,91,211,0,False,1,0.0,0.0,0.0,0.0,0.0,0.0,0.0,0.0,0.0,0.0,1,2,2.0,1458.08,729.04,0.0,0.0,0.0,0.0,1458.08,0,0,0,0,2,M,47,1.0,0.0,0.0,0,0,0,0,Asia
CUST_00689,2024-06-01,2024-10-01,2024-09-29,2024-12-17,79,199,1,True,1,0.0,1.0,1.0,0.0,2.0,0.0,0.0,1.0,0.0,1.0,2,5,2.5,2422.41,561.9525,0.0,0.0,523.8,1898.61,0.0,0,0,3,2,0,M,29,1.0,0.0,0.0,0,0,0,0,Asia
CUST_00775,2024-06-02,2024-10-01,2024-09-30,2024-10-16,16,136,1,True,1,0.0,0.0,0.0,0.0,0.0,0.0,0.0,0.0,0.0,0.0,2,3,1.5,1803.9099999999999,796.49,421.86,1382.05,0.0,0.0,0.0,2,1,0,0,0,F,51,0.0,1.0,0.0,0,0,0,0,Europe
CUST_00857,2024-06-02,2024-10-01,2024-09-30,2024-12-30,91,211,0,False,1,0.0,0.0,0.0,0.0,0.0,0.0,0.0,0.0,0.0,0.0,1,2,2.0,489.29,244.645,0.0,0.0,489.29,0.0,0.0,0,0,2,0,0,F,21,1.0,0.0,0.0,0,0,0,0,Asia
CUST_01549,2024-06-02,2024-10-01,2024-09-30,2024-12-30,91,211,0,False,1,0.0,0.0,0.0,0.0,0.0,0.0,0.0,0.0,0.0,0.0,1,2,2.0,272.06,136.03,0.0,0.0,272.06,0.0,0.0,0,0,2,0,0,F,64,1.0,0.0,0.0,0,0,0,0,Asia
CUST_01860,2024-06-01,2024-10-01,2024-09-29,2024-10-11,12,132,1,True,1,0.0,3.0,0.0,0.0,3.0,0.0,0.0,0.0,0.0,0.0,2,5,2.5,3030.8500000000004,833.4050000000001,0.0,1818.72,0.0,1212.13,0.0,0,4,0,1,0,F,31,0.0,1.0,0.0,0,0,0,0,Europe
CUST_01948,2024-06-01,2024-10-01,2024-09-29,2024-12-30,92,212,0,False,1,0.0,0.0,0.0,0.0,0.0,0.0,0.0,0.0,0.0,0.0,1,1,1.0,1781.29,1781.29,0.0,1781.29,0.0,0.0,0.0,0,1,0,0,0,M,57,0.0,1.0,0.0,0,0,0,0,Europe
CUST_01998,2024-06-02,2024-10-01,2024-09-30,2024-12-30,91,211,0,False,1,0.0,0.0,0.0,0.0,0.0,0.0,0.0,0.0,0.0,0.0,1,2,2.0,415.03,207.515,0.0,415.03,0.0,0.0,0.0,0,2,0,0,0,F,52,0.0,1.0,0.0,0,0,0,0,Europe
CUST_02185,2024-06-02,2024-10-01,2024-09-30,2024-12-30,91,211,0,False,1,0.0,0.0,0.0,0.0,0.0,0.0,0.0,0.0,0.0,0.0,1,1,1.0,302.76,302.76,302.76,0.0,0.0,0.0,0.0,1,0,0,0,0,M,26,0.0,0.0,1.0,0,0,0,0,North America
CUST_02299,2024-06-02,2024-10-01,2024-09-30,2024-11-13,44,164,1,True,1,1.0,1.0,1.0,0.0,3.0,0.0,0.0,1.0,0.0,1.0,2,6,3.0,1725.5800000000002,287.5966666666667,677.45,1048.13,0.0,0.0,0.0,3,3,0,0,0,F,44,1.0,0.0,0.0,0,0,0,0,Asia
CUST_02350,2024-06-02,2024-10-01,2024-09-30,2024-12-30,91,211,0,False,1,0.0,0.0,0.0,0.0,0.0,0.0,0.0,0.0,0.0,0.0,1,2,2.0,1285.34,642.67,0.0,0.0,0.0,1285.34,0.0,0,0,0,2,0,F,59,1.0,0.0,0.0,0,0,0,0,Asia
CUST_02389,2024-06-01,2024-10-01,2024-09-29,2024-11-29,61,181,1,True,1,1.0,0.0,0.0,0.0,1.0,1.0,0.0,0.0,0.0,1.0,2,3,1.5,2146.3,931.38,0.0,0.0,0.0,567.08,1579.22,0,0,0,2,1,F,29,0.0,1.0,0.0,0,0,0,0,Europe
CUST_02391,2024-06-02,2024-10-01,2024-09-30,2024-12-28,89,209,1,True,1,0.0,0.0,0.0,0.0,0.0,0.0,0.0,0.0,0.0,0.0,2,6,3.0,2110.14,460.30999999999995,0.0,1572.34,0.0,0.0,537.8,0,2,0,0,4,M,64,0.0,1.0,0.0,0,0,0,0,Europe
CUST_02580,2024-06-02,2024-10-01,2024-09-30,2024-12-30,91,211,0,False,1,0.0,0.0,0.0,0.0,0.0,0.0,0.0,0.0,0.0,0.0,1,3,3.0,1170.44,390.1466666666667,1170.44,0.0,0.0,0.0,0.0,3,0,0,0,0,M,28,0.0,0.0,1.0,0,0,0,0,North America
CUST_02934,2024-06-01,2024-10-01,2024-09-29,2024-12-30,92,212,0,False,1,0.0,0.0,0.0,0.0,0.0,0.0,0.0,0.0,0.0,0.0,1,2,2.0,784.29,392.145,0.0,0.0,0.0,0.0,784.29,0,0,0,0,2,F,44,0.0,0.0,1.0,0,0,0,0,North America
CUST_03132,2024-06-01,2024-10-01,2024-09-29,2024-11-13,45,165,1,True,1,0.0,0.0,0.0,1.0,1.0,0.0,0.0,0.0,0.0,0.0,2,2,1.0,1914.6399999999999,957.3199999999999,1032.85,0.0,0.0,881.79,0.0,1,0,0,1,0,M,51,1.0,0.0,0.0,0,0,0,0,Asia
CUST_03232,2024-06-01,2024-10-01,2024-09-29,2024-12-30,92,212,0,False,1,0.0,0.0,0.0,0.0,0.0,0.0,0.0,0.0,0.0,0.0,1,2,2.0,401.13,200.565,0.0,0.0,401.13,0.0,0.0,0,0,2,0,0,Other,29,0.0,1.0,0.0,0,0,0,0,Europe
CUST_03392,2024-06-01,2024-10-01,2024-09-29,2024-10-07,8,128,1,True,1,0.0,0.0,0.0,0.0,0.0,0.0,0.0,0.0,0.0,0.0,2,5,2.5,2363.34,462.2125,819.87,1543.47,0.0,0.0,0.0,2,3,0,0,0,F,30,0.0,1.0,0.0,0,0,0,0,Europe
CUST_00078,2024-06-09,2024-10-08,2024-10-07,2025-01-06,91,211,0,False,1,0.0,0.0,0.0,0.0,0.0,0.0,0.0,0.0,0.0,0.0,1,1,1.0,1558.27,1558.27,1558.27,0.0,0.0,0.0,0.0,1,0,0,0,0,M,72,1.0,0.0,0.0,0,0,0,0,Asia
CUST_00211,2024-06-01,2024-10-08,2024-09-29,2024-10-30,31,151,1,True,1,0.0,0.0,1.0,1.0,2.0,0.0,0.0,0.0,0.0,0.0,2,5,2.5,1160.99,330.53499999999997,0.0,494.43,0.0,666.56,0.0,0,1,0,4,0,F,37,1.0,0.0,0.0,0,0,0,0,Asia
CUST_00316,2024-06-04,2024-10-08,2024-10-02,2025-01-06,96,216,0,False,1,0.0,0.0,0.0,0.0,0.0,0.0,0.0,0.0,0.0,0.0,1,3,3.0,657.32,219.10666666666668,0.0,0.0,0.0,0.0,657.32,0,0,0,0,3,F,39,0.0,1.0,0.0,0,0,0,0,Europe
CUST_00383,2024-06-07,2024-10-08,2024-10-05,2024-12-18,74,194,1,True,1,0.0,1.0,0.0,0.0,1.0,0.0,0.0,0.0,0.0,0.0,2,3,1.5,1337.63,445.96500000000003,0.0,0.0,0.0,891.4,446.23,0,0,0,2,1,M,55,1.0,0.0,0.0,0,0,0,0,Asia
CUST_00498,2024-06-04,2024-10-08,2024-10-02,2025-01-06,96,216,0,False,1,0.0,0.0,0.0,0.0,0.0,0.0,0.0,0.0,0.0,0.0,1,1,1.0,1978.45,1978.45,1978.45,0.0,0.0,0.0,0.0,1,0,0,0,0,F,24,0.0,1.0,0.0,0,0,0,0,Europe
CUST_00624,2024-06-02,2024-10-08,2024-09-30,2025-01-06,98,218,0,False,1,0.0,0.0,0.0,0.0,0.0,0.0,0.0,0.0,0.0,0.0,1,2,2.0,1458.08,729.04,0.0,0.0,0.0,0.0,1458.08,0,0,0,0,2,M,47,1.0,0.0,0.0,0,0,0,0,Asia
CUST_00680,2024-06-03,2024-10-08,2024-10-01,2025-01-06,97,217,0,False,0,0.0,0.0,0.0,0.0,0.0,0.0,0.0,0.0,0.0,0.0,1,2,2.0,1846.56,923.28,1846.56,0.0,0.0,0.0,0.0,2,0,0,0,0,F,57,0.0,1.0,0.0,0,0,0,0,Europe
CUST_00689,2024-06-01,2024-10-08,2024-09-29,2024-12-17,79,199,1,True,1,0.0,1.0,1.0,0.0,2.0,0.0,0.0,1.0,0.0,1.0,2,5,2.5,2422.41,561.9525,0.0,0.0,523.8,1898.61,0.0,0,0,3,2,0,M,29,1.0,0.0,0.0,0,0,0,0,Asia
CUST_00747,2024-06-04,2024-10-08,2024-10-02,2025-01-06,96,216,0,False,1,0.0,0.0,0.0,0.0,0.0,0.0,0.0,0.0,0.0,0.0,1,1,1.0,1002.44,1002.44,0.0,0.0,1002.44,0.0,0.0,0,0,1,0,0,F,72,0.0,0.0,1.0,0,0,0,0,North America
CUST_00775,2024-06-02,2024-10-08,2024-09-30,2024-10-16,16,136,1,True,1,0.0,0.0,0.0,0.0,0.0,0.0,0.0,0.0,0.0,0.0,2,3,1.5,1803.9099999999999,796.49,421.86,1382.05,0.0,0.0,0.0,2,1,0,0,0,F,51,0.0,1.0,0.0,0,0,0,0,Europe
CUST_00857,2024-06-02,2024-10-08,2024-09-30,2025-01-06,98,218,0,False,1,0.0,0.0,0.0,0.0,0.0,0.0,0.0,0.0,0.0,0.0,1,2,2.0,489.29,244.645,0.0,0.0,489.29,0.0,0.0,0,0,2,0,0,F,21,1.0,0.0,0.0,0,0,0,0,Asia
CUST_00953,2024-06-06,2024-10-08,2024-10-04,2025-01-06,94,214,0,False,0,0.0,0.0,0.0,0.0,0.0,0.0,0.0,0.0,0.0,0.0,1,1,1.0,1049.42,1049.42,0.0,0.0,0.0,0.0,1049.42,0,0,0,0,1,F,38,1.0,0.0,0.0,0,0,0,0,Asia
CUST_01093,2024-06-08,2024-10-08,2024-10-06,2025-01-06,92,212,0,False,1,0.0,0.0,0.0,0.0,0.0,0.0,0.0,0.0,0.0,0.0,1,1,1.0,626.04,626.04,0.0,0.0,0.0,626.04,0.0,0,0,0,1,0,M,42,0.0,0.0,1.0,0,0,0,0,North America
CUST_01107,2024-06-05,2024-10-08,2024-10-03,2025-01-06,95,215,0,False,1,0.0,0.0,0.0,0.0,0.0,0.0,0.0,0.0,0.0,0.0,1,1,1.0,416.64,416.64,0.0,0.0,0.0,416.64,0.0,0,0,0,1,0,F,31,0.0,1.0,0.0,0,0,0,0,Europe
CUST_01197,2024-06-09,2024-10-08,2024-10-07,2025-01-06,91,211,0,False,1,0.0,0.0,0.0,0.0,0.0,0.0,0.0,0.0,0.0,0.0,1,1,1.0,1200.52,1200.52,0.0,1200.52,0.0,0.0,0.0,0,1,0,0,0,Other,61,0.0,0.0,1.0,0,0,0,0,North America
CUST_01235,2024-06-07,2024-10-08,2024-10-05,2024-11-04,30,150,1,True,1,0.0,0.0,0.0,0.0,0.0,0.0,0.0,0.0,0.0,0.0,2,9,4.5,2233.46,495.6364285714286,0.0,0.0,351.28,1882.18,0.0,0,0,7,2,0,M,31,0.0,1.0,0.0,0,0,0,0,Europe
CUST_01296,2024-06-05,2024-10-08,2024-10-03,2024-12-01,59,179,1,True,1,2.0,0.0,0.0,0.0,2.0,1.0,0.0,0.0,0.0,1.0,2,4,2.0,672.77,168.1925,0.0,0.0,399.16,273.61,0.0,0,0,2,2,0,F,38,1.0,0.0,0.0,0,0,0,0,Asia
CUST_01369,2024-06-06,2024-10-08,2024-10-04,2025-01-06,94,214,0,False,1,0.0,0.0,0.0,0.0,0.0,0.0,0.0,0.0,0.0,0.0,1,2,2.0,808.98,404.49,0.0,0.0,808.98,0.0,0.0,0,0,2,0,0,M,30,0.0,1.0,0.0,0,0,0,0,Europe
CUST_01505,2024-06-03,2024-10-08,2024-10-01,2025-01-06,97,217,0,False,1,0.0,0.0,0.0,0.0,0.0,0.0,0.0,0.0,0.0,0.0,1,1,1.0,356.49,356.49,356.49,0.0,0.0,0.0,0.0,1,0,0,0,0,M,29,0.0,0.0,1.0,0,0,0,0,North America
CUST_01517,2024-06-06,2024-10-08,2024-10-04,2024-12-26,83,203,1,True,1,0.0,0.0,2.0,2.0,4.0,0.0,0.0,0.0,0.0,0.0,2,4,2.0,1945.21,486.3025,0.0,937.67,0.0,0.0,1007.54,0,2,0,0,2,M,24,1.0,0.0,0.0,0,0,0,0,Asia
CUST_01521,2024-06-07,2024-10-08,2024-10-05,2025-01-06,93,213,0,False,1,0.0,0.0,0.0,0.0,0.0,0.0,0.0,0.0,0.0,0.0,1,2,2.0,1736.56,868.28,0.0,0.0,0.0,1736.56,0.0,0,0,0,2,0,M,62,1.0,0.0,0.0,0,0,0,0,Asia
CUST_01549,2024-06-02,2024-10-08,2024-09-30,2025-01-06,98,218,0,False,1,0.0,0.0,0.0,0.0,0.0,0.0,0.0,0.0,0.0,0.0,1,2,2.0,272.06,136.03,0.0,0.0,272.06,0.0,0.0,0,0,2,0,0,F,64,1.0,0.0,0.0,0,0,0,0,Asia
CUST_01673,2024-06-08,2024-10-08,2024-10-06,2025-01-06,92,212,0,False,1,0.0,0.0,0.0,0.0,0.0,0.0,0.0,0.0,0.0,0.0,1,3,3.0,169.6,56.53333333333333,0.0,169.6,0.0,0.0,0.0,0,3,0,0,0,F,67,1.0,0.0,0.0,0,0,0,0,Asia
CUST_01815,2024-06-07,2024-10-08,2024-10-05,2024-12-08,64,184,1,True,0,1.0,0.0,1.0,0.0,2.0,0.0,0.0,0.0,0.0,0.0,2,5,2.5,3056.9300000000003,659.445,0.0,1799.48,1257.45,0.0,0.0,0,2,3,0,0,M,56,0.0,1.0,0.0,0,0,0,0,Europe
CUST_01830,2024-06-03,2024-10-08,2024-10-01,2024-10-24,23,143,1,True,1,0.0,1.0,0.0,0.0,1.0,0.0,1.0,0.0,0.0,1.0,2,5,2.5,1656.1399999999999,303.2375,0.0,326.57,0.0,0.0,1329.57,0,2,0,0,3,F,75,1.0,0.0,0.0,0,0,0,0,Asia
CUST_01860,2024-06-01,2024-10-08,2024-09-29,2024-10-11,12,132,1,True,1,0.0,3.0,0.0,0.0,3.0,0.0,0.0,0.0,0.0,0.0,2,5,2.5,3030.8500000000004,833.4050000000001,0.0,1818.72,0.0,1212.13,0.0,0,4,0,1,0,F,31,0.0,1.0,0.0,0,0,0,0,Europe
CUST_01915,2024-06-07,2024-10-08,2024-10-05,2025-01-06,93,213,0,False,1,0.0,0.0,0.0,0.0,0.0,0.0,0.0,0.0,0.0,0.0,1,3,3.0,1386.94,462.31333333333333,1386.94,0.0,0.0,0.0,0.0,3,0,0,0,0,M,42,1.0,0.0,0.0,0,0,0,0,Asia
CUST_01931,2024-06-05,2024-10-08,2024-10-03,2024-11-04,32,152,1,True,1,0.0,0.0,0.0,0.0,0.0,0.0,0.0,0.0,0.0,0.0,2,3,1.5,2109.63,738.4175,0.0,2109.63,0.0,0.0,0.0,0,3,0,0,0,F,59,1.0,0.0,0.0,0,0,0,0,Asia
CUST_01948,2024-06-01,2024-10-08,2024-09-29,2025-01-06,99,219,0,False,1,0.0,0.0,0.0,0.0,0.0,0.0,0.0,0.0,0.0,0.0,1,1,1.0,1781.29,1781.29,0.0,1781.29,0.0,0.0,0.0,0,1,0,0,0,M,57,0.0,1.0,0.0,0,0,0,0,Europe
CUST_01998,2024-06-02,2024-10-08,2024-09-30,2025-01-06,98,218,0,False,1,0.0,0.0,0.0,0.0,0.0,0.0,0.0,0.0,0.0,0.0,1,2,2.0,415.03,207.515,0.0,415.03,0.0,0.0,0.0,0,2,0,0,0,F,52,0.0,1.0,0.0,0,0,0,0,Europe
CUST_02010,2024-06-04,2024-10-08,2024-10-02,2024-10-21,19,139,1,True,1,3.0,0.0,0.0,1.0,4.0,0.0,0.0,0.0,0.0,0.0,2,6,3.0,2800.9,593.95375,0.0,1950.73,0.0,0.0,850.17,0,2,0,0,4,M,48,0.0,1.0,0.0,0,0,0,0,Europe
CUST_02017,2024-06-07,2024-10-08,2024-10-05,2025-01-06,93,213,0,False,1,0.0,0.0,0.0,0.0,0.0,0.0,0.0,0.0,0.0,0.0,1,4,4.0,251.71,62.9275,0.0,0.0,0.0,251.71,0.0,0,0,0,4,0,F,56,0.0,1.0,0.0,0,0,0,0,Europe
CUST_02040,2024-06-08,2024-10-08,2024-10-06,2024-10-10,4,124,1,True,1,0.0,1.0,0.0,0.0,1.0,0.0,0.0,0.0,0.0,0.0,2,4,2.0,1180.32,295.08,0.0,0.0,772.92,0.0,407.4,0,0,2,0,2,M,24,0.0,1.0,0.0,0,0,0,0,Europe
CUST_02070,2024-06-06,2024-10-08,2024-10-04,2025-01-06,94,214,0,False,1,0.0,0.0,0.0,0.0,0.0,0.0,0.0,0.0,0.0,0.0,1,5,5.0,397.23,79.446,0.0,0.0,397.23,0.0,0.0,0,0,5,0,0,M,44,1.0,0.0,0.0,0,0,0,0,Asia
CUST_02164,2024-06-05,2024-10-08,2024-10-03,2025-01-06,95,215,0,False,0,0.0,0.0,0.0,0.0,0.0,0.0,0.0,0.0,0.0,0.0,1,2,2.0,468.6,234.3,0.0,0.0,0.0,468.6,0.0,0,0,0,2,0,M,35,1.0,0.0,0.0,0,0,0,0,Asia
CUST_02185,2024-06-02,2024-10-08,2024-09-30,2025-01-06,98,218,0,False,1,0.0,0.0,0.0,0.0,0.0,0.0,0.0,0.0,0.0,0.0,1,1,1.0,302.76,302.76,302.76,0.0,0.0,0.0,0.0,1,0,0,0,0,M,26,0.0,0.0,1.0,0,0,0,0,North America
CUST_02192,2024-06-06,2024-10-08,2024-10-04,2024-12-07,64,184,1,True,1,0.0,0.0,1.0,0.0,1.0,0.0,0.0,0.0,0.0,0.0,3,6,2.0,3861.7200000000003,811.0255555555556,1555.42,0.0,653.34,1652.96,0.0,1,0,2,3,0,F,46,1.0,0.0,0.0,0,0,0,0,Asia
CUST_02299,2024-06-02,2024-10-08,2024-09-30,2024-11-13,44,164,1,True,1,1.0,1.0,1.0,0.0,3.0,0.0,0.0,1.0,0.0,1.0,2,6,3.0,1725.5800000000002,287.5966666666667,677.45,1048.13,0.0,0.0,0.0,3,3,0,0,0,F,44,1.0,0.0,0.0,0,0,0,0,Asia
CUST_02350,2024-06-02,2024-10-08,2024-09-30,2025-01-06,98,218,0,False,1,0.0,0.0,0.0,0.0,0.0,0.0,0.0,0.0,0.0,0.0,1,2,2.0,1285.34,642.67,0.0,0.0,0.0,1285.34,0.0,0,0,0,2,0,F,59,1.0,0.0,0.0,0,0,0,0,Asia
CUST_02389,2024-06-01,2024-10-08,2024-09-29,2024-11-29,61,181,1,True,1,1.0,0.0,0.0,0.0,1.0,1.0,0.0,0.0,0.0,1.0,2,3,1.5,2146.3,931.38,0.0,0.0,0.0,567.08,1579.22,0,0,0,2,1,F,29,0.0,1.0,0.0,0,0,0,0,Europe
CUST_02391,2024-06-02,2024-10-08,2024-09-30,2024-12-28,89,209,1,True,1,0.0,0.0,0.0,0.0,0.0,0.0,0.0,0.0,0.0,0.0,2,6,3.0,2110.14,460.30999999999995,0.0,1572.34,0.0,0.0,537.8,0,2,0,0,4,M,64,0.0,1.0,0.0,0,0,0,0,Europe
CUST_02409,2024-06-06,2024-10-08,2024-10-04,2025-01-06,94,214,0,False,1,0.0,0.0,0.0,0.0,0.0,0.0,0.0,0.0,0.0,0.0,1,1,1.0,636.01,636.01,0.0,636.01,0.0,0.0,0.0,0,1,0,0,0,F,47,0.0,1.0,0.0,0,0,0,0,Europe
CUST_02557,2024-06-03,2024-10-08,2024-10-01,2025-01-06,97,217,0,False,1,0.0,0.0,0.0,0.0,0.0,0.0,0.0,0.0,0.0,0.0,1,2,2.0,494.46,247.23,0.0,0.0,0.0,0.0,494.46,0,0,0,0,2,M,67,1.0,0.0,0.0,0,0,0,0,Asia
CUST_02580,2024-06-02,2024-10-08,2024-09-30,2025-01-06,98,218,0,False,1,0.0,0.0,0.0,0.0,0.0,0.0,0.0,0.0,0.0,0.0,1,3,3.0,1170.44,390.1466666666667,1170.44,0.0,0.0,0.0,0.0,3,0,0,0,0,M,28,0.0,0.0,1.0,0,0,0,0,North America
CUST_02600,2024-06-09,2024-10-08,2024-10-07,2025-01-06,91,211,0,False,1,0.0,0.0,0.0,0.0,0.0,0.0,0.0,0.0,0.0,0.0,1,1,1.0,273.37,273.37,0.0,0.0,273.37,0.0,0.0,0,0,1,0,0,F,61,1.0,0.0,0.0,0,0,0,0,Asia
CUST_02678,2024-06-06,2024-10-08,2024-10-04,2024-12-03,60,180,1,True,0,1.0,0.0,0.0,0.0,1.0,0.0,0.0,0.0,0.0,0.0,2,6,3.0,1486.8899999999999,328.395,346.62,1140.27,0.0,0.0,0.0,4,2,0,0,0,M,57,1.0,0.0,0.0,0,0,0,0,Asia
CUST_02756,2024-06-03,2024-10-08,2024-10-01,2024-12-12,72,192,1,True,1,1.0,0.0,0.0,1.0,2.0,0.0,0.0,0.0,0.0,0.0,2,4,2.0,1971.68,767.9100000000001,1971.68,0.0,0.0,0.0,0.0,4,0,0,0,0,F,49,0.0,1.0,0.0,0,0,0,0,Europe
CUST_02897,2024-06-07,2024-10-08,2024-10-05,2024-10-22,17,137,1,True,1,0.0,0.0,1.0,0.0,1.0,0.0,0.0,0.0,0.0,0.0,2,4,2.0,2889.06,722.265,0.0,0.0,0.0,0.0,2889.06,0,0,0,0,4,M,43,0.0,1.0,0.0,0,0,0,0,Europe
CUST_02934,2024-06-01,2024-10-08,2024-09-29,2025-01-06,99,219,0,False,1,0.0,0.0,0.0,0.0,0.0,0.0,0.0,0.0,0.0,0.0,1,2,2.0,784.29,392.145,0.0,0.0,0.0,0.0,784.29,0,0,0,0,2,F,44,0.0,0.0,1.0,0,0,0,0,North America
CUST_02979,2024-06-08,2024-10-08,2024-10-06,2025-01-06,92,212,0,False,1,0.0,0.0,0.0,0.0,0.0,0.0,0.0,0.0,0.0,0.0,2,4,2.0,2384.9300000000003,719.4216666666666,0.0,965.8,1419.13,0.0,0.0,0,1,3,0,0,F,26,1.0,0.0,0.0,0,0,0,0,Asia
CUST_03132,2024-06-01,2024-10-08,2024-09-29,2024-11-13,45,165,1,True,1,0.0,0.0,0.0,1.0,1.0,0.0,0.0,0.0,0.0,0.0,2,2,1.0,1914.6399999999999,957.3199999999999,1032.85,0.0,0.0,881.79,0.0,1,0,0,1,0,M,51,1.0,0.0,0.0,0,0,0,0,Asia
CUST_03134,2024-06-06,2024-10-08,2024-10-04,2024-12-28,85,205,1,True,1,0.0,0.0,0.0,0.0,0.0,0.0,0.0,0.0,0.0,0.0,2,3,1.5,1382.36,665.155,0.0,1382.36,0.0,0.0,0.0,0,3,0,0,0,M,26,0.0,0.0,1.0,0,0,0,0,North America
CUST_03155,2024-06-03,2024-10-08,2024-10-01,2024-11-26,56,176,1,True,1,1.0,0.0,1.0,2.0,4.0,0.0,0.0,0.0,0.0,0.0,2,3,1.5,2122.27,751.905,0.0,0.0,0.0,885.35,1236.92,0,0,0,1,2,M,36,1.0,0.0,0.0,0,0,0,0,Asia
CUST_03196,2024-06-07,2024-10-08,2024-10-05,2025-01-06,93,213,0,False,0,0.0,0.0,0.0,0.0,0.0,0.0,0.0,0.0,0.0,0.0,1,4,4.0,153.94,38.485,153.94,0.0,0.0,0.0,0.0,4,0,0,0,0,F,65,1.0,0.0,0.0,0,0,0,0,Asia
CUST_03232,2024-06-01,2024-10-08,2024-09-29,2025-01-06,99,219,0,False,1,0.0,0.0,0.0,0.0,0.0,0.0,0.0,0.0,0.0,0.0,1,2,2.0,401.13,200.565,0.0,0.0,401.13,0.0,0.0,0,0,2,0,0,Other,29,0.0,1.0,0.0,0,0,0,0,Europe
CUST_03306,2024-06-04,2024-10-08,2024-10-02,2024-11-15,44,164,1,True,1,0.0,0.0,0.0,0.0,0.0,0.0,0.0,0.0,0.0,0.0,2,4,2.0,1600.9099999999999,519.0216666666666,756.61,0.0,0.0,0.0,844.3,1,0,0,0,3,F,56,0.0,1.0,0.0,0,0,0,0,Europe
CUST_03310,2024-06-07,2024-10-08,2024-10-05,2025-01-06,93,213,0,False,0,0.0,0.0,0.0,0.0,0.0,0.0,0.0,0.0,0.0,0.0,1,2,2.0,1100.4,550.2,0.0,0.0,0.0,0.0,1100.4,0,0,0,0,2,F,72,1.0,0.0,0.0,0,0,0,0,Asia
CUST_00011,2024-06-12,2024-10-15,2024-10-10,2024-12-16,67,187,1,True,1,1.0,0.0,1.0,0.0,2.0,0.0,0.0,0.0,0.0,0.0,2,4,2.0,1726.75,797.5883333333334,1726.75,0.0,0.0,0.0,0.0,4,0,0,0,0,M,65,1.0,0.0,0.0,0,0,0,0,Asia
CUST_00037,2024-06-11,2024-10-15,2024-10-09,2025-01-13,96,216,0,False,1,0.0,0.0,0.0,0.0,0.0,0.0,0.0,0.0,0.0,0.0,1,3,3.0,916.71,305.57,0.0,0.0,0.0,0.0,916.71,0,0,0,0,3,F,60,0.0,1.0,0.0,0,0,0,0,Europe
CUST_00039,2024-06-16,2024-10-15,2024-10-14,2025-01-13,91,211,0,False,1,0.0,0.0,0.0,0.0,0.0,0.0,0.0,0.0,0.0,0.0,2,2,1.0,3353.9700000000003,1676.9850000000001,0.0,3353.9700000000003,0.0,0.0,0.0,0,2,0,0,0,F,29,1.0,0.0,0.0,0,0,0,0,Asia
CUST_00078,2024-06-09,2024-10-15,2024-10-07,2025-01-13,98,218,0,False,1,0.0,0.0,0.0,0.0,0.0,0.0,0.0,0.0,0.0,0.0,1,1,1.0,1558.27,1558.27,1558.27,0.0,0.0,0.0,0.0,1,0,0,0,0,M,72,1.0,0.0,0.0,0,0,0,0,Asia
CUST_00155,2024-06-12,2024-10-15,2024-10-10,2024-11-18,39,159,1,True,1,1.0,0.0,0.0,0.0,1.0,0.0,0.0,0.0,0.0,0.0,2,3,1.5,2835.5699999999997,1112.465,0.0,1221.28,0.0,1614.29,0.0,0,2,0,1,0,M,50,0.0,1.0,0.0,0,0,0,0,Europe
CUST_00191,2024-06-11,2024-10-15,2024-10-09,2025-01-13,96,216,0,False,1,0.0,0.0,0.0,0.0,0.0,0.0,0.0,0.0,0.0,0.0,1,1,1.0,520.35,520.35,0.0,520.35,0.0,0.0,0.0,0,1,0,0,0,F,23,0.0,0.0,1.0,0,0,0,0,North America
CUST_00211,2024-06-01,2024-10-15,2024-09-29,2024-10-30,31,151,1,True,1,0.0,0.0,1.0,1.0,2.0,0.0,0.0,0.0,0.0,0.0,2,5,2.5,1160.99,330.53499999999997,0.0,494.43,0.0,666.56,0.0,0,1,0,4,0,F,37,1.0,0.0,0.0,0,0,0,0,Asia
CUST_00274,2024-06-16,2024-10-15,2024-10-14,2024-12-14,61,181,1,True,1,0.0,0.0,0.0,0.0,0.0,0.0,0.0,0.0,0.0,0.0,2,2,1.0,1129.29,564.645,0.0,934.76,0.0,194.53,0.0,0,1,0,1,0,F,67,1.0,0.0,0.0,0,0,0,0,Asia
CUST_00316,2024-06-04,2024-10-15,2024-10-02,2025-01-13,103,223,0,False,1,0.0,0.0,0.0,0.0,0.0,0.0,0.0,0.0,0.0,0.0,1,3,3.0,657.32,219.10666666666668,0.0,0.0,0.0,0.0,657.32,0,0,0,0,3,F,39,0.0,1.0,0.0,0,0,0,0,Europe
CUST_00346,2024-06-10,2024-10-15,2024-10-08,2025-01-13,97,217,0,False,1,0.0,0.0,0.0,0.0,0.0,0.0,0.0,0.0,0.0,0.0,1,2,2.0,1368.84,684.42,0.0,0.0,0.0,0.0,1368.84,0,0,0,0,2,M,30,1.0,0.0,0.0,0,0,0,0,Asia
CUST_00373,2024-06-14,2024-10-15,2024-10-12,2024-11-25,44,164,1,True,1,1.0,1.0,1.0,1.0,4.0,0.0,0.0,0.0,0.0,0.0,2,4,2.0,3163.04,965.98,0.0,0.0,0.0,3163.04,0.0,0,0,0,4,0,F,46,0.0,1.0,0.0,0,0,0,0,Europe
CUST_00383,2024-06-07,2024-10-15,2024-10-05,2024-12-18,74,194,1,True,1,0.0,1.0,0.0,0.0,1.0,0.0,0.0,0.0,0.0,0.0,2,3,1.5,1337.63,445.96500000000003,0.0,0.0,0.0,891.4,446.23,0,0,0,2,1,M,55,1.0,0.0,0.0,0,0,0,0,Asia
CUST_00400,2024-06-10,2024-10-15,2024-10-08,2024-12-12,65,185,1,True,1,0.0,0.0,0.0,1.0,1.0,0.0,0.0,0.0,0.0,0.0,2,4,2.0,2799.5600000000004,699.8900000000001,0.0,0.0,2799.5600000000004,0.0,0.0,0,0,4,0,0,M,30,0.0,1.0,0.0,0,0,0,0,Europe
CUST_00406,2024-06-13,2024-10-15,2024-10-11,2025-01-13,94,214,0,False,1,0.0,0.0,0.0,0.0,0.0,0.0,0.0,0.0,0.0,0.0,1,1,1.0,1297.4,1297.4,0.0,0.0,1297.4,0.0,0.0,0,0,1,0,0,M,52,0.0,1.0,0.0,0,0,0,0,Europe
CUST_00498,2024-06-04,2024-10-15,2024-10-02,2025-01-13,103,223,0,False,1,0.0,0.0,0.0,0.0,0.0,0.0,0.0,0.0,0.0,0.0,1,1,1.0,1978.45,1978.45,1978.45,0.0,0.0,0.0,0.0,1,0,0,0,0,F,24,0.0,1.0,0.0,0,0,0,0,Europe
CUST_00503,2024-06-10,2024-10-15,2024-10-08,2025-01-13,97,217,0,False,1,0.0,0.0,0.0,0.0,0.0,0.0,0.0,0.0,0.0,0.0,1,2,2.0,1492.62,746.31,0.0,0.0,1492.62,0.0,0.0,0,0,2,0,0,M,36,0.0,1.0,0.0,0,0,0,0,Europe
CUST_00506,2024-06-14,2024-10-15,2024-10-12,2025-01-13,93,213,0,False,1,0.0,0.0,0.0,0.0,0.0,0.0,0.0,0.0,0.0,0.0,1,1,1.0,975.02,975.02,0.0,0.0,0.0,975.02,0.0,0,0,0,1,0,F,63,1.0,0.0,0.0,0,0,0,0,Asia
CUST_00624,2024-06-02,2024-10-15,2024-09-30,2025-01-13,105,225,0,False,1,0.0,0.0,0.0,0.0,0.0,0.0,0.0,0.0,0.0,0.0,1,2,2.0,1458.08,729.04,0.0,0.0,0.0,0.0,1458.08,0,0,0,0,2,M,47,1.0,0.0,0.0,0,0,0,0,Asia
CUST_00650,2024-06-16,2024-10-15,2024-10-14,2024-12-29,76,196,1,True,1,0.0,0.0,0.0,0.0,0.0,0.0,0.0,0.0,0.0,0.0,2,4,2.0,2398.61,1036.8216666666667,2398.61,0.0,0.0,0.0,0.0,4,0,0,0,0,M,40,0.0,1.0,0.0,0,0,0,0,Europe
CUST_00680,2024-06-03,2024-10-15,2024-10-01,2025-01-13,104,224,0,False,0,0.0,0.0,0.0,0.0,0.0,0.0,0.0,0.0,0.0,0.0,1,2,2.0,1846.56,923.28,1846.56,0.0,0.0,0.0,0.0,2,0,0,0,0,F,57,0.0,1.0,0.0,0,0,0,0,Europe
CUST_00689,2024-06-01,2024-10-15,2024-09-29,2024-12-17,79,199,1,True,1,0.0,1.0,1.0,0.0,2.0,0.0,0.0,1.0,0.0,1.0,2,5,2.5,2422.41,561.9525,0.0,0.0,523.8,1898.61,0.0,0,0,3,2,0,M,29,1.0,0.0,0.0,0,0,0,0,Asia
CUST_00747,2024-06-04,2024-10-15,2024-10-02,2025-01-13,103,223,0,False,1,0.0,0.0,0.0,0.0,0.0,0.0,0.0,0.0,0.0,0.0,1,1,1.0,1002.44,1002.44,0.0,0.0,1002.44,0.0,0.0,0,0,1,0,0,F,72,0.0,0.0,1.0,0,0,0,0,North America
CUST_00775,2024-06-02,2024-10-15,2024-09-30,2024-10-16,16,136,1,True,1,0.0,0.0,0.0,0.0,0.0,0.0,0.0,0.0,0.0,0.0,2,3,1.5,1803.9099999999999,796.49,421.86,1382.05,0.0,0.0,0.0,2,1,0,0,0,F,51,0.0,1.0,0.0,0,0,0,0,Europe
CUST_00824,2024-06-16,2024-10-15,2024-10-14,2025-01-13,91,211,0,False,1,0.0,0.0,0.0,0.0,0.0,0.0,0.0,0.0,0.0,0.0,1,3,3.0,1589.48,529.8266666666667,0.0,0.0,1589.48,0.0,0.0,0,0,3,0,0,M,68,0.0,1.0,0.0,0,0,0,0,Europe
CUST_00857,2024-06-02,2024-10-15,2024-09-30,2025-01-13,105,225,0,False,1,0.0,0.0,0.0,0.0,0.0,0.0,0.0,0.0,0.0,0.0,1,2,2.0,489.29,244.645,0.0,0.0,489.29,0.0,0.0,0,0,2,0,0,F,21,1.0,0.0,0.0,0,0,0,0,Asia
CUST_00862,2024-06-13,2024-10-15,2024-10-11,2024-11-23,43,163,1,True,0,0.0,1.0,1.0,2.0,4.0,0.0,0.0,0.0,0.0,0.0,2,4,2.0,2021.85,371.2283333333333,1919.09,0.0,0.0,102.76,0.0,3,0,0,1,0,M,44,0.0,1.0,0.0,0,0,0,0,Europe
CUST_00872,2024-06-10,2024-10-15,2024-10-08,2025-01-13,97,217,0,False,1,0.0,0.0,0.0,0.0,0.0,0.0,0.0,0.0,0.0,0.0,1,1,1.0,991.85,991.85,0.0,0.0,0.0,0.0,991.85,0,0,0,0,1,M,63,0.0,0.0,1.0,0,0,0,0,North America
CUST_00925,2024-06-11,2024-10-15,2024-10-09,2024-11-06,28,148,1,True,1,0.0,0.0,0.0,1.0,1.0,0.0,0.0,0.0,0.0,0.0,2,7,3.5,2302.54,405.1165,0.0,0.0,1136.79,1165.75,0.0,0,0,5,2,0,F,32,0.0,0.0,1.0,0,0,0,0,North America
CUST_00949,2024-06-13,2024-10-15,2024-10-11,2024-11-18,38,158,1,True,1,0.0,1.0,2.0,0.0,3.0,0.0,0.0,0.0,0.0,0.0,2,3,1.5,2006.6399999999999,791.285,0.0,2006.6399999999999,0.0,0.0,0.0,0,3,0,0,0,Other,49,0.0,1.0,0.0,0,0,0,0,Europe
CUST_00953,2024-06-06,2024-10-15,2024-10-04,2025-01-13,101,221,0,False,0,0.0,0.0,0.0,0.0,0.0,0.0,0.0,0.0,0.0,0.0,1,1,1.0,1049.42,1049.42,0.0,0.0,0.0,0.0,1049.42,0,0,0,0,1,F,38,1.0,0.0,0.0,0,0,0,0,Asia
CUST_00959,2024-06-11,2024-10-15,2024-10-09,2025-01-13,96,216,0,False,1,0.0,0.0,0.0,0.0,0.0,0.0,0.0,0.0,0.0,0.0,1,3,3.0,1814.02,604.6733333333333,0.0,0.0,1814.02,0.0,0.0,0,0,3,0,0,F,34,0.0,1.0,0.0,0,0,0,0,Europe
CUST_00972,2024-06-10,2024-10-15,2024-10-08,2024-12-06,59,179,1,True,1,0.0,0.0,0.0,0.0,0.0,0.0,0.0,0.0,0.0,0.0,2,3,1.5,2952.92,1152.8600000000001,0.0,0.0,1658.52,1294.4,0.0,0,0,1,2,0,M,42,1.0,0.0,0.0,0,0,0,0,Asia
CUST_00981,2024-06-15,2024-10-15,2024-10-13,2025-01-13,92,212,0,False,1,0.0,0.0,0.0,0.0,0.0,0.0,0.0,0.0,0.0,0.0,1,2,2.0,708.54,354.27,0.0,0.0,0.0,0.0,708.54,0,0,0,0,2,F,25,1.0,0.0,0.0,0,0,0,0,Asia
CUST_00999,2024-06-15,2024-10-15,2024-10-13,2024-10-19,6,126,1,True,1,1.0,0.0,0.0,0.0,1.0,0.0,0.0,0.0,0.0,0.0,3,5,1.6666666666666667,1449.22,299.07666666666665,0.0,0.0,345.24,0.0,1103.98,0,0,1,0,4,M,47,0.0,0.0,1.0,0,0,0,0,North America
CUST_01013,2024-06-14,2024-10-15,2024-10-12,2024-12-06,55,175,1,True,1,0.0,1.0,0.0,1.0,2.0,0.0,0.0,0.0,0.0,0.0,2,2,1.0,1104.8700000000001,552.4350000000001,192.93,911.94,0.0,0.0,0.0,1,1,0,0,0,F,71,0.0,1.0,0.0,0,0,0,0,Europe
CUST_01049,2024-06-13,2024-10-15,2024-10-11,2024-11-12,32,152,1,True,1,0.0,0.0,0.0,0.0,0.0,0.0,0.0,0.0,0.0,0.0,3,4,1.3333333333333333,3609.89,1062.3416666666665,0.0,1061.54,1702.62,0.0,845.73,0,1,1,0,2,F,74,0.0,1.0,0.0,0,0,0,0,Europe
CUST_01093,2024-06-08,2024-10-15,2024-10-06,2025-01-13,99,219,0,False,1,0.0,0.0,0.0,0.0,0.0,0.0,0.0,0.0,0.0,0.0,1,1,1.0,626.04,626.04,0.0,0.0,0.0,626.04,0.0,0,0,0,1,0,M,42,0.0,0.0,1.0,0,0,0,0,North America
CUST_01095,2024-06-12,2024-10-15,2024-10-10,2024-10-30,20,140,1,True,1,0.0,0.0,0.0,0.0,0.0,0.0,0.0,0.0,0.0,0.0,2,3,1.5,2626.7799999999997,1035.8775,0.0,1516.73,0.0,0.0,1110.05,0,1,0,0,2,M,68,1.0,0.0,0.0,0,0,0,0,Asia
CUST_01107,2024-06-05,2024-10-15,2024-10-03,2025-01-13,102,222,0,False,1,0.0,0.0,0.0,0.0,0.0,0.0,0.0,0.0,0.0,0.0,1,1,1.0,416.64,416.64,0.0,0.0,0.0,416.64,0.0,0,0,0,1,0,F,31,0.0,1.0,0.0,0,0,0,0,Europe
CUST_01133,2024-06-14,2024-10-15,2024-10-12,2025-01-13,93,213,0,False,1,0.0,0.0,0.0,0.0,0.0,0.0,0.0,0.0,0.0,0.0,1,1,1.0,399.51,399.51,0.0,0.0,399.51,0.0,0.0,0,0,1,0,0,F,52,1.0,0.0,0.0,0,0,0,0,Asia
CUST_01140,2024-06-13,2024-10-15,2024-10-11,2024-11-06,26,146,1,True,1,0.0,0.0,1.0,0.0,1.0,0.0,0.0,0.0,0.0,0.0,2,4,2.0,2598.1,649.525,0.0,0.0,0.0,0.0,2598.1,0,0,0,0,4,M,72,1.0,0.0,0.0,0,0,0,0,Asia
CUST_01197,2024-06-09,2024-10-15,2024-10-07,2025-01-13,98,218,0,False,1,0.0,0.0,0.0,0.0,0.0,0.0,0.0,0.0,0.0,0.0,1,1,1.0,1200.52,1200.52,0.0,1200.52,0.0,0.0,0.0,0,1,0,0,0,Other,61,0.0,0.0,1.0,0,0,0,0,North America
CUST_01235,2024-06-07,2024-10-15,2024-10-05,2024-11-04,30,150,1,True,1,0.0,0.0,0.0,0.0,0.0,0.0,0.0,0.0,0.0,0.0,2,9,4.5,2233.46,495.6364285714286,0.0,0.0,351.28,1882.18,0.0,0,0,7,2,0,M,31,0.0,1.0,0.0,0,0,0,0,Europe
CUST_01296,2024-06-05,2024-10-15,2024-10-03,2024-12-01,59,179,1,True,1,2.0,0.0,0.0,0.0,2.0,1.0,0.0,0.0,0.0,1.0,2,4,2.0,672.77,168.1925,0.0,0.0,399.16,273.61,0.0,0,0,2,2,0,F,38,1.0,0.0,0.0,0,0,0,0,Asia
CUST_01337,2024-06-15,2024-10-15,2024-10-13,2025-01-13,92,212,0,False,1,0.0,0.0,0.0,0.0,0.0,0.0,0.0,0.0,0.0,0.0,1,1,1.0,1766.88,1766.88,0.0,0.0,0.0,0.0,1766.88,0,0,0,0,1,F,50,0.0,0.0,1.0,0,0,0,0,North America
CUST_01369,2024-06-06,2024-10-15,2024-10-04,2025-01-13,101,221,0,False,1,0.0,0.0,0.0,0.0,0.0,0.0,0.0,0.0,0.0,0.0,1,2,2.0,808.98,404.49,0.0,0.0,808.98,0.0,0.0,0,0,2,0,0,M,30,0.0,1.0,0.0,0,0,0,0,Europe
CUST_01439,2024-06-15,2024-10-15,2024-10-13,2025-01-13,92,212,0,False,1,0.0,0.0,0.0,0.0,0.0,0.0,0.0,0.0,0.0,0.0,1,1,1.0,1700.99,1700.99,0.0,0.0,1700.99,0.0,0.0,0,0,1,0,0,F,75,0.0,0.0,1.0,0,0,0,0,North America
CUST_01494,2024-06-13,2024-10-15,2024-10-11,2025-01-13,94,214,0,False,1,0.0,0.0,0.0,0.0,0.0,0.0,0.0,0.0,0.0,0.0,1,2,2.0,1183.4,591.7,0.0,0.0,1183.4,0.0,0.0,0,0,2,0,0,F,73,1.0,0.0,0.0,0,0,0,0,Asia
CUST_01505,2024-06-03,2024-10-15,2024-10-01,2025-01-13,104,224,0,False,1,0.0,0.0,0.0,0.0,0.0,0.0,0.0,0.0,0.0,0.0,1,1,1.0,356.49,356.49,356.49,0.0,0.0,0.0,0.0,1,0,0,0,0,M,29,0.0,0.0,1.0,0,0,0,0,North America
CUST_01517,2024-06-06,2024-10-15,2024-10-04,2024-12-26,83,203,1,True,1,0.0,0.0,2.0,2.0,4.0,0.0,0.0,0.0,0.0,0.0,2,4,2.0,1945.21,486.3025,0.0,937.67,0.0,0.0,1007.54,0,2,0,0,2,M,24,1.0,0.0,0.0,0,0,0,0,Asia
CUST_01521,2024-06-07,2024-10-15,2024-10-05,2025-01-13,100,220,0,False,1,0.0,0.0,0.0,0.0,0.0,0.0,0.0,0.0,0.0,0.0,1,2,2.0,1736.56,868.28,0.0,0.0,0.0,1736.56,0.0,0,0,0,2,0,M,62,1.0,0.0,0.0,0,0,0,0,Asia
CUST_01549,2024-06-02,2024-10-15,2024-09-30,2025-01-13,105,225,0,False,1,0.0,0.0,0.0,0.0,0.0,0.0,0.0,0.0,0.0,0.0,1,2,2.0,272.06,136.03,0.0,0.0,272.06,0.0,0.0,0,0,2,0,0,F,64,1.0,0.0,0.0,0,0,0,0,Asia
CUST_01575,2024-06-13,2024-10-15,2024-10-11,2024-11-24,44,164,1,True,1,1.0,1.0,2.0,0.0,4.0,0.0,0.0,0.0,0.0,0.0,2,3,1.5,1144.17,431.0475,0.0,0.0,580.02,564.15,0.0,0,0,1,2,0,F,67,0.0,1.0,0.0,0,0,0,0,Europe
CUST_01591,2024-06-10,2024-10-15,2024-10-08,2024-12-06,59,179,1,True,1,0.0,2.0,1.0,0.0,3.0,0.0,0.0,0.0,0.0,0.0,2,4,2.0,1433.9699999999998,340.2783333333333,1130.12,303.85,0.0,0.0,0.0,3,1,0,0,0,F,53,0.0,1.0,0.0,0,0,0,0,Europe
CUST_01608,2024-06-14,2024-10-15,2024-10-12,2025-01-13,93,213,0,False,1,0.0,0.0,0.0,0.0,0.0,0.0,0.0,0.0,0.0,0.0,1,1,1.0,624.49,624.49,0.0,0.0,0.0,0.0,624.49,0,0,0,0,1,F,23,1.0,0.0,0.0,0,0,0,0,Asia
CUST_01641,2024-06-15,2024-10-15,2024-10-13,2024-11-25,43,163,1,True,1,0.0,0.0,0.0,0.0,0.0,0.0,0.0,0.0,0.0,0.0,2,5,2.5,993.2,220.91500000000002,664.58,0.0,0.0,0.0,328.62,2,0,0,0,3,M,36,0.0,1.0,0.0,0,0,0,0,Europe
CUST_01644,2024-06-10,2024-10-15,2024-10-08,2025-01-13,97,217,0,False,1,0.0,0.0,0.0,0.0,0.0,0.0,0.0,0.0,0.0,0.0,1,2,2.0,454.36,227.18,0.0,454.36,0.0,0.0,0.0,0,2,0,0,0,F,27,1.0,0.0,0.0,0,0,0,0,Asia
CUST_01665,2024-06-16,2024-10-15,2024-10-14,2025-01-13,91,211,0,False,1,0.0,0.0,0.0,0.0,0.0,0.0,0.0,0.0,0.0,0.0,1,2,2.0,1809.9,904.95,0.0,0.0,0.0,1809.9,0.0,0,0,0,2,0,M,31,0.0,0.0,1.0,0,0,0,0,North America
CUST_01673,2024-06-08,2024-10-15,2024-10-06,2025-01-13,99,219,0,False,1,0.0,0.0,0.0,0.0,0.0,0.0,0.0,0.0,0.0,0.0,1,3,3.0,169.6,56.53333333333333,0.0,169.6,0.0,0.0,0.0,0,3,0,0,0,F,67,1.0,0.0,0.0,0,0,0,0,Asia
CUST_01705,2024-06-15,2024-10-15,2024-10-13,2024-10-30,17,137,1,True,1,0.0,0.0,0.0,0.0,0.0,0.0,0.0,0.0,0.0,0.0,2,4,2.0,1624.84,366.1433333333333,0.0,286.01,0.0,1338.83,0.0,0,1,0,3,0,M,52,1.0,0.0,0.0,0,0,0,0,Asia
CUST_01789,2024-06-15,2024-10-15,2024-10-13,2024-12-20,68,188,1,True,1,0.0,1.0,2.0,0.0,3.0,0.0,0.0,1.0,0.0,1.0,2,5,2.5,2099.08,384.79166666666663,0.0,0.0,1679.74,0.0,419.34,0,0,3,0,2,M,41,0.0,1.0,0.0,0,0,0,0,Europe
CUST_01815,2024-06-07,2024-10-15,2024-10-05,2024-12-08,64,184,1,True,0,1.0,0.0,1.0,0.0,2.0,0.0,0.0,0.0,0.0,0.0,2,5,2.5,3056.9300000000003,659.445,0.0,1799.48,1257.45,0.0,0.0,0,2,3,0,0,M,56,0.0,1.0,0.0,0,0,0,0,Europe
CUST_01830,2024-06-03,2024-10-15,2024-10-01,2024-10-24,23,143,1,True,1,0.0,1.0,0.0,0.0,1.0,0.0,1.0,0.0,0.0,1.0,2,5,2.5,1656.1399999999999,303.2375,0.0,326.57,0.0,0.0,1329.57,0,2,0,0,3,F,75,1.0,0.0,0.0,0,0,0,0,Asia
CUST_01915,2024-06-07,2024-10-15,2024-10-05,2025-01-13,100,220,0,False,1,0.0,0.0,0.0,0.0,0.0,0.0,0.0,0.0,0.0,0.0,1,3,3.0,1386.94,462.31333333333333,1386.94,0.0,0.0,0.0,0.0,3,0,0,0,0,M,42,1.0,0.0,0.0,0,0,0,0,Asia
CUST_01931,2024-06-05,2024-10-15,2024-10-03,2024-11-04,32,152,1,True,1,0.0,0.0,0.0,0.0,0.0,0.0,0.0,0.0,0.0,0.0,2,3,1.5,2109.63,738.4175,0.0,2109.63,0.0,0.0,0.0,0,3,0,0,0,F,59,1.0,0.0,0.0,0,0,0,0,Asia
CUST_01948,2024-06-01,2024-10-15,2024-09-29,2025-01-13,106,226,0,False,1,0.0,0.0,0.0,0.0,0.0,0.0,0.0,0.0,0.0,0.0,1,1,1.0,1781.29,1781.29,0.0,1781.29,0.0,0.0,0.0,0,1,0,0,0,M,57,0.0,1.0,0.0,0,0,0,0,Europe
CUST_01998,2024-06-02,2024-10-15,2024-09-30,2025-01-13,105,225,0,False,1,0.0,0.0,0.0,0.0,0.0,0.0,0.0,0.0,0.0,0.0,1,2,2.0,415.03,207.515,0.0,415.03,0.0,0.0,0.0,0,2,0,0,0,F,52,0.0,1.0,0.0,0,0,0,0,Europe
CUST_02010,2024-06-04,2024-10-15,2024-10-02,2024-10-21,19,139,1,True,1,3.0,0.0,0.0,1.0,4.0,0.0,0.0,0.0,0.0,0.0,2,6,3.0,2800.9,593.95375,0.0,1950.73,0.0,0.0,850.17,0,2,0,0,4,M,48,0.0,1.0,0.0,0,0,0,0,Europe
CUST_02017,2024-06-07,2024-10-15,2024-10-05,2025-01-13,100,220,0,False,1,0.0,0.0,0.0,0.0,0.0,0.0,0.0,0.0,0.0,0.0,1,4,4.0,251.71,62.9275,0.0,0.0,0.0,251.71,0.0,0,0,0,4,0,F,56,0.0,1.0,0.0,0,0,0,0,Europe
CUST_02026,2024-06-16,2024-10-15,2024-10-14,2025-01-13,91,211,0,False,1,0.0,0.0,0.0,0.0,0.0,0.0,0.0,0.0,0.0,0.0,1,2,2.0,1674.7,837.35,0.0,0.0,1674.7,0.0,0.0,0,0,2,0,0,M,59,1.0,0.0,0.0,0,0,0,0,Asia
CUST_02070,2024-06-06,2024-10-15,2024-10-04,2025-01-13,101,221,0,False,1,0.0,0.0,0.0,0.0,0.0,0.0,0.0,0.0,0.0,0.0,1,5,5.0,397.23,79.446,0.0,0.0,397.23,0.0,0.0,0,0,5,0,0,M,44,1.0,0.0,0.0,0,0,0,0,Asia
CUST_02083,2024-06-11,2024-10-15,2024-10-09,2025-01-13,96,216,0,False,1,0.0,0.0,0.0,0.0,0.0,0.0,0.0,0.0,0.0,0.0,1,1,1.0,1680.09,1680.09,0.0,0.0,0.0,1680.09,0.0,0,0,0,1,0,M,55,0.0,0.0,1.0,0,0,0,0,North America
CUST_02164,2024-06-05,2024-10-15,2024-10-03,2025-01-13,102,222,0,False,0,0.0,0.0,0.0,0.0,0.0,0.0,0.0,0.0,0.0,0.0,1,2,2.0,468.6,234.3,0.0,0.0,0.0,468.6,0.0,0,0,0,2,0,M,35,1.0,0.0,0.0,0,0,0,0,Asia
CUST_02167,2024-06-11,2024-10-15,2024-10-09,2024-11-02,24,144,1,True,1,2.0,0.0,1.0,0.0,3.0,0.0,0.0,0.0,0.0,0.0,2,4,2.0,2085.09,441.8016666666667,1802.23,282.86,0.0,0.0,0.0,3,1,0,0,0,F,54,0.0,0.0,1.0,0,0,0,0,North America
CUST_02185,2024-06-02,2024-10-15,2024-09-30,2025-01-13,105,225,0,False,1,0.0,0.0,0.0,0.0,0.0,0.0,0.0,0.0,0.0,0.0,1,1,1.0,302.76,302.76,302.76,0.0,0.0,0.0,0.0,1,0,0,0,0,M,26,0.0,0.0,1.0,0,0,0,0,North America
CUST_02192,2024-06-06,2024-10-15,2024-10-04,2024-12-07,64,184,1,True,1,0.0,0.0,1.0,0.0,1.0,0.0,0.0,0.0,0.0,0.0,3,6,2.0,3861.7200000000003,811.0255555555556,1555.42,0.0,653.34,1652.96,0.0,1,0,2,3,0,F,46,1.0,0.0,0.0,0,0,0,0,Asia
CUST_02210,2024-06-14,2024-10-15,2024-10-12,2025-01-13,93,213,0,False,1,0.0,0.0,0.0,0.0,0.0,0.0,0.0,0.0,0.0,0.0,1,2,2.0,977.7,488.85,0.0,0.0,977.7,0.0,0.0,0,0,2,0,0,M,27,0.0,1.0,0.0,0,0,0,0,Europe
CUST_02230,2024-06-13,2024-10-15,2024-10-11,2025-01-13,94,214,0,False,1,0.0,0.0,0.0,0.0,0.0,0.0,0.0,0.0,0.0,0.0,1,3,3.0,686.66,228.88666666666666,0.0,0.0,0.0,0.0,686.66,0,0,0,0,3,M,69,0.0,1.0,0.0,0,0,0,0,Europe
CUST_02272,2024-06-11,2024-10-15,2024-10-09,2025-01-13,96,216,0,False,1,0.0,0.0,0.0,0.0,0.0,0.0,0.0,0.0,0.0,0.0,2,3,1.5,1294.25,350.15999999999997,0.0,0.0,0.0,106.39,1187.86,0,0,0,1,2,Other,35,0.0,1.0,0.0,0,0,0,0,Europe
CUST_02282,2024-06-16,2024-10-15,2024-10-14,2025-01-13,91,211,0,False,1,0.0,0.0,0.0,0.0,0.0,0.0,0.0,0.0,0.0,0.0,1,3,3.0,1396.91,465.6366666666667,1396.91,0.0,0.0,0.0,0.0,3,0,0,0,0,M,69,0.0,1.0,0.0,0,0,0,0,Europe
CUST_02299,2024-06-02,2024-10-15,2024-09-30,2024-11-13,44,164,1,True,1,1.0,1.0,1.0,0.0,3.0,0.0,0.0,1.0,0.0,1.0,2,6,3.0,1725.5800000000002,287.5966666666667,677.45,1048.13,0.0,0.0,0.0,3,3,0,0,0,F,44,1.0,0.0,0.0,0,0,0,0,Asia
CUST_02327,2024-06-12,2024-10-15,2024-10-10,2025-01-13,95,215,0,False,1,0.0,0.0,0.0,0.0,0.0,0.0,0.0,0.0,0.0,0.0,1,2,2.0,1405.09,702.545,1405.09,0.0,0.0,0.0,0.0,2,0,0,0,0,M,28,0.0,1.0,0.0,0,0,0,0,Europe
CUST_02350,2024-06-02,2024-10-15,2024-09-30,2025-01-13,105,225,0,False,1,0.0,0.0,0.0,0.0,0.0,0.0,0.0,0.0,0.0,0.0,1,2,2.0,1285.34,642.67,0.0,0.0,0.0,1285.34,0.0,0,0,0,2,0,F,59,1.0,0.0,0.0,0,0,0,0,Asia
CUST_02389,2024-06-01,2024-10-15,2024-09-29,2024-11-29,61,181,1,True,1,1.0,0.0,0.0,0.0,1.0,1.0,0.0,0.0,0.0,1.0,2,3,1.5,2146.3,931.38,0.0,0.0,0.0,567.08,1579.22,0,0,0,2,1,F,29,0.0,1.0,0.0,0,0,0,0,Europe
CUST_02391,2024-06-02,2024-10-15,2024-09-30,2024-12-28,89,209,1,True,1,0.0,0.0,0.0,0.0,0.0,0.0,0.0,0.0,0.0,0.0,2,6,3.0,2110.14,460.30999999999995,0.0,1572.34,0.0,0.0,537.8,0,2,0,0,4,M,64,0.0,1.0,0.0,0,0,0,0,Europe
CUST_02409,2024-06-06,2024-10-15,2024-10-04,2025-01-13,101,221,0,False,1,0.0,0.0,0.0,0.0,0.0,0.0,0.0,0.0,0.0,0.0,1,1,1.0,636.01,636.01,0.0,636.01,0.0,0.0,0.0,0,1,0,0,0,F,47,0.0,1.0,0.0,0,0,0,0,Europe
CUST_02413,2024-06-12,2024-10-15,2024-10-10,2024-12-24,75,195,1,True,1,0.0,2.0,2.0,0.0,4.0,0.0,1.0,0.0,0.0,1.0,2,4,2.0,2482.28,684.74,0.0,0.0,0.0,813.08,1669.2,0,0,0,1,3,M,70,1.0,0.0,0.0,0,0,0,0,Asia
CUST_02445,2024-06-14,2024-10-15,2024-10-12,2025-01-13,93,213,0,False,1,0.0,0.0,0.0,0.0,0.0,0.0,0.0,0.0,0.0,0.0,1,2,2.0,1609.86,804.93,0.0,0.0,0.0,0.0,1609.86,0,0,0,0,2,M,26,1.0,0.0,0.0,0,0,0,0,Asia
CUST_02509,2024-06-13,2024-10-15,2024-10-11,2025-01-13,94,214,0,False,1,0.0,0.0,0.0,0.0,0.0,0.0,0.0,0.0,0.0,0.0,1,4,4.0,624.21,156.0525,0.0,0.0,0.0,624.21,0.0,0,0,0,4,0,M,65,0.0,0.0,1.0,0,0,0,0,North America
CUST_02511,2024-06-14,2024-10-15,2024-10-12,2025-01-13,93,213,0,False,1,0.0,0.0,0.0,0.0,0.0,0.0,0.0,0.0,0.0,0.0,1,1,1.0,1691.87,1691.87,1691.87,0.0,0.0,0.0,0.0,1,0,0,0,0,F,42,0.0,1.0,0.0,0,0,0,0,Europe
CUST_02533,2024-06-12,2024-10-15,2024-10-10,2025-01-13,95,215,0,False,1,0.0,0.0,0.0,0.0,0.0,0.0,0.0,0.0,0.0,0.0,1,1,1.0,1037.8,1037.8,0.0,0.0,1037.8,0.0,0.0,0,0,1,0,0,F,75,0.0,0.0,1.0,0,0,0,0,North America
CUST_02534,2024-06-15,2024-10-15,2024-10-13,2024-10-22,9,129,1,True,1,0.0,0.0,0.0,0.0,0.0,0.0,0.0,0.0,0.0,0.0,2,2,1.0,2099.33,1049.665,0.0,0.0,850.78,0.0,1248.55,0,0,1,0,1,F,64,1.0,0.0,0.0,0,0,0,0,Asia
CUST_02557,2024-06-03,2024-10-15,2024-10-01,2025-01-13,104,224,0,False,1,0.0,0.0,0.0,0.0,0.0,0.0,0.0,0.0,0.0,0.0,1,2,2.0,494.46,247.23,0.0,0.0,0.0,0.0,494.46,0,0,0,0,2,M,67,1.0,0.0,0.0,0,0,0,0,Asia
CUST_02565,2024-06-11,2024-10-15,2024-10-09,2025-01-13,96,216,0,False,1,0.0,0.0,0.0,0.0,0.0,0.0,0.0,0.0,0.0,0.0,1,3,3.0,1328.64,442.88000000000005,1328.64,0.0,0.0,0.0,0.0,3,0,0,0,0,M,48,0.0,1.0,0.0,0,0,0,0,Europe
CUST_02580,2024-06-02,2024-10-15,2024-09-30,2025-01-13,105,225,0,False,1,0.0,0.0,0.0,0.0,0.0,0.0,0.0,0.0,0.0,0.0,1,3,3.0,1170.44,390.1466666666667,1170.44,0.0,0.0,0.0,0.0,3,0,0,0,0,M,28,0.0,0.0,1.0,0,0,0,0,North America
CUST_02589,2024-06-13,2024-10-15,2024-10-11,2025-01-13,94,214,0,False,1,0.0,0.0,0.0,0.0,0.0,0.0,0.0,0.0,0.0,0.0,1,2,2.0,669.95,334.975,0.0,0.0,669.95,0.0,0.0,0,0,2,0,0,M,53,1.0,0.0,0.0,0,0,0,0,Asia
CUST_02600,2024-06-09,2024-10-15,2024-10-07,2025-01-13,98,218,0,False,1,0.0,0.0,0.0,0.0,0.0,0.0,0.0,0.0,0.0,0.0,1,1,1.0,273.37,273.37,0.0,0.0,273.37,0.0,0.0,0,0,1,0,0,F,61,1.0,0.0,0.0,0,0,0,0,Asia
CUST_02664,2024-06-15,2024-10-15,2024-10-13,2025-01-13,92,212,0,False,0,0.0,0.0,0.0,0.0,0.0,0.0,0.0,0.0,0.0,0.0,1,2,2.0,1016.41,508.205,0.0,1016.41,0.0,0.0,0.0,0,2,0,0,0,M,61,0.0,1.0,0.0,0,0,0,0,Europe
CUST_02678,2024-06-06,2024-10-15,2024-10-04,2024-12-03,60,180,1,True,0,1.0,0.0,0.0,0.0,1.0,0.0,0.0,0.0,0.0,0.0,2,6,3.0,1486.8899999999999,328.395,346.62,1140.27,0.0,0.0,0.0,4,2,0,0,0,M,57,1.0,0.0,0.0,0,0,0,0,Asia
CUST_02756,2024-06-03,2024-10-15,2024-10-01,2024-12-12,72,192,1,True,1,1.0,0.0,0.0,1.0,2.0,0.0,0.0,0.0,0.0,0.0,2,4,2.0,1971.68,767.9100000000001,1971.68,0.0,0.0,0.0,0.0,4,0,0,0,0,F,49,0.0,1.0,0.0,0,0,0,0,Europe
CUST_02894,2024-06-13,2024-10-15,2024-10-11,2025-01-13,94,214,0,False,0,0.0,0.0,0.0,0.0,0.0,0.0,0.0,0.0,0.0,0.0,1,2,2.0,1089.08,544.54,0.0,0.0,0.0,1089.08,0.0,0,0,0,2,0,F,74,0.0,0.0,1.0,0,0,0,0,North America
CUST_02897,2024-06-07,2024-10-15,2024-10-05,2024-10-22,17,137,1,True,1,0.0,0.0,1.0,0.0,1.0,0.0,0.0,0.0,0.0,0.0,2,4,2.0,2889.06,722.265,0.0,0.0,0.0,0.0,2889.06,0,0,0,0,4,M,43,0.0,1.0,0.0,0,0,0,0,Europe
CUST_02934,2024-06-01,2024-10-15,2024-09-29,2025-01-13,106,226,0,False,1,0.0,0.0,0.0,0.0,0.0,0.0,0.0,0.0,0.0,0.0,1,2,2.0,784.29,392.145,0.0,0.0,0.0,0.0,784.29,0,0,0,0,2,F,44,0.0,0.0,1.0,0,0,0,0,North America
CUST_02979,2024-06-08,2024-10-15,2024-10-06,2025-01-13,99,219,0,False,1,0.0,0.0,0.0,0.0,0.0,0.0,0.0,0.0,0.0,0.0,2,4,2.0,2384.9300000000003,719.4216666666666,0.0,965.8,1419.13,0.0,0.0,0,1,3,0,0,F,26,1.0,0.0,0.0,0,0,0,0,Asia
CUST_03110,2024-06-10,2024-10-15,2024-10-08,2025-01-13,97,217,0,False,1,0.0,0.0,0.0,0.0,0.0,0.0,0.0,0.0,0.0,0.0,1,1,1.0,517.97,517.97,0.0,0.0,517.97,0.0,0.0,0,0,1,0,0,M,66,0.0,1.0,0.0,0,0,0,0,Europe
CUST_03131,2024-06-12,2024-10-15,2024-10-10,2024-11-10,31,151,1,True,1,1.0,2.0,0.0,0.0,3.0,0.0,1.0,0.0,0.0,1.0,2,4,2.0,2299.92,574.98,0.0,0.0,0.0,528.26,1771.66,0,0,0,2,2,M,35,0.0,1.0,0.0,0,0,0,0,Europe
CUST_03132,2024-06-01,2024-10-15,2024-09-29,2024-11-13,45,165,1,True,1,0.0,0.0,0.0,1.0,1.0,0.0,0.0,0.0,0.0,0.0,2,2,1.0,1914.6399999999999,957.3199999999999,1032.85,0.0,0.0,881.79,0.0,1,0,0,1,0,M,51,1.0,0.0,0.0,0,0,0,0,Asia
CUST_03134,2024-06-06,2024-10-15,2024-10-04,2024-12-28,85,205,1,True,1,0.0,0.0,0.0,0.0,0.0,0.0,0.0,0.0,0.0,0.0,2,3,1.5,1382.36,665.155,0.0,1382.36,0.0,0.0,0.0,0,3,0,0,0,M,26,0.0,0.0,1.0,0,0,0,0,North America
CUST_03155,2024-06-03,2024-10-15,2024-10-01,2024-11-26,56,176,1,True,1,1.0,0.0,1.0,2.0,4.0,0.0,0.0,0.0,0.0,0.0,2,3,1.5,2122.27,751.905,0.0,0.0,0.0,885.35,1236.92,0,0,0,1,2,M,36,1.0,0.0,0.0,0,0,0,0,Asia
CUST_03196,2024-06-07,2024-10-15,2024-10-05,2025-01-13,100,220,0,False,0,0.0,0.0,0.0,0.0,0.0,0.0,0.0,0.0,0.0,0.0,1,4,4.0,153.94,38.485,153.94,0.0,0.0,0.0,0.0,4,0,0,0,0,F,65,1.0,0.0,0.0,0,0,0,0,Asia
CUST_03230,2024-06-14,2024-10-15,2024-10-12,2025-01-13,93,213,0,False,1,0.0,0.0,0.0,0.0,0.0,0.0,0.0,0.0,0.0,0.0,1,2,2.0,1090.41,545.205,1090.41,0.0,0.0,0.0,0.0,2,0,0,0,0,F,37,0.0,1.0,0.0,0,0,0,0,Europe
CUST_03232,2024-06-01,2024-10-15,2024-09-29,2025-01-13,106,226,0,False,1,0.0,0.0,0.0,0.0,0.0,0.0,0.0,0.0,0.0,0.0,1,2,2.0,401.13,200.565,0.0,0.0,401.13,0.0,0.0,0,0,2,0,0,Other,29,0.0,1.0,0.0,0,0,0,0,Europe
CUST_03233,2024-06-11,2024-10-15,2024-10-09,2024-11-26,48,168,1,True,1,0.0,0.0,1.0,0.0,1.0,0.0,0.0,0.0,0.0,0.0,2,3,1.5,1364.77,479.28499999999997,552.37,0.0,0.0,0.0,812.4,1,0,0,0,2,M,51,0.0,0.0,1.0,0,0,0,0,North America
CUST_03250,2024-06-10,2024-10-15,2024-10-08,2025-01-13,97,217,0,False,1,0.0,0.0,0.0,0.0,0.0,0.0,0.0,0.0,0.0,0.0,1,2,2.0,1859.83,929.915,1859.83,0.0,0.0,0.0,0.0,2,0,0,0,0,F,42,0.0,0.0,1.0,0,0,0,0,North America
CUST_03266,2024-06-10,2024-10-15,2024-10-08,2024-11-08,31,151,1,True,1,0.0,0.0,0.0,0.0,0.0,0.0,0.0,0.0,0.0,0.0,2,5,2.5,2564.0299999999997,576.5466666666666,0.0,1790.5,773.53,0.0,0.0,0,2,3,0,0,F,54,0.0,1.0,0.0,0,0,0,0,Europe
CUST_03270,2024-06-14,2024-10-15,2024-10-12,2024-10-27,15,135,1,True,1,0.0,1.0,1.0,0.0,2.0,0.0,0.0,0.0,0.0,0.0,3,5,1.6666666666666667,4037.44,970.765,0.0,1472.08,0.0,0.0,2565.36,0,2,0,0,3,F,64,1.0,0.0,0.0,0,0,0,0,Asia
CUST_03306,2024-06-04,2024-10-15,2024-10-02,2024-11-15,44,164,1,True,1,0.0,0.0,0.0,0.0,0.0,0.0,0.0,0.0,0.0,0.0,2,4,2.0,1600.9099999999999,519.0216666666666,756.61,0.0,0.0,0.0,844.3,1,0,0,0,3,F,56,0.0,1.0,0.0,0,0,0,0,Europe
CUST_03310,2024-06-07,2024-10-15,2024-10-05,2025-01-13,100,220,0,False,0,0.0,0.0,0.0,0.0,0.0,0.0,0.0,0.0,0.0,0.0,1,2,2.0,1100.4,550.2,0.0,0.0,0.0,0.0,1100.4,0,0,0,0,2,F,72,1.0,0.0,0.0,0,0,0,0,Asia
CUST_03363,2024-06-15,2024-10-15,2024-10-13,2025-01-13,92,212,0,False,1,0.0,0.0,0.0,0.0,0.0,0.0,0.0,0.0,0.0,0.0,1,1,1.0,707.14,707.14,0.0,0.0,0.0,0.0,707.14,0,0,0,0,1,F,49,0.0,1.0,0.0,0,0,0,0,Europe
CUST_03384,2024-06-11,2024-10-15,2024-10-09,2024-12-03,55,175,1,True,1,2.0,0.0,0.0,0.0,2.0,0.0,0.0,0.0,0.0,0.0,3,8,2.6666666666666665,2943.55,640.3870000000001,0.0,1680.58,1262.97,0.0,0.0,0,6,2,0,0,F,70,1.0,0.0,0.0,0,0,0,0,Asia
CUST_03465,2024-06-10,2024-10-15,2024-10-08,2024-12-02,55,175,1,True,1,0.0,4.0,0.0,0.0,4.0,0.0,0.0,0.0,0.0,0.0,2,2,1.0,2148.34,1074.17,0.0,0.0,336.98,1811.36,0.0,0,0,1,1,0,F,56,0.0,1.0,0.0,0,0,0,0,Europe
CUST_00011,2024-06-12,2024-10-22,2024-10-10,2024-12-16,67,187,1,True,1,1.0,0.0,1.0,0.0,2.0,0.0,0.0,0.0,0.0,0.0,2,4,2.0,1726.75,797.5883333333334,1726.75,0.0,0.0,0.0,0.0,4,0,0,0,0,M,65,1.0,0.0,0.0,0,0,0,0,Asia
CUST_00037,2024-06-11,2024-10-22,2024-10-09,2025-01-20,103,223,0,False,1,0.0,0.0,0.0,0.0,0.0,0.0,0.0,0.0,0.0,0.0,1,3,3.0,916.71,305.57,0.0,0.0,0.0,0.0,916.71,0,0,0,0,3,F,60,0.0,1.0,0.0,0,0,0,0,Europe
CUST_00039,2024-06-16,2024-10-22,2024-10-14,2025-01-20,98,218,0,False,1,0.0,0.0,0.0,0.0,0.0,0.0,0.0,0.0,0.0,0.0,2,2,1.0,3353.9700000000003,1676.9850000000001,0.0,3353.9700000000003,0.0,0.0,0.0,0,2,0,0,0,F,29,1.0,0.0,0.0,0,0,0,0,Asia
CUST_00078,2024-06-09,2024-10-22,2024-10-07,2025-01-20,105,225,0,False,1,0.0,0.0,0.0,0.0,0.0,0.0,0.0,0.0,0.0,0.0,1,1,1.0,1558.27,1558.27,1558.27,0.0,0.0,0.0,0.0,1,0,0,0,0,M,72,1.0,0.0,0.0,0,0,0,0,Asia
CUST_00084,2024-06-17,2024-10-22,2024-10-15,2024-11-26,42,162,1,True,1,1.0,0.0,0.0,0.0,1.0,0.0,0.0,0.0,0.0,0.0,2,3,1.5,3607.1800000000003,1355.6425,0.0,0.0,0.0,1791.79,1815.39,0,0,0,2,1,F,42,0.0,1.0,0.0,0,0,0,0,Europe
CUST_00155,2024-06-12,2024-10-22,2024-10-10,2024-11-18,39,159,1,True,1,1.0,0.0,0.0,0.0,1.0,0.0,0.0,0.0,0.0,0.0,2,3,1.5,2835.5699999999997,1112.465,0.0,1221.28,0.0,1614.29,0.0,0,2,0,1,0,M,50,0.0,1.0,0.0,0,0,0,0,Europe
CUST_00156,2024-06-23,2024-10-22,2024-10-21,2024-12-31,71,191,1,True,0,1.0,0.0,0.0,0.0,1.0,0.0,0.0,0.0,0.0,0.0,2,6,3.0,3324.51,993.7270000000001,1671.32,0.0,0.0,1653.19,0.0,5,0,0,1,0,M,21,0.0,1.0,0.0,0,0,0,0,Europe
CUST_00191,2024-06-11,2024-10-22,2024-10-09,2025-01-20,103,223,0,False,1,0.0,0.0,0.0,0.0,0.0,0.0,0.0,0.0,0.0,0.0,1,1,1.0,520.35,520.35,0.0,520.35,0.0,0.0,0.0,0,1,0,0,0,F,23,0.0,0.0,1.0,0,0,0,0,North America
CUST_00211,2024-06-01,2024-10-22,2024-09-29,2024-10-30,31,151,1,True,1,0.0,0.0,1.0,1.0,2.0,0.0,0.0,0.0,0.0,0.0,2,5,2.5,1160.99,330.53499999999997,0.0,494.43,0.0,666.56,0.0,0,1,0,4,0,F,37,1.0,0.0,0.0,0,0,0,0,Asia
CUST_00238,2024-06-20,2024-10-22,2024-10-18,2025-01-20,94,214,0,False,1,0.0,0.0,0.0,0.0,0.0,0.0,0.0,0.0,0.0,0.0,1,1,1.0,1381.81,1381.81,0.0,1381.81,0.0,0.0,0.0,0,1,0,0,0,F,27,0.0,1.0,0.0,0,0,0,0,Europe
CUST_00274,2024-06-16,2024-10-22,2024-10-14,2024-12-14,61,181,1,True,1,0.0,0.0,0.0,0.0,0.0,0.0,0.0,0.0,0.0,0.0,2,2,1.0,1129.29,564.645,0.0,934.76,0.0,194.53,0.0,0,1,0,1,0,F,67,1.0,0.0,0.0,0,0,0,0,Asia
CUST_00316,2024-06-04,2024-10-22,2024-10-02,2025-01-20,110,230,0,False,1,0.0,0.0,0.0,0.0,0.0,0.0,0.0,0.0,0.0,0.0,1,3,3.0,657.32,219.10666666666668,0.0,0.0,0.0,0.0,657.32,0,0,0,0,3,F,39,0.0,1.0,0.0,0,0,0,0,Europe
CUST_00346,2024-06-10,2024-10-22,2024-10-08,2025-01-20,104,224,0,False,1,0.0,0.0,0.0,0.0,0.0,0.0,0.0,0.0,0.0,0.0,1,2,2.0,1368.84,684.42,0.0,0.0,0.0,0.0,1368.84,0,0,0,0,2,M,30,1.0,0.0,0.0,0,0,0,0,Asia
CUST_00348,2024-06-20,2024-10-22,2024-10-18,2024-11-28,41,161,1,True,1,0.0,0.0,0.0,0.0,0.0,0.0,0.0,0.0,0.0,0.0,3,7,2.3333333333333335,3376.53,608.5344444444445,1050.14,0.0,1216.91,0.0,1109.48,1,0,3,0,3,F,74,1.0,0.0,0.0,0,0,0,0,Asia
CUST_00362,2024-06-17,2024-10-22,2024-10-15,2025-01-20,97,217,0,False,1,0.0,0.0,0.0,0.0,0.0,0.0,0.0,0.0,0.0,0.0,1,2,2.0,1051.89,525.945,0.0,1051.89,0.0,0.0,0.0,0,2,0,0,0,M,69,0.0,1.0,0.0,0,0,0,0,Europe
CUST_00373,2024-06-14,2024-10-22,2024-10-12,2024-11-25,44,164,1,True,1,1.0,1.0,1.0,1.0,4.0,0.0,0.0,0.0,0.0,0.0,2,4,2.0,3163.04,965.98,0.0,0.0,0.0,3163.04,0.0,0,0,0,4,0,F,46,0.0,1.0,0.0,0,0,0,0,Europe
CUST_00378,2024-06-22,2024-10-22,2024-10-20,2025-01-20,92,212,0,False,1,0.0,0.0,0.0,0.0,0.0,0.0,0.0,0.0,0.0,0.0,1,1,1.0,258.7,258.7,0.0,0.0,258.7,0.0,0.0,0,0,1,0,0,M,22,0.0,0.0,1.0,0,0,0,0,North America
CUST_00383,2024-06-07,2024-10-22,2024-10-05,2024-12-18,74,194,1,True,1,0.0,1.0,0.0,0.0,1.0,0.0,0.0,0.0,0.0,0.0,2,3,1.5,1337.63,445.96500000000003,0.0,0.0,0.0,891.4,446.23,0,0,0,2,1,M,55,1.0,0.0,0.0,0,0,0,0,Asia
CUST_00400,2024-06-10,2024-10-22,2024-10-08,2024-12-12,65,185,1,True,1,0.0,0.0,0.0,1.0,1.0,0.0,0.0,0.0,0.0,0.0,2,4,2.0,2799.5600000000004,699.8900000000001,0.0,0.0,2799.5600000000004,0.0,0.0,0,0,4,0,0,M,30,0.0,1.0,0.0,0,0,0,0,Europe
CUST_00406,2024-06-13,2024-10-22,2024-10-11,2025-01-20,101,221,0,False,1,0.0,0.0,0.0,0.0,0.0,0.0,0.0,0.0,0.0,0.0,1,1,1.0,1297.4,1297.4,0.0,0.0,1297.4,0.0,0.0,0,0,1,0,0,M,52,0.0,1.0,0.0,0,0,0,0,Europe
CUST_00429,2024-06-19,2024-10-22,2024-10-17,2025-01-20,95,215,0,False,1,0.0,0.0,0.0,0.0,0.0,0.0,0.0,0.0,0.0,0.0,1,4,4.0,1061.88,265.47,0.0,1061.88,0.0,0.0,0.0,0,4,0,0,0,M,26,0.0,1.0,0.0,0,0,0,0,Europe
CUST_00498,2024-06-04,2024-10-22,2024-10-02,2025-01-20,110,230,0,False,1,0.0,0.0,0.0,0.0,0.0,0.0,0.0,0.0,0.0,0.0,1,1,1.0,1978.45,1978.45,1978.45,0.0,0.0,0.0,0.0,1,0,0,0,0,F,24,0.0,1.0,0.0,0,0,0,0,Europe
CUST_00503,2024-06-10,2024-10-22,2024-10-08,2025-01-20,104,224,0,False,1,0.0,0.0,0.0,0.0,0.0,0.0,0.0,0.0,0.0,0.0,1,2,2.0,1492.62,746.31,0.0,0.0,1492.62,0.0,0.0,0,0,2,0,0,M,36,0.0,1.0,0.0,0,0,0,0,Europe
CUST_00506,2024-06-14,2024-10-22,2024-10-12,2025-01-20,100,220,0,False,1,0.0,0.0,0.0,0.0,0.0,0.0,0.0,0.0,0.0,0.0,1,1,1.0,975.02,975.02,0.0,0.0,0.0,975.02,0.0,0,0,0,1,0,F,63,1.0,0.0,0.0,0,0,0,0,Asia
CUST_00557,2024-06-22,2024-10-22,2024-10-20,2025-01-20,92,212,0,False,0,0.0,0.0,0.0,0.0,0.0,0.0,0.0,0.0,0.0,0.0,1,4,4.0,1497.37,374.3425,0.0,0.0,1497.37,0.0,0.0,0,0,4,0,0,F,71,1.0,0.0,0.0,0,0,0,0,Asia
CUST_00579,2024-06-21,2024-10-22,2024-10-19,2025-01-20,93,213,0,False,1,0.0,0.0,0.0,0.0,0.0,0.0,0.0,0.0,0.0,0.0,1,2,2.0,1087.25,543.625,0.0,0.0,1087.25,0.0,0.0,0,0,2,0,0,F,44,0.0,1.0,0.0,0,0,0,0,Europe
CUST_00624,2024-06-02,2024-10-22,2024-09-30,2025-01-20,112,232,0,False,1,0.0,0.0,0.0,0.0,0.0,0.0,0.0,0.0,0.0,0.0,1,2,2.0,1458.08,729.04,0.0,0.0,0.0,0.0,1458.08,0,0,0,0,2,M,47,1.0,0.0,0.0,0,0,0,0,Asia
CUST_00636,2024-06-23,2024-10-22,2024-10-21,2025-01-20,91,211,0,False,0,0.0,0.0,0.0,0.0,0.0,0.0,0.0,0.0,0.0,0.0,1,1,1.0,1794.84,1794.84,0.0,1794.84,0.0,0.0,0.0,0,1,0,0,0,F,65,1.0,0.0,0.0,0,0,0,0,Asia
CUST_00637,2024-06-22,2024-10-22,2024-10-20,2025-01-20,92,212,0,False,1,0.0,0.0,0.0,0.0,0.0,0.0,0.0,0.0,0.0,0.0,1,3,3.0,1231.09,410.3633333333333,0.0,0.0,0.0,1231.09,0.0,0,0,0,3,0,F,47,1.0,0.0,0.0,0,0,0,0,Asia
CUST_00645,2024-06-23,2024-10-22,2024-10-21,2025-01-20,91,211,0,False,1,0.0,0.0,0.0,0.0,0.0,0.0,0.0,0.0,0.0,0.0,1,3,3.0,661.55,220.51666666666665,0.0,661.55,0.0,0.0,0.0,0,3,0,0,0,F,52,0.0,0.0,1.0,0,0,0,0,North America
CUST_00650,2024-06-16,2024-10-22,2024-10-14,2024-12-29,76,196,1,True,1,0.0,0.0,0.0,0.0,0.0,0.0,0.0,0.0,0.0,0.0,2,4,2.0,2398.61,1036.8216666666667,2398.61,0.0,0.0,0.0,0.0,4,0,0,0,0,M,40,0.0,1.0,0.0,0,0,0,0,Europe
CUST_00662,2024-06-18,2024-10-22,2024-10-16,2025-01-20,96,216,0,False,1,0.0,0.0,0.0,0.0,0.0,0.0,0.0,0.0,0.0,0.0,1,1,1.0,1883.89,1883.89,0.0,1883.89,0.0,0.0,0.0,0,1,0,0,0,M,63,1.0,0.0,0.0,0,0,0,0,Asia
CUST_00678,2024-06-20,2024-10-22,2024-10-18,2025-01-20,94,214,0,False,1,0.0,0.0,0.0,0.0,0.0,0.0,0.0,0.0,0.0,0.0,1,2,2.0,1485.94,742.97,0.0,0.0,0.0,1485.94,0.0,0,0,0,2,0,F,64,0.0,1.0,0.0,0,0,0,0,Europe
CUST_00680,2024-06-03,2024-10-22,2024-10-01,2025-01-20,111,231,0,False,0,0.0,0.0,0.0,0.0,0.0,0.0,0.0,0.0,0.0,0.0,1,2,2.0,1846.56,923.28,1846.56,0.0,0.0,0.0,0.0,2,0,0,0,0,F,57,0.0,1.0,0.0,0,0,0,0,Europe
CUST_00689,2024-06-01,2024-10-22,2024-09-29,2024-12-17,79,199,1,True,1,0.0,1.0,1.0,0.0,2.0,0.0,0.0,1.0,0.0,1.0,2,5,2.5,2422.41,561.9525,0.0,0.0,523.8,1898.61,0.0,0,0,3,2,0,M,29,1.0,0.0,0.0,0,0,0,0,Asia
CUST_00747,2024-06-04,2024-10-22,2024-10-02,2025-01-20,110,230,0,False,1,0.0,0.0,0.0,0.0,0.0,0.0,0.0,0.0,0.0,0.0,1,1,1.0,1002.44,1002.44,0.0,0.0,1002.44,0.0,0.0,0,0,1,0,0,F,72,0.0,0.0,1.0,0,0,0,0,North America
CUST_00810,2024-06-22,2024-10-22,2024-10-20,2025-01-20,92,212,0,False,1,0.0,0.0,0.0,0.0,0.0,0.0,0.0,0.0,0.0,0.0,1,3,3.0,707.52,235.84,0.0,0.0,0.0,0.0,707.52,0,0,0,0,3,F,64,1.0,0.0,0.0,0,0,0,0,Asia
CUST_00824,2024-06-16,2024-10-22,2024-10-14,2025-01-20,98,218,0,False,1,0.0,0.0,0.0,0.0,0.0,0.0,0.0,0.0,0.0,0.0,1,3,3.0,1589.48,529.8266666666667,0.0,0.0,1589.48,0.0,0.0,0,0,3,0,0,M,68,0.0,1.0,0.0,0,0,0,0,Europe
CUST_00857,2024-06-02,2024-10-22,2024-09-30,2025-01-20,112,232,0,False,1,0.0,0.0,0.0,0.0,0.0,0.0,0.0,0.0,0.0,0.0,1,2,2.0,489.29,244.645,0.0,0.0,489.29,0.0,0.0,0,0,2,0,0,F,21,1.0,0.0,0.0,0,0,0,0,Asia
CUST_00862,2024-06-13,2024-10-22,2024-10-11,2024-11-23,43,163,1,True,0,0.0,1.0,1.0,2.0,4.0,0.0,0.0,0.0,0.0,0.0,2,4,2.0,2021.85,371.2283333333333,1919.09,0.0,0.0,102.76,0.0,3,0,0,1,0,M,44,0.0,1.0,0.0,0,0,0,0,Europe
CUST_00872,2024-06-10,2024-10-22,2024-10-08,2025-01-20,104,224,0,False,1,0.0,0.0,0.0,0.0,0.0,0.0,0.0,0.0,0.0,0.0,1,1,1.0,991.85,991.85,0.0,0.0,0.0,0.0,991.85,0,0,0,0,1,M,63,0.0,0.0,1.0,0,0,0,0,North America
CUST_00925,2024-06-11,2024-10-22,2024-10-09,2024-11-06,28,148,1,True,1,0.0,0.0,0.0,1.0,1.0,0.0,0.0,0.0,0.0,0.0,2,7,3.5,2302.54,405.1165,0.0,0.0,1136.79,1165.75,0.0,0,0,5,2,0,F,32,0.0,0.0,1.0,0,0,0,0,North America
CUST_00941,2024-06-23,2024-10-22,2024-10-21,2025-01-20,91,211,0,False,1,0.0,0.0,0.0,0.0,0.0,0.0,0.0,0.0,0.0,0.0,1,3,3.0,1119.58,373.1933333333333,0.0,0.0,0.0,1119.58,0.0,0,0,0,3,0,F,38,0.0,0.0,1.0,0,0,0,0,North America
CUST_00949,2024-06-13,2024-10-22,2024-10-11,2024-11-18,38,158,1,True,1,0.0,1.0,2.0,0.0,3.0,0.0,0.0,0.0,0.0,0.0,2,3,1.5,2006.6399999999999,791.285,0.0,2006.6399999999999,0.0,0.0,0.0,0,3,0,0,0,Other,49,0.0,1.0,0.0,0,0,0,0,Europe
CUST_00953,2024-06-06,2024-10-22,2024-10-04,2025-01-20,108,228,0,False,0,0.0,0.0,0.0,0.0,0.0,0.0,0.0,0.0,0.0,0.0,1,1,1.0,1049.42,1049.42,0.0,0.0,0.0,0.0,1049.42,0,0,0,0,1,F,38,1.0,0.0,0.0,0,0,0,0,Asia
CUST_00955,2024-06-19,2024-10-22,2024-10-17,2024-11-01,15,135,1,True,1,0.0,0.0,0.0,0.0,0.0,0.0,0.0,0.0,0.0,0.0,2,6,3.0,2513.61,422.125,863.39,0.0,0.0,0.0,1650.22,2,0,0,0,4,F,52,0.0,1.0,0.0,0,0,0,0,Europe
CUST_00957,2024-06-20,2024-10-22,2024-10-18,2025-01-20,94,214,0,False,1,0.0,0.0,0.0,0.0,0.0,0.0,0.0,0.0,0.0,0.0,1,2,2.0,1283.38,641.69,0.0,0.0,1283.38,0.0,0.0,0,0,2,0,0,M,46,0.0,1.0,0.0,0,0,0,0,Europe
CUST_00959,2024-06-11,2024-10-22,2024-10-09,2025-01-20,103,223,0,False,1,0.0,0.0,0.0,0.0,0.0,0.0,0.0,0.0,0.0,0.0,1,3,3.0,1814.02,604.6733333333333,0.0,0.0,1814.02,0.0,0.0,0,0,3,0,0,F,34,0.0,1.0,0.0,0,0,0,0,Europe
CUST_00972,2024-06-10,2024-10-22,2024-10-08,2024-12-06,59,179,1,True,1,0.0,0.0,0.0,0.0,0.0,0.0,0.0,0.0,0.0,0.0,2,3,1.5,2952.92,1152.8600000000001,0.0,0.0,1658.52,1294.4,0.0,0,0,1,2,0,M,42,1.0,0.0,0.0,0,0,0,0,Asia
CUST_00981,2024-06-15,2024-10-22,2024-10-13,2025-01-20,99,219,0,False,1,0.0,0.0,0.0,0.0,0.0,0.0,0.0,0.0,0.0,0.0,1,2,2.0,708.54,354.27,0.0,0.0,0.0,0.0,708.54,0,0,0,0,2,F,25,1.0,0.0,0.0,0,0,0,0,Asia
CUST_01002,2024-06-23,2024-10-22,2024-10-21,2025-01-20,91,211,0,False,1,0.0,0.0,0.0,0.0,0.0,0.0,0.0,0.0,0.0,0.0,2,3,1.5,1141.65,352.46000000000004,0.0,0.0,0.0,1141.65,0.0,0,0,0,3,0,F,25,0.0,1.0,0.0,0,0,0,0,Europe
CUST_01013,2024-06-14,2024-10-22,2024-10-12,2024-12-06,55,175,1,True,1,0.0,1.0,0.0,1.0,2.0,0.0,0.0,0.0,0.0,0.0,2,2,1.0,1104.8700000000001,552.4350000000001,192.93,911.94,0.0,0.0,0.0,1,1,0,0,0,F,71,0.0,1.0,0.0,0,0,0,0,Europe
CUST_01026,2024-06-22,2024-10-22,2024-10-20,2024-12-03,44,164,1,True,1,1.0,1.0,0.0,0.0,2.0,0.0,0.0,0.0,0.0,0.0,2,4,2.0,2492.09,623.0225,1376.24,1115.85,0.0,0.0,0.0,2,2,0,0,0,M,29,1.0,0.0,0.0,0,0,0,0,Asia
CUST_01049,2024-06-13,2024-10-22,2024-10-11,2024-11-12,32,152,1,True,1,0.0,0.0,0.0,0.0,0.0,0.0,0.0,0.0,0.0,0.0,3,4,1.3333333333333333,3609.89,1062.3416666666665,0.0,1061.54,1702.62,0.0,845.73,0,1,1,0,2,F,74,0.0,1.0,0.0,0,0,0,0,Europe
CUST_01093,2024-06-08,2024-10-22,2024-10-06,2025-01-20,106,226,0,False,1,0.0,0.0,0.0,0.0,0.0,0.0,0.0,0.0,0.0,0.0,1,1,1.0,626.04,626.04,0.0,0.0,0.0,626.04,0.0,0,0,0,1,0,M,42,0.0,0.0,1.0,0,0,0,0,North America
CUST_01095,2024-06-12,2024-10-22,2024-10-10,2024-10-30,20,140,1,True,1,0.0,0.0,0.0,0.0,0.0,0.0,0.0,0.0,0.0,0.0,2,3,1.5,2626.7799999999997,1035.8775,0.0,1516.73,0.0,0.0,1110.05,0,1,0,0,2,M,68,1.0,0.0,0.0,0,0,0,0,Asia
CUST_01107,2024-06-05,2024-10-22,2024-10-03,2025-01-20,109,229,0,False,1,0.0,0.0,0.0,0.0,0.0,0.0,0.0,0.0,0.0,0.0,1,1,1.0,416.64,416.64,0.0,0.0,0.0,416.64,0.0,0,0,0,1,0,F,31,0.0,1.0,0.0,0,0,0,0,Europe
CUST_01133,2024-06-14,2024-10-22,2024-10-12,2025-01-20,100,220,0,False,1,0.0,0.0,0.0,0.0,0.0,0.0,0.0,0.0,0.0,0.0,1,1,1.0,399.51,399.51,0.0,0.0,399.51,0.0,0.0,0,0,1,0,0,F,52,1.0,0.0,0.0,0,0,0,0,Asia
CUST_01140,2024-06-13,2024-10-22,2024-10-11,2024-11-06,26,146,1,True,1,0.0,0.0,1.0,0.0,1.0,0.0,0.0,0.0,0.0,0.0,2,4,2.0,2598.1,649.525,0.0,0.0,0.0,0.0,2598.1,0,0,0,0,4,M,72,1.0,0.0,0.0,0,0,0,0,Asia
CUST_01197,2024-06-09,2024-10-22,2024-10-07,2025-01-20,105,225,0,False,1,0.0,0.0,0.0,0.0,0.0,0.0,0.0,0.0,0.0,0.0,1,1,1.0,1200.52,1200.52,0.0,1200.52,0.0,0.0,0.0,0,1,0,0,0,Other,61,0.0,0.0,1.0,0,0,0,0,North America
CUST_01229,2024-06-19,2024-10-22,2024-10-17,2025-01-20,95,215,0,False,0,0.0,0.0,0.0,0.0,0.0,0.0,0.0,0.0,0.0,0.0,1,4,4.0,257.18,64.295,0.0,0.0,257.18,0.0,0.0,0,0,4,0,0,F,71,1.0,0.0,0.0,0,0,0,0,Asia
CUST_01235,2024-06-07,2024-10-22,2024-10-05,2024-11-04,30,150,1,True,1,0.0,0.0,0.0,0.0,0.0,0.0,0.0,0.0,0.0,0.0,2,9,4.5,2233.46,495.6364285714286,0.0,0.0,351.28,1882.18,0.0,0,0,7,2,0,M,31,0.0,1.0,0.0,0,0,0,0,Europe
CUST_01260,2024-06-21,2024-10-22,2024-10-19,2025-01-20,93,213,0,False,1,0.0,0.0,0.0,0.0,0.0,0.0,0.0,0.0,0.0,0.0,2,4,2.0,2400.0099999999998,648.2149999999999,0.0,1655.37,744.64,0.0,0.0,0,3,1,0,0,F,36,0.0,0.0,1.0,0,0,0,0,North America
CUST_01296,2024-06-05,2024-10-22,2024-10-03,2024-12-01,59,179,1,True,1,2.0,0.0,0.0,0.0,2.0,1.0,0.0,0.0,0.0,1.0,2,4,2.0,672.77,168.1925,0.0,0.0,399.16,273.61,0.0,0,0,2,2,0,F,38,1.0,0.0,0.0,0,0,0,0,Asia
CUST_01337,2024-06-15,2024-10-22,2024-10-13,2025-01-20,99,219,0,False,1,0.0,0.0,0.0,0.0,0.0,0.0,0.0,0.0,0.0,0.0,1,1,1.0,1766.88,1766.88,0.0,0.0,0.0,0.0,1766.88,0,0,0,0,1,F,50,0.0,0.0,1.0,0,0,0,0,North America
CUST_01369,2024-06-06,2024-10-22,2024-10-04,2025-01-20,108,228,0,False,1,0.0,0.0,0.0,0.0,0.0,0.0,0.0,0.0,0.0,0.0,1,2,2.0,808.98,404.49,0.0,0.0,808.98,0.0,0.0,0,0,2,0,0,M,30,0.0,1.0,0.0,0,0,0,0,Europe
CUST_01374,2024-06-17,2024-10-22,2024-10-15,2025-01-20,97,217,0,False,1,0.0,0.0,0.0,0.0,0.0,0.0,0.0,0.0,0.0,0.0,1,2,2.0,509.28,254.64,0.0,0.0,0.0,0.0,509.28,0,0,0,0,2,M,40,0.0,1.0,0.0,0,0,0,0,Europe
CUST_01417,2024-06-19,2024-10-22,2024-10-17,2025-01-20,95,215,0,False,1,0.0,0.0,0.0,0.0,0.0,0.0,0.0,0.0,0.0,0.0,1,2,2.0,245.61,122.805,0.0,0.0,0.0,245.61,0.0,0,0,0,2,0,Other,43,0.0,1.0,0.0,0,0,0,0,Europe
CUST_01439,2024-06-15,2024-10-22,2024-10-13,2025-01-20,99,219,0,False,1,0.0,0.0,0.0,0.0,0.0,0.0,0.0,0.0,0.0,0.0,1,1,1.0,1700.99,1700.99,0.0,0.0,1700.99,0.0,0.0,0,0,1,0,0,F,75,0.0,0.0,1.0,0,0,0,0,North America
CUST_01494,2024-06-13,2024-10-22,2024-10-11,2025-01-20,101,221,0,False,1,0.0,0.0,0.0,0.0,0.0,0.0,0.0,0.0,0.0,0.0,1,2,2.0,1183.4,591.7,0.0,0.0,1183.4,0.0,0.0,0,0,2,0,0,F,73,1.0,0.0,0.0,0,0,0,0,Asia
CUST_01505,2024-06-03,2024-10-22,2024-10-01,2025-01-20,111,231,0,False,1,0.0,0.0,0.0,0.0,0.0,0.0,0.0,0.0,0.0,0.0,1,1,1.0,356.49,356.49,356.49,0.0,0.0,0.0,0.0,1,0,0,0,0,M,29,0.0,0.0,1.0,0,0,0,0,North America
CUST_01517,2024-06-06,2024-10-22,2024-10-04,2024-12-26,83,203,1,True,1,0.0,0.0,2.0,2.0,4.0,0.0,0.0,0.0,0.0,0.0,2,4,2.0,1945.21,486.3025,0.0,937.67,0.0,0.0,1007.54,0,2,0,0,2,M,24,1.0,0.0,0.0,0,0,0,0,Asia
CUST_01521,2024-06-07,2024-10-22,2024-10-05,2025-01-20,107,227,0,False,1,0.0,0.0,0.0,0.0,0.0,0.0,0.0,0.0,0.0,0.0,1,2,2.0,1736.56,868.28,0.0,0.0,0.0,1736.56,0.0,0,0,0,2,0,M,62,1.0,0.0,0.0,0,0,0,0,Asia
CUST_01549,2024-06-02,2024-10-22,2024-09-30,2025-01-20,112,232,0,False,1,0.0,0.0,0.0,0.0,0.0,0.0,0.0,0.0,0.0,0.0,1,2,2.0,272.06,136.03,0.0,0.0,272.06,0.0,0.0,0,0,2,0,0,F,64,1.0,0.0,0.0,0,0,0,0,Asia
CUST_01575,2024-06-13,2024-10-22,2024-10-11,2024-11-24,44,164,1,True,1,1.0,1.0,2.0,0.0,4.0,0.0,0.0,0.0,0.0,0.0,2,3,1.5,1144.17,431.0475,0.0,0.0,580.02,564.15,0.0,0,0,1,2,0,F,67,0.0,1.0,0.0,0,0,0,0,Europe
CUST_01591,2024-06-10,2024-10-22,2024-10-08,2024-12-06,59,179,1,True,1,0.0,2.0,1.0,0.0,3.0,0.0,0.0,0.0,0.0,0.0,2,4,2.0,1433.9699999999998,340.2783333333333,1130.12,303.85,0.0,0.0,0.0,3,1,0,0,0,F,53,0.0,1.0,0.0,0,0,0,0,Europe
CUST_01595,2024-06-17,2024-10-22,2024-10-15,2025-01-20,97,217,0,False,0,0.0,0.0,0.0,0.0,0.0,0.0,0.0,0.0,0.0,0.0,1,2,2.0,412.25,206.125,412.25,0.0,0.0,0.0,0.0,2,0,0,0,0,F,58,0.0,1.0,0.0,0,0,0,0,Europe
CUST_01608,2024-06-14,2024-10-22,2024-10-12,2025-01-20,100,220,0,False,1,0.0,0.0,0.0,0.0,0.0,0.0,0.0,0.0,0.0,0.0,1,1,1.0,624.49,624.49,0.0,0.0,0.0,0.0,624.49,0,0,0,0,1,F,23,1.0,0.0,0.0,0,0,0,0,Asia
CUST_01641,2024-06-15,2024-10-22,2024-10-13,2024-11-25,43,163,1,True,1,0.0,0.0,0.0,0.0,0.0,0.0,0.0,0.0,0.0,0.0,2,5,2.5,993.2,220.91500000000002,664.58,0.0,0.0,0.0,328.62,2,0,0,0,3,M,36,0.0,1.0,0.0,0,0,0,0,Europe
CUST_01644,2024-06-10,2024-10-22,2024-10-08,2025-01-20,104,224,0,False,1,0.0,0.0,0.0,0.0,0.0,0.0,0.0,0.0,0.0,0.0,1,2,2.0,454.36,227.18,0.0,454.36,0.0,0.0,0.0,0,2,0,0,0,F,27,1.0,0.0,0.0,0,0,0,0,Asia
CUST_01665,2024-06-16,2024-10-22,2024-10-14,2025-01-20,98,218,0,False,1,0.0,0.0,0.0,0.0,0.0,0.0,0.0,0.0,0.0,0.0,1,2,2.0,1809.9,904.95,0.0,0.0,0.0,1809.9,0.0,0,0,0,2,0,M,31,0.0,0.0,1.0,0,0,0,0,North America
CUST_01667,2024-06-17,2024-10-22,2024-10-15,2025-01-20,97,217,0,False,1,0.0,0.0,0.0,0.0,0.0,0.0,0.0,0.0,0.0,0.0,2,2,1.0,1533.57,766.785,1323.31,210.26,0.0,0.0,0.0,1,1,0,0,0,M,42,0.0,1.0,0.0,0,0,0,0,Europe
CUST_01673,2024-06-08,2024-10-22,2024-10-06,2025-01-20,106,226,0,False,1,0.0,0.0,0.0,0.0,0.0,0.0,0.0,0.0,0.0,0.0,1,3,3.0,169.6,56.53333333333333,0.0,169.6,0.0,0.0,0.0,0,3,0,0,0,F,67,1.0,0.0,0.0,0,0,0,0,Asia
CUST_01705,2024-06-15,2024-10-22,2024-10-13,2024-10-30,17,137,1,True,1,0.0,0.0,0.0,0.0,0.0,0.0,0.0,0.0,0.0,0.0,2,4,2.0,1624.84,366.1433333333333,0.0,286.01,0.0,1338.83,0.0,0,1,0,3,0,M,52,1.0,0.0,0.0,0,0,0,0,Asia
CUST_01738,2024-06-23,2024-10-22,2024-10-21,2025-01-20,91,211,0,False,1,0.0,0.0,0.0,0.0,0.0,0.0,0.0,0.0,0.0,0.0,1,1,1.0,152.74,152.74,0.0,0.0,0.0,152.74,0.0,0,0,0,1,0,M,61,0.0,1.0,0.0,0,0,0,0,Europe
CUST_01752,2024-06-23,2024-10-22,2024-10-21,2024-11-08,18,138,1,True,1,1.0,0.0,0.0,0.0,1.0,0.0,0.0,0.0,0.0,0.0,3,8,2.6666666666666665,2451.6800000000003,503.38133333333343,0.0,163.07,0.0,2288.61,0.0,0,5,0,3,0,F,37,0.0,1.0,0.0,0,0,0,0,Europe
CUST_01789,2024-06-15,2024-10-22,2024-10-13,2024-12-20,68,188,1,True,1,0.0,1.0,2.0,0.0,3.0,0.0,0.0,1.0,0.0,1.0,2,5,2.5,2099.08,384.79166666666663,0.0,0.0,1679.74,0.0,419.34,0,0,3,0,2,M,41,0.0,1.0,0.0,0,0,0,0,Europe
CUST_01812,2024-06-19,2024-10-22,2024-10-17,2025-01-20,95,215,0,False,1,0.0,0.0,0.0,0.0,0.0,0.0,0.0,0.0,0.0,0.0,1,1,1.0,1648.89,1648.89,0.0,0.0,0.0,1648.89,0.0,0,0,0,1,0,M,46,1.0,0.0,0.0,0,0,0,0,Asia
CUST_01815,2024-06-07,2024-10-22,2024-10-05,2024-12-08,64,184,1,True,0,1.0,0.0,1.0,0.0,2.0,0.0,0.0,0.0,0.0,0.0,2,5,2.5,3056.9300000000003,659.445,0.0,1799.48,1257.45,0.0,0.0,0,2,3,0,0,M,56,0.0,1.0,0.0,0,0,0,0,Europe
CUST_01820,2024-06-22,2024-10-22,2024-10-20,2025-01-20,92,212,0,False,1,0.0,0.0,0.0,0.0,0.0,0.0,0.0,0.0,0.0,0.0,1,2,2.0,164.3,82.15,0.0,0.0,0.0,0.0,164.3,0,0,0,0,2,M,73,1.0,0.0,0.0,0,0,0,0,Asia
CUST_01830,2024-06-03,2024-10-22,2024-10-01,2024-10-24,23,143,1,True,1,0.0,1.0,0.0,0.0,1.0,0.0,1.0,0.0,0.0,1.0,2,5,2.5,1656.1399999999999,303.2375,0.0,326.57,0.0,0.0,1329.57,0,2,0,0,3,F,75,1.0,0.0,0.0,0,0,0,0,Asia
CUST_01915,2024-06-07,2024-10-22,2024-10-05,2025-01-20,107,227,0,False,1,0.0,0.0,0.0,0.0,0.0,0.0,0.0,0.0,0.0,0.0,1,3,3.0,1386.94,462.31333333333333,1386.94,0.0,0.0,0.0,0.0,3,0,0,0,0,M,42,1.0,0.0,0.0,0,0,0,0,Asia
CUST_01931,2024-06-05,2024-10-22,2024-10-03,2024-11-04,32,152,1,True,1,0.0,0.0,0.0,0.0,0.0,0.0,0.0,0.0,0.0,0.0,2,3,1.5,2109.63,738.4175,0.0,2109.63,0.0,0.0,0.0,0,3,0,0,0,F,59,1.0,0.0,0.0,0,0,0,0,Asia
CUST_01948,2024-06-01,2024-10-22,2024-09-29,2025-01-20,113,233,0,False,1,0.0,0.0,0.0,0.0,0.0,0.0,0.0,0.0,0.0,0.0,1,1,1.0,1781.29,1781.29,0.0,1781.29,0.0,0.0,0.0,0,1,0,0,0,M,57,0.0,1.0,0.0,0,0,0,0,Europe
CUST_01970,2024-06-19,2024-10-22,2024-10-17,2024-12-24,68,188,1,True,1,0.0,0.0,0.0,0.0,0.0,0.0,0.0,0.0,0.0,0.0,2,2,1.0,1675.12,837.56,474.0,1201.12,0.0,0.0,0.0,1,1,0,0,0,M,53,1.0,0.0,0.0,0,0,0,0,Asia
CUST_01998,2024-06-02,2024-10-22,2024-09-30,2025-01-20,112,232,0,False,1,0.0,0.0,0.0,0.0,0.0,0.0,0.0,0.0,0.0,0.0,1,2,2.0,415.03,207.515,0.0,415.03,0.0,0.0,0.0,0,2,0,0,0,F,52,0.0,1.0,0.0,0,0,0,0,Europe
CUST_02014,2024-06-18,2024-10-22,2024-10-16,2024-12-28,73,193,1,True,1,0.0,0.0,2.0,0.0,2.0,0.0,0.0,0.0,0.0,0.0,3,4,1.3333333333333333,2476.49,785.805,0.0,470.9,238.15,0.0,1767.44,0,1,2,0,1,F,47,0.0,0.0,1.0,0,0,0,0,North America
CUST_02017,2024-06-07,2024-10-22,2024-10-05,2025-01-20,107,227,0,False,1,0.0,0.0,0.0,0.0,0.0,0.0,0.0,0.0,0.0,0.0,1,4,4.0,251.71,62.9275,0.0,0.0,0.0,251.71,0.0,0,0,0,4,0,F,56,0.0,1.0,0.0,0,0,0,0,Europe
CUST_02020,2024-06-18,2024-10-22,2024-10-16,2025-01-20,96,216,0,False,1,0.0,0.0,0.0,0.0,0.0,0.0,0.0,0.0,0.0,0.0,1,2,2.0,1968.49,984.245,0.0,0.0,0.0,0.0,1968.49,0,0,0,0,2,F,26,0.0,0.0,1.0,0,0,0,0,North America
CUST_02026,2024-06-16,2024-10-22,2024-10-14,2025-01-20,98,218,0,False,1,0.0,0.0,0.0,0.0,0.0,0.0,0.0,0.0,0.0,0.0,1,2,2.0,1674.7,837.35,0.0,0.0,1674.7,0.0,0.0,0,0,2,0,0,M,59,1.0,0.0,0.0,0,0,0,0,Asia
CUST_02070,2024-06-06,2024-10-22,2024-10-04,2025-01-20,108,228,0,False,1,0.0,0.0,0.0,0.0,0.0,0.0,0.0,0.0,0.0,0.0,1,5,5.0,397.23,79.446,0.0,0.0,397.23,0.0,0.0,0,0,5,0,0,M,44,1.0,0.0,0.0,0,0,0,0,Asia
CUST_02073,2024-06-18,2024-10-22,2024-10-16,2025-01-20,96,216,0,False,1,0.0,0.0,0.0,0.0,0.0,0.0,0.0,0.0,0.0,0.0,1,2,2.0,1426.69,713.345,0.0,0.0,1426.69,0.0,0.0,0,0,2,0,0,M,62,0.0,0.0,1.0,0,0,0,0,North America
CUST_02083,2024-06-11,2024-10-22,2024-10-09,2025-01-20,103,223,0,False,1,0.0,0.0,0.0,0.0,0.0,0.0,0.0,0.0,0.0,0.0,1,1,1.0,1680.09,1680.09,0.0,0.0,0.0,1680.09,0.0,0,0,0,1,0,M,55,0.0,0.0,1.0,0,0,0,0,North America
CUST_02164,2024-06-05,2024-10-22,2024-10-03,2025-01-20,109,229,0,False,0,0.0,0.0,0.0,0.0,0.0,0.0,0.0,0.0,0.0,0.0,1,2,2.0,468.6,234.3,0.0,0.0,0.0,468.6,0.0,0,0,0,2,0,M,35,1.0,0.0,0.0,0,0,0,0,Asia
CUST_02167,2024-06-11,2024-10-22,2024-10-09,2024-11-02,24,144,1,True,1,2.0,0.0,1.0,0.0,3.0,0.0,0.0,0.0,0.0,0.0,2,4,2.0,2085.09,441.8016666666667,1802.23,282.86,0.0,0.0,0.0,3,1,0,0,0,F,54,0.0,0.0,1.0,0,0,0,0,North America
CUST_02185,2024-06-02,2024-10-22,2024-09-30,2025-01-20,112,232,0,False,1,0.0,0.0,0.0,0.0,0.0,0.0,0.0,0.0,0.0,0.0,1,1,1.0,302.76,302.76,302.76,0.0,0.0,0.0,0.0,1,0,0,0,0,M,26,0.0,0.0,1.0,0,0,0,0,North America
CUST_02192,2024-06-06,2024-10-22,2024-10-04,2024-12-07,64,184,1,True,1,0.0,0.0,1.0,0.0,1.0,0.0,0.0,0.0,0.0,0.0,3,6,2.0,3861.7200000000003,811.0255555555556,1555.42,0.0,653.34,1652.96,0.0,1,0,2,3,0,F,46,1.0,0.0,0.0,0,0,0,0,Asia
CUST_02210,2024-06-14,2024-10-22,2024-10-12,2025-01-20,100,220,0,False,1,0.0,0.0,0.0,0.0,0.0,0.0,0.0,0.0,0.0,0.0,1,2,2.0,977.7,488.85,0.0,0.0,977.7,0.0,0.0,0,0,2,0,0,M,27,0.0,1.0,0.0,0,0,0,0,Europe
CUST_02230,2024-06-13,2024-10-22,2024-10-11,2025-01-20,101,221,0,False,1,0.0,0.0,0.0,0.0,0.0,0.0,0.0,0.0,0.0,0.0,1,3,3.0,686.66,228.88666666666666,0.0,0.0,0.0,0.0,686.66,0,0,0,0,3,M,69,0.0,1.0,0.0,0,0,0,0,Europe
CUST_02272,2024-06-11,2024-10-22,2024-10-09,2025-01-20,103,223,0,False,1,0.0,0.0,0.0,0.0,0.0,0.0,0.0,0.0,0.0,0.0,2,3,1.5,1294.25,350.15999999999997,0.0,0.0,0.0,106.39,1187.86,0,0,0,1,2,Other,35,0.0,1.0,0.0,0,0,0,0,Europe
CUST_02282,2024-06-16,2024-10-22,2024-10-14,2025-01-20,98,218,0,False,1,0.0,0.0,0.0,0.0,0.0,0.0,0.0,0.0,0.0,0.0,1,3,3.0,1396.91,465.6366666666667,1396.91,0.0,0.0,0.0,0.0,3,0,0,0,0,M,69,0.0,1.0,0.0,0,0,0,0,Europe
CUST_02299,2024-06-02,2024-10-22,2024-09-30,2024-11-13,44,164,1,True,1,1.0,1.0,1.0,0.0,3.0,0.0,0.0,1.0,0.0,1.0,2,6,3.0,1725.5800000000002,287.5966666666667,677.45,1048.13,0.0,0.0,0.0,3,3,0,0,0,F,44,1.0,0.0,0.0,0,0,0,0,Asia
CUST_02301,2024-06-17,2024-10-22,2024-10-15,2025-01-20,97,217,0,False,1,0.0,0.0,0.0,0.0,0.0,0.0,0.0,0.0,0.0,0.0,1,2,2.0,339.92,169.96,0.0,0.0,0.0,339.92,0.0,0,0,0,2,0,M,40,0.0,1.0,0.0,0,0,0,0,Europe
CUST_02327,2024-06-12,2024-10-22,2024-10-10,2025-01-20,102,222,0,False,1,0.0,0.0,0.0,0.0,0.0,0.0,0.0,0.0,0.0,0.0,1,2,2.0,1405.09,702.545,1405.09,0.0,0.0,0.0,0.0,2,0,0,0,0,M,28,0.0,1.0,0.0,0,0,0,0,Europe
CUST_02350,2024-06-02,2024-10-22,2024-09-30,2025-01-20,112,232,0,False,1,0.0,0.0,0.0,0.0,0.0,0.0,0.0,0.0,0.0,0.0,1,2,2.0,1285.34,642.67,0.0,0.0,0.0,1285.34,0.0,0,0,0,2,0,F,59,1.0,0.0,0.0,0,0,0,0,Asia
CUST_02359,2024-06-22,2024-10-22,2024-10-20,2025-01-20,92,212,0,False,1,0.0,0.0,0.0,0.0,0.0,0.0,0.0,0.0,0.0,0.0,1,3,3.0,895.35,298.45,895.35,0.0,0.0,0.0,0.0,3,0,0,0,0,F,64,1.0,0.0,0.0,0,0,0,0,Asia
CUST_02389,2024-06-01,2024-10-22,2024-09-29,2024-11-29,61,181,1,True,1,1.0,0.0,0.0,0.0,1.0,1.0,0.0,0.0,0.0,1.0,2,3,1.5,2146.3,931.38,0.0,0.0,0.0,567.08,1579.22,0,0,0,2,1,F,29,0.0,1.0,0.0,0,0,0,0,Europe
CUST_02391,2024-06-02,2024-10-22,2024-09-30,2024-12-28,89,209,1,True,1,0.0,0.0,0.0,0.0,0.0,0.0,0.0,0.0,0.0,0.0,2,6,3.0,2110.14,460.30999999999995,0.0,1572.34,0.0,0.0,537.8,0,2,0,0,4,M,64,0.0,1.0,0.0,0,0,0,0,Europe
CUST_02409,2024-06-06,2024-10-22,2024-10-04,2025-01-20,108,228,0,False,1,0.0,0.0,0.0,0.0,0.0,0.0,0.0,0.0,0.0,0.0,1,1,1.0,636.01,636.01,0.0,636.01,0.0,0.0,0.0,0,1,0,0,0,F,47,0.0,1.0,0.0,0,0,0,0,Europe
CUST_02413,2024-06-12,2024-10-22,2024-10-10,2024-12-24,75,195,1,True,1,0.0,2.0,2.0,0.0,4.0,0.0,1.0,0.0,0.0,1.0,2,4,2.0,2482.28,684.74,0.0,0.0,0.0,813.08,1669.2,0,0,0,1,3,M,70,1.0,0.0,0.0,0,0,0,0,Asia
CUST_02445,2024-06-14,2024-10-22,2024-10-12,2025-01-20,100,220,0,False,1,0.0,0.0,0.0,0.0,0.0,0.0,0.0,0.0,0.0,0.0,1,2,2.0,1609.86,804.93,0.0,0.0,0.0,0.0,1609.86,0,0,0,0,2,M,26,1.0,0.0,0.0,0,0,0,0,Asia
CUST_02509,2024-06-13,2024-10-22,2024-10-11,2025-01-20,101,221,0,False,1,0.0,0.0,0.0,0.0,0.0,0.0,0.0,0.0,0.0,0.0,1,4,4.0,624.21,156.0525,0.0,0.0,0.0,624.21,0.0,0,0,0,4,0,M,65,0.0,0.0,1.0,0,0,0,0,North America
CUST_02511,2024-06-14,2024-10-22,2024-10-12,2025-01-20,100,220,0,False,1,0.0,0.0,0.0,0.0,0.0,0.0,0.0,0.0,0.0,0.0,1,1,1.0,1691.87,1691.87,1691.87,0.0,0.0,0.0,0.0,1,0,0,0,0,F,42,0.0,1.0,0.0,0,0,0,0,Europe
CUST_02515,2024-06-17,2024-10-22,2024-10-15,2024-11-12,28,148,1,True,1,1.0,0.0,0.0,1.0,2.0,0.0,0.0,0.0,0.0,0.0,3,6,2.0,3199.2700000000004,778.41,211.16,0.0,0.0,0.0,2988.11,2,0,0,0,4,F,38,1.0,0.0,0.0,0,0,0,0,Asia
CUST_02533,2024-06-12,2024-10-22,2024-10-10,2025-01-20,102,222,0,False,1,0.0,0.0,0.0,0.0,0.0,0.0,0.0,0.0,0.0,0.0,1,1,1.0,1037.8,1037.8,0.0,0.0,1037.8,0.0,0.0,0,0,1,0,0,F,75,0.0,0.0,1.0,0,0,0,0,North America
CUST_02557,2024-06-03,2024-10-22,2024-10-01,2025-01-20,111,231,0,False,1,0.0,0.0,0.0,0.0,0.0,0.0,0.0,0.0,0.0,0.0,1,2,2.0,494.46,247.23,0.0,0.0,0.0,0.0,494.46,0,0,0,0,2,M,67,1.0,0.0,0.0,0,0,0,0,Asia
CUST_02565,2024-06-11,2024-10-22,2024-10-09,2025-01-20,103,223,0,False,1,0.0,0.0,0.0,0.0,0.0,0.0,0.0,0.0,0.0,0.0,1,3,3.0,1328.64,442.88000000000005,1328.64,0.0,0.0,0.0,0.0,3,0,0,0,0,M,48,0.0,1.0,0.0,0,0,0,0,Europe
CUST_02570,2024-06-19,2024-10-22,2024-10-17,2025-01-20,95,215,0,False,1,0.0,0.0,0.0,0.0,0.0,0.0,0.0,0.0,0.0,0.0,3,9,3.0,2656.3900000000003,436.1437777777778,0.0,778.96,0.0,722.54,1154.89,0,1,0,5,3,F,64,0.0,1.0,0.0,0,0,0,0,Europe
CUST_02571,2024-06-20,2024-10-22,2024-10-18,2025-01-20,94,214,0,False,1,0.0,0.0,0.0,0.0,0.0,0.0,0.0,0.0,0.0,0.0,1,2,2.0,1539.91,769.955,0.0,0.0,0.0,1539.91,0.0,0,0,0,2,0,M,71,0.0,1.0,0.0,0,0,0,0,Europe
CUST_02580,2024-06-02,2024-10-22,2024-09-30,2025-01-20,112,232,0,False,1,0.0,0.0,0.0,0.0,0.0,0.0,0.0,0.0,0.0,0.0,1,3,3.0,1170.44,390.1466666666667,1170.44,0.0,0.0,0.0,0.0,3,0,0,0,0,M,28,0.0,0.0,1.0,0,0,0,0,North America
CUST_02589,2024-06-13,2024-10-22,2024-10-11,2025-01-20,101,221,0,False,1,0.0,0.0,0.0,0.0,0.0,0.0,0.0,0.0,0.0,0.0,1,2,2.0,669.95,334.975,0.0,0.0,669.95,0.0,0.0,0,0,2,0,0,M,53,1.0,0.0,0.0,0,0,0,0,Asia
CUST_02600,2024-06-09,2024-10-22,2024-10-07,2025-01-20,105,225,0,False,1,0.0,0.0,0.0,0.0,0.0,0.0,0.0,0.0,0.0,0.0,1,1,1.0,273.37,273.37,0.0,0.0,273.37,0.0,0.0,0,0,1,0,0,F,61,1.0,0.0,0.0,0,0,0,0,Asia
CUST_02655,2024-06-17,2024-10-22,2024-10-15,2024-12-26,72,192,1,True,1,0.0,0.0,0.0,1.0,1.0,0.0,0.0,0.0,0.0,0.0,2,3,1.5,3602.49,1354.3925,0.0,1815.08,1787.41,0.0,0.0,0,1,2,0,0,M,21,0.0,0.0,1.0,0,0,0,0,North America
CUST_02664,2024-06-15,2024-10-22,2024-10-13,2025-01-20,99,219,0,False,0,0.0,0.0,0.0,0.0,0.0,0.0,0.0,0.0,0.0,0.0,1,2,2.0,1016.41,508.205,0.0,1016.41,0.0,0.0,0.0,0,2,0,0,0,M,61,0.0,1.0,0.0,0,0,0,0,Europe
CUST_02678,2024-06-06,2024-10-22,2024-10-04,2024-12-03,60,180,1,True,0,1.0,0.0,0.0,0.0,1.0,0.0,0.0,0.0,0.0,0.0,2,6,3.0,1486.8899999999999,328.395,346.62,1140.27,0.0,0.0,0.0,4,2,0,0,0,M,57,1.0,0.0,0.0,0,0,0,0,Asia
CUST_02681,2024-06-23,2024-10-22,2024-10-21,2024-12-27,67,187,1,True,0,0.0,0.0,0.0,0.0,0.0,0.0,0.0,0.0,0.0,0.0,2,3,1.5,2933.92,1137.5375,0.0,0.0,2933.92,0.0,0.0,0,0,3,0,0,M,66,1.0,0.0,0.0,0,0,0,0,Asia
CUST_02690,2024-06-20,2024-10-22,2024-10-18,2025-01-20,94,214,0,False,1,0.0,0.0,0.0,0.0,0.0,0.0,0.0,0.0,0.0,0.0,1,2,2.0,395.99,197.995,395.99,0.0,0.0,0.0,0.0,2,0,0,0,0,F,71,1.0,0.0,0.0,0,0,0,0,Asia
CUST_02740,2024-06-17,2024-10-22,2024-10-15,2025-01-20,97,217,0,False,1,0.0,0.0,0.0,0.0,0.0,0.0,0.0,0.0,0.0,0.0,1,1,1.0,220.5,220.5,0.0,220.5,0.0,0.0,0.0,0,1,0,0,0,M,39,0.0,1.0,0.0,0,0,0,0,Europe
CUST_02756,2024-06-03,2024-10-22,2024-10-01,2024-12-12,72,192,1,True,1,1.0,0.0,0.0,1.0,2.0,0.0,0.0,0.0,0.0,0.0,2,4,2.0,1971.68,767.9100000000001,1971.68,0.0,0.0,0.0,0.0,4,0,0,0,0,F,49,0.0,1.0,0.0,0,0,0,0,Europe
CUST_02882,2024-06-20,2024-10-22,2024-10-18,2025-01-20,94,214,0,False,1,0.0,0.0,0.0,0.0,0.0,0.0,0.0,0.0,0.0,0.0,1,1,1.0,1077.86,1077.86,0.0,0.0,0.0,0.0,1077.86,0,0,0,0,1,M,55,1.0,0.0,0.0,0,0,0,0,Asia
CUST_02888,2024-06-18,2024-10-22,2024-10-16,2025-01-20,96,216,0,False,1,0.0,0.0,0.0,0.0,0.0,0.0,0.0,0.0,0.0,0.0,1,2,2.0,1513.75,756.875,0.0,0.0,0.0,0.0,1513.75,0,0,0,0,2,F,58,0.0,1.0,0.0,0,0,0,0,Europe
CUST_02894,2024-06-13,2024-10-22,2024-10-11,2025-01-20,101,221,0,False,0,0.0,0.0,0.0,0.0,0.0,0.0,0.0,0.0,0.0,0.0,1,2,2.0,1089.08,544.54,0.0,0.0,0.0,1089.08,0.0,0,0,0,2,0,F,74,0.0,0.0,1.0,0,0,0,0,North America
CUST_02934,2024-06-01,2024-10-22,2024-09-29,2025-01-20,113,233,0,False,1,0.0,0.0,0.0,0.0,0.0,0.0,0.0,0.0,0.0,0.0,1,2,2.0,784.29,392.145,0.0,0.0,0.0,0.0,784.29,0,0,0,0,2,F,44,0.0,0.0,1.0,0,0,0,0,North America
CUST_02979,2024-06-08,2024-10-22,2024-10-06,2025-01-20,106,226,0,False,1,0.0,0.0,0.0,0.0,0.0,0.0,0.0,0.0,0.0,0.0,2,4,2.0,2384.9300000000003,719.4216666666666,0.0,965.8,1419.13,0.0,0.0,0,1,3,0,0,F,26,1.0,0.0,0.0,0,0,0,0,Asia
CUST_02996,2024-06-19,2024-10-22,2024-10-17,2025-01-20,95,215,0,False,1,0.0,0.0,0.0,0.0,0.0,0.0,0.0,0.0,0.0,0.0,1,2,2.0,1180.45,590.225,0.0,0.0,0.0,1180.45,0.0,0,0,0,2,0,F,22,0.0,1.0,0.0,0,0,0,0,Europe
CUST_03080,2024-06-19,2024-10-22,2024-10-17,2025-01-20,95,215,0,False,1,0.0,0.0,0.0,0.0,0.0,0.0,0.0,0.0,0.0,0.0,2,3,1.5,2981.58,1206.0175,0.0,0.0,0.0,1139.09,1842.49,0,0,0,2,1,M,33,0.0,1.0,0.0,0,0,0,0,Europe
CUST_03110,2024-06-10,2024-10-22,2024-10-08,2025-01-20,104,224,0,False,1,0.0,0.0,0.0,0.0,0.0,0.0,0.0,0.0,0.0,0.0,1,1,1.0,517.97,517.97,0.0,0.0,517.97,0.0,0.0,0,0,1,0,0,M,66,0.0,1.0,0.0,0,0,0,0,Europe
CUST_03131,2024-06-12,2024-10-22,2024-10-10,2024-11-10,31,151,1,True,1,1.0,2.0,0.0,0.0,3.0,0.0,1.0,0.0,0.0,1.0,2,4,2.0,2299.92,574.98,0.0,0.0,0.0,528.26,1771.66,0,0,0,2,2,M,35,0.0,1.0,0.0,0,0,0,0,Europe
CUST_03132,2024-06-01,2024-10-22,2024-09-29,2024-11-13,45,165,1,True,1,0.0,0.0,0.0,1.0,1.0,0.0,0.0,0.0,0.0,0.0,2,2,1.0,1914.6399999999999,957.3199999999999,1032.85,0.0,0.0,881.79,0.0,1,0,0,1,0,M,51,1.0,0.0,0.0,0,0,0,0,Asia
CUST_03134,2024-06-06,2024-10-22,2024-10-04,2024-12-28,85,205,1,True,1,0.0,0.0,0.0,0.0,0.0,0.0,0.0,0.0,0.0,0.0,2,3,1.5,1382.36,665.155,0.0,1382.36,0.0,0.0,0.0,0,3,0,0,0,M,26,0.0,0.0,1.0,0,0,0,0,North America
CUST_03155,2024-06-03,2024-10-22,2024-10-01,2024-11-26,56,176,1,True,1,1.0,0.0,1.0,2.0,4.0,0.0,0.0,0.0,0.0,0.0,2,3,1.5,2122.27,751.905,0.0,0.0,0.0,885.35,1236.92,0,0,0,1,2,M,36,1.0,0.0,0.0,0,0,0,0,Asia
CUST_03191,2024-06-23,2024-10-22,2024-10-21,2025-01-20,91,211,0,False,1,0.0,0.0,0.0,0.0,0.0,0.0,0.0,0.0,0.0,0.0,2,5,2.5,1769.02,389.52000000000004,1136.2,0.0,0.0,632.82,0.0,2,0,0,3,0,M,30,1.0,0.0,0.0,0,0,0,0,Asia
CUST_03196,2024-06-07,2024-10-22,2024-10-05,2025-01-20,107,227,0,False,0,0.0,0.0,0.0,0.0,0.0,0.0,0.0,0.0,0.0,0.0,1,4,4.0,153.94,38.485,153.94,0.0,0.0,0.0,0.0,4,0,0,0,0,F,65,1.0,0.0,0.0,0,0,0,0,Asia
CUST_03230,2024-06-14,2024-10-22,2024-10-12,2025-01-20,100,220,0,False,1,0.0,0.0,0.0,0.0,0.0,0.0,0.0,0.0,0.0,0.0,1,2,2.0,1090.41,545.205,1090.41,0.0,0.0,0.0,0.0,2,0,0,0,0,F,37,0.0,1.0,0.0,0,0,0,0,Europe
CUST_03232,2024-06-01,2024-10-22,2024-09-29,2025-01-20,113,233,0,False,1,0.0,0.0,0.0,0.0,0.0,0.0,0.0,0.0,0.0,0.0,1,2,2.0,401.13,200.565,0.0,0.0,401.13,0.0,0.0,0,0,2,0,0,Other,29,0.0,1.0,0.0,0,0,0,0,Europe
CUST_03233,2024-06-11,2024-10-22,2024-10-09,2024-11-26,48,168,1,True,1,0.0,0.0,1.0,0.0,1.0,0.0,0.0,0.0,0.0,0.0,2,3,1.5,1364.77,479.28499999999997,552.37,0.0,0.0,0.0,812.4,1,0,0,0,2,M,51,0.0,0.0,1.0,0,0,0,0,North America
CUST_03250,2024-06-10,2024-10-22,2024-10-08,2025-01-20,104,224,0,False,1,0.0,0.0,0.0,0.0,0.0,0.0,0.0,0.0,0.0,0.0,1,2,2.0,1859.83,929.915,1859.83,0.0,0.0,0.0,0.0,2,0,0,0,0,F,42,0.0,0.0,1.0,0,0,0,0,North America
CUST_03266,2024-06-10,2024-10-22,2024-10-08,2024-11-08,31,151,1,True,1,0.0,0.0,0.0,0.0,0.0,0.0,0.0,0.0,0.0,0.0,2,5,2.5,2564.0299999999997,576.5466666666666,0.0,1790.5,773.53,0.0,0.0,0,2,3,0,0,F,54,0.0,1.0,0.0,0,0,0,0,Europe
CUST_03270,2024-06-14,2024-10-22,2024-10-12,2024-10-27,15,135,1,True,1,0.0,1.0,1.0,0.0,2.0,0.0,0.0,0.0,0.0,0.0,3,5,1.6666666666666667,4037.44,970.765,0.0,1472.08,0.0,0.0,2565.36,0,2,0,0,3,F,64,1.0,0.0,0.0,0,0,0,0,Asia
CUST_03293,2024-06-19,2024-10-22,2024-10-17,2025-01-20,95,215,0,False,1,0.0,0.0,0.0,0.0,0.0,0.0,0.0,0.0,0.0,0.0,1,4,4.0,410.38,102.595,0.0,0.0,410.38,0.0,0.0,0,0,4,0,0,F,50,0.0,1.0,0.0,0,0,0,0,Europe
CUST_03305,2024-06-17,2024-10-22,2024-10-15,2025-01-20,97,217,0,False,1,0.0,0.0,0.0,0.0,0.0,0.0,0.0,0.0,0.0,0.0,1,1,1.0,1945.04,1945.04,0.0,1945.04,0.0,0.0,0.0,0,1,0,0,0,M,31,1.0,0.0,0.0,0,0,0,0,Asia
CUST_03306,2024-06-04,2024-10-22,2024-10-02,2024-11-15,44,164,1,True,1,0.0,0.0,0.0,0.0,0.0,0.0,0.0,0.0,0.0,0.0,2,4,2.0,1600.9099999999999,519.0216666666666,756.61,0.0,0.0,0.0,844.3,1,0,0,0,3,F,56,0.0,1.0,0.0,0,0,0,0,Europe
CUST_03310,2024-06-07,2024-10-22,2024-10-05,2025-01-20,107,227,0,False,0,0.0,0.0,0.0,0.0,0.0,0.0,0.0,0.0,0.0,0.0,1,2,2.0,1100.4,550.2,0.0,0.0,0.0,0.0,1100.4,0,0,0,0,2,F,72,1.0,0.0,0.0,0,0,0,0,Asia
CUST_03363,2024-06-15,2024-10-22,2024-10-13,2025-01-20,99,219,0,False,1,0.0,0.0,0.0,0.0,0.0,0.0,0.0,0.0,0.0,0.0,1,1,1.0,707.14,707.14,0.0,0.0,0.0,0.0,707.14,0,0,0,0,1,F,49,0.0,1.0,0.0,0,0,0,0,Europe
CUST_03371,2024-06-23,2024-10-22,2024-10-21,2025-01-20,91,211,0,False,0,0.0,0.0,0.0,0.0,0.0,0.0,0.0,0.0,0.0,0.0,1,1,1.0,1798.48,1798.48,0.0,0.0,1798.48,0.0,0.0,0,0,1,0,0,M,50,0.0,1.0,0.0,0,0,0,0,Europe
CUST_03384,2024-06-11,2024-10-22,2024-10-09,2024-12-03,55,175,1,True,1,2.0,0.0,0.0,0.0,2.0,0.0,0.0,0.0,0.0,0.0,3,8,2.6666666666666665,2943.55,640.3870000000001,0.0,1680.58,1262.97,0.0,0.0,0,6,2,0,0,F,70,1.0,0.0,0.0,0,0,0,0,Asia
CUST_03413,2024-06-17,2024-10-22,2024-10-15,2024-11-25,41,161,1,True,1,0.0,0.0,0.0,0.0,0.0,0.0,0.0,0.0,0.0,0.0,2,3,1.5,1323.6499999999999,616.615,180.84,0.0,1142.81,0.0,0.0,2,0,1,0,0,M,40,0.0,0.0,1.0,0,0,0,0,North America
CUST_03465,2024-06-10,2024-10-22,2024-10-08,2024-12-02,55,175,1,True,1,0.0,4.0,0.0,0.0,4.0,0.0,0.0,0.0,0.0,0.0,2,2,1.0,2148.34,1074.17,0.0,0.0,336.98,1811.36,0.0,0,0,1,1,0,F,56,0.0,1.0,0.0,0,0,0,0,Europe
CUST_03467,2024-06-23,2024-10-22,2024-10-21,2025-01-20,91,211,0,False,1,0.0,0.0,0.0,0.0,0.0,0.0,0.0,0.0,0.0,0.0,1,1,1.0,620.85,620.85,0.0,0.0,0.0,0.0,620.85,0,0,0,0,1,M,61,0.0,1.0,0.0,0,0,0,0,Europe
CUST_00007,2024-06-25,2024-10-29,2024-10-23,2025-01-27,96,216,0,False,1,0.0,0.0,0.0,0.0,0.0,0.0,0.0,0.0,0.0,0.0,1,2,2.0,1767.18,883.59,1767.18,0.0,0.0,0.0,0.0,2,0,0,0,0,F,55,1.0,0.0,0.0,0,0,0,0,Asia
CUST_00011,2024-06-12,2024-10-29,2024-10-10,2024-12-16,67,187,1,True,1,1.0,0.0,1.0,0.0,2.0,0.0,0.0,0.0,0.0,0.0,2,4,2.0,1726.75,797.5883333333334,1726.75,0.0,0.0,0.0,0.0,4,0,0,0,0,M,65,1.0,0.0,0.0,0,0,0,0,Asia
CUST_00017,2024-06-28,2024-10-29,2024-10-26,2025-01-27,93,213,0,False,1,0.0,0.0,0.0,0.0,0.0,0.0,0.0,0.0,0.0,0.0,1,1,1.0,223.06,223.06,0.0,0.0,0.0,223.06,0.0,0,0,0,1,0,F,52,1.0,0.0,0.0,0,0,0,0,Asia
CUST_00037,2024-06-11,2024-10-29,2024-10-09,2025-01-27,110,230,0,False,1,0.0,0.0,0.0,0.0,0.0,0.0,0.0,0.0,0.0,0.0,1,3,3.0,916.71,305.57,0.0,0.0,0.0,0.0,916.71,0,0,0,0,3,F,60,0.0,1.0,0.0,0,0,0,0,Europe
CUST_00039,2024-06-16,2024-10-29,2024-10-14,2025-01-27,105,225,0,False,1,0.0,0.0,0.0,0.0,0.0,0.0,0.0,0.0,0.0,0.0,2,2,1.0,3353.9700000000003,1676.9850000000001,0.0,3353.9700000000003,0.0,0.0,0.0,0,2,0,0,0,F,29,1.0,0.0,0.0,0,0,0,0,Asia
CUST_00078,2024-06-09,2024-10-29,2024-10-07,2025-01-27,112,232,0,False,1,0.0,0.0,0.0,0.0,0.0,0.0,0.0,0.0,0.0,0.0,1,1,1.0,1558.27,1558.27,1558.27,0.0,0.0,0.0,0.0,1,0,0,0,0,M,72,1.0,0.0,0.0,0,0,0,0,Asia
CUST_00084,2024-06-17,2024-10-29,2024-10-15,2024-11-26,42,162,1,True,1,1.0,0.0,0.0,0.0,1.0,0.0,0.0,0.0,0.0,0.0,2,3,1.5,3607.1800000000003,1355.6425,0.0,0.0,0.0,1791.79,1815.39,0,0,0,2,1,F,42,0.0,1.0,0.0,0,0,0,0,Europe
CUST_00120,2024-06-24,2024-10-29,2024-10-22,2025-01-27,97,217,0,False,1,0.0,0.0,0.0,0.0,0.0,0.0,0.0,0.0,0.0,0.0,1,4,4.0,878.86,219.715,0.0,0.0,878.86,0.0,0.0,0,0,4,0,0,F,59,1.0,0.0,0.0,0,0,0,0,Asia
CUST_00155,2024-06-12,2024-10-29,2024-10-10,2024-11-18,39,159,1,True,1,1.0,0.0,0.0,0.0,1.0,0.0,0.0,0.0,0.0,0.0,2,3,1.5,2835.5699999999997,1112.465,0.0,1221.28,0.0,1614.29,0.0,0,2,0,1,0,M,50,0.0,1.0,0.0,0,0,0,0,Europe
CUST_00156,2024-06-23,2024-10-29,2024-10-21,2024-12-31,71,191,1,True,0,1.0,0.0,0.0,0.0,1.0,0.0,0.0,0.0,0.0,0.0,2,6,3.0,3324.51,993.7270000000001,1671.32,0.0,0.0,1653.19,0.0,5,0,0,1,0,M,21,0.0,1.0,0.0,0,0,0,0,Europe
CUST_00160,2024-06-28,2024-10-29,2024-10-26,2025-01-27,93,213,0,False,1,0.0,0.0,0.0,0.0,0.0,0.0,0.0,0.0,0.0,0.0,1,4,4.0,1258.15,314.5375,1258.15,0.0,0.0,0.0,0.0,4,0,0,0,0,M,67,1.0,0.0,0.0,0,0,0,0,Asia
CUST_00178,2024-06-27,2024-10-29,2024-10-25,2024-11-26,32,152,1,True,1,1.0,0.0,1.0,0.0,2.0,0.0,0.0,0.0,0.0,0.0,2,5,2.5,1100.85,253.835,256.53,0.0,0.0,0.0,844.32,3,0,0,0,2,M,61,1.0,0.0,0.0,0,0,0,0,Asia
CUST_00191,2024-06-11,2024-10-29,2024-10-09,2025-01-27,110,230,0,False,1,0.0,0.0,0.0,0.0,0.0,0.0,0.0,0.0,0.0,0.0,1,1,1.0,520.35,520.35,0.0,520.35,0.0,0.0,0.0,0,1,0,0,0,F,23,0.0,0.0,1.0,0,0,0,0,North America
CUST_00211,2024-06-01,2024-10-29,2024-09-29,2024-10-30,31,151,1,True,1,0.0,0.0,1.0,1.0,2.0,0.0,0.0,0.0,0.0,0.0,2,5,2.5,1160.99,330.53499999999997,0.0,494.43,0.0,666.56,0.0,0,1,0,4,0,F,37,1.0,0.0,0.0,0,0,0,0,Asia
CUST_00219,2024-06-27,2024-10-29,2024-10-25,2025-01-27,94,214,0,False,1,0.0,0.0,0.0,0.0,0.0,0.0,0.0,0.0,0.0,0.0,1,2,2.0,137.12,68.56,0.0,137.12,0.0,0.0,0.0,0,2,0,0,0,M,34,0.0,1.0,0.0,0,0,0,0,Europe
CUST_00220,2024-06-30,2024-10-29,2024-10-28,2025-01-27,91,211,0,False,1,0.0,0.0,0.0,0.0,0.0,0.0,0.0,0.0,0.0,0.0,2,3,1.5,1660.82,622.935,0.0,829.9,0.0,0.0,830.92,0,2,0,0,1,M,32,0.0,1.0,0.0,0,0,0,0,Europe
CUST_00238,2024-06-20,2024-10-29,2024-10-18,2025-01-27,101,221,0,False,1,0.0,0.0,0.0,0.0,0.0,0.0,0.0,0.0,0.0,0.0,1,1,1.0,1381.81,1381.81,0.0,1381.81,0.0,0.0,0.0,0,1,0,0,0,F,27,0.0,1.0,0.0,0,0,0,0,Europe
CUST_00270,2024-06-27,2024-10-29,2024-10-25,2025-01-27,94,214,0,False,1,0.0,0.0,0.0,0.0,0.0,0.0,0.0,0.0,0.0,0.0,1,3,3.0,1660.27,553.4233333333333,1660.27,0.0,0.0,0.0,0.0,3,0,0,0,0,M,65,1.0,0.0,0.0,0,0,0,0,Asia
CUST_00274,2024-06-16,2024-10-29,2024-10-14,2024-12-14,61,181,1,True,1,0.0,0.0,0.0,0.0,0.0,0.0,0.0,0.0,0.0,0.0,2,2,1.0,1129.29,564.645,0.0,934.76,0.0,194.53,0.0,0,1,0,1,0,F,67,1.0,0.0,0.0,0,0,0,0,Asia
CUST_00280,2024-06-26,2024-10-29,2024-10-24,2025-01-27,95,215,0,False,1,0.0,0.0,0.0,0.0,0.0,0.0,0.0,0.0,0.0,0.0,1,4,4.0,1205.82,301.455,0.0,0.0,0.0,0.0,1205.82,0,0,0,0,4,M,40,0.0,0.0,1.0,0,0,0,0,North America
CUST_00316,2024-06-04,2024-10-29,2024-10-02,2025-01-27,117,237,0,False,1,0.0,0.0,0.0,0.0,0.0,0.0,0.0,0.0,0.0,0.0,1,3,3.0,657.32,219.10666666666668,0.0,0.0,0.0,0.0,657.32,0,0,0,0,3,F,39,0.0,1.0,0.0,0,0,0,0,Europe
CUST_00346,2024-06-10,2024-10-29,2024-10-08,2025-01-27,111,231,0,False,1,0.0,0.0,0.0,0.0,0.0,0.0,0.0,0.0,0.0,0.0,1,2,2.0,1368.84,684.42,0.0,0.0,0.0,0.0,1368.84,0,0,0,0,2,M,30,1.0,0.0,0.0,0,0,0,0,Asia
CUST_00348,2024-06-20,2024-10-29,2024-10-18,2024-11-28,41,161,1,True,1,0.0,0.0,0.0,0.0,0.0,0.0,0.0,0.0,0.0,0.0,3,7,2.3333333333333335,3376.53,608.5344444444445,1050.14,0.0,1216.91,0.0,1109.48,1,0,3,0,3,F,74,1.0,0.0,0.0,0,0,0,0,Asia
CUST_00358,2024-06-28,2024-10-29,2024-10-26,2025-01-27,93,213,0,False,1,0.0,0.0,0.0,0.0,0.0,0.0,0.0,0.0,0.0,0.0,1,1,1.0,364.16,364.16,0.0,0.0,364.16,0.0,0.0,0,0,1,0,0,M,55,0.0,1.0,0.0,0,0,0,0,Europe
CUST_00362,2024-06-17,2024-10-29,2024-10-15,2025-01-27,104,224,0,False,1,0.0,0.0,0.0,0.0,0.0,0.0,0.0,0.0,0.0,0.0,1,2,2.0,1051.89,525.945,0.0,1051.89,0.0,0.0,0.0,0,2,0,0,0,M,69,0.0,1.0,0.0,0,0,0,0,Europe
CUST_00373,2024-06-14,2024-10-29,2024-10-12,2024-11-25,44,164,1,True,1,1.0,1.0,1.0,1.0,4.0,0.0,0.0,0.0,0.0,0.0,2,4,2.0,3163.04,965.98,0.0,0.0,0.0,3163.04,0.0,0,0,0,4,0,F,46,0.0,1.0,0.0,0,0,0,0,Europe
CUST_00378,2024-06-22,2024-10-29,2024-10-20,2025-01-27,99,219,0,False,1,0.0,0.0,0.0,0.0,0.0,0.0,0.0,0.0,0.0,0.0,1,1,1.0,258.7,258.7,0.0,0.0,258.7,0.0,0.0,0,0,1,0,0,M,22,0.0,0.0,1.0,0,0,0,0,North America
CUST_00383,2024-06-07,2024-10-29,2024-10-05,2024-12-18,74,194,1,True,1,0.0,1.0,0.0,0.0,1.0,0.0,0.0,0.0,0.0,0.0,2,3,1.5,1337.63,445.96500000000003,0.0,0.0,0.0,891.4,446.23,0,0,0,2,1,M,55,1.0,0.0,0.0,0,0,0,0,Asia
CUST_00400,2024-06-10,2024-10-29,2024-10-08,2024-12-12,65,185,1,True,1,0.0,0.0,0.0,1.0,1.0,0.0,0.0,0.0,0.0,0.0,2,4,2.0,2799.5600000000004,699.8900000000001,0.0,0.0,2799.5600000000004,0.0,0.0,0,0,4,0,0,M,30,0.0,1.0,0.0,0,0,0,0,Europe
CUST_00406,2024-06-13,2024-10-29,2024-10-11,2025-01-27,108,228,0,False,1,0.0,0.0,0.0,0.0,0.0,0.0,0.0,0.0,0.0,0.0,1,1,1.0,1297.4,1297.4,0.0,0.0,1297.4,0.0,0.0,0,0,1,0,0,M,52,0.0,1.0,0.0,0,0,0,0,Europe
CUST_00424,2024-06-29,2024-10-29,2024-10-27,2025-01-27,92,212,0,False,1,0.0,0.0,0.0,0.0,0.0,0.0,0.0,0.0,0.0,0.0,2,3,1.5,1404.1000000000001,392.88,1236.68,0.0,0.0,167.42,0.0,2,0,0,1,0,F,22,0.0,1.0,0.0,0,0,0,0,Europe
CUST_00429,2024-06-19,2024-10-29,2024-10-17,2025-01-27,102,222,0,False,1,0.0,0.0,0.0,0.0,0.0,0.0,0.0,0.0,0.0,0.0,1,4,4.0,1061.88,265.47,0.0,1061.88,0.0,0.0,0.0,0,4,0,0,0,M,26,0.0,1.0,0.0,0,0,0,0,Europe
CUST_00498,2024-06-04,2024-10-29,2024-10-02,2025-01-27,117,237,0,False,1,0.0,0.0,0.0,0.0,0.0,0.0,0.0,0.0,0.0,0.0,1,1,1.0,1978.45,1978.45,1978.45,0.0,0.0,0.0,0.0,1,0,0,0,0,F,24,0.0,1.0,0.0,0,0,0,0,Europe
CUST_00503,2024-06-10,2024-10-29,2024-10-08,2025-01-27,111,231,0,False,1,0.0,0.0,0.0,0.0,0.0,0.0,0.0,0.0,0.0,0.0,1,2,2.0,1492.62,746.31,0.0,0.0,1492.62,0.0,0.0,0,0,2,0,0,M,36,0.0,1.0,0.0,0,0,0,0,Europe
CUST_00506,2024-06-14,2024-10-29,2024-10-12,2025-01-27,107,227,0,False,1,0.0,0.0,0.0,0.0,0.0,0.0,0.0,0.0,0.0,0.0,1,1,1.0,975.02,975.02,0.0,0.0,0.0,975.02,0.0,0,0,0,1,0,F,63,1.0,0.0,0.0,0,0,0,0,Asia
CUST_00539,2024-06-29,2024-10-29,2024-10-27,2025-01-27,92,212,0,False,1,0.0,0.0,0.0,0.0,0.0,0.0,0.0,0.0,0.0,0.0,1,2,2.0,1368.57,684.285,1368.57,0.0,0.0,0.0,0.0,2,0,0,0,0,M,47,0.0,1.0,0.0,0,0,0,0,Europe
CUST_00557,2024-06-22,2024-10-29,2024-10-20,2025-01-27,99,219,0,False,0,0.0,0.0,0.0,0.0,0.0,0.0,0.0,0.0,0.0,0.0,1,4,4.0,1497.37,374.3425,0.0,0.0,1497.37,0.0,0.0,0,0,4,0,0,F,71,1.0,0.0,0.0,0,0,0,0,Asia
CUST_00569,2024-06-27,2024-10-29,2024-10-25,2025-01-27,94,214,0,False,1,0.0,0.0,0.0,0.0,0.0,0.0,0.0,0.0,0.0,0.0,1,1,1.0,765.78,765.78,0.0,765.78,0.0,0.0,0.0,0,1,0,0,0,M,53,0.0,1.0,0.0,0,0,0,0,Europe
CUST_00578,2024-06-25,2024-10-29,2024-10-23,2025-01-27,96,216,0,False,1,0.0,0.0,0.0,0.0,0.0,0.0,0.0,0.0,0.0,0.0,1,4,4.0,853.63,213.4075,0.0,0.0,853.63,0.0,0.0,0,0,4,0,0,F,57,0.0,1.0,0.0,0,0,0,0,Europe
CUST_00579,2024-06-21,2024-10-29,2024-10-19,2025-01-27,100,220,0,False,1,0.0,0.0,0.0,0.0,0.0,0.0,0.0,0.0,0.0,0.0,1,2,2.0,1087.25,543.625,0.0,0.0,1087.25,0.0,0.0,0,0,2,0,0,F,44,0.0,1.0,0.0,0,0,0,0,Europe
CUST_00624,2024-06-02,2024-10-29,2024-09-30,2025-01-27,119,239,0,False,1,0.0,0.0,0.0,0.0,0.0,0.0,0.0,0.0,0.0,0.0,1,2,2.0,1458.08,729.04,0.0,0.0,0.0,0.0,1458.08,0,0,0,0,2,M,47,1.0,0.0,0.0,0,0,0,0,Asia
CUST_00636,2024-06-23,2024-10-29,2024-10-21,2025-01-27,98,218,0,False,0,0.0,0.0,0.0,0.0,0.0,0.0,0.0,0.0,0.0,0.0,1,1,1.0,1794.84,1794.84,0.0,1794.84,0.0,0.0,0.0,0,1,0,0,0,F,65,1.0,0.0,0.0,0,0,0,0,Asia
CUST_00637,2024-06-22,2024-10-29,2024-10-20,2025-01-27,99,219,0,False,1,0.0,0.0,0.0,0.0,0.0,0.0,0.0,0.0,0.0,0.0,1,3,3.0,1231.09,410.3633333333333,0.0,0.0,0.0,1231.09,0.0,0,0,0,3,0,F,47,1.0,0.0,0.0,0,0,0,0,Asia
CUST_00645,2024-06-23,2024-10-29,2024-10-21,2025-01-27,98,218,0,False,1,0.0,0.0,0.0,0.0,0.0,0.0,0.0,0.0,0.0,0.0,1,3,3.0,661.55,220.51666666666665,0.0,661.55,0.0,0.0,0.0,0,3,0,0,0,F,52,0.0,0.0,1.0,0,0,0,0,North America
CUST_00648,2024-06-26,2024-10-29,2024-10-24,2025-01-27,95,215,0,False,1,0.0,0.0,0.0,0.0,0.0,0.0,0.0,0.0,0.0,0.0,1,2,2.0,1861.15,930.575,1861.15,0.0,0.0,0.0,0.0,2,0,0,0,0,M,41,1.0,0.0,0.0,0,0,0,0,Asia
CUST_00650,2024-06-16,2024-10-29,2024-10-14,2024-12-29,76,196,1,True,1,0.0,0.0,0.0,0.0,0.0,0.0,0.0,0.0,0.0,0.0,2,4,2.0,2398.61,1036.8216666666667,2398.61,0.0,0.0,0.0,0.0,4,0,0,0,0,M,40,0.0,1.0,0.0,0,0,0,0,Europe
CUST_00654,2024-06-25,2024-10-29,2024-10-23,2025-01-27,96,216,0,False,0,0.0,0.0,0.0,0.0,0.0,0.0,0.0,0.0,0.0,0.0,1,2,2.0,812.59,406.295,812.59,0.0,0.0,0.0,0.0,2,0,0,0,0,M,44,0.0,0.0,1.0,0,0,0,0,North America
CUST_00662,2024-06-18,2024-10-29,2024-10-16,2025-01-27,103,223,0,False,1,0.0,0.0,0.0,0.0,0.0,0.0,0.0,0.0,0.0,0.0,1,1,1.0,1883.89,1883.89,0.0,1883.89,0.0,0.0,0.0,0,1,0,0,0,M,63,1.0,0.0,0.0,0,0,0,0,Asia
CUST_00678,2024-06-20,2024-10-29,2024-10-18,2025-01-27,101,221,0,False,1,0.0,0.0,0.0,0.0,0.0,0.0,0.0,0.0,0.0,0.0,1,2,2.0,1485.94,742.97,0.0,0.0,0.0,1485.94,0.0,0,0,0,2,0,F,64,0.0,1.0,0.0,0,0,0,0,Europe
CUST_00680,2024-06-03,2024-10-29,2024-10-01,2025-01-27,118,238,0,False,0,0.0,0.0,0.0,0.0,0.0,0.0,0.0,0.0,0.0,0.0,1,2,2.0,1846.56,923.28,1846.56,0.0,0.0,0.0,0.0,2,0,0,0,0,F,57,0.0,1.0,0.0,0,0,0,0,Europe
CUST_00689,2024-06-01,2024-10-29,2024-09-29,2024-12-17,79,199,1,True,1,0.0,1.0,1.0,0.0,2.0,0.0,0.0,1.0,0.0,1.0,2,5,2.5,2422.41,561.9525,0.0,0.0,523.8,1898.61,0.0,0,0,3,2,0,M,29,1.0,0.0,0.0,0,0,0,0,Asia
CUST_00702,2024-06-26,2024-10-29,2024-10-24,2025-01-27,95,215,0,False,1,0.0,0.0,0.0,0.0,0.0,0.0,0.0,0.0,0.0,0.0,2,7,3.5,2729.6400000000003,526.4970000000001,0.0,1039.42,0.0,1690.22,0.0,0,5,0,2,0,F,37,0.0,1.0,0.0,0,0,0,0,Europe
CUST_00717,2024-06-30,2024-10-29,2024-10-28,2025-01-27,91,211,0,False,0,0.0,0.0,0.0,0.0,0.0,0.0,0.0,0.0,0.0,0.0,3,7,2.3333333333333335,1136.35,210.91,0.0,101.16,380.92,0.0,654.27,0,3,1,0,3,F,64,1.0,0.0,0.0,0,0,0,0,Asia
CUST_00747,2024-06-04,2024-10-29,2024-10-02,2025-01-27,117,237,0,False,1,0.0,0.0,0.0,0.0,0.0,0.0,0.0,0.0,0.0,0.0,1,1,1.0,1002.44,1002.44,0.0,0.0,1002.44,0.0,0.0,0,0,1,0,0,F,72,0.0,0.0,1.0,0,0,0,0,North America
CUST_00768,2024-06-28,2024-10-29,2024-10-26,2025-01-27,93,213,0,False,1,0.0,0.0,0.0,0.0,0.0,0.0,0.0,0.0,0.0,0.0,1,2,2.0,349.59,174.795,0.0,349.59,0.0,0.0,0.0,0,2,0,0,0,M,35,1.0,0.0,0.0,0,0,0,0,Asia
CUST_00780,2024-06-28,2024-10-29,2024-10-26,2025-01-27,93,213,0,False,1,0.0,0.0,0.0,0.0,0.0,0.0,0.0,0.0,0.0,0.0,1,2,2.0,1453.41,726.705,0.0,0.0,1453.41,0.0,0.0,0,0,2,0,0,F,32,0.0,0.0,1.0,0,0,0,0,North America
CUST_00782,2024-06-29,2024-10-29,2024-10-27,2025-01-27,92,212,0,False,0,0.0,0.0,0.0,0.0,0.0,0.0,0.0,0.0,0.0,0.0,2,6,3.0,1815.69,281.07124999999996,1382.81,432.88,0.0,0.0,0.0,4,2,0,0,0,F,44,0.0,1.0,0.0,0,0,0,0,Europe
CUST_00785,2024-06-24,2024-10-29,2024-10-22,2025-01-27,97,217,0,False,1,0.0,0.0,0.0,0.0,0.0,0.0,0.0,0.0,0.0,0.0,1,1,1.0,1698.58,1698.58,0.0,0.0,0.0,0.0,1698.58,0,0,0,0,1,F,55,0.0,1.0,0.0,0,0,0,0,Europe
CUST_00809,2024-06-26,2024-10-29,2024-10-24,2025-01-27,95,215,0,False,1,0.0,0.0,0.0,0.0,0.0,0.0,0.0,0.0,0.0,0.0,1,2,2.0,1674.12,837.06,0.0,0.0,0.0,0.0,1674.12,0,0,0,0,2,F,65,0.0,1.0,0.0,0,0,0,0,Europe
CUST_00810,2024-06-22,2024-10-29,2024-10-20,2025-01-27,99,219,0,False,1,0.0,0.0,0.0,0.0,0.0,0.0,0.0,0.0,0.0,0.0,1,3,3.0,707.52,235.84,0.0,0.0,0.0,0.0,707.52,0,0,0,0,3,F,64,1.0,0.0,0.0,0,0,0,0,Asia
CUST_00824,2024-06-16,2024-10-29,2024-10-14,2025-01-27,105,225,0,False,1,0.0,0.0,0.0,0.0,0.0,0.0,0.0,0.0,0.0,0.0,1,3,3.0,1589.48,529.8266666666667,0.0,0.0,1589.48,0.0,0.0,0,0,3,0,0,M,68,0.0,1.0,0.0,0,0,0,0,Europe
CUST_00857,2024-06-02,2024-10-29,2024-09-30,2025-01-27,119,239,0,False,1,0.0,0.0,0.0,0.0,0.0,0.0,0.0,0.0,0.0,0.0,1,2,2.0,489.29,244.645,0.0,0.0,489.29,0.0,0.0,0,0,2,0,0,F,21,1.0,0.0,0.0,0,0,0,0,Asia
CUST_00862,2024-06-13,2024-10-29,2024-10-11,2024-11-23,43,163,1,True,0,0.0,1.0,1.0,2.0,4.0,0.0,0.0,0.0,0.0,0.0,2,4,2.0,2021.85,371.2283333333333,1919.09,0.0,0.0,102.76,0.0,3,0,0,1,0,M,44,0.0,1.0,0.0,0,0,0,0,Europe
CUST_00872,2024-06-10,2024-10-29,2024-10-08,2025-01-27,111,231,0,False,1,0.0,0.0,0.0,0.0,0.0,0.0,0.0,0.0,0.0,0.0,1,1,1.0,991.85,991.85,0.0,0.0,0.0,0.0,991.85,0,0,0,0,1,M,63,0.0,0.0,1.0,0,0,0,0,North America
CUST_00879,2024-06-26,2024-10-29,2024-10-24,2025-01-27,95,215,0,False,0,0.0,0.0,0.0,0.0,0.0,0.0,0.0,0.0,0.0,0.0,1,1,1.0,254.9,254.9,0.0,0.0,0.0,254.9,0.0,0,0,0,1,0,F,28,1.0,0.0,0.0,0,0,0,0,Asia
CUST_00925,2024-06-11,2024-10-29,2024-10-09,2024-11-06,28,148,1,True,1,0.0,0.0,0.0,1.0,1.0,0.0,0.0,0.0,0.0,0.0,2,7,3.5,2302.54,405.1165,0.0,0.0,1136.79,1165.75,0.0,0,0,5,2,0,F,32,0.0,0.0,1.0,0,0,0,0,North America
CUST_00941,2024-06-23,2024-10-29,2024-10-21,2025-01-27,98,218,0,False,1,0.0,0.0,0.0,0.0,0.0,0.0,0.0,0.0,0.0,0.0,1,3,3.0,1119.58,373.1933333333333,0.0,0.0,0.0,1119.58,0.0,0,0,0,3,0,F,38,0.0,0.0,1.0,0,0,0,0,North America
CUST_00949,2024-06-13,2024-10-29,2024-10-11,2024-11-18,38,158,1,True,1,0.0,1.0,2.0,0.0,3.0,0.0,0.0,0.0,0.0,0.0,2,3,1.5,2006.6399999999999,791.285,0.0,2006.6399999999999,0.0,0.0,0.0,0,3,0,0,0,Other,49,0.0,1.0,0.0,0,0,0,0,Europe
CUST_00951,2024-06-24,2024-10-29,2024-10-22,2025-01-27,97,217,0,False,1,0.0,0.0,0.0,0.0,0.0,0.0,0.0,0.0,0.0,0.0,1,1,1.0,1604.51,1604.51,0.0,0.0,0.0,0.0,1604.51,0,0,0,0,1,F,42,0.0,1.0,0.0,0,0,0,0,Europe
CUST_00953,2024-06-06,2024-10-29,2024-10-04,2025-01-27,115,235,0,False,0,0.0,0.0,0.0,0.0,0.0,0.0,0.0,0.0,0.0,0.0,1,1,1.0,1049.42,1049.42,0.0,0.0,0.0,0.0,1049.42,0,0,0,0,1,F,38,1.0,0.0,0.0,0,0,0,0,Asia
CUST_00955,2024-06-19,2024-10-29,2024-10-17,2024-11-01,15,135,1,True,1,0.0,0.0,0.0,0.0,0.0,0.0,0.0,0.0,0.0,0.0,2,6,3.0,2513.61,422.125,863.39,0.0,0.0,0.0,1650.22,2,0,0,0,4,F,52,0.0,1.0,0.0,0,0,0,0,Europe
CUST_00957,2024-06-20,2024-10-29,2024-10-18,2025-01-27,101,221,0,False,1,0.0,0.0,0.0,0.0,0.0,0.0,0.0,0.0,0.0,0.0,1,2,2.0,1283.38,641.69,0.0,0.0,1283.38,0.0,0.0,0,0,2,0,0,M,46,0.0,1.0,0.0,0,0,0,0,Europe
CUST_00959,2024-06-11,2024-10-29,2024-10-09,2025-01-27,110,230,0,False,1,0.0,0.0,0.0,0.0,0.0,0.0,0.0,0.0,0.0,0.0,1,3,3.0,1814.02,604.6733333333333,0.0,0.0,1814.02,0.0,0.0,0,0,3,0,0,F,34,0.0,1.0,0.0,0,0,0,0,Europe
CUST_00967,2024-06-29,2024-10-29,2024-10-27,2025-01-27,92,212,0,False,1,0.0,0.0,0.0,0.0,0.0,0.0,0.0,0.0,0.0,0.0,1,3,3.0,1828.39,609.4633333333334,0.0,0.0,0.0,0.0,1828.39,0,0,0,0,3,M,66,0.0,0.0,1.0,0,0,0,0,North America
CUST_00972,2024-06-10,2024-10-29,2024-10-08,2024-12-06,59,179,1,True,1,0.0,0.0,0.0,0.0,0.0,0.0,0.0,0.0,0.0,0.0,2,3,1.5,2952.92,1152.8600000000001,0.0,0.0,1658.52,1294.4,0.0,0,0,1,2,0,M,42,1.0,0.0,0.0,0,0,0,0,Asia
CUST_00981,2024-06-15,2024-10-29,2024-10-13,2025-01-27,106,226,0,False,1,0.0,0.0,0.0,0.0,0.0,0.0,0.0,0.0,0.0,0.0,1,2,2.0,708.54,354.27,0.0,0.0,0.0,0.0,708.54,0,0,0,0,2,F,25,1.0,0.0,0.0,0,0,0,0,Asia
CUST_01002,2024-06-23,2024-10-29,2024-10-21,2025-01-27,98,218,0,False,1,0.0,0.0,0.0,0.0,0.0,0.0,0.0,0.0,0.0,0.0,2,3,1.5,1141.65,352.46000000000004,0.0,0.0,0.0,1141.65,0.0,0,0,0,3,0,F,25,0.0,1.0,0.0,0,0,0,0,Europe
CUST_01013,2024-06-14,2024-10-29,2024-10-12,2024-12-06,55,175,1,True,1,0.0,1.0,0.0,1.0,2.0,0.0,0.0,0.0,0.0,0.0,2,2,1.0,1104.8700000000001,552.4350000000001,192.93,911.94,0.0,0.0,0.0,1,1,0,0,0,F,71,0.0,1.0,0.0,0,0,0,0,Europe
CUST_01026,2024-06-22,2024-10-29,2024-10-20,2024-12-03,44,164,1,True,1,1.0,1.0,0.0,0.0,2.0,0.0,0.0,0.0,0.0,0.0,2,4,2.0,2492.09,623.0225,1376.24,1115.85,0.0,0.0,0.0,2,2,0,0,0,M,29,1.0,0.0,0.0,0,0,0,0,Asia
CUST_01027,2024-06-26,2024-10-29,2024-10-24,2025-01-27,95,215,0,False,1,0.0,0.0,0.0,0.0,0.0,0.0,0.0,0.0,0.0,0.0,2,7,3.5,2694.48,393.5191666666667,0.0,0.0,1333.46,1361.02,0.0,0,0,4,3,0,F,54,0.0,1.0,0.0,0,0,0,0,Europe
CUST_01049,2024-06-13,2024-10-29,2024-10-11,2024-11-12,32,152,1,True,1,0.0,0.0,0.0,0.0,0.0,0.0,0.0,0.0,0.0,0.0,3,4,1.3333333333333333,3609.89,1062.3416666666665,0.0,1061.54,1702.62,0.0,845.73,0,1,1,0,2,F,74,0.0,1.0,0.0,0,0,0,0,Europe
CUST_01093,2024-06-08,2024-10-29,2024-10-06,2025-01-27,113,233,0,False,1,0.0,0.0,0.0,0.0,0.0,0.0,0.0,0.0,0.0,0.0,1,1,1.0,626.04,626.04,0.0,0.0,0.0,626.04,0.0,0,0,0,1,0,M,42,0.0,0.0,1.0,0,0,0,0,North America
CUST_01095,2024-06-12,2024-10-29,2024-10-10,2024-10-30,20,140,1,True,1,0.0,0.0,0.0,0.0,0.0,0.0,0.0,0.0,0.0,0.0,2,3,1.5,2626.7799999999997,1035.8775,0.0,1516.73,0.0,0.0,1110.05,0,1,0,0,2,M,68,1.0,0.0,0.0,0,0,0,0,Asia
CUST_01107,2024-06-05,2024-10-29,2024-10-03,2025-01-27,116,236,0,False,1,0.0,0.0,0.0,0.0,0.0,0.0,0.0,0.0,0.0,0.0,1,1,1.0,416.64,416.64,0.0,0.0,0.0,416.64,0.0,0,0,0,1,0,F,31,0.0,1.0,0.0,0,0,0,0,Europe
CUST_01133,2024-06-14,2024-10-29,2024-10-12,2025-01-27,107,227,0,False,1,0.0,0.0,0.0,0.0,0.0,0.0,0.0,0.0,0.0,0.0,1,1,1.0,399.51,399.51,0.0,0.0,399.51,0.0,0.0,0,0,1,0,0,F,52,1.0,0.0,0.0,0,0,0,0,Asia
CUST_01140,2024-06-13,2024-10-29,2024-10-11,2024-11-06,26,146,1,True,1,0.0,0.0,1.0,0.0,1.0,0.0,0.0,0.0,0.0,0.0,2,4,2.0,2598.1,649.525,0.0,0.0,0.0,0.0,2598.1,0,0,0,0,4,M,72,1.0,0.0,0.0,0,0,0,0,Asia
CUST_01197,2024-06-09,2024-10-29,2024-10-07,2025-01-27,112,232,0,False,1,0.0,0.0,0.0,0.0,0.0,0.0,0.0,0.0,0.0,0.0,1,1,1.0,1200.52,1200.52,0.0,1200.52,0.0,0.0,0.0,0,1,0,0,0,Other,61,0.0,0.0,1.0,0,0,0,0,North America
CUST_01229,2024-06-19,2024-10-29,2024-10-17,2025-01-27,102,222,0,False,0,0.0,0.0,0.0,0.0,0.0,0.0,0.0,0.0,0.0,0.0,1,4,4.0,257.18,64.295,0.0,0.0,257.18,0.0,0.0,0,0,4,0,0,F,71,1.0,0.0,0.0,0,0,0,0,Asia
CUST_01235,2024-06-07,2024-10-29,2024-10-05,2024-11-04,30,150,1,True,1,0.0,0.0,0.0,0.0,0.0,0.0,0.0,0.0,0.0,0.0,2,9,4.5,2233.46,495.6364285714286,0.0,0.0,351.28,1882.18,0.0,0,0,7,2,0,M,31,0.0,1.0,0.0,0,0,0,0,Europe
CUST_01260,2024-06-21,2024-10-29,2024-10-19,2025-01-27,100,220,0,False,1,0.0,0.0,0.0,0.0,0.0,0.0,0.0,0.0,0.0,0.0,2,4,2.0,2400.0099999999998,648.2149999999999,0.0,1655.37,744.64,0.0,0.0,0,3,1,0,0,F,36,0.0,0.0,1.0,0,0,0,0,North America
CUST_01288,2024-06-25,2024-10-29,2024-10-23,2025-01-27,96,216,0,False,1,0.0,0.0,0.0,0.0,0.0,0.0,0.0,0.0,0.0,0.0,1,3,3.0,1328.52,442.84,0.0,0.0,0.0,0.0,1328.52,0,0,0,0,3,M,72,0.0,1.0,0.0,0,0,0,0,Europe
CUST_01296,2024-06-05,2024-10-29,2024-10-03,2024-12-01,59,179,1,True,1,2.0,0.0,0.0,0.0,2.0,1.0,0.0,0.0,0.0,1.0,2,4,2.0,672.77,168.1925,0.0,0.0,399.16,273.61,0.0,0,0,2,2,0,F,38,1.0,0.0,0.0,0,0,0,0,Asia
CUST_01337,2024-06-15,2024-10-29,2024-10-13,2025-01-27,106,226,0,False,1,0.0,0.0,0.0,0.0,0.0,0.0,0.0,0.0,0.0,0.0,1,1,1.0,1766.88,1766.88,0.0,0.0,0.0,0.0,1766.88,0,0,0,0,1,F,50,0.0,0.0,1.0,0,0,0,0,North America
CUST_01369,2024-06-06,2024-10-29,2024-10-04,2025-01-27,115,235,0,False,1,0.0,0.0,0.0,0.0,0.0,0.0,0.0,0.0,0.0,0.0,1,2,2.0,808.98,404.49,0.0,0.0,808.98,0.0,0.0,0,0,2,0,0,M,30,0.0,1.0,0.0,0,0,0,0,Europe
CUST_01374,2024-06-17,2024-10-29,2024-10-15,2025-01-27,104,224,0,False,1,0.0,0.0,0.0,0.0,0.0,0.0,0.0,0.0,0.0,0.0,1,2,2.0,509.28,254.64,0.0,0.0,0.0,0.0,509.28,0,0,0,0,2,M,40,0.0,1.0,0.0,0,0,0,0,Europe
CUST_01385,2024-06-27,2024-10-29,2024-10-25,2025-01-27,94,214,0,False,0,0.0,0.0,0.0,0.0,0.0,0.0,0.0,0.0,0.0,0.0,1,1,1.0,1559.57,1559.57,0.0,0.0,0.0,1559.57,0.0,0,0,0,1,0,F,67,0.0,0.0,1.0,0,0,0,0,North America
CUST_01417,2024-06-19,2024-10-29,2024-10-17,2025-01-27,102,222,0,False,1,0.0,0.0,0.0,0.0,0.0,0.0,0.0,0.0,0.0,0.0,1,2,2.0,245.61,122.805,0.0,0.0,0.0,245.61,0.0,0,0,0,2,0,Other,43,0.0,1.0,0.0,0,0,0,0,Europe
CUST_01439,2024-06-15,2024-10-29,2024-10-13,2025-01-27,106,226,0,False,1,0.0,0.0,0.0,0.0,0.0,0.0,0.0,0.0,0.0,0.0,1,1,1.0,1700.99,1700.99,0.0,0.0,1700.99,0.0,0.0,0,0,1,0,0,F,75,0.0,0.0,1.0,0,0,0,0,North America
CUST_01494,2024-06-13,2024-10-29,2024-10-11,2025-01-27,108,228,0,False,1,0.0,0.0,0.0,0.0,0.0,0.0,0.0,0.0,0.0,0.0,1,2,2.0,1183.4,591.7,0.0,0.0,1183.4,0.0,0.0,0,0,2,0,0,F,73,1.0,0.0,0.0,0,0,0,0,Asia
CUST_01495,2024-06-29,2024-10-29,2024-10-27,2025-01-27,92,212,0,False,1,0.0,0.0,0.0,0.0,0.0,0.0,0.0,0.0,0.0,0.0,1,1,1.0,1308.21,1308.21,0.0,0.0,1308.21,0.0,0.0,0,0,1,0,0,M,52,0.0,0.0,1.0,0,0,0,0,North America
CUST_01505,2024-06-03,2024-10-29,2024-10-01,2025-01-27,118,238,0,False,1,0.0,0.0,0.0,0.0,0.0,0.0,0.0,0.0,0.0,0.0,1,1,1.0,356.49,356.49,356.49,0.0,0.0,0.0,0.0,1,0,0,0,0,M,29,0.0,0.0,1.0,0,0,0,0,North America
CUST_01517,2024-06-06,2024-10-29,2024-10-04,2024-12-26,83,203,1,True,1,0.0,0.0,2.0,2.0,4.0,0.0,0.0,0.0,0.0,0.0,2,4,2.0,1945.21,486.3025,0.0,937.67,0.0,0.0,1007.54,0,2,0,0,2,M,24,1.0,0.0,0.0,0,0,0,0,Asia
CUST_01521,2024-06-07,2024-10-29,2024-10-05,2025-01-27,114,234,0,False,1,0.0,0.0,0.0,0.0,0.0,0.0,0.0,0.0,0.0,0.0,1,2,2.0,1736.56,868.28,0.0,0.0,0.0,1736.56,0.0,0,0,0,2,0,M,62,1.0,0.0,0.0,0,0,0,0,Asia
CUST_01549,2024-06-02,2024-10-29,2024-09-30,2025-01-27,119,239,0,False,1,0.0,0.0,0.0,0.0,0.0,0.0,0.0,0.0,0.0,0.0,1,2,2.0,272.06,136.03,0.0,0.0,272.06,0.0,0.0,0,0,2,0,0,F,64,1.0,0.0,0.0,0,0,0,0,Asia
CUST_01559,2024-06-25,2024-10-29,2024-10-23,2025-01-27,96,216,0,False,1,0.0,0.0,0.0,0.0,0.0,0.0,0.0,0.0,0.0,0.0,2,6,3.0,1328.77,221.46166666666667,0.0,0.0,0.0,1328.77,0.0,0,0,0,6,0,M,41,1.0,0.0,0.0,0,0,0,0,Asia
CUST_01575,2024-06-13,2024-10-29,2024-10-11,2024-11-24,44,164,1,True,1,1.0,1.0,2.0,0.0,4.0,0.0,0.0,0.0,0.0,0.0,2,3,1.5,1144.17,431.0475,0.0,0.0,580.02,564.15,0.0,0,0,1,2,0,F,67,0.0,1.0,0.0,0,0,0,0,Europe
CUST_01578,2024-06-30,2024-10-29,2024-10-28,2025-01-27,91,211,0,False,1,0.0,0.0,0.0,0.0,0.0,0.0,0.0,0.0,0.0,0.0,2,3,1.5,2472.48,766.8199999999999,0.0,2472.48,0.0,0.0,0.0,0,3,0,0,0,Other,31,1.0,0.0,0.0,0,0,0,0,Asia
CUST_01591,2024-06-10,2024-10-29,2024-10-08,2024-12-06,59,179,1,True,1,0.0,2.0,1.0,0.0,3.0,0.0,0.0,0.0,0.0,0.0,2,4,2.0,1433.9699999999998,340.2783333333333,1130.12,303.85,0.0,0.0,0.0,3,1,0,0,0,F,53,0.0,1.0,0.0,0,0,0,0,Europe
CUST_01595,2024-06-17,2024-10-29,2024-10-15,2025-01-27,104,224,0,False,0,0.0,0.0,0.0,0.0,0.0,0.0,0.0,0.0,0.0,0.0,1,2,2.0,412.25,206.125,412.25,0.0,0.0,0.0,0.0,2,0,0,0,0,F,58,0.0,1.0,0.0,0,0,0,0,Europe
CUST_01608,2024-06-14,2024-10-29,2024-10-12,2025-01-27,107,227,0,False,1,0.0,0.0,0.0,0.0,0.0,0.0,0.0,0.0,0.0,0.0,1,1,1.0,624.49,624.49,0.0,0.0,0.0,0.0,624.49,0,0,0,0,1,F,23,1.0,0.0,0.0,0,0,0,0,Asia
CUST_01610,2024-06-27,2024-10-29,2024-10-25,2025-01-27,94,214,0,False,1,0.0,0.0,0.0,0.0,0.0,0.0,0.0,0.0,0.0,0.0,1,3,3.0,500.17,166.72333333333333,0.0,0.0,0.0,0.0,500.17,0,0,0,0,3,F,54,1.0,0.0,0.0,0,0,0,0,Asia
CUST_01641,2024-06-15,2024-10-29,2024-10-13,2024-11-25,43,163,1,True,1,0.0,0.0,0.0,0.0,0.0,0.0,0.0,0.0,0.0,0.0,2,5,2.5,993.2,220.91500000000002,664.58,0.0,0.0,0.0,328.62,2,0,0,0,3,M,36,0.0,1.0,0.0,0,0,0,0,Europe
CUST_01644,2024-06-10,2024-10-29,2024-10-08,2025-01-27,111,231,0,False,1,0.0,0.0,0.0,0.0,0.0,0.0,0.0,0.0,0.0,0.0,1,2,2.0,454.36,227.18,0.0,454.36,0.0,0.0,0.0,0,2,0,0,0,F,27,1.0,0.0,0.0,0,0,0,0,Asia
CUST_01665,2024-06-16,2024-10-29,2024-10-14,2025-01-27,105,225,0,False,1,0.0,0.0,0.0,0.0,0.0,0.0,0.0,0.0,0.0,0.0,1,2,2.0,1809.9,904.95,0.0,0.0,0.0,1809.9,0.0,0,0,0,2,0,M,31,0.0,0.0,1.0,0,0,0,0,North America
CUST_01667,2024-06-17,2024-10-29,2024-10-15,2025-01-27,104,224,0,False,1,0.0,0.0,0.0,0.0,0.0,0.0,0.0,0.0,0.0,0.0,2,2,1.0,1533.57,766.785,1323.31,210.26,0.0,0.0,0.0,1,1,0,0,0,M,42,0.0,1.0,0.0,0,0,0,0,Europe
CUST_01673,2024-06-08,2024-10-29,2024-10-06,2025-01-27,113,233,0,False,1,0.0,0.0,0.0,0.0,0.0,0.0,0.0,0.0,0.0,0.0,1,3,3.0,169.6,56.53333333333333,0.0,169.6,0.0,0.0,0.0,0,3,0,0,0,F,67,1.0,0.0,0.0,0,0,0,0,Asia
CUST_01692,2024-06-25,2024-10-29,2024-10-23,2024-11-16,24,144,1,True,0,0.0,2.0,1.0,0.0,3.0,0.0,0.0,0.0,0.0,0.0,2,3,1.5,1361.55,643.9775,0.0,1214.36,0.0,147.19,0.0,0,1,0,2,0,M,42,1.0,0.0,0.0,0,0,0,0,Asia
CUST_01704,2024-06-24,2024-10-29,2024-10-22,2024-12-28,67,187,1,True,1,0.0,0.0,0.0,1.0,1.0,0.0,0.0,0.0,0.0,0.0,2,4,2.0,2904.11,1046.4116666666666,0.0,0.0,0.0,2904.11,0.0,0,0,0,4,0,F,60,0.0,1.0,0.0,0,0,0,0,Europe
CUST_01705,2024-06-15,2024-10-29,2024-10-13,2024-10-30,17,137,1,True,1,0.0,0.0,0.0,0.0,0.0,0.0,0.0,0.0,0.0,0.0,2,4,2.0,1624.84,366.1433333333333,0.0,286.01,0.0,1338.83,0.0,0,1,0,3,0,M,52,1.0,0.0,0.0,0,0,0,0,Asia
CUST_01738,2024-06-23,2024-10-29,2024-10-21,2025-01-27,98,218,0,False,1,0.0,0.0,0.0,0.0,0.0,0.0,0.0,0.0,0.0,0.0,1,1,1.0,152.74,152.74,0.0,0.0,0.0,152.74,0.0,0,0,0,1,0,M,61,0.0,1.0,0.0,0,0,0,0,Europe
CUST_01748,2024-06-29,2024-10-29,2024-10-27,2024-11-12,16,136,1,True,1,0.0,0.0,0.0,0.0,0.0,0.0,0.0,0.0,0.0,0.0,2,4,2.0,476.51,140.51166666666666,183.28,0.0,293.23,0.0,0.0,1,0,3,0,0,F,58,0.0,1.0,0.0,0,0,0,0,Europe
CUST_01752,2024-06-23,2024-10-29,2024-10-21,2024-11-08,18,138,1,True,1,1.0,0.0,0.0,0.0,1.0,0.0,0.0,0.0,0.0,0.0,3,8,2.6666666666666665,2451.6800000000003,503.38133333333343,0.0,163.07,0.0,2288.61,0.0,0,5,0,3,0,F,37,0.0,1.0,0.0,0,0,0,0,Europe
CUST_01789,2024-06-15,2024-10-29,2024-10-13,2024-12-20,68,188,1,True,1,0.0,1.0,2.0,0.0,3.0,0.0,0.0,1.0,0.0,1.0,2,5,2.5,2099.08,384.79166666666663,0.0,0.0,1679.74,0.0,419.34,0,0,3,0,2,M,41,0.0,1.0,0.0,0,0,0,0,Europe
CUST_01812,2024-06-19,2024-10-29,2024-10-17,2025-01-27,102,222,0,False,1,0.0,0.0,0.0,0.0,0.0,0.0,0.0,0.0,0.0,0.0,1,1,1.0,1648.89,1648.89,0.0,0.0,0.0,1648.89,0.0,0,0,0,1,0,M,46,1.0,0.0,0.0,0,0,0,0,Asia
CUST_01815,2024-06-07,2024-10-29,2024-10-05,2024-12-08,64,184,1,True,0,1.0,0.0,1.0,0.0,2.0,0.0,0.0,0.0,0.0,0.0,2,5,2.5,3056.9300000000003,659.445,0.0,1799.48,1257.45,0.0,0.0,0,2,3,0,0,M,56,0.0,1.0,0.0,0,0,0,0,Europe
CUST_01820,2024-06-22,2024-10-29,2024-10-20,2025-01-27,99,219,0,False,1,0.0,0.0,0.0,0.0,0.0,0.0,0.0,0.0,0.0,0.0,1,2,2.0,164.3,82.15,0.0,0.0,0.0,0.0,164.3,0,0,0,0,2,M,73,1.0,0.0,0.0,0,0,0,0,Asia
CUST_01835,2024-06-28,2024-10-29,2024-10-26,2025-01-27,93,213,0,False,0,0.0,0.0,0.0,0.0,0.0,0.0,0.0,0.0,0.0,0.0,1,1,1.0,1321.99,1321.99,0.0,0.0,1321.99,0.0,0.0,0,0,1,0,0,F,61,1.0,0.0,0.0,0,0,0,0,Asia
CUST_01861,2024-06-26,2024-10-29,2024-10-24,2025-01-27,95,215,0,False,1,0.0,0.0,0.0,0.0,0.0,0.0,0.0,0.0,0.0,0.0,1,2,2.0,386.85,193.425,0.0,0.0,386.85,0.0,0.0,0,0,2,0,0,F,30,0.0,1.0,0.0,0,0,0,0,Europe
CUST_01915,2024-06-07,2024-10-29,2024-10-05,2025-01-27,114,234,0,False,1,0.0,0.0,0.0,0.0,0.0,0.0,0.0,0.0,0.0,0.0,1,3,3.0,1386.94,462.31333333333333,1386.94,0.0,0.0,0.0,0.0,3,0,0,0,0,M,42,1.0,0.0,0.0,0,0,0,0,Asia
CUST_01931,2024-06-05,2024-10-29,2024-10-03,2024-11-04,32,152,1,True,1,0.0,0.0,0.0,0.0,0.0,0.0,0.0,0.0,0.0,0.0,2,3,1.5,2109.63,738.4175,0.0,2109.63,0.0,0.0,0.0,0,3,0,0,0,F,59,1.0,0.0,0.0,0,0,0,0,Asia
CUST_01940,2024-06-30,2024-10-29,2024-10-28,2024-12-31,64,184,1,True,1,0.0,0.0,0.0,0.0,0.0,0.0,0.0,0.0,0.0,0.0,2,4,2.0,777.83,229.02833333333336,0.0,479.66,298.17,0.0,0.0,0,3,1,0,0,M,42,1.0,0.0,0.0,0,0,0,0,Asia
CUST_01948,2024-06-01,2024-10-29,2024-09-29,2025-01-27,120,240,0,False,1,0.0,0.0,0.0,0.0,0.0,0.0,0.0,0.0,0.0,0.0,1,1,1.0,1781.29,1781.29,0.0,1781.29,0.0,0.0,0.0,0,1,0,0,0,M,57,0.0,1.0,0.0,0,0,0,0,Europe
CUST_01970,2024-06-19,2024-10-29,2024-10-17,2024-12-24,68,188,1,True,1,0.0,0.0,0.0,0.0,0.0,0.0,0.0,0.0,0.0,0.0,2,2,1.0,1675.12,837.56,474.0,1201.12,0.0,0.0,0.0,1,1,0,0,0,M,53,1.0,0.0,0.0,0,0,0,0,Asia
CUST_01998,2024-06-02,2024-10-29,2024-09-30,2025-01-27,119,239,0,False,1,0.0,0.0,0.0,0.0,0.0,0.0,0.0,0.0,0.0,0.0,1,2,2.0,415.03,207.515,0.0,415.03,0.0,0.0,0.0,0,2,0,0,0,F,52,0.0,1.0,0.0,0,0,0,0,Europe
CUST_02014,2024-06-18,2024-10-29,2024-10-16,2024-12-28,73,193,1,True,1,0.0,0.0,2.0,0.0,2.0,0.0,0.0,0.0,0.0,0.0,3,4,1.3333333333333333,2476.49,785.805,0.0,470.9,238.15,0.0,1767.44,0,1,2,0,1,F,47,0.0,0.0,1.0,0,0,0,0,North America
CUST_02017,2024-06-07,2024-10-29,2024-10-05,2025-01-27,114,234,0,False,1,0.0,0.0,0.0,0.0,0.0,0.0,0.0,0.0,0.0,0.0,1,4,4.0,251.71,62.9275,0.0,0.0,0.0,251.71,0.0,0,0,0,4,0,F,56,0.0,1.0,0.0,0,0,0,0,Europe
CUST_02020,2024-06-18,2024-10-29,2024-10-16,2025-01-27,103,223,0,False,1,0.0,0.0,0.0,0.0,0.0,0.0,0.0,0.0,0.0,0.0,1,2,2.0,1968.49,984.245,0.0,0.0,0.0,0.0,1968.49,0,0,0,0,2,F,26,0.0,0.0,1.0,0,0,0,0,North America
CUST_02026,2024-06-16,2024-10-29,2024-10-14,2025-01-27,105,225,0,False,1,0.0,0.0,0.0,0.0,0.0,0.0,0.0,0.0,0.0,0.0,1,2,2.0,1674.7,837.35,0.0,0.0,1674.7,0.0,0.0,0,0,2,0,0,M,59,1.0,0.0,0.0,0,0,0,0,Asia
CUST_02048,2024-06-24,2024-10-29,2024-10-22,2024-12-25,64,184,1,True,1,1.0,0.0,0.0,1.0,2.0,0.0,0.0,0.0,0.0,0.0,2,2,1.0,2113.66,1056.83,0.0,675.79,0.0,0.0,1437.87,0,1,0,0,1,M,61,0.0,1.0,0.0,0,0,0,0,Europe
CUST_02070,2024-06-06,2024-10-29,2024-10-04,2025-01-27,115,235,0,False,1,0.0,0.0,0.0,0.0,0.0,0.0,0.0,0.0,0.0,0.0,1,5,5.0,397.23,79.446,0.0,0.0,397.23,0.0,0.0,0,0,5,0,0,M,44,1.0,0.0,0.0,0,0,0,0,Asia
CUST_02073,2024-06-18,2024-10-29,2024-10-16,2025-01-27,103,223,0,False,1,0.0,0.0,0.0,0.0,0.0,0.0,0.0,0.0,0.0,0.0,1,2,2.0,1426.69,713.345,0.0,0.0,1426.69,0.0,0.0,0,0,2,0,0,M,62,0.0,0.0,1.0,0,0,0,0,North America
CUST_02083,2024-06-11,2024-10-29,2024-10-09,2025-01-27,110,230,0,False,1,0.0,0.0,0.0,0.0,0.0,0.0,0.0,0.0,0.0,0.0,1,1,1.0,1680.09,1680.09,0.0,0.0,0.0,1680.09,0.0,0,0,0,1,0,M,55,0.0,0.0,1.0,0,0,0,0,North America
CUST_02084,2024-06-29,2024-10-29,2024-10-27,2024-12-10,44,164,1,True,1,0.0,1.0,1.0,0.0,2.0,0.0,0.0,0.0,0.0,0.0,2,3,1.5,1466.0300000000002,623.7325000000001,0.0,0.0,0.0,437.13,1028.9,0,0,0,2,1,F,29,0.0,0.0,1.0,0,0,0,0,North America
CUST_02091,2024-06-24,2024-10-29,2024-10-22,2025-01-27,97,217,0,False,0,0.0,0.0,0.0,0.0,0.0,0.0,0.0,0.0,0.0,0.0,2,3,1.5,2369.55,685.49,1997.14,0.0,0.0,372.41,0.0,2,0,0,1,0,M,73,0.0,0.0,1.0,0,0,0,0,North America
CUST_02130,2024-06-25,2024-10-29,2024-10-23,2024-11-03,11,131,1,True,1,0.0,0.0,0.0,0.0,0.0,0.0,0.0,0.0,0.0,0.0,2,3,1.5,2685.79,866.1700000000001,0.0,0.0,2685.79,0.0,0.0,0,0,3,0,0,Other,62,0.0,1.0,0.0,0,0,0,0,Europe
CUST_02164,2024-06-05,2024-10-29,2024-10-03,2025-01-27,116,236,0,False,0,0.0,0.0,0.0,0.0,0.0,0.0,0.0,0.0,0.0,0.0,1,2,2.0,468.6,234.3,0.0,0.0,0.0,468.6,0.0,0,0,0,2,0,M,35,1.0,0.0,0.0,0,0,0,0,Asia
CUST_02167,2024-06-11,2024-10-29,2024-10-09,2024-11-02,24,144,1,True,1,2.0,0.0,1.0,0.0,3.0,0.0,0.0,0.0,0.0,0.0,2,4,2.0,2085.09,441.8016666666667,1802.23,282.86,0.0,0.0,0.0,3,1,0,0,0,F,54,0.0,0.0,1.0,0,0,0,0,North America
CUST_02177,2024-06-29,2024-10-29,2024-10-27,2025-01-27,92,212,0,False,0,0.0,0.0,0.0,0.0,0.0,0.0,0.0,0.0,0.0,0.0,1,2,2.0,1344.32,672.16,0.0,0.0,0.0,0.0,1344.32,0,0,0,0,2,M,22,0.0,1.0,0.0,0,0,0,0,Europe
CUST_02180,2024-06-26,2024-10-29,2024-10-24,2025-01-27,95,215,0,False,1,0.0,0.0,0.0,0.0,0.0,0.0,0.0,0.0,0.0,0.0,1,1,1.0,968.96,968.96,0.0,968.96,0.0,0.0,0.0,0,1,0,0,0,M,56,1.0,0.0,0.0,0,0,0,0,Asia
CUST_02185,2024-06-02,2024-10-29,2024-09-30,2025-01-27,119,239,0,False,1,0.0,0.0,0.0,0.0,0.0,0.0,0.0,0.0,0.0,0.0,1,1,1.0,302.76,302.76,302.76,0.0,0.0,0.0,0.0,1,0,0,0,0,M,26,0.0,0.0,1.0,0,0,0,0,North America
CUST_02190,2024-06-30,2024-10-29,2024-10-28,2024-11-10,13,133,1,True,1,0.0,0.0,1.0,0.0,1.0,0.0,0.0,0.0,0.0,0.0,2,4,2.0,621.5899999999999,258.815,465.65,0.0,0.0,155.94,0.0,1,0,0,3,0,M,35,1.0,0.0,0.0,0,0,0,0,Asia
CUST_02192,2024-06-06,2024-10-29,2024-10-04,2024-12-07,64,184,1,True,1,0.0,0.0,1.0,0.0,1.0,0.0,0.0,0.0,0.0,0.0,3,6,2.0,3861.7200000000003,811.0255555555556,1555.42,0.0,653.34,1652.96,0.0,1,0,2,3,0,F,46,1.0,0.0,0.0,0,0,0,0,Asia
CUST_02210,2024-06-14,2024-10-29,2024-10-12,2025-01-27,107,227,0,False,1,0.0,0.0,0.0,0.0,0.0,0.0,0.0,0.0,0.0,0.0,1,2,2.0,977.7,488.85,0.0,0.0,977.7,0.0,0.0,0,0,2,0,0,M,27,0.0,1.0,0.0,0,0,0,0,Europe
CUST_02219,2024-06-28,2024-10-29,2024-10-26,2025-01-27,93,213,0,False,1,0.0,0.0,0.0,0.0,0.0,0.0,0.0,0.0,0.0,0.0,1,1,1.0,1861.06,1861.06,1861.06,0.0,0.0,0.0,0.0,1,0,0,0,0,M,45,0.0,1.0,0.0,0,0,0,0,Europe
CUST_02230,2024-06-13,2024-10-29,2024-10-11,2025-01-27,108,228,0,False,1,0.0,0.0,0.0,0.0,0.0,0.0,0.0,0.0,0.0,0.0,1,3,3.0,686.66,228.88666666666666,0.0,0.0,0.0,0.0,686.66,0,0,0,0,3,M,69,0.0,1.0,0.0,0,0,0,0,Europe
CUST_02232,2024-06-26,2024-10-29,2024-10-24,2025-01-27,95,215,0,False,1,0.0,0.0,0.0,0.0,0.0,0.0,0.0,0.0,0.0,0.0,1,1,1.0,296.68,296.68,0.0,0.0,0.0,296.68,0.0,0,0,0,1,0,M,56,0.0,0.0,1.0,0,0,0,0,North America
CUST_02272,2024-06-11,2024-10-29,2024-10-09,2025-01-27,110,230,0,False,1,0.0,0.0,0.0,0.0,0.0,0.0,0.0,0.0,0.0,0.0,2,3,1.5,1294.25,350.15999999999997,0.0,0.0,0.0,106.39,1187.86,0,0,0,1,2,Other,35,0.0,1.0,0.0,0,0,0,0,Europe
CUST_02282,2024-06-16,2024-10-29,2024-10-14,2025-01-27,105,225,0,False,1,0.0,0.0,0.0,0.0,0.0,0.0,0.0,0.0,0.0,0.0,1,3,3.0,1396.91,465.6366666666667,1396.91,0.0,0.0,0.0,0.0,3,0,0,0,0,M,69,0.0,1.0,0.0,0,0,0,0,Europe
CUST_02299,2024-06-02,2024-10-29,2024-09-30,2024-11-13,44,164,1,True,1,1.0,1.0,1.0,0.0,3.0,0.0,0.0,1.0,0.0,1.0,2,6,3.0,1725.5800000000002,287.5966666666667,677.45,1048.13,0.0,0.0,0.0,3,3,0,0,0,F,44,1.0,0.0,0.0,0,0,0,0,Asia
CUST_02301,2024-06-17,2024-10-29,2024-10-15,2025-01-27,104,224,0,False,1,0.0,0.0,0.0,0.0,0.0,0.0,0.0,0.0,0.0,0.0,1,2,2.0,339.92,169.96,0.0,0.0,0.0,339.92,0.0,0,0,0,2,0,M,40,0.0,1.0,0.0,0,0,0,0,Europe
CUST_02316,2024-06-27,2024-10-29,2024-10-25,2024-11-27,33,153,1,True,1,0.0,0.0,1.0,0.0,1.0,0.0,0.0,0.0,0.0,0.0,4,11,2.75,4567.5599999999995,507.56475,0.0,1091.33,1655.78,0.0,1820.45,0,2,2,0,7,M,73,0.0,1.0,0.0,0,0,0,0,Europe
CUST_02327,2024-06-12,2024-10-29,2024-10-10,2025-01-27,109,229,0,False,1,0.0,0.0,0.0,0.0,0.0,0.0,0.0,0.0,0.0,0.0,1,2,2.0,1405.09,702.545,1405.09,0.0,0.0,0.0,0.0,2,0,0,0,0,M,28,0.0,1.0,0.0,0,0,0,0,Europe
CUST_02350,2024-06-02,2024-10-29,2024-09-30,2025-01-27,119,239,0,False,1,0.0,0.0,0.0,0.0,0.0,0.0,0.0,0.0,0.0,0.0,1,2,2.0,1285.34,642.67,0.0,0.0,0.0,1285.34,0.0,0,0,0,2,0,F,59,1.0,0.0,0.0,0,0,0,0,Asia
CUST_02359,2024-06-22,2024-10-29,2024-10-20,2025-01-27,99,219,0,False,1,0.0,0.0,0.0,0.0,0.0,0.0,0.0,0.0,0.0,0.0,1,3,3.0,895.35,298.45,895.35,0.0,0.0,0.0,0.0,3,0,0,0,0,F,64,1.0,0.0,0.0,0,0,0,0,Asia
CUST_02389,2024-06-01,2024-10-29,2024-09-29,2024-11-29,61,181,1,True,1,1.0,0.0,0.0,0.0,1.0,1.0,0.0,0.0,0.0,1.0,2,3,1.5,2146.3,931.38,0.0,0.0,0.0,567.08,1579.22,0,0,0,2,1,F,29,0.0,1.0,0.0,0,0,0,0,Europe
CUST_02391,2024-06-02,2024-10-29,2024-09-30,2024-12-28,89,209,1,True,1,0.0,0.0,0.0,0.0,0.0,0.0,0.0,0.0,0.0,0.0,2,6,3.0,2110.14,460.30999999999995,0.0,1572.34,0.0,0.0,537.8,0,2,0,0,4,M,64,0.0,1.0,0.0,0,0,0,0,Europe
CUST_02409,2024-06-06,2024-10-29,2024-10-04,2025-01-27,115,235,0,False,1,0.0,0.0,0.0,0.0,0.0,0.0,0.0,0.0,0.0,0.0,1,1,1.0,636.01,636.01,0.0,636.01,0.0,0.0,0.0,0,1,0,0,0,F,47,0.0,1.0,0.0,0,0,0,0,Europe
CUST_02413,2024-06-12,2024-10-29,2024-10-10,2024-12-24,75,195,1,True,1,0.0,2.0,2.0,0.0,4.0,0.0,1.0,0.0,0.0,1.0,2,4,2.0,2482.28,684.74,0.0,0.0,0.0,813.08,1669.2,0,0,0,1,3,M,70,1.0,0.0,0.0,0,0,0,0,Asia
CUST_02439,2024-06-28,2024-10-29,2024-10-26,2025-01-27,93,213,0,False,1,0.0,0.0,0.0,0.0,0.0,0.0,0.0,0.0,0.0,0.0,1,2,2.0,1511.02,755.51,0.0,0.0,0.0,1511.02,0.0,0,0,0,2,0,F,38,0.0,1.0,0.0,0,0,0,0,Europe
CUST_02445,2024-06-14,2024-10-29,2024-10-12,2025-01-27,107,227,0,False,1,0.0,0.0,0.0,0.0,0.0,0.0,0.0,0.0,0.0,0.0,1,2,2.0,1609.86,804.93,0.0,0.0,0.0,0.0,1609.86,0,0,0,0,2,M,26,1.0,0.0,0.0,0,0,0,0,Asia
CUST_02509,2024-06-13,2024-10-29,2024-10-11,2025-01-27,108,228,0,False,1,0.0,0.0,0.0,0.0,0.0,0.0,0.0,0.0,0.0,0.0,1,4,4.0,624.21,156.0525,0.0,0.0,0.0,624.21,0.0,0,0,0,4,0,M,65,0.0,0.0,1.0,0,0,0,0,North America
CUST_02511,2024-06-14,2024-10-29,2024-10-12,2025-01-27,107,227,0,False,1,0.0,0.0,0.0,0.0,0.0,0.0,0.0,0.0,0.0,0.0,1,1,1.0,1691.87,1691.87,1691.87,0.0,0.0,0.0,0.0,1,0,0,0,0,F,42,0.0,1.0,0.0,0,0,0,0,Europe
CUST_02515,2024-06-17,2024-10-29,2024-10-15,2024-11-12,28,148,1,True,1,1.0,0.0,0.0,1.0,2.0,0.0,0.0,0.0,0.0,0.0,3,6,2.0,3199.2700000000004,778.41,211.16,0.0,0.0,0.0,2988.11,2,0,0,0,4,F,38,1.0,0.0,0.0,0,0,0,0,Asia
CUST_02533,2024-06-12,2024-10-29,2024-10-10,2025-01-27,109,229,0,False,1,0.0,0.0,0.0,0.0,0.0,0.0,0.0,0.0,0.0,0.0,1,1,1.0,1037.8,1037.8,0.0,0.0,1037.8,0.0,0.0,0,0,1,0,0,F,75,0.0,0.0,1.0,0,0,0,0,North America
CUST_02557,2024-06-03,2024-10-29,2024-10-01,2025-01-27,118,238,0,False,1,0.0,0.0,0.0,0.0,0.0,0.0,0.0,0.0,0.0,0.0,1,2,2.0,494.46,247.23,0.0,0.0,0.0,0.0,494.46,0,0,0,0,2,M,67,1.0,0.0,0.0,0,0,0,0,Asia
CUST_02565,2024-06-11,2024-10-29,2024-10-09,2025-01-27,110,230,0,False,1,0.0,0.0,0.0,0.0,0.0,0.0,0.0,0.0,0.0,0.0,1,3,3.0,1328.64,442.88000000000005,1328.64,0.0,0.0,0.0,0.0,3,0,0,0,0,M,48,0.0,1.0,0.0,0,0,0,0,Europe
CUST_02570,2024-06-19,2024-10-29,2024-10-17,2025-01-27,102,222,0,False,1,0.0,0.0,0.0,0.0,0.0,0.0,0.0,0.0,0.0,0.0,3,9,3.0,2656.3900000000003,436.1437777777778,0.0,778.96,0.0,722.54,1154.89,0,1,0,5,3,F,64,0.0,1.0,0.0,0,0,0,0,Europe
CUST_02571,2024-06-20,2024-10-29,2024-10-18,2025-01-27,101,221,0,False,1,0.0,0.0,0.0,0.0,0.0,0.0,0.0,0.0,0.0,0.0,1,2,2.0,1539.91,769.955,0.0,0.0,0.0,1539.91,0.0,0,0,0,2,0,M,71,0.0,1.0,0.0,0,0,0,0,Europe
CUST_02580,2024-06-02,2024-10-29,2024-09-30,2025-01-27,119,239,0,False,1,0.0,0.0,0.0,0.0,0.0,0.0,0.0,0.0,0.0,0.0,1,3,3.0,1170.44,390.1466666666667,1170.44,0.0,0.0,0.0,0.0,3,0,0,0,0,M,28,0.0,0.0,1.0,0,0,0,0,North America
CUST_02589,2024-06-13,2024-10-29,2024-10-11,2025-01-27,108,228,0,False,1,0.0,0.0,0.0,0.0,0.0,0.0,0.0,0.0,0.0,0.0,1,2,2.0,669.95,334.975,0.0,0.0,669.95,0.0,0.0,0,0,2,0,0,M,53,1.0,0.0,0.0,0,0,0,0,Asia
CUST_02600,2024-06-09,2024-10-29,2024-10-07,2025-01-27,112,232,0,False,1,0.0,0.0,0.0,0.0,0.0,0.0,0.0,0.0,0.0,0.0,1,1,1.0,273.37,273.37,0.0,0.0,273.37,0.0,0.0,0,0,1,0,0,F,61,1.0,0.0,0.0,0,0,0,0,Asia
CUST_02655,2024-06-17,2024-10-29,2024-10-15,2024-12-26,72,192,1,True,1,0.0,0.0,0.0,1.0,1.0,0.0,0.0,0.0,0.0,0.0,2,3,1.5,3602.49,1354.3925,0.0,1815.08,1787.41,0.0,0.0,0,1,2,0,0,M,21,0.0,0.0,1.0,0,0,0,0,North America
CUST_02664,2024-06-15,2024-10-29,2024-10-13,2025-01-27,106,226,0,False,0,0.0,0.0,0.0,0.0,0.0,0.0,0.0,0.0,0.0,0.0,1,2,2.0,1016.41,508.205,0.0,1016.41,0.0,0.0,0.0,0,2,0,0,0,M,61,0.0,1.0,0.0,0,0,0,0,Europe
CUST_02678,2024-06-06,2024-10-29,2024-10-04,2024-12-03,60,180,1,True,0,1.0,0.0,0.0,0.0,1.0,0.0,0.0,0.0,0.0,0.0,2,6,3.0,1486.8899999999999,328.395,346.62,1140.27,0.0,0.0,0.0,4,2,0,0,0,M,57,1.0,0.0,0.0,0,0,0,0,Asia
CUST_02681,2024-06-23,2024-10-29,2024-10-21,2024-12-27,67,187,1,True,0,0.0,0.0,0.0,0.0,0.0,0.0,0.0,0.0,0.0,0.0,2,3,1.5,2933.92,1137.5375,0.0,0.0,2933.92,0.0,0.0,0,0,3,0,0,M,66,1.0,0.0,0.0,0,0,0,0,Asia
CUST_02690,2024-06-20,2024-10-29,2024-10-18,2025-01-27,101,221,0,False,1,0.0,0.0,0.0,0.0,0.0,0.0,0.0,0.0,0.0,0.0,1,2,2.0,395.99,197.995,395.99,0.0,0.0,0.0,0.0,2,0,0,0,0,F,71,1.0,0.0,0.0,0,0,0,0,Asia
CUST_02740,2024-06-17,2024-10-29,2024-10-15,2025-01-27,104,224,0,False,1,0.0,0.0,0.0,0.0,0.0,0.0,0.0,0.0,0.0,0.0,1,1,1.0,220.5,220.5,0.0,220.5,0.0,0.0,0.0,0,1,0,0,0,M,39,0.0,1.0,0.0,0,0,0,0,Europe
CUST_02741,2024-06-24,2024-10-29,2024-10-22,2025-01-27,97,217,0,False,1,0.0,0.0,0.0,0.0,0.0,0.0,0.0,0.0,0.0,0.0,3,11,3.6666666666666665,2819.85,248.215,0.0,1779.91,476.19,0.0,563.75,0,4,3,0,4,M,43,0.0,0.0,1.0,0,0,0,0,North America
CUST_02756,2024-06-03,2024-10-29,2024-10-01,2024-12-12,72,192,1,True,1,1.0,0.0,0.0,1.0,2.0,0.0,0.0,0.0,0.0,0.0,2,4,2.0,1971.68,767.9100000000001,1971.68,0.0,0.0,0.0,0.0,4,0,0,0,0,F,49,0.0,1.0,0.0,0,0,0,0,Europe
CUST_02759,2024-06-28,2024-10-29,2024-10-26,2025-01-27,93,213,0,False,1,0.0,0.0,0.0,0.0,0.0,0.0,0.0,0.0,0.0,0.0,1,2,2.0,477.46,238.73,0.0,0.0,0.0,477.46,0.0,0,0,0,2,0,M,68,0.0,0.0,1.0,0,0,0,0,North America
CUST_02770,2024-06-25,2024-10-29,2024-10-23,2025-01-27,96,216,0,False,1,0.0,0.0,0.0,0.0,0.0,0.0,0.0,0.0,0.0,0.0,1,1,1.0,1251.72,1251.72,1251.72,0.0,0.0,0.0,0.0,1,0,0,0,0,F,53,0.0,1.0,0.0,0,0,0,0,Europe
CUST_02824,2024-06-30,2024-10-29,2024-10-28,2025-01-27,91,211,0,False,1,0.0,0.0,0.0,0.0,0.0,0.0,0.0,0.0,0.0,0.0,1,1,1.0,1392.38,1392.38,0.0,1392.38,0.0,0.0,0.0,0,1,0,0,0,F,43,1.0,0.0,0.0,0,0,0,0,Asia
CUST_02858,2024-06-29,2024-10-29,2024-10-27,2025-01-27,92,212,0,False,1,0.0,0.0,0.0,0.0,0.0,0.0,0.0,0.0,0.0,0.0,1,2,2.0,1953.85,976.925,0.0,0.0,0.0,0.0,1953.85,0,0,0,0,2,F,39,1.0,0.0,0.0,0,0,0,0,Asia
CUST_02882,2024-06-20,2024-10-29,2024-10-18,2025-01-27,101,221,0,False,1,0.0,0.0,0.0,0.0,0.0,0.0,0.0,0.0,0.0,0.0,1,1,1.0,1077.86,1077.86,0.0,0.0,0.0,0.0,1077.86,0,0,0,0,1,M,55,1.0,0.0,0.0,0,0,0,0,Asia
CUST_02883,2024-06-25,2024-10-29,2024-10-23,2025-01-27,96,216,0,False,1,0.0,0.0,0.0,0.0,0.0,0.0,0.0,0.0,0.0,0.0,1,2,2.0,366.07,183.035,366.07,0.0,0.0,0.0,0.0,2,0,0,0,0,M,41,0.0,1.0,0.0,0,0,0,0,Europe
CUST_02888,2024-06-18,2024-10-29,2024-10-16,2025-01-27,103,223,0,False,1,0.0,0.0,0.0,0.0,0.0,0.0,0.0,0.0,0.0,0.0,1,2,2.0,1513.75,756.875,0.0,0.0,0.0,0.0,1513.75,0,0,0,0,2,F,58,0.0,1.0,0.0,0,0,0,0,Europe
CUST_02894,2024-06-13,2024-10-29,2024-10-11,2025-01-27,108,228,0,False,0,0.0,0.0,0.0,0.0,0.0,0.0,0.0,0.0,0.0,0.0,1,2,2.0,1089.08,544.54,0.0,0.0,0.0,1089.08,0.0,0,0,0,2,0,F,74,0.0,0.0,1.0,0,0,0,0,North America
CUST_02910,2024-06-30,2024-10-29,2024-10-28,2024-11-14,17,137,1,True,1,0.0,0.0,0.0,1.0,1.0,0.0,0.0,0.0,0.0,0.0,2,5,2.5,3377.24,702.1316666666667,0.0,1706.14,1671.1,0.0,0.0,0,3,2,0,0,M,70,0.0,1.0,0.0,0,0,0,0,Europe
CUST_02934,2024-06-01,2024-10-29,2024-09-29,2025-01-27,120,240,0,False,1,0.0,0.0,0.0,0.0,0.0,0.0,0.0,0.0,0.0,0.0,1,2,2.0,784.29,392.145,0.0,0.0,0.0,0.0,784.29,0,0,0,0,2,F,44,0.0,0.0,1.0,0,0,0,0,North America
CUST_02979,2024-06-08,2024-10-29,2024-10-06,2025-01-27,113,233,0,False,1,0.0,0.0,0.0,0.0,0.0,0.0,0.0,0.0,0.0,0.0,2,4,2.0,2384.9300000000003,719.4216666666666,0.0,965.8,1419.13,0.0,0.0,0,1,3,0,0,F,26,1.0,0.0,0.0,0,0,0,0,Asia
CUST_02996,2024-06-19,2024-10-29,2024-10-17,2025-01-27,102,222,0,False,1,0.0,0.0,0.0,0.0,0.0,0.0,0.0,0.0,0.0,0.0,1,2,2.0,1180.45,590.225,0.0,0.0,0.0,1180.45,0.0,0,0,0,2,0,F,22,0.0,1.0,0.0,0,0,0,0,Europe
CUST_03045,2024-06-25,2024-10-29,2024-10-23,2025-01-27,96,216,0,False,1,0.0,0.0,0.0,0.0,0.0,0.0,0.0,0.0,0.0,0.0,1,1,1.0,995.54,995.54,0.0,0.0,0.0,995.54,0.0,0,0,0,1,0,M,67,0.0,0.0,1.0,0,0,0,0,North America
CUST_03080,2024-06-19,2024-10-29,2024-10-17,2025-01-27,102,222,0,False,1,0.0,0.0,0.0,0.0,0.0,0.0,0.0,0.0,0.0,0.0,2,3,1.5,2981.58,1206.0175,0.0,0.0,0.0,1139.09,1842.49,0,0,0,2,1,M,33,0.0,1.0,0.0,0,0,0,0,Europe
CUST_03091,2024-06-25,2024-10-29,2024-10-23,2025-01-27,96,216,0,False,1,0.0,0.0,0.0,0.0,0.0,0.0,0.0,0.0,0.0,0.0,1,2,2.0,1326.77,663.385,1326.77,0.0,0.0,0.0,0.0,2,0,0,0,0,F,36,0.0,0.0,1.0,0,0,0,0,North America
CUST_03110,2024-06-10,2024-10-29,2024-10-08,2025-01-27,111,231,0,False,1,0.0,0.0,0.0,0.0,0.0,0.0,0.0,0.0,0.0,0.0,1,1,1.0,517.97,517.97,0.0,0.0,517.97,0.0,0.0,0,0,1,0,0,M,66,0.0,1.0,0.0,0,0,0,0,Europe
CUST_03131,2024-06-12,2024-10-29,2024-10-10,2024-11-10,31,151,1,True,1,1.0,2.0,0.0,0.0,3.0,0.0,1.0,0.0,0.0,1.0,2,4,2.0,2299.92,574.98,0.0,0.0,0.0,528.26,1771.66,0,0,0,2,2,M,35,0.0,1.0,0.0,0,0,0,0,Europe
CUST_03132,2024-06-01,2024-10-29,2024-09-29,2024-11-13,45,165,1,True,1,0.0,0.0,0.0,1.0,1.0,0.0,0.0,0.0,0.0,0.0,2,2,1.0,1914.6399999999999,957.3199999999999,1032.85,0.0,0.0,881.79,0.0,1,0,0,1,0,M,51,1.0,0.0,0.0,0,0,0,0,Asia
CUST_03133,2024-06-25,2024-10-29,2024-10-23,2025-01-27,96,216,0,False,1,0.0,0.0,0.0,0.0,0.0,0.0,0.0,0.0,0.0,0.0,2,7,3.5,3701.18,537.9316666666666,0.0,0.0,1806.82,0.0,1894.36,0,0,3,0,4,M,21,1.0,0.0,0.0,0,0,0,0,Asia
CUST_03134,2024-06-06,2024-10-29,2024-10-04,2024-12-28,85,205,1,True,1,0.0,0.0,0.0,0.0,0.0,0.0,0.0,0.0,0.0,0.0,2,3,1.5,1382.36,665.155,0.0,1382.36,0.0,0.0,0.0,0,3,0,0,0,M,26,0.0,0.0,1.0,0,0,0,0,North America
CUST_03155,2024-06-03,2024-10-29,2024-10-01,2024-11-26,56,176,1,True,1,1.0,0.0,1.0,2.0,4.0,0.0,0.0,0.0,0.0,0.0,2,3,1.5,2122.27,751.905,0.0,0.0,0.0,885.35,1236.92,0,0,0,1,2,M,36,1.0,0.0,0.0,0,0,0,0,Asia
CUST_03176,2024-06-25,2024-10-29,2024-10-23,2025-01-27,96,216,0,False,1,0.0,0.0,0.0,0.0,0.0,0.0,0.0,0.0,0.0,0.0,1,1,1.0,1078.22,1078.22,1078.22,0.0,0.0,0.0,0.0,1,0,0,0,0,M,44,0.0,1.0,0.0,0,0,0,0,Europe
CUST_03191,2024-06-23,2024-10-29,2024-10-21,2025-01-27,98,218,0,False,1,0.0,0.0,0.0,0.0,0.0,0.0,0.0,0.0,0.0,0.0,2,5,2.5,1769.02,389.52000000000004,1136.2,0.0,0.0,632.82,0.0,2,0,0,3,0,M,30,1.0,0.0,0.0,0,0,0,0,Asia
CUST_03196,2024-06-07,2024-10-29,2024-10-05,2025-01-27,114,234,0,False,0,0.0,0.0,0.0,0.0,0.0,0.0,0.0,0.0,0.0,0.0,1,4,4.0,153.94,38.485,153.94,0.0,0.0,0.0,0.0,4,0,0,0,0,F,65,1.0,0.0,0.0,0,0,0,0,Asia
CUST_03198,2024-06-29,2024-10-29,2024-10-27,2024-11-16,20,140,1,True,1,0.0,2.0,0.0,0.0,2.0,0.0,0.0,0.0,0.0,0.0,2,2,1.0,2127.24,1063.62,0.0,1344.96,0.0,0.0,782.28,0,1,0,0,1,F,54,0.0,1.0,0.0,0,0,0,0,Europe
CUST_03230,2024-06-14,2024-10-29,2024-10-12,2025-01-27,107,227,0,False,1,0.0,0.0,0.0,0.0,0.0,0.0,0.0,0.0,0.0,0.0,1,2,2.0,1090.41,545.205,1090.41,0.0,0.0,0.0,0.0,2,0,0,0,0,F,37,0.0,1.0,0.0,0,0,0,0,Europe
CUST_03232,2024-06-01,2024-10-29,2024-09-29,2025-01-27,120,240,0,False,1,0.0,0.0,0.0,0.0,0.0,0.0,0.0,0.0,0.0,0.0,1,2,2.0,401.13,200.565,0.0,0.0,401.13,0.0,0.0,0,0,2,0,0,Other,29,0.0,1.0,0.0,0,0,0,0,Europe
CUST_03233,2024-06-11,2024-10-29,2024-10-09,2024-11-26,48,168,1,True,1,0.0,0.0,1.0,0.0,1.0,0.0,0.0,0.0,0.0,0.0,2,3,1.5,1364.77,479.28499999999997,552.37,0.0,0.0,0.0,812.4,1,0,0,0,2,M,51,0.0,0.0,1.0,0,0,0,0,North America
CUST_03243,2024-06-28,2024-10-29,2024-10-26,2024-12-25,60,180,1,True,1,1.0,0.0,0.0,0.0,1.0,0.0,0.0,0.0,0.0,0.0,2,6,3.0,2632.56,438.76,0.0,0.0,0.0,729.38,1903.18,0,0,0,3,3,M,73,0.0,1.0,0.0,0,0,0,0,Europe
CUST_03250,2024-06-10,2024-10-29,2024-10-08,2025-01-27,111,231,0,False,1,0.0,0.0,0.0,0.0,0.0,0.0,0.0,0.0,0.0,0.0,1,2,2.0,1859.83,929.915,1859.83,0.0,0.0,0.0,0.0,2,0,0,0,0,F,42,0.0,0.0,1.0,0,0,0,0,North America
CUST_03262,2024-06-30,2024-10-29,2024-10-28,2025-01-27,91,211,0,False,1,0.0,0.0,0.0,0.0,0.0,0.0,0.0,0.0,0.0,0.0,1,4,4.0,1474.25,368.5625,0.0,0.0,0.0,1474.25,0.0,0,0,0,4,0,F,63,0.0,1.0,0.0,0,0,0,0,Europe
CUST_03266,2024-06-10,2024-10-29,2024-10-08,2024-11-08,31,151,1,True,1,0.0,0.0,0.0,0.0,0.0,0.0,0.0,0.0,0.0,0.0,2,5,2.5,2564.0299999999997,576.5466666666666,0.0,1790.5,773.53,0.0,0.0,0,2,3,0,0,F,54,0.0,1.0,0.0,0,0,0,0,Europe
CUST_03293,2024-06-19,2024-10-29,2024-10-17,2025-01-27,102,222,0,False,1,0.0,0.0,0.0,0.0,0.0,0.0,0.0,0.0,0.0,0.0,1,4,4.0,410.38,102.595,0.0,0.0,410.38,0.0,0.0,0,0,4,0,0,F,50,0.0,1.0,0.0,0,0,0,0,Europe
CUST_03302,2024-06-27,2024-10-29,2024-10-25,2024-11-11,17,137,1,True,1,1.0,0.0,0.0,1.0,2.0,1.0,0.0,0.0,0.0,1.0,2,2,1.0,2311.16,1155.58,1434.97,0.0,876.19,0.0,0.0,1,0,1,0,0,F,38,0.0,1.0,0.0,0,0,0,0,Europe
CUST_03305,2024-06-17,2024-10-29,2024-10-15,2025-01-27,104,224,0,False,1,0.0,0.0,0.0,0.0,0.0,0.0,0.0,0.0,0.0,0.0,1,1,1.0,1945.04,1945.04,0.0,1945.04,0.0,0.0,0.0,0,1,0,0,0,M,31,1.0,0.0,0.0,0,0,0,0,Asia
CUST_03306,2024-06-04,2024-10-29,2024-10-02,2024-11-15,44,164,1,True,1,0.0,0.0,0.0,0.0,0.0,0.0,0.0,0.0,0.0,0.0,2,4,2.0,1600.9099999999999,519.0216666666666,756.61,0.0,0.0,0.0,844.3,1,0,0,0,3,F,56,0.0,1.0,0.0,0,0,0,0,Europe
CUST_03310,2024-06-07,2024-10-29,2024-10-05,2025-01-27,114,234,0,False,0,0.0,0.0,0.0,0.0,0.0,0.0,0.0,0.0,0.0,0.0,1,2,2.0,1100.4,550.2,0.0,0.0,0.0,0.0,1100.4,0,0,0,0,2,F,72,1.0,0.0,0.0,0,0,0,0,Asia
CUST_03335,2024-06-26,2024-10-29,2024-10-24,2025-01-27,95,215,0,False,1,0.0,0.0,0.0,0.0,0.0,0.0,0.0,0.0,0.0,0.0,1,4,4.0,989.36,247.34,0.0,989.36,0.0,0.0,0.0,0,4,0,0,0,F,38,1.0,0.0,0.0,0,0,0,0,Asia
CUST_03363,2024-06-15,2024-10-29,2024-10-13,2025-01-27,106,226,0,False,1,0.0,0.0,0.0,0.0,0.0,0.0,0.0,0.0,0.0,0.0,1,1,1.0,707.14,707.14,0.0,0.0,0.0,0.0,707.14,0,0,0,0,1,F,49,0.0,1.0,0.0,0,0,0,0,Europe
CUST_03371,2024-06-23,2024-10-29,2024-10-21,2025-01-27,98,218,0,False,0,0.0,0.0,0.0,0.0,0.0,0.0,0.0,0.0,0.0,0.0,1,1,1.0,1798.48,1798.48,0.0,0.0,1798.48,0.0,0.0,0,0,1,0,0,M,50,0.0,1.0,0.0,0,0,0,0,Europe
CUST_03384,2024-06-11,2024-10-29,2024-10-09,2024-12-03,55,175,1,True,1,2.0,0.0,0.0,0.0,2.0,0.0,0.0,0.0,0.0,0.0,3,8,2.6666666666666665,2943.55,640.3870000000001,0.0,1680.58,1262.97,0.0,0.0,0,6,2,0,0,F,70,1.0,0.0,0.0,0,0,0,0,Asia
CUST_03413,2024-06-17,2024-10-29,2024-10-15,2024-11-25,41,161,1,True,1,0.0,0.0,0.0,0.0,0.0,0.0,0.0,0.0,0.0,0.0,2,3,1.5,1323.6499999999999,616.615,180.84,0.0,1142.81,0.0,0.0,2,0,1,0,0,M,40,0.0,0.0,1.0,0,0,0,0,North America
CUST_03465,2024-06-10,2024-10-29,2024-10-08,2024-12-02,55,175,1,True,1,0.0,4.0,0.0,0.0,4.0,0.0,0.0,0.0,0.0,0.0,2,2,1.0,2148.34,1074.17,0.0,0.0,336.98,1811.36,0.0,0,0,1,1,0,F,56,0.0,1.0,0.0,0,0,0,0,Europe
CUST_03467,2024-06-23,2024-10-29,2024-10-21,2025-01-27,98,218,0,False,1,0.0,0.0,0.0,0.0,0.0,0.0,0.0,0.0,0.0,0.0,1,1,1.0,620.85,620.85,0.0,0.0,0.0,0.0,620.85,0,0,0,0,1,M,61,0.0,1.0,0.0,0,0,0,0,Europe
CUST_00007,2024-06-25,2024-11-05,2024-10-23,2025-02-03,103,223,0,False,1,0.0,0.0,0.0,0.0,0.0,0.0,0.0,0.0,0.0,0.0,1,2,2.0,1767.18,883.59,1767.18,0.0,0.0,0.0,0.0,2,0,0,0,0,F,55,1.0,0.0,0.0,0,0,0,0,Asia
CUST_00011,2024-06-12,2024-11-05,2024-10-10,2024-12-16,67,187,1,True,1,1.0,0.0,1.0,0.0,2.0,0.0,0.0,0.0,0.0,0.0,2,4,2.0,1726.75,797.5883333333334,1726.75,0.0,0.0,0.0,0.0,4,0,0,0,0,M,65,1.0,0.0,0.0,0,0,0,0,Asia
CUST_00017,2024-06-28,2024-11-05,2024-10-26,2025-02-03,100,220,0,False,1,0.0,0.0,0.0,0.0,0.0,0.0,0.0,0.0,0.0,0.0,1,1,1.0,223.06,223.06,0.0,0.0,0.0,223.06,0.0,0,0,0,1,0,F,52,1.0,0.0,0.0,0,0,0,0,Asia
CUST_00037,2024-06-11,2024-11-05,2024-10-09,2025-02-03,117,237,0,False,1,0.0,0.0,0.0,0.0,0.0,0.0,0.0,0.0,0.0,0.0,1,3,3.0,916.71,305.57,0.0,0.0,0.0,0.0,916.71,0,0,0,0,3,F,60,0.0,1.0,0.0,0,0,0,0,Europe
CUST_00039,2024-06-16,2024-11-05,2024-10-14,2025-02-03,112,232,0,False,1,0.0,0.0,0.0,0.0,0.0,0.0,0.0,0.0,0.0,0.0,2,2,1.0,3353.9700000000003,1676.9850000000001,0.0,3353.9700000000003,0.0,0.0,0.0,0,2,0,0,0,F,29,1.0,0.0,0.0,0,0,0,0,Asia
CUST_00070,2024-07-02,2024-11-05,2024-10-30,2025-02-03,96,216,0,False,1,0.0,0.0,0.0,0.0,0.0,0.0,0.0,0.0,0.0,0.0,1,1,1.0,1837.47,1837.47,1837.47,0.0,0.0,0.0,0.0,1,0,0,0,0,M,40,1.0,0.0,0.0,0,0,0,0,Asia
CUST_00078,2024-06-09,2024-11-05,2024-10-07,2025-02-03,119,239,0,False,1,0.0,0.0,0.0,0.0,0.0,0.0,0.0,0.0,0.0,0.0,1,1,1.0,1558.27,1558.27,1558.27,0.0,0.0,0.0,0.0,1,0,0,0,0,M,72,1.0,0.0,0.0,0,0,0,0,Asia
CUST_00084,2024-06-17,2024-11-05,2024-10-15,2024-11-26,42,162,1,True,1,1.0,0.0,0.0,0.0,1.0,0.0,0.0,0.0,0.0,0.0,2,3,1.5,3607.1800000000003,1355.6425,0.0,0.0,0.0,1791.79,1815.39,0,0,0,2,1,F,42,0.0,1.0,0.0,0,0,0,0,Europe
CUST_00117,2024-07-01,2024-11-05,2024-10-29,2025-02-03,97,217,0,False,1,0.0,0.0,0.0,0.0,0.0,0.0,0.0,0.0,0.0,0.0,1,3,3.0,1670.35,556.7833333333333,0.0,1670.35,0.0,0.0,0.0,0,3,0,0,0,M,52,1.0,0.0,0.0,0,0,0,0,Asia
CUST_00120,2024-06-24,2024-11-05,2024-10-22,2025-02-03,104,224,0,False,1,0.0,0.0,0.0,0.0,0.0,0.0,0.0,0.0,0.0,0.0,1,4,4.0,878.86,219.715,0.0,0.0,878.86,0.0,0.0,0,0,4,0,0,F,59,1.0,0.0,0.0,0,0,0,0,Asia
CUST_00155,2024-06-12,2024-11-05,2024-10-10,2024-11-18,39,159,1,True,1,1.0,0.0,0.0,0.0,1.0,0.0,0.0,0.0,0.0,0.0,2,3,1.5,2835.5699999999997,1112.465,0.0,1221.28,0.0,1614.29,0.0,0,2,0,1,0,M,50,0.0,1.0,0.0,0,0,0,0,Europe
CUST_00156,2024-06-23,2024-11-05,2024-10-21,2024-12-31,71,191,1,True,0,1.0,0.0,0.0,0.0,1.0,0.0,0.0,0.0,0.0,0.0,2,6,3.0,3324.51,993.7270000000001,1671.32,0.0,0.0,1653.19,0.0,5,0,0,1,0,M,21,0.0,1.0,0.0,0,0,0,0,Europe
CUST_00160,2024-06-28,2024-11-05,2024-10-26,2025-02-03,100,220,0,False,1,0.0,0.0,0.0,0.0,0.0,0.0,0.0,0.0,0.0,0.0,1,4,4.0,1258.15,314.5375,1258.15,0.0,0.0,0.0,0.0,4,0,0,0,0,M,67,1.0,0.0,0.0,0,0,0,0,Asia
CUST_00178,2024-06-27,2024-11-05,2024-10-25,2024-11-26,32,152,1,True,1,1.0,0.0,1.0,0.0,2.0,0.0,0.0,0.0,0.0,0.0,2,5,2.5,1100.85,253.835,256.53,0.0,0.0,0.0,844.32,3,0,0,0,2,M,61,1.0,0.0,0.0,0,0,0,0,Asia
CUST_00185,2024-07-03,2024-11-05,2024-10-31,2025-02-03,95,215,0,False,1,0.0,0.0,0.0,0.0,0.0,0.0,0.0,0.0,0.0,0.0,1,4,4.0,265.26,66.315,0.0,265.26,0.0,0.0,0.0,0,4,0,0,0,F,25,1.0,0.0,0.0,0,0,0,0,Asia
CUST_00191,2024-06-11,2024-11-05,2024-10-09,2025-02-03,117,237,0,False,1,0.0,0.0,0.0,0.0,0.0,0.0,0.0,0.0,0.0,0.0,1,1,1.0,520.35,520.35,0.0,520.35,0.0,0.0,0.0,0,1,0,0,0,F,23,0.0,0.0,1.0,0,0,0,0,North America
CUST_00219,2024-06-27,2024-11-05,2024-10-25,2025-02-03,101,221,0,False,1,0.0,0.0,0.0,0.0,0.0,0.0,0.0,0.0,0.0,0.0,1,2,2.0,137.12,68.56,0.0,137.12,0.0,0.0,0.0,0,2,0,0,0,M,34,0.0,1.0,0.0,0,0,0,0,Europe
CUST_00220,2024-06-30,2024-11-05,2024-10-28,2025-02-03,98,218,0,False,1,0.0,0.0,0.0,0.0,0.0,0.0,0.0,0.0,0.0,0.0,2,3,1.5,1660.82,622.935,0.0,829.9,0.0,0.0,830.92,0,2,0,0,1,M,32,0.0,1.0,0.0,0,0,0,0,Europe
CUST_00238,2024-06-20,2024-11-05,2024-10-18,2025-02-03,108,228,0,False,1,0.0,0.0,0.0,0.0,0.0,0.0,0.0,0.0,0.0,0.0,1,1,1.0,1381.81,1381.81,0.0,1381.81,0.0,0.0,0.0,0,1,0,0,0,F,27,0.0,1.0,0.0,0,0,0,0,Europe
CUST_00246,2024-07-07,2024-11-05,2024-11-04,2024-11-12,8,128,1,True,1,2.0,0.0,0.0,0.0,2.0,0.0,0.0,0.0,0.0,0.0,3,6,2.0,1919.69,370.1588888888889,1213.41,706.28,0.0,0.0,0.0,3,3,0,0,0,M,39,0.0,1.0,0.0,0,0,0,0,Europe
CUST_00248,2024-07-03,2024-11-05,2024-10-31,2025-02-03,95,215,0,False,1,0.0,0.0,0.0,0.0,0.0,0.0,0.0,0.0,0.0,0.0,1,2,2.0,619.2,309.6,0.0,619.2,0.0,0.0,0.0,0,2,0,0,0,M,43,0.0,1.0,0.0,0,0,0,0,Europe
CUST_00270,2024-06-27,2024-11-05,2024-10-25,2025-02-03,101,221,0,False,1,0.0,0.0,0.0,0.0,0.0,0.0,0.0,0.0,0.0,0.0,1,3,3.0,1660.27,553.4233333333333,1660.27,0.0,0.0,0.0,0.0,3,0,0,0,0,M,65,1.0,0.0,0.0,0,0,0,0,Asia
CUST_00274,2024-06-16,2024-11-05,2024-10-14,2024-12-14,61,181,1,True,1,0.0,0.0,0.0,0.0,0.0,0.0,0.0,0.0,0.0,0.0,2,2,1.0,1129.29,564.645,0.0,934.76,0.0,194.53,0.0,0,1,0,1,0,F,67,1.0,0.0,0.0,0,0,0,0,Asia
CUST_00280,2024-06-26,2024-11-05,2024-10-24,2025-02-03,102,222,0,False,1,0.0,0.0,0.0,0.0,0.0,0.0,0.0,0.0,0.0,0.0,1,4,4.0,1205.82,301.455,0.0,0.0,0.0,0.0,1205.82,0,0,0,0,4,M,40,0.0,0.0,1.0,0,0,0,0,North America
CUST_00316,2024-06-04,2024-11-05,2024-10-02,2025-02-03,124,244,0,False,1,0.0,0.0,0.0,0.0,0.0,0.0,0.0,0.0,0.0,0.0,1,3,3.0,657.32,219.10666666666668,0.0,0.0,0.0,0.0,657.32,0,0,0,0,3,F,39,0.0,1.0,0.0,0,0,0,0,Europe
CUST_00338,2024-07-03,2024-11-05,2024-10-31,2025-02-03,95,215,0,False,1,0.0,0.0,0.0,0.0,0.0,0.0,0.0,0.0,0.0,0.0,1,1,1.0,1817.81,1817.81,0.0,0.0,0.0,0.0,1817.81,0,0,0,0,1,M,56,0.0,1.0,0.0,0,0,0,0,Europe
CUST_00346,2024-06-10,2024-11-05,2024-10-08,2025-02-03,118,238,0,False,1,0.0,0.0,0.0,0.0,0.0,0.0,0.0,0.0,0.0,0.0,1,2,2.0,1368.84,684.42,0.0,0.0,0.0,0.0,1368.84,0,0,0,0,2,M,30,1.0,0.0,0.0,0,0,0,0,Asia
CUST_00347,2024-07-02,2024-11-05,2024-10-30,2025-02-03,96,216,0,False,1,0.0,0.0,0.0,0.0,0.0,0.0,0.0,0.0,0.0,0.0,1,2,2.0,174.38,87.19,0.0,0.0,0.0,0.0,174.38,0,0,0,0,2,M,58,0.0,1.0,0.0,0,0,0,0,Europe
CUST_00348,2024-06-20,2024-11-05,2024-10-18,2024-11-28,41,161,1,True,1,0.0,0.0,0.0,0.0,0.0,0.0,0.0,0.0,0.0,0.0,3,7,2.3333333333333335,3376.53,608.5344444444445,1050.14,0.0,1216.91,0.0,1109.48,1,0,3,0,3,F,74,1.0,0.0,0.0,0,0,0,0,Asia
CUST_00358,2024-06-28,2024-11-05,2024-10-26,2025-02-03,100,220,0,False,1,0.0,0.0,0.0,0.0,0.0,0.0,0.0,0.0,0.0,0.0,1,1,1.0,364.16,364.16,0.0,0.0,364.16,0.0,0.0,0,0,1,0,0,M,55,0.0,1.0,0.0,0,0,0,0,Europe
CUST_00362,2024-06-17,2024-11-05,2024-10-15,2025-02-03,111,231,0,False,1,0.0,0.0,0.0,0.0,0.0,0.0,0.0,0.0,0.0,0.0,1,2,2.0,1051.89,525.945,0.0,1051.89,0.0,0.0,0.0,0,2,0,0,0,M,69,0.0,1.0,0.0,0,0,0,0,Europe
CUST_00373,2024-06-14,2024-11-05,2024-10-12,2024-11-25,44,164,1,True,1,1.0,1.0,1.0,1.0,4.0,0.0,0.0,0.0,0.0,0.0,2,4,2.0,3163.04,965.98,0.0,0.0,0.0,3163.04,0.0,0,0,0,4,0,F,46,0.0,1.0,0.0,0,0,0,0,Europe
CUST_00378,2024-06-22,2024-11-05,2024-10-20,2025-02-03,106,226,0,False,1,0.0,0.0,0.0,0.0,0.0,0.0,0.0,0.0,0.0,0.0,1,1,1.0,258.7,258.7,0.0,0.0,258.7,0.0,0.0,0,0,1,0,0,M,22,0.0,0.0,1.0,0,0,0,0,North America
CUST_00383,2024-06-07,2024-11-05,2024-10-05,2024-12-18,74,194,1,True,1,0.0,1.0,0.0,0.0,1.0,0.0,0.0,0.0,0.0,0.0,2,3,1.5,1337.63,445.96500000000003,0.0,0.0,0.0,891.4,446.23,0,0,0,2,1,M,55,1.0,0.0,0.0,0,0,0,0,Asia
CUST_00400,2024-06-10,2024-11-05,2024-10-08,2024-12-12,65,185,1,True,1,0.0,0.0,0.0,1.0,1.0,0.0,0.0,0.0,0.0,0.0,2,4,2.0,2799.5600000000004,699.8900000000001,0.0,0.0,2799.5600000000004,0.0,0.0,0,0,4,0,0,M,30,0.0,1.0,0.0,0,0,0,0,Europe
CUST_00406,2024-06-13,2024-11-05,2024-10-11,2025-02-03,115,235,0,False,1,0.0,0.0,0.0,0.0,0.0,0.0,0.0,0.0,0.0,0.0,1,1,1.0,1297.4,1297.4,0.0,0.0,1297.4,0.0,0.0,0,0,1,0,0,M,52,0.0,1.0,0.0,0,0,0,0,Europe
CUST_00424,2024-06-29,2024-11-05,2024-10-27,2025-02-03,99,219,0,False,1,0.0,0.0,0.0,0.0,0.0,0.0,0.0,0.0,0.0,0.0,2,3,1.5,1404.1000000000001,392.88,1236.68,0.0,0.0,167.42,0.0,2,0,0,1,0,F,22,0.0,1.0,0.0,0,0,0,0,Europe
CUST_00429,2024-06-19,2024-11-05,2024-10-17,2025-02-03,109,229,0,False,1,0.0,0.0,0.0,0.0,0.0,0.0,0.0,0.0,0.0,0.0,1,4,4.0,1061.88,265.47,0.0,1061.88,0.0,0.0,0.0,0,4,0,0,0,M,26,0.0,1.0,0.0,0,0,0,0,Europe
CUST_00490,2024-07-06,2024-11-05,2024-11-03,2025-02-03,92,212,0,False,1,0.0,0.0,0.0,0.0,0.0,0.0,0.0,0.0,0.0,0.0,2,5,2.5,2163.75,525.05,0.0,0.0,2163.75,0.0,0.0,0,0,5,0,0,M,32,0.0,1.0,0.0,0,0,0,0,Europe
CUST_00498,2024-06-04,2024-11-05,2024-10-02,2025-02-03,124,244,0,False,1,0.0,0.0,0.0,0.0,0.0,0.0,0.0,0.0,0.0,0.0,1,1,1.0,1978.45,1978.45,1978.45,0.0,0.0,0.0,0.0,1,0,0,0,0,F,24,0.0,1.0,0.0,0,0,0,0,Europe
CUST_00503,2024-06-10,2024-11-05,2024-10-08,2025-02-03,118,238,0,False,1,0.0,0.0,0.0,0.0,0.0,0.0,0.0,0.0,0.0,0.0,1,2,2.0,1492.62,746.31,0.0,0.0,1492.62,0.0,0.0,0,0,2,0,0,M,36,0.0,1.0,0.0,0,0,0,0,Europe
CUST_00506,2024-06-14,2024-11-05,2024-10-12,2025-02-03,114,234,0,False,1,0.0,0.0,0.0,0.0,0.0,0.0,0.0,0.0,0.0,0.0,1,1,1.0,975.02,975.02,0.0,0.0,0.0,975.02,0.0,0,0,0,1,0,F,63,1.0,0.0,0.0,0,0,0,0,Asia
CUST_00539,2024-06-29,2024-11-05,2024-10-27,2025-02-03,99,219,0,False,1,0.0,0.0,0.0,0.0,0.0,0.0,0.0,0.0,0.0,0.0,1,2,2.0,1368.57,684.285,1368.57,0.0,0.0,0.0,0.0,2,0,0,0,0,M,47,0.0,1.0,0.0,0,0,0,0,Europe
CUST_00557,2024-06-22,2024-11-05,2024-10-20,2025-02-03,106,226,0,False,0,0.0,0.0,0.0,0.0,0.0,0.0,0.0,0.0,0.0,0.0,1,4,4.0,1497.37,374.3425,0.0,0.0,1497.37,0.0,0.0,0,0,4,0,0,F,71,1.0,0.0,0.0,0,0,0,0,Asia
CUST_00569,2024-06-27,2024-11-05,2024-10-25,2025-02-03,101,221,0,False,1,0.0,0.0,0.0,0.0,0.0,0.0,0.0,0.0,0.0,0.0,1,1,1.0,765.78,765.78,0.0,765.78,0.0,0.0,0.0,0,1,0,0,0,M,53,0.0,1.0,0.0,0,0,0,0,Europe
CUST_00578,2024-06-25,2024-11-05,2024-10-23,2025-02-03,103,223,0,False,1,0.0,0.0,0.0,0.0,0.0,0.0,0.0,0.0,0.0,0.0,1,4,4.0,853.63,213.4075,0.0,0.0,853.63,0.0,0.0,0,0,4,0,0,F,57,0.0,1.0,0.0,0,0,0,0,Europe
CUST_00579,2024-06-21,2024-11-05,2024-10-19,2025-02-03,107,227,0,False,1,0.0,0.0,0.0,0.0,0.0,0.0,0.0,0.0,0.0,0.0,1,2,2.0,1087.25,543.625,0.0,0.0,1087.25,0.0,0.0,0,0,2,0,0,F,44,0.0,1.0,0.0,0,0,0,0,Europe
CUST_00624,2024-06-02,2024-11-05,2024-09-30,2025-02-03,126,246,0,False,1,0.0,0.0,0.0,0.0,0.0,0.0,0.0,0.0,0.0,0.0,1,2,2.0,1458.08,729.04,0.0,0.0,0.0,0.0,1458.08,0,0,0,0,2,M,47,1.0,0.0,0.0,0,0,0,0,Asia
CUST_00628,2024-07-01,2024-11-05,2024-10-29,2025-02-03,97,217,0,False,0,0.0,0.0,0.0,0.0,0.0,0.0,0.0,0.0,0.0,0.0,2,6,3.0,2806.51,467.75166666666667,0.0,887.06,0.0,1919.45,0.0,0,3,0,3,0,Other,42,0.0,1.0,0.0,0,0,0,0,Europe
CUST_00636,2024-06-23,2024-11-05,2024-10-21,2025-02-03,105,225,0,False,0,0.0,0.0,0.0,0.0,0.0,0.0,0.0,0.0,0.0,0.0,1,1,1.0,1794.84,1794.84,0.0,1794.84,0.0,0.0,0.0,0,1,0,0,0,F,65,1.0,0.0,0.0,0,0,0,0,Asia
CUST_00637,2024-06-22,2024-11-05,2024-10-20,2025-02-03,106,226,0,False,1,0.0,0.0,0.0,0.0,0.0,0.0,0.0,0.0,0.0,0.0,1,3,3.0,1231.09,410.3633333333333,0.0,0.0,0.0,1231.09,0.0,0,0,0,3,0,F,47,1.0,0.0,0.0,0,0,0,0,Asia
CUST_00639,2024-07-07,2024-11-05,2024-11-04,2024-11-07,3,123,1,True,1,0.0,0.0,0.0,0.0,0.0,0.0,0.0,0.0,0.0,0.0,2,3,1.5,2408.27,957.8775,0.0,0.0,0.0,0.0,2408.27,0,0,0,0,3,M,51,0.0,1.0,0.0,0,0,0,0,Europe
CUST_00645,2024-06-23,2024-11-05,2024-10-21,2025-02-03,105,225,0,False,1,0.0,0.0,0.0,0.0,0.0,0.0,0.0,0.0,0.0,0.0,1,3,3.0,661.55,220.51666666666665,0.0,661.55,0.0,0.0,0.0,0,3,0,0,0,F,52,0.0,0.0,1.0,0,0,0,0,North America
CUST_00648,2024-06-26,2024-11-05,2024-10-24,2025-02-03,102,222,0,False,1,0.0,0.0,0.0,0.0,0.0,0.0,0.0,0.0,0.0,0.0,1,2,2.0,1861.15,930.575,1861.15,0.0,0.0,0.0,0.0,2,0,0,0,0,M,41,1.0,0.0,0.0,0,0,0,0,Asia
CUST_00650,2024-06-16,2024-11-05,2024-10-14,2024-12-29,76,196,1,True,1,0.0,0.0,0.0,0.0,0.0,0.0,0.0,0.0,0.0,0.0,2,4,2.0,2398.61,1036.8216666666667,2398.61,0.0,0.0,0.0,0.0,4,0,0,0,0,M,40,0.0,1.0,0.0,0,0,0,0,Europe
CUST_00654,2024-06-25,2024-11-05,2024-10-23,2025-02-03,103,223,0,False,0,0.0,0.0,0.0,0.0,0.0,0.0,0.0,0.0,0.0,0.0,1,2,2.0,812.59,406.295,812.59,0.0,0.0,0.0,0.0,2,0,0,0,0,M,44,0.0,0.0,1.0,0,0,0,0,North America
CUST_00660,2024-07-07,2024-11-05,2024-11-04,2025-02-03,91,211,0,False,0,0.0,0.0,0.0,0.0,0.0,0.0,0.0,0.0,0.0,0.0,2,3,1.5,2267.35,845.0325,0.0,0.0,0.0,0.0,2267.35,0,0,0,0,3,F,27,1.0,0.0,0.0,0,0,0,0,Asia
CUST_00662,2024-06-18,2024-11-05,2024-10-16,2025-02-03,110,230,0,False,1,0.0,0.0,0.0,0.0,0.0,0.0,0.0,0.0,0.0,0.0,1,1,1.0,1883.89,1883.89,0.0,1883.89,0.0,0.0,0.0,0,1,0,0,0,M,63,1.0,0.0,0.0,0,0,0,0,Asia
CUST_00678,2024-06-20,2024-11-05,2024-10-18,2025-02-03,108,228,0,False,1,0.0,0.0,0.0,0.0,0.0,0.0,0.0,0.0,0.0,0.0,1,2,2.0,1485.94,742.97,0.0,0.0,0.0,1485.94,0.0,0,0,0,2,0,F,64,0.0,1.0,0.0,0,0,0,0,Europe
CUST_00680,2024-06-03,2024-11-05,2024-10-01,2025-02-03,125,245,0,False,0,0.0,0.0,0.0,0.0,0.0,0.0,0.0,0.0,0.0,0.0,1,2,2.0,1846.56,923.28,1846.56,0.0,0.0,0.0,0.0,2,0,0,0,0,F,57,0.0,1.0,0.0,0,0,0,0,Europe
CUST_00689,2024-06-01,2024-11-05,2024-09-29,2024-12-17,79,199,1,True,1,0.0,1.0,1.0,0.0,2.0,0.0,0.0,1.0,0.0,1.0,2,5,2.5,2422.41,561.9525,0.0,0.0,523.8,1898.61,0.0,0,0,3,2,0,M,29,1.0,0.0,0.0,0,0,0,0,Asia
CUST_00702,2024-06-26,2024-11-05,2024-10-24,2025-02-03,102,222,0,False,1,0.0,0.0,0.0,0.0,0.0,0.0,0.0,0.0,0.0,0.0,2,7,3.5,2729.6400000000003,526.4970000000001,0.0,1039.42,0.0,1690.22,0.0,0,5,0,2,0,F,37,0.0,1.0,0.0,0,0,0,0,Europe
CUST_00717,2024-06-30,2024-11-05,2024-10-28,2025-02-03,98,218,0,False,0,0.0,0.0,0.0,0.0,0.0,0.0,0.0,0.0,0.0,0.0,3,7,2.3333333333333335,1136.35,210.91,0.0,101.16,380.92,0.0,654.27,0,3,1,0,3,F,64,1.0,0.0,0.0,0,0,0,0,Asia
CUST_00747,2024-06-04,2024-11-05,2024-10-02,2025-02-03,124,244,0,False,1,0.0,0.0,0.0,0.0,0.0,0.0,0.0,0.0,0.0,0.0,1,1,1.0,1002.44,1002.44,0.0,0.0,1002.44,0.0,0.0,0,0,1,0,0,F,72,0.0,0.0,1.0,0,0,0,0,North America
CUST_00768,2024-06-28,2024-11-05,2024-10-26,2025-02-03,100,220,0,False,1,0.0,0.0,0.0,0.0,0.0,0.0,0.0,0.0,0.0,0.0,1,2,2.0,349.59,174.795,0.0,349.59,0.0,0.0,0.0,0,2,0,0,0,M,35,1.0,0.0,0.0,0,0,0,0,Asia
CUST_00780,2024-06-28,2024-11-05,2024-10-26,2025-02-03,100,220,0,False,1,0.0,0.0,0.0,0.0,0.0,0.0,0.0,0.0,0.0,0.0,1,2,2.0,1453.41,726.705,0.0,0.0,1453.41,0.0,0.0,0,0,2,0,0,F,32,0.0,0.0,1.0,0,0,0,0,North America
CUST_00782,2024-06-29,2024-11-05,2024-10-27,2025-02-03,99,219,0,False,0,0.0,0.0,0.0,0.0,0.0,0.0,0.0,0.0,0.0,0.0,2,6,3.0,1815.69,281.07124999999996,1382.81,432.88,0.0,0.0,0.0,4,2,0,0,0,F,44,0.0,1.0,0.0,0,0,0,0,Europe
CUST_00785,2024-06-24,2024-11-05,2024-10-22,2025-02-03,104,224,0,False,1,0.0,0.0,0.0,0.0,0.0,0.0,0.0,0.0,0.0,0.0,1,1,1.0,1698.58,1698.58,0.0,0.0,0.0,0.0,1698.58,0,0,0,0,1,F,55,0.0,1.0,0.0,0,0,0,0,Europe
CUST_00799,2024-07-07,2024-11-05,2024-11-04,2025-02-03,91,211,0,False,1,0.0,0.0,0.0,0.0,0.0,0.0,0.0,0.0,0.0,0.0,2,5,2.5,1555.25,277.0175,0.0,0.0,1341.54,0.0,213.71,0,0,3,0,2,M,62,1.0,0.0,0.0,0,0,0,0,Asia
CUST_00809,2024-06-26,2024-11-05,2024-10-24,2025-02-03,102,222,0,False,1,0.0,0.0,0.0,0.0,0.0,0.0,0.0,0.0,0.0,0.0,1,2,2.0,1674.12,837.06,0.0,0.0,0.0,0.0,1674.12,0,0,0,0,2,F,65,0.0,1.0,0.0,0,0,0,0,Europe
CUST_00810,2024-06-22,2024-11-05,2024-10-20,2025-02-03,106,226,0,False,1,0.0,0.0,0.0,0.0,0.0,0.0,0.0,0.0,0.0,0.0,1,3,3.0,707.52,235.84,0.0,0.0,0.0,0.0,707.52,0,0,0,0,3,F,64,1.0,0.0,0.0,0,0,0,0,Asia
CUST_00823,2024-07-03,2024-11-05,2024-10-31,2025-02-03,95,215,0,False,1,0.0,0.0,0.0,0.0,0.0,0.0,0.0,0.0,0.0,0.0,1,3,3.0,1483.16,494.3866666666667,0.0,0.0,0.0,0.0,1483.16,0,0,0,0,3,F,50,0.0,0.0,1.0,0,0,0,0,North America
CUST_00824,2024-06-16,2024-11-05,2024-10-14,2025-02-03,112,232,0,False,1,0.0,0.0,0.0,0.0,0.0,0.0,0.0,0.0,0.0,0.0,1,3,3.0,1589.48,529.8266666666667,0.0,0.0,1589.48,0.0,0.0,0,0,3,0,0,M,68,0.0,1.0,0.0,0,0,0,0,Europe
CUST_00834,2024-07-06,2024-11-05,2024-11-03,2024-12-18,45,165,1,True,1,0.0,0.0,0.0,0.0,0.0,0.0,0.0,0.0,0.0,0.0,3,6,2.0,3152.1400000000003,553.3738888888889,0.0,0.0,2043.3500000000001,0.0,1108.79,0,0,3,0,3,F,67,1.0,0.0,0.0,0,0,0,0,Asia
CUST_00857,2024-06-02,2024-11-05,2024-09-30,2025-02-03,126,246,0,False,1,0.0,0.0,0.0,0.0,0.0,0.0,0.0,0.0,0.0,0.0,1,2,2.0,489.29,244.645,0.0,0.0,489.29,0.0,0.0,0,0,2,0,0,F,21,1.0,0.0,0.0,0,0,0,0,Asia
CUST_00862,2024-06-13,2024-11-05,2024-10-11,2024-11-23,43,163,1,True,0,0.0,1.0,1.0,2.0,4.0,0.0,0.0,0.0,0.0,0.0,2,4,2.0,2021.85,371.2283333333333,1919.09,0.0,0.0,102.76,0.0,3,0,0,1,0,M,44,0.0,1.0,0.0,0,0,0,0,Europe
CUST_00872,2024-06-10,2024-11-05,2024-10-08,2025-02-03,118,238,0,False,1,0.0,0.0,0.0,0.0,0.0,0.0,0.0,0.0,0.0,0.0,1,1,1.0,991.85,991.85,0.0,0.0,0.0,0.0,991.85,0,0,0,0,1,M,63,0.0,0.0,1.0,0,0,0,0,North America
CUST_00879,2024-06-26,2024-11-05,2024-10-24,2025-02-03,102,222,0,False,0,0.0,0.0,0.0,0.0,0.0,0.0,0.0,0.0,0.0,0.0,1,1,1.0,254.9,254.9,0.0,0.0,0.0,254.9,0.0,0,0,0,1,0,F,28,1.0,0.0,0.0,0,0,0,0,Asia
CUST_00893,2024-07-04,2024-11-05,2024-11-01,2025-02-03,94,214,0,False,1,0.0,0.0,0.0,0.0,0.0,0.0,0.0,0.0,0.0,0.0,1,4,4.0,1036.06,259.015,0.0,1036.06,0.0,0.0,0.0,0,4,0,0,0,M,39,1.0,0.0,0.0,0,0,0,0,Asia
CUST_00925,2024-06-11,2024-11-05,2024-10-09,2024-11-06,28,148,1,True,1,0.0,0.0,0.0,1.0,1.0,0.0,0.0,0.0,0.0,0.0,2,7,3.5,2302.54,405.1165,0.0,0.0,1136.79,1165.75,0.0,0,0,5,2,0,F,32,0.0,0.0,1.0,0,0,0,0,North America
CUST_00941,2024-06-23,2024-11-05,2024-10-21,2025-02-03,105,225,0,False,1,0.0,0.0,0.0,0.0,0.0,0.0,0.0,0.0,0.0,0.0,1,3,3.0,1119.58,373.1933333333333,0.0,0.0,0.0,1119.58,0.0,0,0,0,3,0,F,38,0.0,0.0,1.0,0,0,0,0,North America
CUST_00949,2024-06-13,2024-11-05,2024-10-11,2024-11-18,38,158,1,True,1,0.0,1.0,2.0,0.0,3.0,0.0,0.0,0.0,0.0,0.0,2,3,1.5,2006.6399999999999,791.285,0.0,2006.6399999999999,0.0,0.0,0.0,0,3,0,0,0,Other,49,0.0,1.0,0.0,0,0,0,0,Europe
CUST_00951,2024-06-24,2024-11-05,2024-10-22,2025-02-03,104,224,0,False,1,0.0,0.0,0.0,0.0,0.0,0.0,0.0,0.0,0.0,0.0,1,1,1.0,1604.51,1604.51,0.0,0.0,0.0,0.0,1604.51,0,0,0,0,1,F,42,0.0,1.0,0.0,0,0,0,0,Europe
CUST_00953,2024-06-06,2024-11-05,2024-10-04,2025-02-03,122,242,0,False,0,0.0,0.0,0.0,0.0,0.0,0.0,0.0,0.0,0.0,0.0,1,1,1.0,1049.42,1049.42,0.0,0.0,0.0,0.0,1049.42,0,0,0,0,1,F,38,1.0,0.0,0.0,0,0,0,0,Asia
CUST_00957,2024-06-20,2024-11-05,2024-10-18,2025-02-03,108,228,0,False,1,0.0,0.0,0.0,0.0,0.0,0.0,0.0,0.0,0.0,0.0,1,2,2.0,1283.38,641.69,0.0,0.0,1283.38,0.0,0.0,0,0,2,0,0,M,46,0.0,1.0,0.0,0,0,0,0,Europe
CUST_00959,2024-06-11,2024-11-05,2024-10-09,2025-02-03,117,237,0,False,1,0.0,0.0,0.0,0.0,0.0,0.0,0.0,0.0,0.0,0.0,1,3,3.0,1814.02,604.6733333333333,0.0,0.0,1814.02,0.0,0.0,0,0,3,0,0,F,34,0.0,1.0,0.0,0,0,0,0,Europe
CUST_00967,2024-06-29,2024-11-05,2024-10-27,2025-02-03,99,219,0,False,1,0.0,0.0,0.0,0.0,0.0,0.0,0.0,0.0,0.0,0.0,1,3,3.0,1828.39,609.4633333333334,0.0,0.0,0.0,0.0,1828.39,0,0,0,0,3,M,66,0.0,0.0,1.0,0,0,0,0,North America
CUST_00972,2024-06-10,2024-11-05,2024-10-08,2024-12-06,59,179,1,True,1,0.0,0.0,0.0,0.0,0.0,0.0,0.0,0.0,0.0,0.0,2,3,1.5,2952.92,1152.8600000000001,0.0,0.0,1658.52,1294.4,0.0,0,0,1,2,0,M,42,1.0,0.0,0.0,0,0,0,0,Asia
CUST_00981,2024-06-15,2024-11-05,2024-10-13,2025-02-03,113,233,0,False,1,0.0,0.0,0.0,0.0,0.0,0.0,0.0,0.0,0.0,0.0,1,2,2.0,708.54,354.27,0.0,0.0,0.0,0.0,708.54,0,0,0,0,2,F,25,1.0,0.0,0.0,0,0,0,0,Asia
CUST_01002,2024-06-23,2024-11-05,2024-10-21,2025-02-03,105,225,0,False,1,0.0,0.0,0.0,0.0,0.0,0.0,0.0,0.0,0.0,0.0,2,3,1.5,1141.65,352.46000000000004,0.0,0.0,0.0,1141.65,0.0,0,0,0,3,0,F,25,0.0,1.0,0.0,0,0,0,0,Europe
CUST_01013,2024-06-14,2024-11-05,2024-10-12,2024-12-06,55,175,1,True,1,0.0,1.0,0.0,1.0,2.0,0.0,0.0,0.0,0.0,0.0,2,2,1.0,1104.8700000000001,552.4350000000001,192.93,911.94,0.0,0.0,0.0,1,1,0,0,0,F,71,0.0,1.0,0.0,0,0,0,0,Europe
CUST_01026,2024-06-22,2024-11-05,2024-10-20,2024-12-03,44,164,1,True,1,1.0,1.0,0.0,0.0,2.0,0.0,0.0,0.0,0.0,0.0,2,4,2.0,2492.09,623.0225,1376.24,1115.85,0.0,0.0,0.0,2,2,0,0,0,M,29,1.0,0.0,0.0,0,0,0,0,Asia
CUST_01027,2024-06-26,2024-11-05,2024-10-24,2025-02-03,102,222,0,False,1,0.0,0.0,0.0,0.0,0.0,0.0,0.0,0.0,0.0,0.0,2,7,3.5,2694.48,393.5191666666667,0.0,0.0,1333.46,1361.02,0.0,0,0,4,3,0,F,54,0.0,1.0,0.0,0,0,0,0,Europe
CUST_01049,2024-06-13,2024-11-05,2024-10-11,2024-11-12,32,152,1,True,1,0.0,0.0,0.0,0.0,0.0,0.0,0.0,0.0,0.0,0.0,3,4,1.3333333333333333,3609.89,1062.3416666666665,0.0,1061.54,1702.62,0.0,845.73,0,1,1,0,2,F,74,0.0,1.0,0.0,0,0,0,0,Europe
CUST_01053,2024-07-03,2024-11-05,2024-10-31,2025-02-03,95,215,0,False,1,0.0,0.0,0.0,0.0,0.0,0.0,0.0,0.0,0.0,0.0,1,1,1.0,271.26,271.26,0.0,271.26,0.0,0.0,0.0,0,1,0,0,0,F,25,0.0,1.0,0.0,0,0,0,0,Europe
CUST_01062,2024-07-04,2024-11-05,2024-11-01,2025-02-03,94,214,0,False,1,0.0,0.0,0.0,0.0,0.0,0.0,0.0,0.0,0.0,0.0,2,6,3.0,1672.98,278.83000000000004,0.0,1379.71,0.0,0.0,293.27,0,3,0,0,3,F,58,0.0,1.0,0.0,0,0,0,0,Europe
CUST_01093,2024-06-08,2024-11-05,2024-10-06,2025-02-03,120,240,0,False,1,0.0,0.0,0.0,0.0,0.0,0.0,0.0,0.0,0.0,0.0,1,1,1.0,626.04,626.04,0.0,0.0,0.0,626.04,0.0,0,0,0,1,0,M,42,0.0,0.0,1.0,0,0,0,0,North America
CUST_01107,2024-06-05,2024-11-05,2024-10-03,2025-02-03,123,243,0,False,1,0.0,0.0,0.0,0.0,0.0,0.0,0.0,0.0,0.0,0.0,1,1,1.0,416.64,416.64,0.0,0.0,0.0,416.64,0.0,0,0,0,1,0,F,31,0.0,1.0,0.0,0,0,0,0,Europe
CUST_01133,2024-06-14,2024-11-05,2024-10-12,2025-02-03,114,234,0,False,1,0.0,0.0,0.0,0.0,0.0,0.0,0.0,0.0,0.0,0.0,1,1,1.0,399.51,399.51,0.0,0.0,399.51,0.0,0.0,0,0,1,0,0,F,52,1.0,0.0,0.0,0,0,0,0,Asia
CUST_01140,2024-06-13,2024-11-05,2024-10-11,2024-11-06,26,146,1,True,1,0.0,0.0,1.0,0.0,1.0,0.0,0.0,0.0,0.0,0.0,2,4,2.0,2598.1,649.525,0.0,0.0,0.0,0.0,2598.1,0,0,0,0,4,M,72,1.0,0.0,0.0,0,0,0,0,Asia
CUST_01160,2024-07-07,2024-11-05,2024-11-04,2025-02-03,91,211,0,False,1,0.0,0.0,0.0,0.0,0.0,0.0,0.0,0.0,0.0,0.0,1,1,1.0,1279.38,1279.38,1279.38,0.0,0.0,0.0,0.0,1,0,0,0,0,M,72,0.0,0.0,1.0,0,0,0,0,North America
CUST_01197,2024-06-09,2024-11-05,2024-10-07,2025-02-03,119,239,0,False,1,0.0,0.0,0.0,0.0,0.0,0.0,0.0,0.0,0.0,0.0,1,1,1.0,1200.52,1200.52,0.0,1200.52,0.0,0.0,0.0,0,1,0,0,0,Other,61,0.0,0.0,1.0,0,0,0,0,North America
CUST_01226,2024-07-06,2024-11-05,2024-11-03,2025-02-03,92,212,0,False,1,0.0,0.0,0.0,0.0,0.0,0.0,0.0,0.0,0.0,0.0,1,1,1.0,846.59,846.59,0.0,0.0,0.0,846.59,0.0,0,0,0,1,0,F,41,0.0,1.0,0.0,0,0,0,0,Europe
CUST_01229,2024-06-19,2024-11-05,2024-10-17,2025-02-03,109,229,0,False,0,0.0,0.0,0.0,0.0,0.0,0.0,0.0,0.0,0.0,0.0,1,4,4.0,257.18,64.295,0.0,0.0,257.18,0.0,0.0,0,0,4,0,0,F,71,1.0,0.0,0.0,0,0,0,0,Asia
CUST_01236,2024-07-02,2024-11-05,2024-10-30,2025-02-03,96,216,0,False,1,0.0,0.0,0.0,0.0,0.0,0.0,0.0,0.0,0.0,0.0,1,2,2.0,843.57,421.785,843.57,0.0,0.0,0.0,0.0,2,0,0,0,0,M,34,1.0,0.0,0.0,0,0,0,0,Asia
CUST_01260,2024-06-21,2024-11-05,2024-10-19,2025-02-03,107,227,0,False,1,0.0,0.0,0.0,0.0,0.0,0.0,0.0,0.0,0.0,0.0,2,4,2.0,2400.0099999999998,648.2149999999999,0.0,1655.37,744.64,0.0,0.0,0,3,1,0,0,F,36,0.0,0.0,1.0,0,0,0,0,North America
CUST_01288,2024-06-25,2024-11-05,2024-10-23,2025-02-03,103,223,0,False,1,0.0,0.0,0.0,0.0,0.0,0.0,0.0,0.0,0.0,0.0,1,3,3.0,1328.52,442.84,0.0,0.0,0.0,0.0,1328.52,0,0,0,0,3,M,72,0.0,1.0,0.0,0,0,0,0,Europe
CUST_01295,2024-07-01,2024-11-05,2024-10-29,2025-02-03,97,217,0,False,1,0.0,0.0,0.0,0.0,0.0,0.0,0.0,0.0,0.0,0.0,1,3,3.0,158.65,52.88333333333333,0.0,0.0,0.0,158.65,0.0,0,0,0,3,0,M,22,1.0,0.0,0.0,0,0,0,0,Asia
CUST_01296,2024-06-05,2024-11-05,2024-10-03,2024-12-01,59,179,1,True,1,2.0,0.0,0.0,0.0,2.0,1.0,0.0,0.0,0.0,1.0,2,4,2.0,672.77,168.1925,0.0,0.0,399.16,273.61,0.0,0,0,2,2,0,F,38,1.0,0.0,0.0,0,0,0,0,Asia
CUST_01311,2024-07-07,2024-11-05,2024-11-04,2025-02-03,91,211,0,False,1,0.0,0.0,0.0,0.0,0.0,0.0,0.0,0.0,0.0,0.0,2,4,2.0,1268.63,317.1575,0.0,0.0,615.82,652.81,0.0,0,0,2,2,0,F,64,1.0,0.0,0.0,0,0,0,0,Asia
CUST_01329,2024-07-01,2024-11-05,2024-10-29,2024-11-09,11,131,1,True,1,1.0,0.0,0.0,0.0,1.0,0.0,0.0,0.0,0.0,0.0,3,8,2.6666666666666665,1225.52,193.66666666666666,0.0,0.0,0.0,399.64,825.88,0,0,0,2,6,F,70,0.0,1.0,0.0,0,0,0,0,Europe
CUST_01337,2024-06-15,2024-11-05,2024-10-13,2025-02-03,113,233,0,False,1,0.0,0.0,0.0,0.0,0.0,0.0,0.0,0.0,0.0,0.0,1,1,1.0,1766.88,1766.88,0.0,0.0,0.0,0.0,1766.88,0,0,0,0,1,F,50,0.0,0.0,1.0,0,0,0,0,North America
CUST_01362,2024-07-07,2024-11-05,2024-11-04,2024-11-22,18,138,1,True,1,1.0,1.0,0.0,1.0,3.0,0.0,0.0,0.0,0.0,0.0,3,3,1.0,3609.4700000000003,1203.1566666666668,835.5,0.0,1028.64,0.0,1745.33,1,0,1,0,1,F,62,0.0,1.0,0.0,0,0,0,0,Europe
CUST_01367,2024-07-01,2024-11-05,2024-10-29,2024-12-17,49,169,1,True,1,0.0,0.0,0.0,0.0,0.0,0.0,0.0,0.0,0.0,0.0,2,6,3.0,2231.96,371.99333333333334,0.0,2231.96,0.0,0.0,0.0,0,6,0,0,0,F,53,0.0,1.0,0.0,0,0,0,0,Europe
CUST_01369,2024-06-06,2024-11-05,2024-10-04,2025-02-03,122,242,0,False,1,0.0,0.0,0.0,0.0,0.0,0.0,0.0,0.0,0.0,0.0,1,2,2.0,808.98,404.49,0.0,0.0,808.98,0.0,0.0,0,0,2,0,0,M,30,0.0,1.0,0.0,0,0,0,0,Europe
CUST_01374,2024-06-17,2024-11-05,2024-10-15,2025-02-03,111,231,0,False,1,0.0,0.0,0.0,0.0,0.0,0.0,0.0,0.0,0.0,0.0,1,2,2.0,509.28,254.64,0.0,0.0,0.0,0.0,509.28,0,0,0,0,2,M,40,0.0,1.0,0.0,0,0,0,0,Europe
CUST_01385,2024-06-27,2024-11-05,2024-10-25,2025-02-03,101,221,0,False,0,0.0,0.0,0.0,0.0,0.0,0.0,0.0,0.0,0.0,0.0,1,1,1.0,1559.57,1559.57,0.0,0.0,0.0,1559.57,0.0,0,0,0,1,0,F,67,0.0,0.0,1.0,0,0,0,0,North America
CUST_01417,2024-06-19,2024-11-05,2024-10-17,2025-02-03,109,229,0,False,1,0.0,0.0,0.0,0.0,0.0,0.0,0.0,0.0,0.0,0.0,1,2,2.0,245.61,122.805,0.0,0.0,0.0,245.61,0.0,0,0,0,2,0,Other,43,0.0,1.0,0.0,0,0,0,0,Europe
CUST_01439,2024-06-15,2024-11-05,2024-10-13,2025-02-03,113,233,0,False,1,0.0,0.0,0.0,0.0,0.0,0.0,0.0,0.0,0.0,0.0,1,1,1.0,1700.99,1700.99,0.0,0.0,1700.99,0.0,0.0,0,0,1,0,0,F,75,0.0,0.0,1.0,0,0,0,0,North America
CUST_01494,2024-06-13,2024-11-05,2024-10-11,2025-02-03,115,235,0,False,1,0.0,0.0,0.0,0.0,0.0,0.0,0.0,0.0,0.0,0.0,1,2,2.0,1183.4,591.7,0.0,0.0,1183.4,0.0,0.0,0,0,2,0,0,F,73,1.0,0.0,0.0,0,0,0,0,Asia
CUST_01495,2024-06-29,2024-11-05,2024-10-27,2025-02-03,99,219,0,False,1,0.0,0.0,0.0,0.0,0.0,0.0,0.0,0.0,0.0,0.0,1,1,1.0,1308.21,1308.21,0.0,0.0,1308.21,0.0,0.0,0,0,1,0,0,M,52,0.0,0.0,1.0,0,0,0,0,North America
CUST_01505,2024-06-03,2024-11-05,2024-10-01,2025-02-03,125,245,0,False,1,0.0,0.0,0.0,0.0,0.0,0.0,0.0,0.0,0.0,0.0,1,1,1.0,356.49,356.49,356.49,0.0,0.0,0.0,0.0,1,0,0,0,0,M,29,0.0,0.0,1.0,0,0,0,0,North America
CUST_01517,2024-06-06,2024-11-05,2024-10-04,2024-12-26,83,203,1,True,1,0.0,0.0,2.0,2.0,4.0,0.0,0.0,0.0,0.0,0.0,2,4,2.0,1945.21,486.3025,0.0,937.67,0.0,0.0,1007.54,0,2,0,0,2,M,24,1.0,0.0,0.0,0,0,0,0,Asia
CUST_01521,2024-06-07,2024-11-05,2024-10-05,2025-02-03,121,241,0,False,1,0.0,0.0,0.0,0.0,0.0,0.0,0.0,0.0,0.0,0.0,1,2,2.0,1736.56,868.28,0.0,0.0,0.0,1736.56,0.0,0,0,0,2,0,M,62,1.0,0.0,0.0,0,0,0,0,Asia
CUST_01549,2024-06-02,2024-11-05,2024-09-30,2025-02-03,126,246,0,False,1,0.0,0.0,0.0,0.0,0.0,0.0,0.0,0.0,0.0,0.0,1,2,2.0,272.06,136.03,0.0,0.0,272.06,0.0,0.0,0,0,2,0,0,F,64,1.0,0.0,0.0,0,0,0,0,Asia
CUST_01559,2024-06-25,2024-11-05,2024-10-23,2025-02-03,103,223,0,False,1,0.0,0.0,0.0,0.0,0.0,0.0,0.0,0.0,0.0,0.0,2,6,3.0,1328.77,221.46166666666667,0.0,0.0,0.0,1328.77,0.0,0,0,0,6,0,M,41,1.0,0.0,0.0,0,0,0,0,Asia
CUST_01575,2024-06-13,2024-11-05,2024-10-11,2024-11-24,44,164,1,True,1,1.0,1.0,2.0,0.0,4.0,0.0,0.0,0.0,0.0,0.0,2,3,1.5,1144.17,431.0475,0.0,0.0,580.02,564.15,0.0,0,0,1,2,0,F,67,0.0,1.0,0.0,0,0,0,0,Europe
CUST_01578,2024-06-30,2024-11-05,2024-10-28,2025-02-03,98,218,0,False,1,0.0,0.0,0.0,0.0,0.0,0.0,0.0,0.0,0.0,0.0,2,3,1.5,2472.48,766.8199999999999,0.0,2472.48,0.0,0.0,0.0,0,3,0,0,0,Other,31,1.0,0.0,0.0,0,0,0,0,Asia
CUST_01591,2024-06-10,2024-11-05,2024-10-08,2024-12-06,59,179,1,True,1,0.0,2.0,1.0,0.0,3.0,0.0,0.0,0.0,0.0,0.0,2,4,2.0,1433.9699999999998,340.2783333333333,1130.12,303.85,0.0,0.0,0.0,3,1,0,0,0,F,53,0.0,1.0,0.0,0,0,0,0,Europe
CUST_01595,2024-06-17,2024-11-05,2024-10-15,2025-02-03,111,231,0,False,0,0.0,0.0,0.0,0.0,0.0,0.0,0.0,0.0,0.0,0.0,1,2,2.0,412.25,206.125,412.25,0.0,0.0,0.0,0.0,2,0,0,0,0,F,58,0.0,1.0,0.0,0,0,0,0,Europe
CUST_01608,2024-06-14,2024-11-05,2024-10-12,2025-02-03,114,234,0,False,1,0.0,0.0,0.0,0.0,0.0,0.0,0.0,0.0,0.0,0.0,1,1,1.0,624.49,624.49,0.0,0.0,0.0,0.0,624.49,0,0,0,0,1,F,23,1.0,0.0,0.0,0,0,0,0,Asia
CUST_01610,2024-06-27,2024-11-05,2024-10-25,2025-02-03,101,221,0,False,1,0.0,0.0,0.0,0.0,0.0,0.0,0.0,0.0,0.0,0.0,1,3,3.0,500.17,166.72333333333333,0.0,0.0,0.0,0.0,500.17,0,0,0,0,3,F,54,1.0,0.0,0.0,0,0,0,0,Asia
CUST_01614,2024-07-05,2024-11-05,2024-11-02,2025-02-03,93,213,0,False,1,0.0,0.0,0.0,0.0,0.0,0.0,0.0,0.0,0.0,0.0,2,2,1.0,3222.09,1611.045,0.0,0.0,1243.99,1978.1,0.0,0,0,1,1,0,M,70,0.0,1.0,0.0,0,0,0,0,Europe
CUST_01641,2024-06-15,2024-11-05,2024-10-13,2024-11-25,43,163,1,True,1,0.0,0.0,0.0,0.0,0.0,0.0,0.0,0.0,0.0,0.0,2,5,2.5,993.2,220.91500000000002,664.58,0.0,0.0,0.0,328.62,2,0,0,0,3,M,36,0.0,1.0,0.0,0,0,0,0,Europe
CUST_01644,2024-06-10,2024-11-05,2024-10-08,2025-02-03,118,238,0,False,1,0.0,0.0,0.0,0.0,0.0,0.0,0.0,0.0,0.0,0.0,1,2,2.0,454.36,227.18,0.0,454.36,0.0,0.0,0.0,0,2,0,0,0,F,27,1.0,0.0,0.0,0,0,0,0,Asia
CUST_01645,2024-07-02,2024-11-05,2024-10-30,2025-02-03,96,216,0,False,1,0.0,0.0,0.0,0.0,0.0,0.0,0.0,0.0,0.0,0.0,1,1,1.0,228.38,228.38,0.0,0.0,0.0,0.0,228.38,0,0,0,0,1,F,37,0.0,1.0,0.0,0,0,0,0,Europe
CUST_01661,2024-07-01,2024-11-05,2024-10-29,2025-02-03,97,217,0,False,0,0.0,0.0,0.0,0.0,0.0,0.0,0.0,0.0,0.0,0.0,1,2,2.0,739.76,369.88,0.0,0.0,739.76,0.0,0.0,0,0,2,0,0,M,41,0.0,1.0,0.0,0,0,0,0,Europe
CUST_01665,2024-06-16,2024-11-05,2024-10-14,2025-02-03,112,232,0,False,1,0.0,0.0,0.0,0.0,0.0,0.0,0.0,0.0,0.0,0.0,1,2,2.0,1809.9,904.95,0.0,0.0,0.0,1809.9,0.0,0,0,0,2,0,M,31,0.0,0.0,1.0,0,0,0,0,North America
CUST_01667,2024-06-17,2024-11-05,2024-10-15,2025-02-03,111,231,0,False,1,0.0,0.0,0.0,0.0,0.0,0.0,0.0,0.0,0.0,0.0,2,2,1.0,1533.57,766.785,1323.31,210.26,0.0,0.0,0.0,1,1,0,0,0,M,42,0.0,1.0,0.0,0,0,0,0,Europe
CUST_01673,2024-06-08,2024-11-05,2024-10-06,2025-02-03,120,240,0,False,1,0.0,0.0,0.0,0.0,0.0,0.0,0.0,0.0,0.0,0.0,1,3,3.0,169.6,56.53333333333333,0.0,169.6,0.0,0.0,0.0,0,3,0,0,0,F,67,1.0,0.0,0.0,0,0,0,0,Asia
CUST_01692,2024-06-25,2024-11-05,2024-10-23,2024-11-16,24,144,1,True,0,0.0,2.0,1.0,0.0,3.0,0.0,0.0,0.0,0.0,0.0,2,3,1.5,1361.55,643.9775,0.0,1214.36,0.0,147.19,0.0,0,1,0,2,0,M,42,1.0,0.0,0.0,0,0,0,0,Asia
CUST_01704,2024-06-24,2024-11-05,2024-10-22,2024-12-28,67,187,1,True,1,0.0,0.0,0.0,1.0,1.0,0.0,0.0,0.0,0.0,0.0,2,4,2.0,2904.11,1046.4116666666666,0.0,0.0,0.0,2904.11,0.0,0,0,0,4,0,F,60,0.0,1.0,0.0,0,0,0,0,Europe
CUST_01738,2024-06-23,2024-11-05,2024-10-21,2025-02-03,105,225,0,False,1,0.0,0.0,0.0,0.0,0.0,0.0,0.0,0.0,0.0,0.0,1,1,1.0,152.74,152.74,0.0,0.0,0.0,152.74,0.0,0,0,0,1,0,M,61,0.0,1.0,0.0,0,0,0,0,Europe
CUST_01741,2024-07-04,2024-11-05,2024-11-01,2025-02-03,94,214,0,False,1,0.0,0.0,0.0,0.0,0.0,0.0,0.0,0.0,0.0,0.0,2,5,2.5,3399.29,728.0616666666667,0.0,0.0,0.0,1461.13,1938.16,0,0,0,3,2,M,67,0.0,0.0,1.0,0,0,0,0,North America
CUST_01748,2024-06-29,2024-11-05,2024-10-27,2024-11-12,16,136,1,True,1,0.0,0.0,0.0,0.0,0.0,0.0,0.0,0.0,0.0,0.0,2,4,2.0,476.51,140.51166666666666,183.28,0.0,293.23,0.0,0.0,1,0,3,0,0,F,58,0.0,1.0,0.0,0,0,0,0,Europe
CUST_01752,2024-06-23,2024-11-05,2024-10-21,2024-11-08,18,138,1,True,1,1.0,0.0,0.0,0.0,1.0,0.0,0.0,0.0,0.0,0.0,3,8,2.6666666666666665,2451.6800000000003,503.38133333333343,0.0,163.07,0.0,2288.61,0.0,0,5,0,3,0,F,37,0.0,1.0,0.0,0,0,0,0,Europe
CUST_01763,2024-07-01,2024-11-05,2024-10-29,2025-02-03,97,217,0,False,1,0.0,0.0,0.0,0.0,0.0,0.0,0.0,0.0,0.0,0.0,1,4,4.0,725.3,181.325,0.0,0.0,0.0,725.3,0.0,0,0,0,4,0,M,31,0.0,1.0,0.0,0,0,0,0,Europe
CUST_01789,2024-06-15,2024-11-05,2024-10-13,2024-12-20,68,188,1,True,1,0.0,1.0,2.0,0.0,3.0,0.0,0.0,1.0,0.0,1.0,2,5,2.5,2099.08,384.79166666666663,0.0,0.0,1679.74,0.0,419.34,0,0,3,0,2,M,41,0.0,1.0,0.0,0,0,0,0,Europe
CUST_01812,2024-06-19,2024-11-05,2024-10-17,2025-02-03,109,229,0,False,1,0.0,0.0,0.0,0.0,0.0,0.0,0.0,0.0,0.0,0.0,1,1,1.0,1648.89,1648.89,0.0,0.0,0.0,1648.89,0.0,0,0,0,1,0,M,46,1.0,0.0,0.0,0,0,0,0,Asia
CUST_01815,2024-06-07,2024-11-05,2024-10-05,2024-12-08,64,184,1,True,0,1.0,0.0,1.0,0.0,2.0,0.0,0.0,0.0,0.0,0.0,2,5,2.5,3056.9300000000003,659.445,0.0,1799.48,1257.45,0.0,0.0,0,2,3,0,0,M,56,0.0,1.0,0.0,0,0,0,0,Europe
CUST_01817,2024-07-07,2024-11-05,2024-11-04,2025-02-03,91,211,0,False,1,0.0,0.0,0.0,0.0,0.0,0.0,0.0,0.0,0.0,0.0,1,1,1.0,1514.83,1514.83,0.0,1514.83,0.0,0.0,0.0,0,1,0,0,0,F,75,1.0,0.0,0.0,0,0,0,0,Asia
CUST_01820,2024-06-22,2024-11-05,2024-10-20,2025-02-03,106,226,0,False,1,0.0,0.0,0.0,0.0,0.0,0.0,0.0,0.0,0.0,0.0,1,2,2.0,164.3,82.15,0.0,0.0,0.0,0.0,164.3,0,0,0,0,2,M,73,1.0,0.0,0.0,0,0,0,0,Asia
CUST_01823,2024-07-05,2024-11-05,2024-11-02,2024-12-05,33,153,1,True,1,0.0,0.0,0.0,1.0,1.0,0.0,0.0,0.0,0.0,0.0,3,4,1.3333333333333333,2339.0,561.9983333333333,720.46,0.0,0.0,1306.01,312.53,1,0,0,2,1,M,46,0.0,1.0,0.0,0,0,0,0,Europe
CUST_01829,2024-07-05,2024-11-05,2024-11-02,2025-02-03,93,213,0,False,1,0.0,0.0,0.0,0.0,0.0,0.0,0.0,0.0,0.0,0.0,1,2,2.0,1010.72,505.36,0.0,1010.72,0.0,0.0,0.0,0,2,0,0,0,M,28,0.0,0.0,1.0,0,0,0,0,North America
CUST_01835,2024-06-28,2024-11-05,2024-10-26,2025-02-03,100,220,0,False,0,0.0,0.0,0.0,0.0,0.0,0.0,0.0,0.0,0.0,0.0,1,1,1.0,1321.99,1321.99,0.0,0.0,1321.99,0.0,0.0,0,0,1,0,0,F,61,1.0,0.0,0.0,0,0,0,0,Asia
CUST_01861,2024-06-26,2024-11-05,2024-10-24,2025-02-03,102,222,0,False,1,0.0,0.0,0.0,0.0,0.0,0.0,0.0,0.0,0.0,0.0,1,2,2.0,386.85,193.425,0.0,0.0,386.85,0.0,0.0,0,0,2,0,0,F,30,0.0,1.0,0.0,0,0,0,0,Europe
CUST_01915,2024-06-07,2024-11-05,2024-10-05,2025-02-03,121,241,0,False,1,0.0,0.0,0.0,0.0,0.0,0.0,0.0,0.0,0.0,0.0,1,3,3.0,1386.94,462.31333333333333,1386.94,0.0,0.0,0.0,0.0,3,0,0,0,0,M,42,1.0,0.0,0.0,0,0,0,0,Asia
CUST_01929,2024-07-03,2024-11-05,2024-10-31,2024-11-20,20,140,1,True,1,0.0,0.0,0.0,0.0,0.0,0.0,0.0,0.0,0.0,0.0,2,3,1.5,2205.37,655.54,416.79,1788.58,0.0,0.0,0.0,1,2,0,0,0,M,71,0.0,1.0,0.0,0,0,0,0,Europe
CUST_01933,2024-07-05,2024-11-05,2024-11-02,2025-02-03,93,213,0,False,1,0.0,0.0,0.0,0.0,0.0,0.0,0.0,0.0,0.0,0.0,2,5,2.5,797.49,156.10416666666669,519.22,278.27,0.0,0.0,0.0,3,2,0,0,0,F,36,0.0,1.0,0.0,0,0,0,0,Europe
CUST_01940,2024-06-30,2024-11-05,2024-10-28,2024-12-31,64,184,1,True,1,0.0,0.0,0.0,0.0,0.0,0.0,0.0,0.0,0.0,0.0,2,4,2.0,777.83,229.02833333333336,0.0,479.66,298.17,0.0,0.0,0,3,1,0,0,M,42,1.0,0.0,0.0,0,0,0,0,Asia
CUST_01947,2024-07-06,2024-11-05,2024-11-03,2024-11-30,27,147,1,True,1,0.0,0.0,1.0,0.0,1.0,0.0,0.0,0.0,0.0,0.0,3,8,2.6666666666666665,3270.35,374.28361111111116,0.0,1968.23,0.0,1302.12,0.0,0,4,0,4,0,F,52,1.0,0.0,0.0,0,0,0,0,Asia
CUST_01948,2024-06-01,2024-11-05,2024-09-29,2025-02-03,127,247,0,False,1,0.0,0.0,0.0,0.0,0.0,0.0,0.0,0.0,0.0,0.0,1,1,1.0,1781.29,1781.29,0.0,1781.29,0.0,0.0,0.0,0,1,0,0,0,M,57,0.0,1.0,0.0,0,0,0,0,Europe
CUST_01970,2024-06-19,2024-11-05,2024-10-17,2024-12-24,68,188,1,True,1,0.0,0.0,0.0,0.0,0.0,0.0,0.0,0.0,0.0,0.0,2,2,1.0,1675.12,837.56,474.0,1201.12,0.0,0.0,0.0,1,1,0,0,0,M,53,1.0,0.0,0.0,0,0,0,0,Asia
CUST_01998,2024-06-02,2024-11-05,2024-09-30,2025-02-03,126,246,0,False,1,0.0,0.0,0.0,0.0,0.0,0.0,0.0,0.0,0.0,0.0,1,2,2.0,415.03,207.515,0.0,415.03,0.0,0.0,0.0,0,2,0,0,0,F,52,0.0,1.0,0.0,0,0,0,0,Europe
CUST_02014,2024-06-18,2024-11-05,2024-10-16,2024-12-28,73,193,1,True,1,0.0,0.0,2.0,0.0,2.0,0.0,0.0,0.0,0.0,0.0,3,4,1.3333333333333333,2476.49,785.805,0.0,470.9,238.15,0.0,1767.44,0,1,2,0,1,F,47,0.0,0.0,1.0,0,0,0,0,North America
CUST_02017,2024-06-07,2024-11-05,2024-10-05,2025-02-03,121,241,0,False,1,0.0,0.0,0.0,0.0,0.0,0.0,0.0,0.0,0.0,0.0,1,4,4.0,251.71,62.9275,0.0,0.0,0.0,251.71,0.0,0,0,0,4,0,F,56,0.0,1.0,0.0,0,0,0,0,Europe
CUST_02020,2024-06-18,2024-11-05,2024-10-16,2025-02-03,110,230,0,False,1,0.0,0.0,0.0,0.0,0.0,0.0,0.0,0.0,0.0,0.0,1,2,2.0,1968.49,984.245,0.0,0.0,0.0,0.0,1968.49,0,0,0,0,2,F,26,0.0,0.0,1.0,0,0,0,0,North America
CUST_02026,2024-06-16,2024-11-05,2024-10-14,2025-02-03,112,232,0,False,1,0.0,0.0,0.0,0.0,0.0,0.0,0.0,0.0,0.0,0.0,1,2,2.0,1674.7,837.35,0.0,0.0,1674.7,0.0,0.0,0,0,2,0,0,M,59,1.0,0.0,0.0,0,0,0,0,Asia
CUST_02048,2024-06-24,2024-11-05,2024-10-22,2024-12-25,64,184,1,True,1,1.0,0.0,0.0,1.0,2.0,0.0,0.0,0.0,0.0,0.0,2,2,1.0,2113.66,1056.83,0.0,675.79,0.0,0.0,1437.87,0,1,0,0,1,M,61,0.0,1.0,0.0,0,0,0,0,Europe
CUST_02070,2024-06-06,2024-11-05,2024-10-04,2025-02-03,122,242,0,False,1,0.0,0.0,0.0,0.0,0.0,0.0,0.0,0.0,0.0,0.0,1,5,5.0,397.23,79.446,0.0,0.0,397.23,0.0,0.0,0,0,5,0,0,M,44,1.0,0.0,0.0,0,0,0,0,Asia
CUST_02073,2024-06-18,2024-11-05,2024-10-16,2025-02-03,110,230,0,False,1,0.0,0.0,0.0,0.0,0.0,0.0,0.0,0.0,0.0,0.0,1,2,2.0,1426.69,713.345,0.0,0.0,1426.69,0.0,0.0,0,0,2,0,0,M,62,0.0,0.0,1.0,0,0,0,0,North America
CUST_02083,2024-06-11,2024-11-05,2024-10-09,2025-02-03,117,237,0,False,1,0.0,0.0,0.0,0.0,0.0,0.0,0.0,0.0,0.0,0.0,1,1,1.0,1680.09,1680.09,0.0,0.0,0.0,1680.09,0.0,0,0,0,1,0,M,55,0.0,0.0,1.0,0,0,0,0,North America
CUST_02084,2024-06-29,2024-11-05,2024-10-27,2024-12-10,44,164,1,True,1,0.0,1.0,1.0,0.0,2.0,0.0,0.0,0.0,0.0,0.0,2,3,1.5,1466.0300000000002,623.7325000000001,0.0,0.0,0.0,437.13,1028.9,0,0,0,2,1,F,29,0.0,0.0,1.0,0,0,0,0,North America
CUST_02091,2024-06-24,2024-11-05,2024-10-22,2025-02-03,104,224,0,False,0,0.0,0.0,0.0,0.0,0.0,0.0,0.0,0.0,0.0,0.0,2,3,1.5,2369.55,685.49,1997.14,0.0,0.0,372.41,0.0,2,0,0,1,0,M,73,0.0,0.0,1.0,0,0,0,0,North America
CUST_02164,2024-06-05,2024-11-05,2024-10-03,2025-02-03,123,243,0,False,0,0.0,0.0,0.0,0.0,0.0,0.0,0.0,0.0,0.0,0.0,1,2,2.0,468.6,234.3,0.0,0.0,0.0,468.6,0.0,0,0,0,2,0,M,35,1.0,0.0,0.0,0,0,0,0,Asia
CUST_02177,2024-06-29,2024-11-05,2024-10-27,2025-02-03,99,219,0,False,0,0.0,0.0,0.0,0.0,0.0,0.0,0.0,0.0,0.0,0.0,1,2,2.0,1344.32,672.16,0.0,0.0,0.0,0.0,1344.32,0,0,0,0,2,M,22,0.0,1.0,0.0,0,0,0,0,Europe
CUST_02180,2024-06-26,2024-11-05,2024-10-24,2025-02-03,102,222,0,False,1,0.0,0.0,0.0,0.0,0.0,0.0,0.0,0.0,0.0,0.0,1,1,1.0,968.96,968.96,0.0,968.96,0.0,0.0,0.0,0,1,0,0,0,M,56,1.0,0.0,0.0,0,0,0,0,Asia
CUST_02185,2024-06-02,2024-11-05,2024-09-30,2025-02-03,126,246,0,False,1,0.0,0.0,0.0,0.0,0.0,0.0,0.0,0.0,0.0,0.0,1,1,1.0,302.76,302.76,302.76,0.0,0.0,0.0,0.0,1,0,0,0,0,M,26,0.0,0.0,1.0,0,0,0,0,North America
CUST_02190,2024-06-30,2024-11-05,2024-10-28,2024-11-10,13,133,1,True,1,0.0,0.0,1.0,0.0,1.0,0.0,0.0,0.0,0.0,0.0,2,4,2.0,621.5899999999999,258.815,465.65,0.0,0.0,155.94,0.0,1,0,0,3,0,M,35,1.0,0.0,0.0,0,0,0,0,Asia
CUST_02192,2024-06-06,2024-11-05,2024-10-04,2024-12-07,64,184,1,True,1,0.0,0.0,1.0,0.0,1.0,0.0,0.0,0.0,0.0,0.0,3,6,2.0,3861.7200000000003,811.0255555555556,1555.42,0.0,653.34,1652.96,0.0,1,0,2,3,0,F,46,1.0,0.0,0.0,0,0,0,0,Asia
CUST_02210,2024-06-14,2024-11-05,2024-10-12,2025-02-03,114,234,0,False,1,0.0,0.0,0.0,0.0,0.0,0.0,0.0,0.0,0.0,0.0,1,2,2.0,977.7,488.85,0.0,0.0,977.7,0.0,0.0,0,0,2,0,0,M,27,0.0,1.0,0.0,0,0,0,0,Europe
CUST_02219,2024-06-28,2024-11-05,2024-10-26,2025-02-03,100,220,0,False,1,0.0,0.0,0.0,0.0,0.0,0.0,0.0,0.0,0.0,0.0,1,1,1.0,1861.06,1861.06,1861.06,0.0,0.0,0.0,0.0,1,0,0,0,0,M,45,0.0,1.0,0.0,0,0,0,0,Europe
CUST_02226,2024-07-03,2024-11-05,2024-10-31,2025-02-03,95,215,0,False,1,0.0,0.0,0.0,0.0,0.0,0.0,0.0,0.0,0.0,0.0,1,1,1.0,1621.3,1621.3,1621.3,0.0,0.0,0.0,0.0,1,0,0,0,0,M,26,0.0,0.0,1.0,0,0,0,0,North America
CUST_02230,2024-06-13,2024-11-05,2024-10-11,2025-02-03,115,235,0,False,1,0.0,0.0,0.0,0.0,0.0,0.0,0.0,0.0,0.0,0.0,1,3,3.0,686.66,228.88666666666666,0.0,0.0,0.0,0.0,686.66,0,0,0,0,3,M,69,0.0,1.0,0.0,0,0,0,0,Europe
CUST_02232,2024-06-26,2024-11-05,2024-10-24,2025-02-03,102,222,0,False,1,0.0,0.0,0.0,0.0,0.0,0.0,0.0,0.0,0.0,0.0,1,1,1.0,296.68,296.68,0.0,0.0,0.0,296.68,0.0,0,0,0,1,0,M,56,0.0,0.0,1.0,0,0,0,0,North America
CUST_02272,2024-06-11,2024-11-05,2024-10-09,2025-02-03,117,237,0,False,1,0.0,0.0,0.0,0.0,0.0,0.0,0.0,0.0,0.0,0.0,2,3,1.5,1294.25,350.15999999999997,0.0,0.0,0.0,106.39,1187.86,0,0,0,1,2,Other,35,0.0,1.0,0.0,0,0,0,0,Europe
CUST_02282,2024-06-16,2024-11-05,2024-10-14,2025-02-03,112,232,0,False,1,0.0,0.0,0.0,0.0,0.0,0.0,0.0,0.0,0.0,0.0,1,3,3.0,1396.91,465.6366666666667,1396.91,0.0,0.0,0.0,0.0,3,0,0,0,0,M,69,0.0,1.0,0.0,0,0,0,0,Europe
CUST_02299,2024-06-02,2024-11-05,2024-09-30,2024-11-13,44,164,1,True,1,1.0,1.0,1.0,0.0,3.0,0.0,0.0,1.0,0.0,1.0,2,6,3.0,1725.5800000000002,287.5966666666667,677.45,1048.13,0.0,0.0,0.0,3,3,0,0,0,F,44,1.0,0.0,0.0,0,0,0,0,Asia
CUST_02301,2024-06-17,2024-11-05,2024-10-15,2025-02-03,111,231,0,False,1,0.0,0.0,0.0,0.0,0.0,0.0,0.0,0.0,0.0,0.0,1,2,2.0,339.92,169.96,0.0,0.0,0.0,339.92,0.0,0,0,0,2,0,M,40,0.0,1.0,0.0,0,0,0,0,Europe
CUST_02316,2024-06-27,2024-11-05,2024-10-25,2024-11-27,33,153,1,True,1,0.0,0.0,1.0,0.0,1.0,0.0,0.0,0.0,0.0,0.0,4,11,2.75,4567.5599999999995,507.56475,0.0,1091.33,1655.78,0.0,1820.45,0,2,2,0,7,M,73,0.0,1.0,0.0,0,0,0,0,Europe
CUST_02327,2024-06-12,2024-11-05,2024-10-10,2025-02-03,116,236,0,False,1,0.0,0.0,0.0,0.0,0.0,0.0,0.0,0.0,0.0,0.0,1,2,2.0,1405.09,702.545,1405.09,0.0,0.0,0.0,0.0,2,0,0,0,0,M,28,0.0,1.0,0.0,0,0,0,0,Europe
CUST_02350,2024-06-02,2024-11-05,2024-09-30,2025-02-03,126,246,0,False,1,0.0,0.0,0.0,0.0,0.0,0.0,0.0,0.0,0.0,0.0,1,2,2.0,1285.34,642.67,0.0,0.0,0.0,1285.34,0.0,0,0,0,2,0,F,59,1.0,0.0,0.0,0,0,0,0,Asia
CUST_02359,2024-06-22,2024-11-05,2024-10-20,2025-02-03,106,226,0,False,1,0.0,0.0,0.0,0.0,0.0,0.0,0.0,0.0,0.0,0.0,1,3,3.0,895.35,298.45,895.35,0.0,0.0,0.0,0.0,3,0,0,0,0,F,64,1.0,0.0,0.0,0,0,0,0,Asia
CUST_02389,2024-06-01,2024-11-05,2024-09-29,2024-11-29,61,181,1,True,1,1.0,0.0,0.0,0.0,1.0,1.0,0.0,0.0,0.0,1.0,2,3,1.5,2146.3,931.38,0.0,0.0,0.0,567.08,1579.22,0,0,0,2,1,F,29,0.0,1.0,0.0,0,0,0,0,Europe
CUST_02391,2024-06-02,2024-11-05,2024-09-30,2024-12-28,89,209,1,True,1,0.0,0.0,0.0,0.0,0.0,0.0,0.0,0.0,0.0,0.0,2,6,3.0,2110.14,460.30999999999995,0.0,1572.34,0.0,0.0,537.8,0,2,0,0,4,M,64,0.0,1.0,0.0,0,0,0,0,Europe
CUST_02403,2024-07-03,2024-11-05,2024-10-31,2024-11-10,10,130,1,True,1,1.0,0.0,1.0,1.0,3.0,0.0,0.0,0.0,0.0,0.0,2,4,2.0,2460.26,615.065,924.75,1535.51,0.0,0.0,0.0,2,2,0,0,0,F,62,0.0,1.0,0.0,0,0,0,0,Europe
CUST_02409,2024-06-06,2024-11-05,2024-10-04,2025-02-03,122,242,0,False,1,0.0,0.0,0.0,0.0,0.0,0.0,0.0,0.0,0.0,0.0,1,1,1.0,636.01,636.01,0.0,636.01,0.0,0.0,0.0,0,1,0,0,0,F,47,0.0,1.0,0.0,0,0,0,0,Europe
CUST_02410,2024-07-03,2024-11-05,2024-10-31,2025-02-03,95,215,0,False,1,0.0,0.0,0.0,0.0,0.0,0.0,0.0,0.0,0.0,0.0,1,2,2.0,595.59,297.795,595.59,0.0,0.0,0.0,0.0,2,0,0,0,0,M,75,0.0,1.0,0.0,0,0,0,0,Europe
CUST_02413,2024-06-12,2024-11-05,2024-10-10,2024-12-24,75,195,1,True,1,0.0,2.0,2.0,0.0,4.0,0.0,1.0,0.0,0.0,1.0,2,4,2.0,2482.28,684.74,0.0,0.0,0.0,813.08,1669.2,0,0,0,1,3,M,70,1.0,0.0,0.0,0,0,0,0,Asia
CUST_02429,2024-07-05,2024-11-05,2024-11-02,2025-02-03,93,213,0,False,1,0.0,0.0,0.0,0.0,0.0,0.0,0.0,0.0,0.0,0.0,1,2,2.0,976.23,488.115,0.0,0.0,0.0,976.23,0.0,0,0,0,2,0,M,51,0.0,0.0,1.0,0,0,0,0,North America
CUST_02439,2024-06-28,2024-11-05,2024-10-26,2025-02-03,100,220,0,False,1,0.0,0.0,0.0,0.0,0.0,0.0,0.0,0.0,0.0,0.0,1,2,2.0,1511.02,755.51,0.0,0.0,0.0,1511.02,0.0,0,0,0,2,0,F,38,0.0,1.0,0.0,0,0,0,0,Europe
CUST_02445,2024-06-14,2024-11-05,2024-10-12,2025-02-03,114,234,0,False,1,0.0,0.0,0.0,0.0,0.0,0.0,0.0,0.0,0.0,0.0,1,2,2.0,1609.86,804.93,0.0,0.0,0.0,0.0,1609.86,0,0,0,0,2,M,26,1.0,0.0,0.0,0,0,0,0,Asia
CUST_02457,2024-07-02,2024-11-05,2024-10-30,2024-11-25,26,146,1,True,1,1.0,0.0,0.0,1.0,2.0,0.0,0.0,0.0,0.0,0.0,2,3,1.5,3638.01,1402.0275,0.0,3638.01,0.0,0.0,0.0,0,3,0,0,0,F,71,0.0,1.0,0.0,0,0,0,0,Europe
CUST_02509,2024-06-13,2024-11-05,2024-10-11,2025-02-03,115,235,0,False,1,0.0,0.0,0.0,0.0,0.0,0.0,0.0,0.0,0.0,0.0,1,4,4.0,624.21,156.0525,0.0,0.0,0.0,624.21,0.0,0,0,0,4,0,M,65,0.0,0.0,1.0,0,0,0,0,North America
CUST_02510,2024-07-02,2024-11-05,2024-10-30,2025-02-03,96,216,0,False,0,0.0,0.0,0.0,0.0,0.0,0.0,0.0,0.0,0.0,0.0,1,2,2.0,332.63,166.315,332.63,0.0,0.0,0.0,0.0,2,0,0,0,0,M,72,0.0,1.0,0.0,0,0,0,0,Europe
CUST_02511,2024-06-14,2024-11-05,2024-10-12,2025-02-03,114,234,0,False,1,0.0,0.0,0.0,0.0,0.0,0.0,0.0,0.0,0.0,0.0,1,1,1.0,1691.87,1691.87,1691.87,0.0,0.0,0.0,0.0,1,0,0,0,0,F,42,0.0,1.0,0.0,0,0,0,0,Europe
CUST_02515,2024-06-17,2024-11-05,2024-10-15,2024-11-12,28,148,1,True,1,1.0,0.0,0.0,1.0,2.0,0.0,0.0,0.0,0.0,0.0,3,6,2.0,3199.2700000000004,778.41,211.16,0.0,0.0,0.0,2988.11,2,0,0,0,4,F,38,1.0,0.0,0.0,0,0,0,0,Asia
CUST_02533,2024-06-12,2024-11-05,2024-10-10,2025-02-03,116,236,0,False,1,0.0,0.0,0.0,0.0,0.0,0.0,0.0,0.0,0.0,0.0,1,1,1.0,1037.8,1037.8,0.0,0.0,1037.8,0.0,0.0,0,0,1,0,0,F,75,0.0,0.0,1.0,0,0,0,0,North America
CUST_02557,2024-06-03,2024-11-05,2024-10-01,2025-02-03,125,245,0,False,1,0.0,0.0,0.0,0.0,0.0,0.0,0.0,0.0,0.0,0.0,1,2,2.0,494.46,247.23,0.0,0.0,0.0,0.0,494.46,0,0,0,0,2,M,67,1.0,0.0,0.0,0,0,0,0,Asia
CUST_02565,2024-06-11,2024-11-05,2024-10-09,2025-02-03,117,237,0,False,1,0.0,0.0,0.0,0.0,0.0,0.0,0.0,0.0,0.0,0.0,1,3,3.0,1328.64,442.88000000000005,1328.64,0.0,0.0,0.0,0.0,3,0,0,0,0,M,48,0.0,1.0,0.0,0,0,0,0,Europe
CUST_02570,2024-06-19,2024-11-05,2024-10-17,2025-02-03,109,229,0,False,1,0.0,0.0,0.0,0.0,0.0,0.0,0.0,0.0,0.0,0.0,3,9,3.0,2656.3900000000003,436.1437777777778,0.0,778.96,0.0,722.54,1154.89,0,1,0,5,3,F,64,0.0,1.0,0.0,0,0,0,0,Europe
CUST_02571,2024-06-20,2024-11-05,2024-10-18,2025-02-03,108,228,0,False,1,0.0,0.0,0.0,0.0,0.0,0.0,0.0,0.0,0.0,0.0,1,2,2.0,1539.91,769.955,0.0,0.0,0.0,1539.91,0.0,0,0,0,2,0,M,71,0.0,1.0,0.0,0,0,0,0,Europe
CUST_02580,2024-06-02,2024-11-05,2024-09-30,2025-02-03,126,246,0,False,1,0.0,0.0,0.0,0.0,0.0,0.0,0.0,0.0,0.0,0.0,1,3,3.0,1170.44,390.1466666666667,1170.44,0.0,0.0,0.0,0.0,3,0,0,0,0,M,28,0.0,0.0,1.0,0,0,0,0,North America
CUST_02581,2024-07-01,2024-11-05,2024-10-29,2024-12-21,53,173,1,True,0,1.0,0.0,0.0,0.0,1.0,0.0,0.0,0.0,0.0,0.0,2,3,1.5,1898.5,549.47,0.0,1599.12,299.38,0.0,0.0,0,2,1,0,0,F,53,0.0,1.0,0.0,0,0,0,0,Europe
CUST_02589,2024-06-13,2024-11-05,2024-10-11,2025-02-03,115,235,0,False,1,0.0,0.0,0.0,0.0,0.0,0.0,0.0,0.0,0.0,0.0,1,2,2.0,669.95,334.975,0.0,0.0,669.95,0.0,0.0,0,0,2,0,0,M,53,1.0,0.0,0.0,0,0,0,0,Asia
CUST_02600,2024-06-09,2024-11-05,2024-10-07,2025-02-03,119,239,0,False,1,0.0,0.0,0.0,0.0,0.0,0.0,0.0,0.0,0.0,0.0,1,1,1.0,273.37,273.37,0.0,0.0,273.37,0.0,0.0,0,0,1,0,0,F,61,1.0,0.0,0.0,0,0,0,0,Asia
CUST_02639,2024-07-07,2024-11-05,2024-11-04,2025-02-03,91,211,0,False,1,0.0,0.0,0.0,0.0,0.0,0.0,0.0,0.0,0.0,0.0,1,1,1.0,302.08,302.08,0.0,0.0,0.0,0.0,302.08,0,0,0,0,1,F,69,0.0,1.0,0.0,0,0,0,0,Europe
CUST_02655,2024-06-17,2024-11-05,2024-10-15,2024-12-26,72,192,1,True,1,0.0,0.0,0.0,1.0,1.0,0.0,0.0,0.0,0.0,0.0,2,3,1.5,3602.49,1354.3925,0.0,1815.08,1787.41,0.0,0.0,0,1,2,0,0,M,21,0.0,0.0,1.0,0,0,0,0,North America
CUST_02664,2024-06-15,2024-11-05,2024-10-13,2025-02-03,113,233,0,False,0,0.0,0.0,0.0,0.0,0.0,0.0,0.0,0.0,0.0,0.0,1,2,2.0,1016.41,508.205,0.0,1016.41,0.0,0.0,0.0,0,2,0,0,0,M,61,0.0,1.0,0.0,0,0,0,0,Europe
CUST_02673,2024-07-06,2024-11-05,2024-11-03,2025-02-03,92,212,0,False,1,0.0,0.0,0.0,0.0,0.0,0.0,0.0,0.0,0.0,0.0,1,1,1.0,880.49,880.49,0.0,0.0,0.0,0.0,880.49,0,0,0,0,1,F,49,1.0,0.0,0.0,0,0,0,0,Asia
CUST_02678,2024-06-06,2024-11-05,2024-10-04,2024-12-03,60,180,1,True,0,1.0,0.0,0.0,0.0,1.0,0.0,0.0,0.0,0.0,0.0,2,6,3.0,1486.8899999999999,328.395,346.62,1140.27,0.0,0.0,0.0,4,2,0,0,0,M,57,1.0,0.0,0.0,0,0,0,0,Asia
CUST_02681,2024-06-23,2024-11-05,2024-10-21,2024-12-27,67,187,1,True,0,0.0,0.0,0.0,0.0,0.0,0.0,0.0,0.0,0.0,0.0,2,3,1.5,2933.92,1137.5375,0.0,0.0,2933.92,0.0,0.0,0,0,3,0,0,M,66,1.0,0.0,0.0,0,0,0,0,Asia
CUST_02690,2024-06-20,2024-11-05,2024-10-18,2025-02-03,108,228,0,False,1,0.0,0.0,0.0,0.0,0.0,0.0,0.0,0.0,0.0,0.0,1,2,2.0,395.99,197.995,395.99,0.0,0.0,0.0,0.0,2,0,0,0,0,F,71,1.0,0.0,0.0,0,0,0,0,Asia
CUST_02692,2024-07-04,2024-11-05,2024-11-01,2025-02-03,94,214,0,False,1,0.0,0.0,0.0,0.0,0.0,0.0,0.0,0.0,0.0,0.0,1,1,1.0,689.65,689.65,0.0,689.65,0.0,0.0,0.0,0,1,0,0,0,M,27,0.0,1.0,0.0,0,0,0,0,Europe
CUST_02740,2024-06-17,2024-11-05,2024-10-15,2025-02-03,111,231,0,False,1,0.0,0.0,0.0,0.0,0.0,0.0,0.0,0.0,0.0,0.0,1,1,1.0,220.5,220.5,0.0,220.5,0.0,0.0,0.0,0,1,0,0,0,M,39,0.0,1.0,0.0,0,0,0,0,Europe
CUST_02741,2024-06-24,2024-11-05,2024-10-22,2025-02-03,104,224,0,False,1,0.0,0.0,0.0,0.0,0.0,0.0,0.0,0.0,0.0,0.0,3,11,3.6666666666666665,2819.85,248.215,0.0,1779.91,476.19,0.0,563.75,0,4,3,0,4,M,43,0.0,0.0,1.0,0,0,0,0,North America
CUST_02756,2024-06-03,2024-11-05,2024-10-01,2024-12-12,72,192,1,True,1,1.0,0.0,0.0,1.0,2.0,0.0,0.0,0.0,0.0,0.0,2,4,2.0,1971.68,767.9100000000001,1971.68,0.0,0.0,0.0,0.0,4,0,0,0,0,F,49,0.0,1.0,0.0,0,0,0,0,Europe
CUST_02759,2024-06-28,2024-11-05,2024-10-26,2025-02-03,100,220,0,False,1,0.0,0.0,0.0,0.0,0.0,0.0,0.0,0.0,0.0,0.0,1,2,2.0,477.46,238.73,0.0,0.0,0.0,477.46,0.0,0,0,0,2,0,M,68,0.0,0.0,1.0,0,0,0,0,North America
CUST_02770,2024-06-25,2024-11-05,2024-10-23,2025-02-03,103,223,0,False,1,0.0,0.0,0.0,0.0,0.0,0.0,0.0,0.0,0.0,0.0,1,1,1.0,1251.72,1251.72,1251.72,0.0,0.0,0.0,0.0,1,0,0,0,0,F,53,0.0,1.0,0.0,0,0,0,0,Europe
CUST_02788,2024-07-04,2024-11-05,2024-11-01,2025-02-03,94,214,0,False,1,0.0,0.0,0.0,0.0,0.0,0.0,0.0,0.0,0.0,0.0,1,5,5.0,1535.97,307.194,0.0,0.0,0.0,1535.97,0.0,0,0,0,5,0,F,29,1.0,0.0,0.0,0,0,0,0,Asia
CUST_02789,2024-07-06,2024-11-05,2024-11-03,2024-11-27,24,144,1,True,1,0.0,1.0,1.0,2.0,4.0,0.0,0.0,0.0,0.0,0.0,2,5,2.5,1515.48,276.2775,1231.11,0.0,0.0,0.0,284.37,3,0,0,0,2,F,21,1.0,0.0,0.0,0,0,0,0,Asia
CUST_02824,2024-06-30,2024-11-05,2024-10-28,2025-02-03,98,218,0,False,1,0.0,0.0,0.0,0.0,0.0,0.0,0.0,0.0,0.0,0.0,1,1,1.0,1392.38,1392.38,0.0,1392.38,0.0,0.0,0.0,0,1,0,0,0,F,43,1.0,0.0,0.0,0,0,0,0,Asia
CUST_02832,2024-07-03,2024-11-05,2024-10-31,2025-02-03,95,215,0,False,1,0.0,0.0,0.0,0.0,0.0,0.0,0.0,0.0,0.0,0.0,1,1,1.0,446.0,446.0,0.0,0.0,0.0,0.0,446.0,0,0,0,0,1,F,40,0.0,0.0,1.0,0,0,0,0,North America
CUST_02836,2024-07-03,2024-11-05,2024-10-31,2025-02-03,95,215,0,False,1,0.0,0.0,0.0,0.0,0.0,0.0,0.0,0.0,0.0,0.0,1,2,2.0,1565.62,782.81,0.0,0.0,1565.62,0.0,0.0,0,0,2,0,0,F,31,0.0,1.0,0.0,0,0,0,0,Europe
CUST_02843,2024-07-04,2024-11-05,2024-11-01,2025-02-03,94,214,0,False,1,0.0,0.0,0.0,0.0,0.0,0.0,0.0,0.0,0.0,0.0,2,2,1.0,2841.45,1420.725,0.0,0.0,0.0,1895.81,945.64,0,0,0,1,1,F,75,0.0,1.0,0.0,0,0,0,0,Europe
CUST_02849,2024-07-03,2024-11-05,2024-10-31,2025-02-03,95,215,0,False,1,0.0,0.0,0.0,0.0,0.0,0.0,0.0,0.0,0.0,0.0,1,1,1.0,991.62,991.62,0.0,0.0,0.0,991.62,0.0,0,0,0,1,0,F,72,0.0,1.0,0.0,0,0,0,0,Europe
CUST_02858,2024-06-29,2024-11-05,2024-10-27,2025-02-03,99,219,0,False,1,0.0,0.0,0.0,0.0,0.0,0.0,0.0,0.0,0.0,0.0,1,2,2.0,1953.85,976.925,0.0,0.0,0.0,0.0,1953.85,0,0,0,0,2,F,39,1.0,0.0,0.0,0,0,0,0,Asia
CUST_02882,2024-06-20,2024-11-05,2024-10-18,2025-02-03,108,228,0,False,1,0.0,0.0,0.0,0.0,0.0,0.0,0.0,0.0,0.0,0.0,1,1,1.0,1077.86,1077.86,0.0,0.0,0.0,0.0,1077.86,0,0,0,0,1,M,55,1.0,0.0,0.0,0,0,0,0,Asia
CUST_02883,2024-06-25,2024-11-05,2024-10-23,2025-02-03,103,223,0,False,1,0.0,0.0,0.0,0.0,0.0,0.0,0.0,0.0,0.0,0.0,1,2,2.0,366.07,183.035,366.07,0.0,0.0,0.0,0.0,2,0,0,0,0,M,41,0.0,1.0,0.0,0,0,0,0,Europe
CUST_02885,2024-07-06,2024-11-05,2024-11-03,2025-02-03,92,212,0,False,0,0.0,0.0,0.0,0.0,0.0,0.0,0.0,0.0,0.0,0.0,1,1,1.0,1535.78,1535.78,0.0,0.0,1535.78,0.0,0.0,0,0,1,0,0,M,49,0.0,1.0,0.0,0,0,0,0,Europe
CUST_02887,2024-07-07,2024-11-05,2024-11-04,2025-02-03,91,211,0,False,1,0.0,0.0,0.0,0.0,0.0,0.0,0.0,0.0,0.0,0.0,2,6,3.0,1319.24,215.57625000000002,913.87,0.0,0.0,405.37,0.0,4,0,0,2,0,M,41,1.0,0.0,0.0,0,0,0,0,Asia
CUST_02888,2024-06-18,2024-11-05,2024-10-16,2025-02-03,110,230,0,False,1,0.0,0.0,0.0,0.0,0.0,0.0,0.0,0.0,0.0,0.0,1,2,2.0,1513.75,756.875,0.0,0.0,0.0,0.0,1513.75,0,0,0,0,2,F,58,0.0,1.0,0.0,0,0,0,0,Europe
CUST_02894,2024-06-13,2024-11-05,2024-10-11,2025-02-03,115,235,0,False,0,0.0,0.0,0.0,0.0,0.0,0.0,0.0,0.0,0.0,0.0,1,2,2.0,1089.08,544.54,0.0,0.0,0.0,1089.08,0.0,0,0,0,2,0,F,74,0.0,0.0,1.0,0,0,0,0,North America
CUST_02904,2024-07-02,2024-11-05,2024-10-30,2025-02-03,96,216,0,False,1,0.0,0.0,0.0,0.0,0.0,0.0,0.0,0.0,0.0,0.0,1,3,3.0,1645.04,548.3466666666667,0.0,0.0,0.0,1645.04,0.0,0,0,0,3,0,F,22,0.0,1.0,0.0,0,0,0,0,Europe
CUST_02910,2024-06-30,2024-11-05,2024-10-28,2024-11-14,17,137,1,True,1,0.0,0.0,0.0,1.0,1.0,0.0,0.0,0.0,0.0,0.0,2,5,2.5,3377.24,702.1316666666667,0.0,1706.14,1671.1,0.0,0.0,0,3,2,0,0,M,70,0.0,1.0,0.0,0,0,0,0,Europe
CUST_02934,2024-06-01,2024-11-05,2024-09-29,2025-02-03,127,247,0,False,1,0.0,0.0,0.0,0.0,0.0,0.0,0.0,0.0,0.0,0.0,1,2,2.0,784.29,392.145,0.0,0.0,0.0,0.0,784.29,0,0,0,0,2,F,44,0.0,0.0,1.0,0,0,0,0,North America
CUST_02979,2024-06-08,2024-11-05,2024-10-06,2025-02-03,120,240,0,False,1,0.0,0.0,0.0,0.0,0.0,0.0,0.0,0.0,0.0,0.0,2,4,2.0,2384.9300000000003,719.4216666666666,0.0,965.8,1419.13,0.0,0.0,0,1,3,0,0,F,26,1.0,0.0,0.0,0,0,0,0,Asia
CUST_02996,2024-06-19,2024-11-05,2024-10-17,2025-02-03,109,229,0,False,1,0.0,0.0,0.0,0.0,0.0,0.0,0.0,0.0,0.0,0.0,1,2,2.0,1180.45,590.225,0.0,0.0,0.0,1180.45,0.0,0,0,0,2,0,F,22,0.0,1.0,0.0,0,0,0,0,Europe
CUST_03019,2024-07-05,2024-11-05,2024-11-02,2025-02-03,93,213,0,False,1,0.0,0.0,0.0,0.0,0.0,0.0,0.0,0.0,0.0,0.0,2,4,2.0,2390.8,1054.8500000000001,0.0,0.0,421.65,1969.15,0.0,0,0,3,1,0,F,27,1.0,0.0,0.0,0,0,0,0,Asia
CUST_03045,2024-06-25,2024-11-05,2024-10-23,2025-02-03,103,223,0,False,1,0.0,0.0,0.0,0.0,0.0,0.0,0.0,0.0,0.0,0.0,1,1,1.0,995.54,995.54,0.0,0.0,0.0,995.54,0.0,0,0,0,1,0,M,67,0.0,0.0,1.0,0,0,0,0,North America
CUST_03080,2024-06-19,2024-11-05,2024-10-17,2025-02-03,109,229,0,False,1,0.0,0.0,0.0,0.0,0.0,0.0,0.0,0.0,0.0,0.0,2,3,1.5,2981.58,1206.0175,0.0,0.0,0.0,1139.09,1842.49,0,0,0,2,1,M,33,0.0,1.0,0.0,0,0,0,0,Europe
CUST_03091,2024-06-25,2024-11-05,2024-10-23,2025-02-03,103,223,0,False,1,0.0,0.0,0.0,0.0,0.0,0.0,0.0,0.0,0.0,0.0,1,2,2.0,1326.77,663.385,1326.77,0.0,0.0,0.0,0.0,2,0,0,0,0,F,36,0.0,0.0,1.0,0,0,0,0,North America
CUST_03109,2024-07-02,2024-11-05,2024-10-30,2025-02-03,96,216,0,False,1,0.0,0.0,0.0,0.0,0.0,0.0,0.0,0.0,0.0,0.0,1,2,2.0,1025.58,512.79,0.0,1025.58,0.0,0.0,0.0,0,2,0,0,0,F,68,0.0,1.0,0.0,0,0,0,0,Europe
CUST_03110,2024-06-10,2024-11-05,2024-10-08,2025-02-03,118,238,0,False,1,0.0,0.0,0.0,0.0,0.0,0.0,0.0,0.0,0.0,0.0,1,1,1.0,517.97,517.97,0.0,0.0,517.97,0.0,0.0,0,0,1,0,0,M,66,0.0,1.0,0.0,0,0,0,0,Europe
CUST_03131,2024-06-12,2024-11-05,2024-10-10,2024-11-10,31,151,1,True,1,1.0,2.0,0.0,0.0,3.0,0.0,1.0,0.0,0.0,1.0,2,4,2.0,2299.92,574.98,0.0,0.0,0.0,528.26,1771.66,0,0,0,2,2,M,35,0.0,1.0,0.0,0,0,0,0,Europe
CUST_03132,2024-06-01,2024-11-05,2024-09-29,2024-11-13,45,165,1,True,1,0.0,0.0,0.0,1.0,1.0,0.0,0.0,0.0,0.0,0.0,2,2,1.0,1914.6399999999999,957.3199999999999,1032.85,0.0,0.0,881.79,0.0,1,0,0,1,0,M,51,1.0,0.0,0.0,0,0,0,0,Asia
CUST_03133,2024-06-25,2024-11-05,2024-10-23,2025-02-03,103,223,0,False,1,0.0,0.0,0.0,0.0,0.0,0.0,0.0,0.0,0.0,0.0,2,7,3.5,3701.18,537.9316666666666,0.0,0.0,1806.82,0.0,1894.36,0,0,3,0,4,M,21,1.0,0.0,0.0,0,0,0,0,Asia
CUST_03134,2024-06-06,2024-11-05,2024-10-04,2024-12-28,85,205,1,True,1,0.0,0.0,0.0,0.0,0.0,0.0,0.0,0.0,0.0,0.0,2,3,1.5,1382.36,665.155,0.0,1382.36,0.0,0.0,0.0,0,3,0,0,0,M,26,0.0,0.0,1.0,0,0,0,0,North America
CUST_03155,2024-06-03,2024-11-05,2024-10-01,2024-11-26,56,176,1,True,1,1.0,0.0,1.0,2.0,4.0,0.0,0.0,0.0,0.0,0.0,2,3,1.5,2122.27,751.905,0.0,0.0,0.0,885.35,1236.92,0,0,0,1,2,M,36,1.0,0.0,0.0,0,0,0,0,Asia
CUST_03162,2024-07-06,2024-11-05,2024-11-03,2024-12-24,51,171,1,True,1,0.0,1.0,1.0,1.0,3.0,0.0,0.0,0.0,0.0,0.0,2,3,1.5,2758.5699999999997,911.52,0.0,0.0,1871.06,887.51,0.0,0,0,2,1,0,M,51,0.0,1.0,0.0,0,0,0,0,Europe
CUST_03176,2024-06-25,2024-11-05,2024-10-23,2025-02-03,103,223,0,False,1,0.0,0.0,0.0,0.0,0.0,0.0,0.0,0.0,0.0,0.0,1,1,1.0,1078.22,1078.22,1078.22,0.0,0.0,0.0,0.0,1,0,0,0,0,M,44,0.0,1.0,0.0,0,0,0,0,Europe
CUST_03191,2024-06-23,2024-11-05,2024-10-21,2025-02-03,105,225,0,False,1,0.0,0.0,0.0,0.0,0.0,0.0,0.0,0.0,0.0,0.0,2,5,2.5,1769.02,389.52000000000004,1136.2,0.0,0.0,632.82,0.0,2,0,0,3,0,M,30,1.0,0.0,0.0,0,0,0,0,Asia
CUST_03196,2024-06-07,2024-11-05,2024-10-05,2025-02-03,121,241,0,False,0,0.0,0.0,0.0,0.0,0.0,0.0,0.0,0.0,0.0,0.0,1,4,4.0,153.94,38.485,153.94,0.0,0.0,0.0,0.0,4,0,0,0,0,F,65,1.0,0.0,0.0,0,0,0,0,Asia
CUST_03198,2024-06-29,2024-11-05,2024-10-27,2024-11-16,20,140,1,True,1,0.0,2.0,0.0,0.0,2.0,0.0,0.0,0.0,0.0,0.0,2,2,1.0,2127.24,1063.62,0.0,1344.96,0.0,0.0,782.28,0,1,0,0,1,F,54,0.0,1.0,0.0,0,0,0,0,Europe
CUST_03206,2024-07-03,2024-11-05,2024-10-31,2025-02-03,95,215,0,False,1,0.0,0.0,0.0,0.0,0.0,0.0,0.0,0.0,0.0,0.0,1,4,4.0,897.92,224.48,897.92,0.0,0.0,0.0,0.0,4,0,0,0,0,M,74,0.0,1.0,0.0,0,0,0,0,Europe
CUST_03230,2024-06-14,2024-11-05,2024-10-12,2025-02-03,114,234,0,False,1,0.0,0.0,0.0,0.0,0.0,0.0,0.0,0.0,0.0,0.0,1,2,2.0,1090.41,545.205,1090.41,0.0,0.0,0.0,0.0,2,0,0,0,0,F,37,0.0,1.0,0.0,0,0,0,0,Europe
CUST_03232,2024-06-01,2024-11-05,2024-09-29,2025-02-03,127,247,0,False,1,0.0,0.0,0.0,0.0,0.0,0.0,0.0,0.0,0.0,0.0,1,2,2.0,401.13,200.565,0.0,0.0,401.13,0.0,0.0,0,0,2,0,0,Other,29,0.0,1.0,0.0,0,0,0,0,Europe
CUST_03233,2024-06-11,2024-11-05,2024-10-09,2024-11-26,48,168,1,True,1,0.0,0.0,1.0,0.0,1.0,0.0,0.0,0.0,0.0,0.0,2,3,1.5,1364.77,479.28499999999997,552.37,0.0,0.0,0.0,812.4,1,0,0,0,2,M,51,0.0,0.0,1.0,0,0,0,0,North America
CUST_03243,2024-06-28,2024-11-05,2024-10-26,2024-12-25,60,180,1,True,1,1.0,0.0,0.0,0.0,1.0,0.0,0.0,0.0,0.0,0.0,2,6,3.0,2632.56,438.76,0.0,0.0,0.0,729.38,1903.18,0,0,0,3,3,M,73,0.0,1.0,0.0,0,0,0,0,Europe
CUST_03250,2024-06-10,2024-11-05,2024-10-08,2025-02-03,118,238,0,False,1,0.0,0.0,0.0,0.0,0.0,0.0,0.0,0.0,0.0,0.0,1,2,2.0,1859.83,929.915,1859.83,0.0,0.0,0.0,0.0,2,0,0,0,0,F,42,0.0,0.0,1.0,0,0,0,0,North America
CUST_03262,2024-06-30,2024-11-05,2024-10-28,2025-02-03,98,218,0,False,1,0.0,0.0,0.0,0.0,0.0,0.0,0.0,0.0,0.0,0.0,1,4,4.0,1474.25,368.5625,0.0,0.0,0.0,1474.25,0.0,0,0,0,4,0,F,63,0.0,1.0,0.0,0,0,0,0,Europe
CUST_03266,2024-06-10,2024-11-05,2024-10-08,2024-11-08,31,151,1,True,1,0.0,0.0,0.0,0.0,0.0,0.0,0.0,0.0,0.0,0.0,2,5,2.5,2564.0299999999997,576.5466666666666,0.0,1790.5,773.53,0.0,0.0,0,2,3,0,0,F,54,0.0,1.0,0.0,0,0,0,0,Europe
CUST_03293,2024-06-19,2024-11-05,2024-10-17,2025-02-03,109,229,0,False,1,0.0,0.0,0.0,0.0,0.0,0.0,0.0,0.0,0.0,0.0,1,4,4.0,410.38,102.595,0.0,0.0,410.38,0.0,0.0,0,0,4,0,0,F,50,0.0,1.0,0.0,0,0,0,0,Europe
CUST_03302,2024-06-27,2024-11-05,2024-10-25,2024-11-11,17,137,1,True,1,1.0,0.0,0.0,1.0,2.0,1.0,0.0,0.0,0.0,1.0,2,2,1.0,2311.16,1155.58,1434.97,0.0,876.19,0.0,0.0,1,0,1,0,0,F,38,0.0,1.0,0.0,0,0,0,0,Europe
CUST_03305,2024-06-17,2024-11-05,2024-10-15,2025-02-03,111,231,0,False,1,0.0,0.0,0.0,0.0,0.0,0.0,0.0,0.0,0.0,0.0,1,1,1.0,1945.04,1945.04,0.0,1945.04,0.0,0.0,0.0,0,1,0,0,0,M,31,1.0,0.0,0.0,0,0,0,0,Asia
CUST_03306,2024-06-04,2024-11-05,2024-10-02,2024-11-15,44,164,1,True,1,0.0,0.0,0.0,0.0,0.0,0.0,0.0,0.0,0.0,0.0,2,4,2.0,1600.9099999999999,519.0216666666666,756.61,0.0,0.0,0.0,844.3,1,0,0,0,3,F,56,0.0,1.0,0.0,0,0,0,0,Europe
CUST_03310,2024-06-07,2024-11-05,2024-10-05,2025-02-03,121,241,0,False,0,0.0,0.0,0.0,0.0,0.0,0.0,0.0,0.0,0.0,0.0,1,2,2.0,1100.4,550.2,0.0,0.0,0.0,0.0,1100.4,0,0,0,0,2,F,72,1.0,0.0,0.0,0,0,0,0,Asia
CUST_03321,2024-07-03,2024-11-05,2024-10-31,2024-12-17,47,167,1,True,1,1.0,0.0,0.0,1.0,2.0,0.0,0.0,0.0,0.0,0.0,2,5,2.5,1490.18,272.8358333333333,1196.51,293.67,0.0,0.0,0.0,3,2,0,0,0,M,42,1.0,0.0,0.0,0,0,0,0,Asia
CUST_03335,2024-06-26,2024-11-05,2024-10-24,2025-02-03,102,222,0,False,1,0.0,0.0,0.0,0.0,0.0,0.0,0.0,0.0,0.0,0.0,1,4,4.0,989.36,247.34,0.0,989.36,0.0,0.0,0.0,0,4,0,0,0,F,38,1.0,0.0,0.0,0,0,0,0,Asia
CUST_03347,2024-07-01,2024-11-05,2024-10-29,2025-02-03,97,217,0,False,1,0.0,0.0,0.0,0.0,0.0,0.0,0.0,0.0,0.0,0.0,1,1,1.0,1273.71,1273.71,0.0,0.0,0.0,1273.71,0.0,0,0,0,1,0,F,43,1.0,0.0,0.0,0,0,0,0,Asia
CUST_03363,2024-06-15,2024-11-05,2024-10-13,2025-02-03,113,233,0,False,1,0.0,0.0,0.0,0.0,0.0,0.0,0.0,0.0,0.0,0.0,1,1,1.0,707.14,707.14,0.0,0.0,0.0,0.0,707.14,0,0,0,0,1,F,49,0.0,1.0,0.0,0,0,0,0,Europe
CUST_03371,2024-06-23,2024-11-05,2024-10-21,2025-02-03,105,225,0,False,0,0.0,0.0,0.0,0.0,0.0,0.0,0.0,0.0,0.0,0.0,1,1,1.0,1798.48,1798.48,0.0,0.0,1798.48,0.0,0.0,0,0,1,0,0,M,50,0.0,1.0,0.0,0,0,0,0,Europe
CUST_03384,2024-06-11,2024-11-05,2024-10-09,2024-12-03,55,175,1,True,1,2.0,0.0,0.0,0.0,2.0,0.0,0.0,0.0,0.0,0.0,3,8,2.6666666666666665,2943.55,640.3870000000001,0.0,1680.58,1262.97,0.0,0.0,0,6,2,0,0,F,70,1.0,0.0,0.0,0,0,0,0,Asia
CUST_03391,2024-07-01,2024-11-05,2024-10-29,2024-12-16,48,168,1,True,1,0.0,0.0,0.0,0.0,0.0,0.0,0.0,0.0,0.0,0.0,2,4,2.0,3282.14,976.06,3282.14,0.0,0.0,0.0,0.0,4,0,0,0,0,M,41,0.0,0.0,1.0,0,0,0,0,North America
CUST_03413,2024-06-17,2024-11-05,2024-10-15,2024-11-25,41,161,1,True,1,0.0,0.0,0.0,0.0,0.0,0.0,0.0,0.0,0.0,0.0,2,3,1.5,1323.6499999999999,616.615,180.84,0.0,1142.81,0.0,0.0,2,0,1,0,0,M,40,0.0,0.0,1.0,0,0,0,0,North America
CUST_03465,2024-06-10,2024-11-05,2024-10-08,2024-12-02,55,175,1,True,1,0.0,4.0,0.0,0.0,4.0,0.0,0.0,0.0,0.0,0.0,2,2,1.0,2148.34,1074.17,0.0,0.0,336.98,1811.36,0.0,0,0,1,1,0,F,56,0.0,1.0,0.0,0,0,0,0,Europe
CUST_03467,2024-06-23,2024-11-05,2024-10-21,2025-02-03,105,225,0,False,1,0.0,0.0,0.0,0.0,0.0,0.0,0.0,0.0,0.0,0.0,1,1,1.0,620.85,620.85,0.0,0.0,0.0,0.0,620.85,0,0,0,0,1,M,61,0.0,1.0,0.0,0,0,0,0,Europe
CUST_03472,2024-07-03,2024-11-05,2024-10-31,2025-02-03,95,215,0,False,1,0.0,0.0,0.0,0.0,0.0,0.0,0.0,0.0,0.0,0.0,1,3,3.0,1120.44,373.48,0.0,1120.44,0.0,0.0,0.0,0,3,0,0,0,M,50,0.0,1.0,0.0,0,0,0,0,Europe
CUST_00007,2024-06-25,2024-11-12,2024-10-23,2025-02-10,110,230,0,False,1,0.0,0.0,0.0,0.0,0.0,0.0,0.0,0.0,0.0,0.0,1,2,2.0,1767.18,883.59,1767.18,0.0,0.0,0.0,0.0,2,0,0,0,0,F,55,1.0,0.0,0.0,0,0,0,0,Asia
CUST_00011,2024-06-12,2024-11-12,2024-10-10,2024-12-16,67,187,1,True,1,1.0,0.0,1.0,0.0,2.0,0.0,0.0,0.0,0.0,0.0,2,4,2.0,1726.75,797.5883333333334,1726.75,0.0,0.0,0.0,0.0,4,0,0,0,0,M,65,1.0,0.0,0.0,0,0,0,0,Asia
CUST_00017,2024-06-28,2024-11-12,2024-10-26,2025-02-10,107,227,0,False,1,0.0,0.0,0.0,0.0,0.0,0.0,0.0,0.0,0.0,0.0,1,1,1.0,223.06,223.06,0.0,0.0,0.0,223.06,0.0,0,0,0,1,0,F,52,1.0,0.0,0.0,0,0,0,0,Asia
CUST_00033,2024-07-10,2024-11-12,2024-11-07,2025-02-10,95,215,0,False,1,0.0,0.0,0.0,0.0,0.0,0.0,0.0,0.0,0.0,0.0,1,2,2.0,1292.32,646.16,1292.32,0.0,0.0,0.0,0.0,2,0,0,0,0,M,27,1.0,0.0,0.0,0,0,0,0,Asia
CUST_00037,2024-06-11,2024-11-12,2024-10-09,2025-02-10,124,244,0,False,1,0.0,0.0,0.0,0.0,0.0,0.0,0.0,0.0,0.0,0.0,1,3,3.0,916.71,305.57,0.0,0.0,0.0,0.0,916.71,0,0,0,0,3,F,60,0.0,1.0,0.0,0,0,0,0,Europe
CUST_00039,2024-06-16,2024-11-12,2024-10-14,2025-02-10,119,239,0,False,1,0.0,0.0,0.0,0.0,0.0,0.0,0.0,0.0,0.0,0.0,2,2,1.0,3353.9700000000003,1676.9850000000001,0.0,3353.9700000000003,0.0,0.0,0.0,0,2,0,0,0,F,29,1.0,0.0,0.0,0,0,0,0,Asia
CUST_00070,2024-07-02,2024-11-12,2024-10-30,2025-02-10,103,223,0,False,1,0.0,0.0,0.0,0.0,0.0,0.0,0.0,0.0,0.0,0.0,1,1,1.0,1837.47,1837.47,1837.47,0.0,0.0,0.0,0.0,1,0,0,0,0,M,40,1.0,0.0,0.0,0,0,0,0,Asia
CUST_00078,2024-06-09,2024-11-12,2024-10-07,2025-02-10,126,246,0,False,1,0.0,0.0,0.0,0.0,0.0,0.0,0.0,0.0,0.0,0.0,1,1,1.0,1558.27,1558.27,1558.27,0.0,0.0,0.0,0.0,1,0,0,0,0,M,72,1.0,0.0,0.0,0,0,0,0,Asia
CUST_00084,2024-06-17,2024-11-12,2024-10-15,2024-11-26,42,162,1,True,1,1.0,0.0,0.0,0.0,1.0,0.0,0.0,0.0,0.0,0.0,2,3,1.5,3607.1800000000003,1355.6425,0.0,0.0,0.0,1791.79,1815.39,0,0,0,2,1,F,42,0.0,1.0,0.0,0,0,0,0,Europe
CUST_00086,2024-07-12,2024-11-12,2024-11-09,2024-12-30,51,171,1,True,1,0.0,0.0,0.0,0.0,0.0,0.0,0.0,0.0,0.0,0.0,2,2,1.0,2907.5699999999997,1453.7849999999999,0.0,1943.29,964.28,0.0,0.0,0,1,1,0,0,Other,40,1.0,0.0,0.0,0,0,0,0,Asia
CUST_00090,2024-07-08,2024-11-12,2024-11-05,2025-02-10,97,217,0,False,1,0.0,0.0,0.0,0.0,0.0,0.0,0.0,0.0,0.0,0.0,1,4,4.0,715.48,178.87,0.0,0.0,0.0,0.0,715.48,0,0,0,0,4,F,61,0.0,0.0,1.0,0,0,0,0,North America
CUST_00117,2024-07-01,2024-11-12,2024-10-29,2025-02-10,104,224,0,False,1,0.0,0.0,0.0,0.0,0.0,0.0,0.0,0.0,0.0,0.0,1,3,3.0,1670.35,556.7833333333333,0.0,1670.35,0.0,0.0,0.0,0,3,0,0,0,M,52,1.0,0.0,0.0,0,0,0,0,Asia
CUST_00120,2024-06-24,2024-11-12,2024-10-22,2025-02-10,111,231,0,False,1,0.0,0.0,0.0,0.0,0.0,0.0,0.0,0.0,0.0,0.0,1,4,4.0,878.86,219.715,0.0,0.0,878.86,0.0,0.0,0,0,4,0,0,F,59,1.0,0.0,0.0,0,0,0,0,Asia
CUST_00124,2024-07-08,2024-11-12,2024-11-05,2025-02-10,97,217,0,False,1,0.0,0.0,0.0,0.0,0.0,0.0,0.0,0.0,0.0,0.0,1,1,1.0,1025.97,1025.97,0.0,1025.97,0.0,0.0,0.0,0,1,0,0,0,M,43,0.0,1.0,0.0,0,0,0,0,Europe
CUST_00155,2024-06-12,2024-11-12,2024-10-10,2024-11-18,39,159,1,True,1,1.0,0.0,0.0,0.0,1.0,0.0,0.0,0.0,0.0,0.0,2,3,1.5,2835.5699999999997,1112.465,0.0,1221.28,0.0,1614.29,0.0,0,2,0,1,0,M,50,0.0,1.0,0.0,0,0,0,0,Europe
CUST_00156,2024-06-23,2024-11-12,2024-10-21,2024-12-31,71,191,1,True,0,1.0,0.0,0.0,0.0,1.0,0.0,0.0,0.0,0.0,0.0,2,6,3.0,3324.51,993.7270000000001,1671.32,0.0,0.0,1653.19,0.0,5,0,0,1,0,M,21,0.0,1.0,0.0,0,0,0,0,Europe
CUST_00160,2024-06-28,2024-11-12,2024-10-26,2025-02-10,107,227,0,False,1,0.0,0.0,0.0,0.0,0.0,0.0,0.0,0.0,0.0,0.0,1,4,4.0,1258.15,314.5375,1258.15,0.0,0.0,0.0,0.0,4,0,0,0,0,M,67,1.0,0.0,0.0,0,0,0,0,Asia
CUST_00164,2024-07-10,2024-11-12,2024-11-07,2025-02-10,95,215,0,False,1,0.0,0.0,0.0,0.0,0.0,0.0,0.0,0.0,0.0,0.0,2,5,2.5,1746.44,345.25083333333333,0.0,1096.31,0.0,650.13,0.0,0,3,0,2,0,Other,34,0.0,1.0,0.0,0,0,0,0,Europe
CUST_00178,2024-06-27,2024-11-12,2024-10-25,2024-11-26,32,152,1,True,1,1.0,0.0,1.0,0.0,2.0,0.0,0.0,0.0,0.0,0.0,2,5,2.5,1100.85,253.835,256.53,0.0,0.0,0.0,844.32,3,0,0,0,2,M,61,1.0,0.0,0.0,0,0,0,0,Asia
CUST_00185,2024-07-03,2024-11-12,2024-10-31,2025-02-10,102,222,0,False,1,0.0,0.0,0.0,0.0,0.0,0.0,0.0,0.0,0.0,0.0,1,4,4.0,265.26,66.315,0.0,265.26,0.0,0.0,0.0,0,4,0,0,0,F,25,1.0,0.0,0.0,0,0,0,0,Asia
CUST_00187,2024-07-12,2024-11-12,2024-11-09,2024-11-27,18,138,1,True,1,0.0,1.0,1.0,0.0,2.0,0.0,0.0,0.0,0.0,0.0,2,3,1.5,1836.54,783.9775,537.17,0.0,0.0,0.0,1299.37,2,0,0,0,1,M,48,0.0,1.0,0.0,0,0,0,0,Europe
CUST_00191,2024-06-11,2024-11-12,2024-10-09,2025-02-10,124,244,0,False,1,0.0,0.0,0.0,0.0,0.0,0.0,0.0,0.0,0.0,0.0,1,1,1.0,520.35,520.35,0.0,520.35,0.0,0.0,0.0,0,1,0,0,0,F,23,0.0,0.0,1.0,0,0,0,0,North America
CUST_00208,2024-07-14,2024-11-12,2024-11-11,2025-02-10,91,211,0,False,1,0.0,0.0,0.0,0.0,0.0,0.0,0.0,0.0,0.0,0.0,2,2,1.0,2146.73,1073.365,880.01,0.0,0.0,0.0,1266.72,1,0,0,0,1,F,63,0.0,1.0,0.0,0,0,0,0,Europe
CUST_00216,2024-07-13,2024-11-12,2024-11-10,2025-02-10,92,212,0,False,1,0.0,0.0,0.0,0.0,0.0,0.0,0.0,0.0,0.0,0.0,1,2,2.0,870.17,435.085,0.0,0.0,0.0,870.17,0.0,0,0,0,2,0,M,39,0.0,1.0,0.0,0,0,0,0,Europe
CUST_00219,2024-06-27,2024-11-12,2024-10-25,2025-02-10,108,228,0,False,1,0.0,0.0,0.0,0.0,0.0,0.0,0.0,0.0,0.0,0.0,1,2,2.0,137.12,68.56,0.0,137.12,0.0,0.0,0.0,0,2,0,0,0,M,34,0.0,1.0,0.0,0,0,0,0,Europe
CUST_00220,2024-06-30,2024-11-12,2024-10-28,2025-02-10,105,225,0,False,1,0.0,0.0,0.0,0.0,0.0,0.0,0.0,0.0,0.0,0.0,2,3,1.5,1660.82,622.935,0.0,829.9,0.0,0.0,830.92,0,2,0,0,1,M,32,0.0,1.0,0.0,0,0,0,0,Europe
CUST_00238,2024-06-20,2024-11-12,2024-10-18,2025-02-10,115,235,0,False,1,0.0,0.0,0.0,0.0,0.0,0.0,0.0,0.0,0.0,0.0,1,1,1.0,1381.81,1381.81,0.0,1381.81,0.0,0.0,0.0,0,1,0,0,0,F,27,0.0,1.0,0.0,0,0,0,0,Europe
CUST_00248,2024-07-03,2024-11-12,2024-10-31,2025-02-10,102,222,0,False,1,0.0,0.0,0.0,0.0,0.0,0.0,0.0,0.0,0.0,0.0,1,2,2.0,619.2,309.6,0.0,619.2,0.0,0.0,0.0,0,2,0,0,0,M,43,0.0,1.0,0.0,0,0,0,0,Europe
CUST_00253,2024-07-09,2024-11-12,2024-11-06,2025-02-10,96,216,0,False,1,0.0,0.0,0.0,0.0,0.0,0.0,0.0,0.0,0.0,0.0,1,2,2.0,1391.38,695.69,1391.38,0.0,0.0,0.0,0.0,2,0,0,0,0,F,32,1.0,0.0,0.0,0,0,0,0,Asia
CUST_00270,2024-06-27,2024-11-12,2024-10-25,2025-02-10,108,228,0,False,1,0.0,0.0,0.0,0.0,0.0,0.0,0.0,0.0,0.0,0.0,1,3,3.0,1660.27,553.4233333333333,1660.27,0.0,0.0,0.0,0.0,3,0,0,0,0,M,65,1.0,0.0,0.0,0,0,0,0,Asia
CUST_00274,2024-06-16,2024-11-12,2024-10-14,2024-12-14,61,181,1,True,1,0.0,0.0,0.0,0.0,0.0,0.0,0.0,0.0,0.0,0.0,2,2,1.0,1129.29,564.645,0.0,934.76,0.0,194.53,0.0,0,1,0,1,0,F,67,1.0,0.0,0.0,0,0,0,0,Asia
CUST_00280,2024-06-26,2024-11-12,2024-10-24,2025-02-10,109,229,0,False,1,0.0,0.0,0.0,0.0,0.0,0.0,0.0,0.0,0.0,0.0,1,4,4.0,1205.82,301.455,0.0,0.0,0.0,0.0,1205.82,0,0,0,0,4,M,40,0.0,0.0,1.0,0,0,0,0,North America
CUST_00316,2024-06-04,2024-11-12,2024-10-02,2025-02-10,131,251,0,False,1,0.0,0.0,0.0,0.0,0.0,0.0,0.0,0.0,0.0,0.0,1,3,3.0,657.32,219.10666666666668,0.0,0.0,0.0,0.0,657.32,0,0,0,0,3,F,39,0.0,1.0,0.0,0,0,0,0,Europe
CUST_00338,2024-07-03,2024-11-12,2024-10-31,2025-02-10,102,222,0,False,1,0.0,0.0,0.0,0.0,0.0,0.0,0.0,0.0,0.0,0.0,1,1,1.0,1817.81,1817.81,0.0,0.0,0.0,0.0,1817.81,0,0,0,0,1,M,56,0.0,1.0,0.0,0,0,0,0,Europe
CUST_00346,2024-06-10,2024-11-12,2024-10-08,2025-02-10,125,245,0,False,1,0.0,0.0,0.0,0.0,0.0,0.0,0.0,0.0,0.0,0.0,1,2,2.0,1368.84,684.42,0.0,0.0,0.0,0.0,1368.84,0,0,0,0,2,M,30,1.0,0.0,0.0,0,0,0,0,Asia
CUST_00347,2024-07-02,2024-11-12,2024-10-30,2025-02-10,103,223,0,False,1,0.0,0.0,0.0,0.0,0.0,0.0,0.0,0.0,0.0,0.0,1,2,2.0,174.38,87.19,0.0,0.0,0.0,0.0,174.38,0,0,0,0,2,M,58,0.0,1.0,0.0,0,0,0,0,Europe
CUST_00348,2024-06-20,2024-11-12,2024-10-18,2024-11-28,41,161,1,True,1,0.0,0.0,0.0,0.0,0.0,0.0,0.0,0.0,0.0,0.0,3,7,2.3333333333333335,3376.53,608.5344444444445,1050.14,0.0,1216.91,0.0,1109.48,1,0,3,0,3,F,74,1.0,0.0,0.0,0,0,0,0,Asia
CUST_00358,2024-06-28,2024-11-12,2024-10-26,2025-02-10,107,227,0,False,1,0.0,0.0,0.0,0.0,0.0,0.0,0.0,0.0,0.0,0.0,1,1,1.0,364.16,364.16,0.0,0.0,364.16,0.0,0.0,0,0,1,0,0,M,55,0.0,1.0,0.0,0,0,0,0,Europe
CUST_00362,2024-06-17,2024-11-12,2024-10-15,2025-02-10,118,238,0,False,1,0.0,0.0,0.0,0.0,0.0,0.0,0.0,0.0,0.0,0.0,1,2,2.0,1051.89,525.945,0.0,1051.89,0.0,0.0,0.0,0,2,0,0,0,M,69,0.0,1.0,0.0,0,0,0,0,Europe
CUST_00373,2024-06-14,2024-11-12,2024-10-12,2024-11-25,44,164,1,True,1,1.0,1.0,1.0,1.0,4.0,0.0,0.0,0.0,0.0,0.0,2,4,2.0,3163.04,965.98,0.0,0.0,0.0,3163.04,0.0,0,0,0,4,0,F,46,0.0,1.0,0.0,0,0,0,0,Europe
CUST_00378,2024-06-22,2024-11-12,2024-10-20,2025-02-10,113,233,0,False,1,0.0,0.0,0.0,0.0,0.0,0.0,0.0,0.0,0.0,0.0,1,1,1.0,258.7,258.7,0.0,0.0,258.7,0.0,0.0,0,0,1,0,0,M,22,0.0,0.0,1.0,0,0,0,0,North America
CUST_00383,2024-06-07,2024-11-12,2024-10-05,2024-12-18,74,194,1,True,1,0.0,1.0,0.0,0.0,1.0,0.0,0.0,0.0,0.0,0.0,2,3,1.5,1337.63,445.96500000000003,0.0,0.0,0.0,891.4,446.23,0,0,0,2,1,M,55,1.0,0.0,0.0,0,0,0,0,Asia
CUST_00400,2024-06-10,2024-11-12,2024-10-08,2024-12-12,65,185,1,True,1,0.0,0.0,0.0,1.0,1.0,0.0,0.0,0.0,0.0,0.0,2,4,2.0,2799.5600000000004,699.8900000000001,0.0,0.0,2799.5600000000004,0.0,0.0,0,0,4,0,0,M,30,0.0,1.0,0.0,0,0,0,0,Europe
CUST_00406,2024-06-13,2024-11-12,2024-10-11,2025-02-10,122,242,0,False,1,0.0,0.0,0.0,0.0,0.0,0.0,0.0,0.0,0.0,0.0,1,1,1.0,1297.4,1297.4,0.0,0.0,1297.4,0.0,0.0,0,0,1,0,0,M,52,0.0,1.0,0.0,0,0,0,0,Europe
CUST_00424,2024-06-29,2024-11-12,2024-10-27,2025-02-10,106,226,0,False,1,0.0,0.0,0.0,0.0,0.0,0.0,0.0,0.0,0.0,0.0,2,3,1.5,1404.1000000000001,392.88,1236.68,0.0,0.0,167.42,0.0,2,0,0,1,0,F,22,0.0,1.0,0.0,0,0,0,0,Europe
CUST_00429,2024-06-19,2024-11-12,2024-10-17,2025-02-10,116,236,0,False,1,0.0,0.0,0.0,0.0,0.0,0.0,0.0,0.0,0.0,0.0,1,4,4.0,1061.88,265.47,0.0,1061.88,0.0,0.0,0.0,0,4,0,0,0,M,26,0.0,1.0,0.0,0,0,0,0,Europe
CUST_00447,2024-07-10,2024-11-12,2024-11-07,2025-02-10,95,215,0,False,1,0.0,0.0,0.0,0.0,0.0,0.0,0.0,0.0,0.0,0.0,1,1,1.0,1871.34,1871.34,1871.34,0.0,0.0,0.0,0.0,1,0,0,0,0,M,47,1.0,0.0,0.0,0,0,0,0,Asia
CUST_00472,2024-07-08,2024-11-12,2024-11-05,2025-02-10,97,217,0,False,1,0.0,0.0,0.0,0.0,0.0,0.0,0.0,0.0,0.0,0.0,1,2,2.0,1336.53,668.265,0.0,0.0,0.0,1336.53,0.0,0,0,0,2,0,Other,44,1.0,0.0,0.0,0,0,0,0,Asia
CUST_00478,2024-07-13,2024-11-12,2024-11-10,2024-12-09,29,149,1,True,1,0.0,0.0,1.0,0.0,1.0,0.0,0.0,0.0,0.0,0.0,3,6,2.0,2008.4899999999998,334.7483333333333,600.16,0.0,1408.33,0.0,0.0,2,0,4,0,0,F,54,0.0,1.0,0.0,0,0,0,0,Europe
CUST_00490,2024-07-06,2024-11-12,2024-11-03,2025-02-10,99,219,0,False,1,0.0,0.0,0.0,0.0,0.0,0.0,0.0,0.0,0.0,0.0,2,5,2.5,2163.75,525.05,0.0,0.0,2163.75,0.0,0.0,0,0,5,0,0,M,32,0.0,1.0,0.0,0,0,0,0,Europe
CUST_00498,2024-06-04,2024-11-12,2024-10-02,2025-02-10,131,251,0,False,1,0.0,0.0,0.0,0.0,0.0,0.0,0.0,0.0,0.0,0.0,1,1,1.0,1978.45,1978.45,1978.45,0.0,0.0,0.0,0.0,1,0,0,0,0,F,24,0.0,1.0,0.0,0,0,0,0,Europe
CUST_00503,2024-06-10,2024-11-12,2024-10-08,2025-02-10,125,245,0,False,1,0.0,0.0,0.0,0.0,0.0,0.0,0.0,0.0,0.0,0.0,1,2,2.0,1492.62,746.31,0.0,0.0,1492.62,0.0,0.0,0,0,2,0,0,M,36,0.0,1.0,0.0,0,0,0,0,Europe
CUST_00506,2024-06-14,2024-11-12,2024-10-12,2025-02-10,121,241,0,False,1,0.0,0.0,0.0,0.0,0.0,0.0,0.0,0.0,0.0,0.0,1,1,1.0,975.02,975.02,0.0,0.0,0.0,975.02,0.0,0,0,0,1,0,F,63,1.0,0.0,0.0,0,0,0,0,Asia
CUST_00539,2024-06-29,2024-11-12,2024-10-27,2025-02-10,106,226,0,False,1,0.0,0.0,0.0,0.0,0.0,0.0,0.0,0.0,0.0,0.0,1,2,2.0,1368.57,684.285,1368.57,0.0,0.0,0.0,0.0,2,0,0,0,0,M,47,0.0,1.0,0.0,0,0,0,0,Europe
CUST_00552,2024-07-09,2024-11-12,2024-11-06,2024-12-21,45,165,1,True,1,1.0,2.0,2.0,0.0,5.0,0.0,0.0,0.0,0.0,0.0,3,7,2.3333333333333335,2710.5899999999997,510.8233333333333,0.0,2206.7,0.0,0.0,503.89,0,4,0,0,3,M,29,1.0,0.0,0.0,0,0,0,0,Asia
CUST_00557,2024-06-22,2024-11-12,2024-10-20,2025-02-10,113,233,0,False,0,0.0,0.0,0.0,0.0,0.0,0.0,0.0,0.0,0.0,0.0,1,4,4.0,1497.37,374.3425,0.0,0.0,1497.37,0.0,0.0,0,0,4,0,0,F,71,1.0,0.0,0.0,0,0,0,0,Asia
CUST_00569,2024-06-27,2024-11-12,2024-10-25,2025-02-10,108,228,0,False,1,0.0,0.0,0.0,0.0,0.0,0.0,0.0,0.0,0.0,0.0,1,1,1.0,765.78,765.78,0.0,765.78,0.0,0.0,0.0,0,1,0,0,0,M,53,0.0,1.0,0.0,0,0,0,0,Europe
CUST_00578,2024-06-25,2024-11-12,2024-10-23,2025-02-10,110,230,0,False,1,0.0,0.0,0.0,0.0,0.0,0.0,0.0,0.0,0.0,0.0,1,4,4.0,853.63,213.4075,0.0,0.0,853.63,0.0,0.0,0,0,4,0,0,F,57,0.0,1.0,0.0,0,0,0,0,Europe
CUST_00579,2024-06-21,2024-11-12,2024-10-19,2025-02-10,114,234,0,False,1,0.0,0.0,0.0,0.0,0.0,0.0,0.0,0.0,0.0,0.0,1,2,2.0,1087.25,543.625,0.0,0.0,1087.25,0.0,0.0,0,0,2,0,0,F,44,0.0,1.0,0.0,0,0,0,0,Europe
CUST_00624,2024-06-02,2024-11-12,2024-09-30,2025-02-10,133,253,0,False,1,0.0,0.0,0.0,0.0,0.0,0.0,0.0,0.0,0.0,0.0,1,2,2.0,1458.08,729.04,0.0,0.0,0.0,0.0,1458.08,0,0,0,0,2,M,47,1.0,0.0,0.0,0,0,0,0,Asia
CUST_00628,2024-07-01,2024-11-12,2024-10-29,2025-02-10,104,224,0,False,0,0.0,0.0,0.0,0.0,0.0,0.0,0.0,0.0,0.0,0.0,2,6,3.0,2806.51,467.75166666666667,0.0,887.06,0.0,1919.45,0.0,0,3,0,3,0,Other,42,0.0,1.0,0.0,0,0,0,0,Europe
CUST_00636,2024-06-23,2024-11-12,2024-10-21,2025-02-10,112,232,0,False,0,0.0,0.0,0.0,0.0,0.0,0.0,0.0,0.0,0.0,0.0,1,1,1.0,1794.84,1794.84,0.0,1794.84,0.0,0.0,0.0,0,1,0,0,0,F,65,1.0,0.0,0.0,0,0,0,0,Asia
CUST_00637,2024-06-22,2024-11-12,2024-10-20,2025-02-10,113,233,0,False,1,0.0,0.0,0.0,0.0,0.0,0.0,0.0,0.0,0.0,0.0,1,3,3.0,1231.09,410.3633333333333,0.0,0.0,0.0,1231.09,0.0,0,0,0,3,0,F,47,1.0,0.0,0.0,0,0,0,0,Asia
CUST_00645,2024-06-23,2024-11-12,2024-10-21,2025-02-10,112,232,0,False,1,0.0,0.0,0.0,0.0,0.0,0.0,0.0,0.0,0.0,0.0,1,3,3.0,661.55,220.51666666666665,0.0,661.55,0.0,0.0,0.0,0,3,0,0,0,F,52,0.0,0.0,1.0,0,0,0,0,North America
CUST_00648,2024-06-26,2024-11-12,2024-10-24,2025-02-10,109,229,0,False,1,0.0,0.0,0.0,0.0,0.0,0.0,0.0,0.0,0.0,0.0,1,2,2.0,1861.15,930.575,1861.15,0.0,0.0,0.0,0.0,2,0,0,0,0,M,41,1.0,0.0,0.0,0,0,0,0,Asia
CUST_00650,2024-06-16,2024-11-12,2024-10-14,2024-12-29,76,196,1,True,1,0.0,0.0,0.0,0.0,0.0,0.0,0.0,0.0,0.0,0.0,2,4,2.0,2398.61,1036.8216666666667,2398.61,0.0,0.0,0.0,0.0,4,0,0,0,0,M,40,0.0,1.0,0.0,0,0,0,0,Europe
CUST_00654,2024-06-25,2024-11-12,2024-10-23,2025-02-10,110,230,0,False,0,0.0,0.0,0.0,0.0,0.0,0.0,0.0,0.0,0.0,0.0,1,2,2.0,812.59,406.295,812.59,0.0,0.0,0.0,0.0,2,0,0,0,0,M,44,0.0,0.0,1.0,0,0,0,0,North America
CUST_00660,2024-07-07,2024-11-12,2024-11-04,2025-02-10,98,218,0,False,0,0.0,0.0,0.0,0.0,0.0,0.0,0.0,0.0,0.0,0.0,2,3,1.5,2267.35,845.0325,0.0,0.0,0.0,0.0,2267.35,0,0,0,0,3,F,27,1.0,0.0,0.0,0,0,0,0,Asia
CUST_00662,2024-06-18,2024-11-12,2024-10-16,2025-02-10,117,237,0,False,1,0.0,0.0,0.0,0.0,0.0,0.0,0.0,0.0,0.0,0.0,1,1,1.0,1883.89,1883.89,0.0,1883.89,0.0,0.0,0.0,0,1,0,0,0,M,63,1.0,0.0,0.0,0,0,0,0,Asia
CUST_00665,2024-07-08,2024-11-12,2024-11-05,2025-02-10,97,217,0,False,1,0.0,0.0,0.0,0.0,0.0,0.0,0.0,0.0,0.0,0.0,1,6,6.0,646.89,107.815,0.0,0.0,646.89,0.0,0.0,0,0,6,0,0,M,41,0.0,1.0,0.0,0,0,0,0,Europe
CUST_00678,2024-06-20,2024-11-12,2024-10-18,2025-02-10,115,235,0,False,1,0.0,0.0,0.0,0.0,0.0,0.0,0.0,0.0,0.0,0.0,1,2,2.0,1485.94,742.97,0.0,0.0,0.0,1485.94,0.0,0,0,0,2,0,F,64,0.0,1.0,0.0,0,0,0,0,Europe
CUST_00680,2024-06-03,2024-11-12,2024-10-01,2025-02-10,132,252,0,False,0,0.0,0.0,0.0,0.0,0.0,0.0,0.0,0.0,0.0,0.0,1,2,2.0,1846.56,923.28,1846.56,0.0,0.0,0.0,0.0,2,0,0,0,0,F,57,0.0,1.0,0.0,0,0,0,0,Europe
CUST_00689,2024-06-01,2024-11-12,2024-09-29,2024-12-17,79,199,1,True,1,0.0,1.0,1.0,0.0,2.0,0.0,0.0,1.0,0.0,1.0,2,5,2.5,2422.41,561.9525,0.0,0.0,523.8,1898.61,0.0,0,0,3,2,0,M,29,1.0,0.0,0.0,0,0,0,0,Asia
CUST_00702,2024-06-26,2024-11-12,2024-10-24,2025-02-10,109,229,0,False,1,0.0,0.0,0.0,0.0,0.0,0.0,0.0,0.0,0.0,0.0,2,7,3.5,2729.6400000000003,526.4970000000001,0.0,1039.42,0.0,1690.22,0.0,0,5,0,2,0,F,37,0.0,1.0,0.0,0,0,0,0,Europe
CUST_00717,2024-06-30,2024-11-12,2024-10-28,2025-02-10,105,225,0,False,0,0.0,0.0,0.0,0.0,0.0,0.0,0.0,0.0,0.0,0.0,3,7,2.3333333333333335,1136.35,210.91,0.0,101.16,380.92,0.0,654.27,0,3,1,0,3,F,64,1.0,0.0,0.0,0,0,0,0,Asia
CUST_00731,2024-07-12,2024-11-12,2024-11-09,2025-02-10,93,213,0,False,1,0.0,0.0,0.0,0.0,0.0,0.0,0.0,0.0,0.0,0.0,1,3,3.0,1576.73,525.5766666666667,0.0,1576.73,0.0,0.0,0.0,0,3,0,0,0,F,74,0.0,0.0,1.0,0,0,0,0,North America
CUST_00747,2024-06-04,2024-11-12,2024-10-02,2025-02-10,131,251,0,False,1,0.0,0.0,0.0,0.0,0.0,0.0,0.0,0.0,0.0,0.0,1,1,1.0,1002.44,1002.44,0.0,0.0,1002.44,0.0,0.0,0,0,1,0,0,F,72,0.0,0.0,1.0,0,0,0,0,North America
CUST_00768,2024-06-28,2024-11-12,2024-10-26,2025-02-10,107,227,0,False,1,0.0,0.0,0.0,0.0,0.0,0.0,0.0,0.0,0.0,0.0,1,2,2.0,349.59,174.795,0.0,349.59,0.0,0.0,0.0,0,2,0,0,0,M,35,1.0,0.0,0.0,0,0,0,0,Asia
CUST_00780,2024-06-28,2024-11-12,2024-10-26,2025-02-10,107,227,0,False,1,0.0,0.0,0.0,0.0,0.0,0.0,0.0,0.0,0.0,0.0,1,2,2.0,1453.41,726.705,0.0,0.0,1453.41,0.0,0.0,0,0,2,0,0,F,32,0.0,0.0,1.0,0,0,0,0,North America
CUST_00782,2024-06-29,2024-11-12,2024-10-27,2025-02-10,106,226,0,False,0,0.0,0.0,0.0,0.0,0.0,0.0,0.0,0.0,0.0,0.0,2,6,3.0,1815.69,281.07124999999996,1382.81,432.88,0.0,0.0,0.0,4,2,0,0,0,F,44,0.0,1.0,0.0,0,0,0,0,Europe
CUST_00785,2024-06-24,2024-11-12,2024-10-22,2025-02-10,111,231,0,False,1,0.0,0.0,0.0,0.0,0.0,0.0,0.0,0.0,0.0,0.0,1,1,1.0,1698.58,1698.58,0.0,0.0,0.0,0.0,1698.58,0,0,0,0,1,F,55,0.0,1.0,0.0,0,0,0,0,Europe
CUST_00798,2024-07-14,2024-11-12,2024-11-11,2025-02-10,91,211,0,False,1,0.0,0.0,0.0,0.0,0.0,0.0,0.0,0.0,0.0,0.0,1,2,2.0,182.16,91.08,0.0,0.0,182.16,0.0,0.0,0,0,2,0,0,F,27,0.0,1.0,0.0,0,0,0,0,Europe
CUST_00799,2024-07-07,2024-11-12,2024-11-04,2025-02-10,98,218,0,False,1,0.0,0.0,0.0,0.0,0.0,0.0,0.0,0.0,0.0,0.0,2,5,2.5,1555.25,277.0175,0.0,0.0,1341.54,0.0,213.71,0,0,3,0,2,M,62,1.0,0.0,0.0,0,0,0,0,Asia
CUST_00809,2024-06-26,2024-11-12,2024-10-24,2025-02-10,109,229,0,False,1,0.0,0.0,0.0,0.0,0.0,0.0,0.0,0.0,0.0,0.0,1,2,2.0,1674.12,837.06,0.0,0.0,0.0,0.0,1674.12,0,0,0,0,2,F,65,0.0,1.0,0.0,0,0,0,0,Europe
CUST_00810,2024-06-22,2024-11-12,2024-10-20,2025-02-10,113,233,0,False,1,0.0,0.0,0.0,0.0,0.0,0.0,0.0,0.0,0.0,0.0,1,3,3.0,707.52,235.84,0.0,0.0,0.0,0.0,707.52,0,0,0,0,3,F,64,1.0,0.0,0.0,0,0,0,0,Asia
CUST_00823,2024-07-03,2024-11-12,2024-10-31,2025-02-10,102,222,0,False,1,0.0,0.0,0.0,0.0,0.0,0.0,0.0,0.0,0.0,0.0,1,3,3.0,1483.16,494.3866666666667,0.0,0.0,0.0,0.0,1483.16,0,0,0,0,3,F,50,0.0,0.0,1.0,0,0,0,0,North America
CUST_00824,2024-06-16,2024-11-12,2024-10-14,2025-02-10,119,239,0,False,1,0.0,0.0,0.0,0.0,0.0,0.0,0.0,0.0,0.0,0.0,1,3,3.0,1589.48,529.8266666666667,0.0,0.0,1589.48,0.0,0.0,0,0,3,0,0,M,68,0.0,1.0,0.0,0,0,0,0,Europe
CUST_00834,2024-07-06,2024-11-12,2024-11-03,2024-12-18,45,165,1,True,1,0.0,0.0,0.0,0.0,0.0,0.0,0.0,0.0,0.0,0.0,3,6,2.0,3152.1400000000003,553.3738888888889,0.0,0.0,2043.3500000000001,0.0,1108.79,0,0,3,0,3,F,67,1.0,0.0,0.0,0,0,0,0,Asia
CUST_00857,2024-06-02,2024-11-12,2024-09-30,2025-02-10,133,253,0,False,1,0.0,0.0,0.0,0.0,0.0,0.0,0.0,0.0,0.0,0.0,1,2,2.0,489.29,244.645,0.0,0.0,489.29,0.0,0.0,0,0,2,0,0,F,21,1.0,0.0,0.0,0,0,0,0,Asia
CUST_00862,2024-06-13,2024-11-12,2024-10-11,2024-11-23,43,163,1,True,0,0.0,1.0,1.0,2.0,4.0,0.0,0.0,0.0,0.0,0.0,2,4,2.0,2021.85,371.2283333333333,1919.09,0.0,0.0,102.76,0.0,3,0,0,1,0,M,44,0.0,1.0,0.0,0,0,0,0,Europe
CUST_00872,2024-06-10,2024-11-12,2024-10-08,2025-02-10,125,245,0,False,1,0.0,0.0,0.0,0.0,0.0,0.0,0.0,0.0,0.0,0.0,1,1,1.0,991.85,991.85,0.0,0.0,0.0,0.0,991.85,0,0,0,0,1,M,63,0.0,0.0,1.0,0,0,0,0,North America
CUST_00879,2024-06-26,2024-11-12,2024-10-24,2025-02-10,109,229,0,False,0,0.0,0.0,0.0,0.0,0.0,0.0,0.0,0.0,0.0,0.0,1,1,1.0,254.9,254.9,0.0,0.0,0.0,254.9,0.0,0,0,0,1,0,F,28,1.0,0.0,0.0,0,0,0,0,Asia
CUST_00893,2024-07-04,2024-11-12,2024-11-01,2025-02-10,101,221,0,False,1,0.0,0.0,0.0,0.0,0.0,0.0,0.0,0.0,0.0,0.0,1,4,4.0,1036.06,259.015,0.0,1036.06,0.0,0.0,0.0,0,4,0,0,0,M,39,1.0,0.0,0.0,0,0,0,0,Asia
CUST_00941,2024-06-23,2024-11-12,2024-10-21,2025-02-10,112,232,0,False,1,0.0,0.0,0.0,0.0,0.0,0.0,0.0,0.0,0.0,0.0,1,3,3.0,1119.58,373.1933333333333,0.0,0.0,0.0,1119.58,0.0,0,0,0,3,0,F,38,0.0,0.0,1.0,0,0,0,0,North America
CUST_00949,2024-06-13,2024-11-12,2024-10-11,2024-11-18,38,158,1,True,1,0.0,1.0,2.0,0.0,3.0,0.0,0.0,0.0,0.0,0.0,2,3,1.5,2006.6399999999999,791.285,0.0,2006.6399999999999,0.0,0.0,0.0,0,3,0,0,0,Other,49,0.0,1.0,0.0,0,0,0,0,Europe
CUST_00951,2024-06-24,2024-11-12,2024-10-22,2025-02-10,111,231,0,False,1,0.0,0.0,0.0,0.0,0.0,0.0,0.0,0.0,0.0,0.0,1,1,1.0,1604.51,1604.51,0.0,0.0,0.0,0.0,1604.51,0,0,0,0,1,F,42,0.0,1.0,0.0,0,0,0,0,Europe
CUST_00953,2024-06-06,2024-11-12,2024-10-04,2025-02-10,129,249,0,False,0,0.0,0.0,0.0,0.0,0.0,0.0,0.0,0.0,0.0,0.0,1,1,1.0,1049.42,1049.42,0.0,0.0,0.0,0.0,1049.42,0,0,0,0,1,F,38,1.0,0.0,0.0,0,0,0,0,Asia
CUST_00957,2024-06-20,2024-11-12,2024-10-18,2025-02-10,115,235,0,False,1,0.0,0.0,0.0,0.0,0.0,0.0,0.0,0.0,0.0,0.0,1,2,2.0,1283.38,641.69,0.0,0.0,1283.38,0.0,0.0,0,0,2,0,0,M,46,0.0,1.0,0.0,0,0,0,0,Europe
CUST_00959,2024-06-11,2024-11-12,2024-10-09,2025-02-10,124,244,0,False,1,0.0,0.0,0.0,0.0,0.0,0.0,0.0,0.0,0.0,0.0,1,3,3.0,1814.02,604.6733333333333,0.0,0.0,1814.02,0.0,0.0,0,0,3,0,0,F,34,0.0,1.0,0.0,0,0,0,0,Europe
CUST_00967,2024-06-29,2024-11-12,2024-10-27,2025-02-10,106,226,0,False,1,0.0,0.0,0.0,0.0,0.0,0.0,0.0,0.0,0.0,0.0,1,3,3.0,1828.39,609.4633333333334,0.0,0.0,0.0,0.0,1828.39,0,0,0,0,3,M,66,0.0,0.0,1.0,0,0,0,0,North America
CUST_00972,2024-06-10,2024-11-12,2024-10-08,2024-12-06,59,179,1,True,1,0.0,0.0,0.0,0.0,0.0,0.0,0.0,0.0,0.0,0.0,2,3,1.5,2952.92,1152.8600000000001,0.0,0.0,1658.52,1294.4,0.0,0,0,1,2,0,M,42,1.0,0.0,0.0,0,0,0,0,Asia
CUST_00981,2024-06-15,2024-11-12,2024-10-13,2025-02-10,120,240,0,False,1,0.0,0.0,0.0,0.0,0.0,0.0,0.0,0.0,0.0,0.0,1,2,2.0,708.54,354.27,0.0,0.0,0.0,0.0,708.54,0,0,0,0,2,F,25,1.0,0.0,0.0,0,0,0,0,Asia
CUST_01002,2024-06-23,2024-11-12,2024-10-21,2025-02-10,112,232,0,False,1,0.0,0.0,0.0,0.0,0.0,0.0,0.0,0.0,0.0,0.0,2,3,1.5,1141.65,352.46000000000004,0.0,0.0,0.0,1141.65,0.0,0,0,0,3,0,F,25,0.0,1.0,0.0,0,0,0,0,Europe
CUST_01013,2024-06-14,2024-11-12,2024-10-12,2024-12-06,55,175,1,True,1,0.0,1.0,0.0,1.0,2.0,0.0,0.0,0.0,0.0,0.0,2,2,1.0,1104.8700000000001,552.4350000000001,192.93,911.94,0.0,0.0,0.0,1,1,0,0,0,F,71,0.0,1.0,0.0,0,0,0,0,Europe
CUST_01026,2024-06-22,2024-11-12,2024-10-20,2024-12-03,44,164,1,True,1,1.0,1.0,0.0,0.0,2.0,0.0,0.0,0.0,0.0,0.0,2,4,2.0,2492.09,623.0225,1376.24,1115.85,0.0,0.0,0.0,2,2,0,0,0,M,29,1.0,0.0,0.0,0,0,0,0,Asia
CUST_01027,2024-06-26,2024-11-12,2024-10-24,2025-02-10,109,229,0,False,1,0.0,0.0,0.0,0.0,0.0,0.0,0.0,0.0,0.0,0.0,2,7,3.5,2694.48,393.5191666666667,0.0,0.0,1333.46,1361.02,0.0,0,0,4,3,0,F,54,0.0,1.0,0.0,0,0,0,0,Europe
CUST_01053,2024-07-03,2024-11-12,2024-10-31,2025-02-10,102,222,0,False,1,0.0,0.0,0.0,0.0,0.0,0.0,0.0,0.0,0.0,0.0,1,1,1.0,271.26,271.26,0.0,271.26,0.0,0.0,0.0,0,1,0,0,0,F,25,0.0,1.0,0.0,0,0,0,0,Europe
CUST_01055,2024-07-12,2024-11-12,2024-11-09,2025-02-10,93,213,0,False,1,0.0,0.0,0.0,0.0,0.0,0.0,0.0,0.0,0.0,0.0,2,5,2.5,2743.45,781.93625,1572.77,1170.68,0.0,0.0,0.0,4,1,0,0,0,F,73,1.0,0.0,0.0,0,0,0,0,Asia
CUST_01062,2024-07-04,2024-11-12,2024-11-01,2025-02-10,101,221,0,False,1,0.0,0.0,0.0,0.0,0.0,0.0,0.0,0.0,0.0,0.0,2,6,3.0,1672.98,278.83000000000004,0.0,1379.71,0.0,0.0,293.27,0,3,0,0,3,F,58,0.0,1.0,0.0,0,0,0,0,Europe
CUST_01084,2024-07-13,2024-11-12,2024-11-10,2025-02-10,92,212,0,False,1,0.0,0.0,0.0,0.0,0.0,0.0,0.0,0.0,0.0,0.0,2,4,2.0,2222.82,589.9200000000001,0.0,1564.47,0.0,658.35,0.0,0,3,0,1,0,F,66,0.0,1.0,0.0,0,0,0,0,Europe
CUST_01093,2024-06-08,2024-11-12,2024-10-06,2025-02-10,127,247,0,False,1,0.0,0.0,0.0,0.0,0.0,0.0,0.0,0.0,0.0,0.0,1,1,1.0,626.04,626.04,0.0,0.0,0.0,626.04,0.0,0,0,0,1,0,M,42,0.0,0.0,1.0,0,0,0,0,North America
CUST_01096,2024-07-09,2024-11-12,2024-11-06,2025-02-10,96,216,0,False,1,0.0,0.0,0.0,0.0,0.0,0.0,0.0,0.0,0.0,0.0,1,1,1.0,1585.89,1585.89,0.0,0.0,0.0,0.0,1585.89,0,0,0,0,1,Other,36,0.0,1.0,0.0,0,0,0,0,Europe
CUST_01107,2024-06-05,2024-11-12,2024-10-03,2025-02-10,130,250,0,False,1,0.0,0.0,0.0,0.0,0.0,0.0,0.0,0.0,0.0,0.0,1,1,1.0,416.64,416.64,0.0,0.0,0.0,416.64,0.0,0,0,0,1,0,F,31,0.0,1.0,0.0,0,0,0,0,Europe
CUST_01133,2024-06-14,2024-11-12,2024-10-12,2025-02-10,121,241,0,False,1,0.0,0.0,0.0,0.0,0.0,0.0,0.0,0.0,0.0,0.0,1,1,1.0,399.51,399.51,0.0,0.0,399.51,0.0,0.0,0,0,1,0,0,F,52,1.0,0.0,0.0,0,0,0,0,Asia
CUST_01143,2024-07-08,2024-11-12,2024-11-05,2025-02-10,97,217,0,False,1,0.0,0.0,0.0,0.0,0.0,0.0,0.0,0.0,0.0,0.0,2,2,1.0,1708.3600000000001,854.1800000000001,0.0,0.0,0.0,1421.69,286.67,0,0,0,1,1,F,22,1.0,0.0,0.0,0,0,0,0,Asia
CUST_01160,2024-07-07,2024-11-12,2024-11-04,2025-02-10,98,218,0,False,1,0.0,0.0,0.0,0.0,0.0,0.0,0.0,0.0,0.0,0.0,1,1,1.0,1279.38,1279.38,1279.38,0.0,0.0,0.0,0.0,1,0,0,0,0,M,72,0.0,0.0,1.0,0,0,0,0,North America
CUST_01197,2024-06-09,2024-11-12,2024-10-07,2025-02-10,126,246,0,False,1,0.0,0.0,0.0,0.0,0.0,0.0,0.0,0.0,0.0,0.0,1,1,1.0,1200.52,1200.52,0.0,1200.52,0.0,0.0,0.0,0,1,0,0,0,Other,61,0.0,0.0,1.0,0,0,0,0,North America
CUST_01210,2024-07-12,2024-11-12,2024-11-09,2025-02-10,93,213,0,False,1,0.0,0.0,0.0,0.0,0.0,0.0,0.0,0.0,0.0,0.0,1,2,2.0,1310.19,655.095,1310.19,0.0,0.0,0.0,0.0,2,0,0,0,0,F,65,1.0,0.0,0.0,0,0,0,0,Asia
CUST_01226,2024-07-06,2024-11-12,2024-11-03,2025-02-10,99,219,0,False,1,0.0,0.0,0.0,0.0,0.0,0.0,0.0,0.0,0.0,0.0,1,1,1.0,846.59,846.59,0.0,0.0,0.0,846.59,0.0,0,0,0,1,0,F,41,0.0,1.0,0.0,0,0,0,0,Europe
CUST_01229,2024-06-19,2024-11-12,2024-10-17,2025-02-10,116,236,0,False,0,0.0,0.0,0.0,0.0,0.0,0.0,0.0,0.0,0.0,0.0,1,4,4.0,257.18,64.295,0.0,0.0,257.18,0.0,0.0,0,0,4,0,0,F,71,1.0,0.0,0.0,0,0,0,0,Asia
CUST_01236,2024-07-02,2024-11-12,2024-10-30,2025-02-10,103,223,0,False,1,0.0,0.0,0.0,0.0,0.0,0.0,0.0,0.0,0.0,0.0,1,2,2.0,843.57,421.785,843.57,0.0,0.0,0.0,0.0,2,0,0,0,0,M,34,1.0,0.0,0.0,0,0,0,0,Asia
CUST_01260,2024-06-21,2024-11-12,2024-10-19,2025-02-10,114,234,0,False,1,0.0,0.0,0.0,0.0,0.0,0.0,0.0,0.0,0.0,0.0,2,4,2.0,2400.0099999999998,648.2149999999999,0.0,1655.37,744.64,0.0,0.0,0,3,1,0,0,F,36,0.0,0.0,1.0,0,0,0,0,North America
CUST_01288,2024-06-25,2024-11-12,2024-10-23,2025-02-10,110,230,0,False,1,0.0,0.0,0.0,0.0,0.0,0.0,0.0,0.0,0.0,0.0,1,3,3.0,1328.52,442.84,0.0,0.0,0.0,0.0,1328.52,0,0,0,0,3,M,72,0.0,1.0,0.0,0,0,0,0,Europe
CUST_01295,2024-07-01,2024-11-12,2024-10-29,2025-02-10,104,224,0,False,1,0.0,0.0,0.0,0.0,0.0,0.0,0.0,0.0,0.0,0.0,1,3,3.0,158.65,52.88333333333333,0.0,0.0,0.0,158.65,0.0,0,0,0,3,0,M,22,1.0,0.0,0.0,0,0,0,0,Asia
CUST_01296,2024-06-05,2024-11-12,2024-10-03,2024-12-01,59,179,1,True,1,2.0,0.0,0.0,0.0,2.0,1.0,0.0,0.0,0.0,1.0,2,4,2.0,672.77,168.1925,0.0,0.0,399.16,273.61,0.0,0,0,2,2,0,F,38,1.0,0.0,0.0,0,0,0,0,Asia
CUST_01311,2024-07-07,2024-11-12,2024-11-04,2025-02-10,98,218,0,False,1,0.0,0.0,0.0,0.0,0.0,0.0,0.0,0.0,0.0,0.0,2,4,2.0,1268.63,317.1575,0.0,0.0,615.82,652.81,0.0,0,0,2,2,0,F,64,1.0,0.0,0.0,0,0,0,0,Asia
CUST_01324,2024-07-11,2024-11-12,2024-11-08,2024-12-22,44,164,1,True,1,0.0,1.0,0.0,0.0,1.0,0.0,0.0,0.0,0.0,0.0,2,7,3.5,2801.85,403.3245833333333,2801.85,0.0,0.0,0.0,0.0,7,0,0,0,0,M,56,0.0,1.0,0.0,0,0,0,0,Europe
CUST_01337,2024-06-15,2024-11-12,2024-10-13,2025-02-10,120,240,0,False,1,0.0,0.0,0.0,0.0,0.0,0.0,0.0,0.0,0.0,0.0,1,1,1.0,1766.88,1766.88,0.0,0.0,0.0,0.0,1766.88,0,0,0,0,1,F,50,0.0,0.0,1.0,0,0,0,0,North America
CUST_01362,2024-07-07,2024-11-12,2024-11-04,2024-11-22,18,138,1,True,1,1.0,1.0,0.0,1.0,3.0,0.0,0.0,0.0,0.0,0.0,3,3,1.0,3609.4700000000003,1203.1566666666668,835.5,0.0,1028.64,0.0,1745.33,1,0,1,0,1,F,62,0.0,1.0,0.0,0,0,0,0,Europe
CUST_01367,2024-07-01,2024-11-12,2024-10-29,2024-12-17,49,169,1,True,1,0.0,0.0,0.0,0.0,0.0,0.0,0.0,0.0,0.0,0.0,2,6,3.0,2231.96,371.99333333333334,0.0,2231.96,0.0,0.0,0.0,0,6,0,0,0,F,53,0.0,1.0,0.0,0,0,0,0,Europe
CUST_01369,2024-06-06,2024-11-12,2024-10-04,2025-02-10,129,249,0,False,1,0.0,0.0,0.0,0.0,0.0,0.0,0.0,0.0,0.0,0.0,1,2,2.0,808.98,404.49,0.0,0.0,808.98,0.0,0.0,0,0,2,0,0,M,30,0.0,1.0,0.0,0,0,0,0,Europe
CUST_01374,2024-06-17,2024-11-12,2024-10-15,2025-02-10,118,238,0,False,1,0.0,0.0,0.0,0.0,0.0,0.0,0.0,0.0,0.0,0.0,1,2,2.0,509.28,254.64,0.0,0.0,0.0,0.0,509.28,0,0,0,0,2,M,40,0.0,1.0,0.0,0,0,0,0,Europe
CUST_01385,2024-06-27,2024-11-12,2024-10-25,2025-02-10,108,228,0,False,0,0.0,0.0,0.0,0.0,0.0,0.0,0.0,0.0,0.0,0.0,1,1,1.0,1559.57,1559.57,0.0,0.0,0.0,1559.57,0.0,0,0,0,1,0,F,67,0.0,0.0,1.0,0,0,0,0,North America
CUST_01402,2024-07-12,2024-11-12,2024-11-09,2025-02-10,93,213,0,False,1,0.0,0.0,0.0,0.0,0.0,0.0,0.0,0.0,0.0,0.0,2,3,1.5,1126.26,352.07500000000005,0.0,0.0,0.0,0.0,1126.26,0,0,0,0,3,M,49,0.0,1.0,0.0,0,0,0,0,Europe
CUST_01417,2024-06-19,2024-11-12,2024-10-17,2025-02-10,116,236,0,False,1,0.0,0.0,0.0,0.0,0.0,0.0,0.0,0.0,0.0,0.0,1,2,2.0,245.61,122.805,0.0,0.0,0.0,245.61,0.0,0,0,0,2,0,Other,43,0.0,1.0,0.0,0,0,0,0,Europe
CUST_01439,2024-06-15,2024-11-12,2024-10-13,2025-02-10,120,240,0,False,1,0.0,0.0,0.0,0.0,0.0,0.0,0.0,0.0,0.0,0.0,1,1,1.0,1700.99,1700.99,0.0,0.0,1700.99,0.0,0.0,0,0,1,0,0,F,75,0.0,0.0,1.0,0,0,0,0,North America
CUST_01457,2024-07-10,2024-11-12,2024-11-07,2025-02-10,95,215,0,False,1,0.0,0.0,0.0,0.0,0.0,0.0,0.0,0.0,0.0,0.0,1,1,1.0,698.33,698.33,0.0,0.0,698.33,0.0,0.0,0,0,1,0,0,M,75,0.0,1.0,0.0,0,0,0,0,Europe
CUST_01464,2024-07-12,2024-11-12,2024-11-09,2025-02-10,93,213,0,False,1,0.0,0.0,0.0,0.0,0.0,0.0,0.0,0.0,0.0,0.0,2,2,1.0,2290.47,1145.235,1283.12,0.0,0.0,0.0,1007.35,1,0,0,0,1,F,48,1.0,0.0,0.0,0,0,0,0,Asia
CUST_01494,2024-06-13,2024-11-12,2024-10-11,2025-02-10,122,242,0,False,1,0.0,0.0,0.0,0.0,0.0,0.0,0.0,0.0,0.0,0.0,1,2,2.0,1183.4,591.7,0.0,0.0,1183.4,0.0,0.0,0,0,2,0,0,F,73,1.0,0.0,0.0,0,0,0,0,Asia
CUST_01495,2024-06-29,2024-11-12,2024-10-27,2025-02-10,106,226,0,False,1,0.0,0.0,0.0,0.0,0.0,0.0,0.0,0.0,0.0,0.0,1,1,1.0,1308.21,1308.21,0.0,0.0,1308.21,0.0,0.0,0,0,1,0,0,M,52,0.0,0.0,1.0,0,0,0,0,North America
CUST_01505,2024-06-03,2024-11-12,2024-10-01,2025-02-10,132,252,0,False,1,0.0,0.0,0.0,0.0,0.0,0.0,0.0,0.0,0.0,0.0,1,1,1.0,356.49,356.49,356.49,0.0,0.0,0.0,0.0,1,0,0,0,0,M,29,0.0,0.0,1.0,0,0,0,0,North America
CUST_01517,2024-06-06,2024-11-12,2024-10-04,2024-12-26,83,203,1,True,1,0.0,0.0,2.0,2.0,4.0,0.0,0.0,0.0,0.0,0.0,2,4,2.0,1945.21,486.3025,0.0,937.67,0.0,0.0,1007.54,0,2,0,0,2,M,24,1.0,0.0,0.0,0,0,0,0,Asia
CUST_01521,2024-06-07,2024-11-12,2024-10-05,2025-02-10,128,248,0,False,1,0.0,0.0,0.0,0.0,0.0,0.0,0.0,0.0,0.0,0.0,1,2,2.0,1736.56,868.28,0.0,0.0,0.0,1736.56,0.0,0,0,0,2,0,M,62,1.0,0.0,0.0,0,0,0,0,Asia
CUST_01549,2024-06-02,2024-11-12,2024-09-30,2025-02-10,133,253,0,False,1,0.0,0.0,0.0,0.0,0.0,0.0,0.0,0.0,0.0,0.0,1,2,2.0,272.06,136.03,0.0,0.0,272.06,0.0,0.0,0,0,2,0,0,F,64,1.0,0.0,0.0,0,0,0,0,Asia
CUST_01559,2024-06-25,2024-11-12,2024-10-23,2025-02-10,110,230,0,False,1,0.0,0.0,0.0,0.0,0.0,0.0,0.0,0.0,0.0,0.0,2,6,3.0,1328.77,221.46166666666667,0.0,0.0,0.0,1328.77,0.0,0,0,0,6,0,M,41,1.0,0.0,0.0,0,0,0,0,Asia
CUST_01561,2024-07-08,2024-11-12,2024-11-05,2024-12-13,38,158,1,True,1,0.0,0.0,0.0,0.0,0.0,0.0,0.0,0.0,0.0,0.0,2,4,2.0,579.5,145.60666666666668,579.5,0.0,0.0,0.0,0.0,4,0,0,0,0,M,54,0.0,1.0,0.0,0,0,0,0,Europe
CUST_01575,2024-06-13,2024-11-12,2024-10-11,2024-11-24,44,164,1,True,1,1.0,1.0,2.0,0.0,4.0,0.0,0.0,0.0,0.0,0.0,2,3,1.5,1144.17,431.0475,0.0,0.0,580.02,564.15,0.0,0,0,1,2,0,F,67,0.0,1.0,0.0,0,0,0,0,Europe
CUST_01578,2024-06-30,2024-11-12,2024-10-28,2025-02-10,105,225,0,False,1,0.0,0.0,0.0,0.0,0.0,0.0,0.0,0.0,0.0,0.0,2,3,1.5,2472.48,766.8199999999999,0.0,2472.48,0.0,0.0,0.0,0,3,0,0,0,Other,31,1.0,0.0,0.0,0,0,0,0,Asia
CUST_01579,2024-07-08,2024-11-12,2024-11-05,2025-02-10,97,217,0,False,1,0.0,0.0,0.0,0.0,0.0,0.0,0.0,0.0,0.0,0.0,2,4,2.0,1480.9,422.9,528.25,952.65,0.0,0.0,0.0,1,3,0,0,0,M,51,0.0,1.0,0.0,0,0,0,0,Europe
CUST_01583,2024-07-10,2024-11-12,2024-11-07,2025-02-10,95,215,0,False,1,0.0,0.0,0.0,0.0,0.0,0.0,0.0,0.0,0.0,0.0,1,3,3.0,1390.61,463.53666666666663,0.0,0.0,0.0,1390.61,0.0,0,0,0,3,0,F,54,0.0,0.0,1.0,0,0,0,0,North America
CUST_01591,2024-06-10,2024-11-12,2024-10-08,2024-12-06,59,179,1,True,1,0.0,2.0,1.0,0.0,3.0,0.0,0.0,0.0,0.0,0.0,2,4,2.0,1433.9699999999998,340.2783333333333,1130.12,303.85,0.0,0.0,0.0,3,1,0,0,0,F,53,0.0,1.0,0.0,0,0,0,0,Europe
CUST_01595,2024-06-17,2024-11-12,2024-10-15,2025-02-10,118,238,0,False,0,0.0,0.0,0.0,0.0,0.0,0.0,0.0,0.0,0.0,0.0,1,2,2.0,412.25,206.125,412.25,0.0,0.0,0.0,0.0,2,0,0,0,0,F,58,0.0,1.0,0.0,0,0,0,0,Europe
CUST_01608,2024-06-14,2024-11-12,2024-10-12,2025-02-10,121,241,0,False,1,0.0,0.0,0.0,0.0,0.0,0.0,0.0,0.0,0.0,0.0,1,1,1.0,624.49,624.49,0.0,0.0,0.0,0.0,624.49,0,0,0,0,1,F,23,1.0,0.0,0.0,0,0,0,0,Asia
CUST_01610,2024-06-27,2024-11-12,2024-10-25,2025-02-10,108,228,0,False,1,0.0,0.0,0.0,0.0,0.0,0.0,0.0,0.0,0.0,0.0,1,3,3.0,500.17,166.72333333333333,0.0,0.0,0.0,0.0,500.17,0,0,0,0,3,F,54,1.0,0.0,0.0,0,0,0,0,Asia
CUST_01614,2024-07-05,2024-11-12,2024-11-02,2025-02-10,100,220,0,False,1,0.0,0.0,0.0,0.0,0.0,0.0,0.0,0.0,0.0,0.0,2,2,1.0,3222.09,1611.045,0.0,0.0,1243.99,1978.1,0.0,0,0,1,1,0,M,70,0.0,1.0,0.0,0,0,0,0,Europe
CUST_01622,2024-07-13,2024-11-12,2024-11-10,2024-11-26,16,136,1,True,0,0.0,0.0,2.0,2.0,4.0,0.0,0.0,0.0,0.0,0.0,2,3,1.5,2389.17,705.5725,0.0,0.0,0.0,433.12,1956.05,0,0,0,1,2,M,66,0.0,1.0,0.0,0,0,0,0,Europe
CUST_01641,2024-06-15,2024-11-12,2024-10-13,2024-11-25,43,163,1,True,1,0.0,0.0,0.0,0.0,0.0,0.0,0.0,0.0,0.0,0.0,2,5,2.5,993.2,220.91500000000002,664.58,0.0,0.0,0.0,328.62,2,0,0,0,3,M,36,0.0,1.0,0.0,0,0,0,0,Europe
CUST_01644,2024-06-10,2024-11-12,2024-10-08,2025-02-10,125,245,0,False,1,0.0,0.0,0.0,0.0,0.0,0.0,0.0,0.0,0.0,0.0,1,2,2.0,454.36,227.18,0.0,454.36,0.0,0.0,0.0,0,2,0,0,0,F,27,1.0,0.0,0.0,0,0,0,0,Asia
CUST_01645,2024-07-02,2024-11-12,2024-10-30,2025-02-10,103,223,0,False,1,0.0,0.0,0.0,0.0,0.0,0.0,0.0,0.0,0.0,0.0,1,1,1.0,228.38,228.38,0.0,0.0,0.0,0.0,228.38,0,0,0,0,1,F,37,0.0,1.0,0.0,0,0,0,0,Europe
CUST_01661,2024-07-01,2024-11-12,2024-10-29,2025-02-10,104,224,0,False,0,0.0,0.0,0.0,0.0,0.0,0.0,0.0,0.0,0.0,0.0,1,2,2.0,739.76,369.88,0.0,0.0,739.76,0.0,0.0,0,0,2,0,0,M,41,0.0,1.0,0.0,0,0,0,0,Europe
CUST_01665,2024-06-16,2024-11-12,2024-10-14,2025-02-10,119,239,0,False,1,0.0,0.0,0.0,0.0,0.0,0.0,0.0,0.0,0.0,0.0,1,2,2.0,1809.9,904.95,0.0,0.0,0.0,1809.9,0.0,0,0,0,2,0,M,31,0.0,0.0,1.0,0,0,0,0,North America
CUST_01667,2024-06-17,2024-11-12,2024-10-15,2025-02-10,118,238,0,False,1,0.0,0.0,0.0,0.0,0.0,0.0,0.0,0.0,0.0,0.0,2,2,1.0,1533.57,766.785,1323.31,210.26,0.0,0.0,0.0,1,1,0,0,0,M,42,0.0,1.0,0.0,0,0,0,0,Europe
CUST_01673,2024-06-08,2024-11-12,2024-10-06,2025-02-10,127,247,0,False,1,0.0,0.0,0.0,0.0,0.0,0.0,0.0,0.0,0.0,0.0,1,3,3.0,169.6,56.53333333333333,0.0,169.6,0.0,0.0,0.0,0,3,0,0,0,F,67,1.0,0.0,0.0,0,0,0,0,Asia
CUST_01692,2024-06-25,2024-11-12,2024-10-23,2024-11-16,24,144,1,True,0,0.0,2.0,1.0,0.0,3.0,0.0,0.0,0.0,0.0,0.0,2,3,1.5,1361.55,643.9775,0.0,1214.36,0.0,147.19,0.0,0,1,0,2,0,M,42,1.0,0.0,0.0,0,0,0,0,Asia
CUST_01704,2024-06-24,2024-11-12,2024-10-22,2024-12-28,67,187,1,True,1,0.0,0.0,0.0,1.0,1.0,0.0,0.0,0.0,0.0,0.0,2,4,2.0,2904.11,1046.4116666666666,0.0,0.0,0.0,2904.11,0.0,0,0,0,4,0,F,60,0.0,1.0,0.0,0,0,0,0,Europe
CUST_01738,2024-06-23,2024-11-12,2024-10-21,2025-02-10,112,232,0,False,1,0.0,0.0,0.0,0.0,0.0,0.0,0.0,0.0,0.0,0.0,1,1,1.0,152.74,152.74,0.0,0.0,0.0,152.74,0.0,0,0,0,1,0,M,61,0.0,1.0,0.0,0,0,0,0,Europe
CUST_01741,2024-07-04,2024-11-12,2024-11-01,2025-02-10,101,221,0,False,1,0.0,0.0,0.0,0.0,0.0,0.0,0.0,0.0,0.0,0.0,2,5,2.5,3399.29,728.0616666666667,0.0,0.0,0.0,1461.13,1938.16,0,0,0,3,2,M,67,0.0,0.0,1.0,0,0,0,0,North America
CUST_01763,2024-07-01,2024-11-12,2024-10-29,2025-02-10,104,224,0,False,1,0.0,0.0,0.0,0.0,0.0,0.0,0.0,0.0,0.0,0.0,1,4,4.0,725.3,181.325,0.0,0.0,0.0,725.3,0.0,0,0,0,4,0,M,31,0.0,1.0,0.0,0,0,0,0,Europe
CUST_01789,2024-06-15,2024-11-12,2024-10-13,2024-12-20,68,188,1,True,1,0.0,1.0,2.0,0.0,3.0,0.0,0.0,1.0,0.0,1.0,2,5,2.5,2099.08,384.79166666666663,0.0,0.0,1679.74,0.0,419.34,0,0,3,0,2,M,41,0.0,1.0,0.0,0,0,0,0,Europe
CUST_01812,2024-06-19,2024-11-12,2024-10-17,2025-02-10,116,236,0,False,1,0.0,0.0,0.0,0.0,0.0,0.0,0.0,0.0,0.0,0.0,1,1,1.0,1648.89,1648.89,0.0,0.0,0.0,1648.89,0.0,0,0,0,1,0,M,46,1.0,0.0,0.0,0,0,0,0,Asia
CUST_01815,2024-06-07,2024-11-12,2024-10-05,2024-12-08,64,184,1,True,0,1.0,0.0,1.0,0.0,2.0,0.0,0.0,0.0,0.0,0.0,2,5,2.5,3056.9300000000003,659.445,0.0,1799.48,1257.45,0.0,0.0,0,2,3,0,0,M,56,0.0,1.0,0.0,0,0,0,0,Europe
CUST_01817,2024-07-07,2024-11-12,2024-11-04,2025-02-10,98,218,0,False,1,0.0,0.0,0.0,0.0,0.0,0.0,0.0,0.0,0.0,0.0,1,1,1.0,1514.83,1514.83,0.0,1514.83,0.0,0.0,0.0,0,1,0,0,0,F,75,1.0,0.0,0.0,0,0,0,0,Asia
CUST_01820,2024-06-22,2024-11-12,2024-10-20,2025-02-10,113,233,0,False,1,0.0,0.0,0.0,0.0,0.0,0.0,0.0,0.0,0.0,0.0,1,2,2.0,164.3,82.15,0.0,0.0,0.0,0.0,164.3,0,0,0,0,2,M,73,1.0,0.0,0.0,0,0,0,0,Asia
CUST_01823,2024-07-05,2024-11-12,2024-11-02,2024-12-05,33,153,1,True,1,0.0,0.0,0.0,1.0,1.0,0.0,0.0,0.0,0.0,0.0,3,4,1.3333333333333333,2339.0,561.9983333333333,720.46,0.0,0.0,1306.01,312.53,1,0,0,2,1,M,46,0.0,1.0,0.0,0,0,0,0,Europe
CUST_01829,2024-07-05,2024-11-12,2024-11-02,2025-02-10,100,220,0,False,1,0.0,0.0,0.0,0.0,0.0,0.0,0.0,0.0,0.0,0.0,1,2,2.0,1010.72,505.36,0.0,1010.72,0.0,0.0,0.0,0,2,0,0,0,M,28,0.0,0.0,1.0,0,0,0,0,North America
CUST_01835,2024-06-28,2024-11-12,2024-10-26,2025-02-10,107,227,0,False,0,0.0,0.0,0.0,0.0,0.0,0.0,0.0,0.0,0.0,0.0,1,1,1.0,1321.99,1321.99,0.0,0.0,1321.99,0.0,0.0,0,0,1,0,0,F,61,1.0,0.0,0.0,0,0,0,0,Asia
CUST_01838,2024-07-11,2024-11-12,2024-11-08,2025-02-10,94,214,0,False,1,0.0,0.0,0.0,0.0,0.0,0.0,0.0,0.0,0.0,0.0,2,3,1.5,2334.4300000000003,923.2225000000001,2334.4300000000003,0.0,0.0,0.0,0.0,3,0,0,0,0,M,72,0.0,1.0,0.0,0,0,0,0,Europe
CUST_01861,2024-06-26,2024-11-12,2024-10-24,2025-02-10,109,229,0,False,1,0.0,0.0,0.0,0.0,0.0,0.0,0.0,0.0,0.0,0.0,1,2,2.0,386.85,193.425,0.0,0.0,386.85,0.0,0.0,0,0,2,0,0,F,30,0.0,1.0,0.0,0,0,0,0,Europe
CUST_01868,2024-07-13,2024-11-12,2024-11-10,2024-12-19,39,159,1,True,0,1.0,0.0,0.0,0.0,1.0,0.0,0.0,0.0,0.0,0.0,2,8,4.0,1135.24,141.905,0.0,0.0,0.0,0.0,1135.24,0,0,0,0,8,F,73,1.0,0.0,0.0,0,0,0,0,Asia
CUST_01913,2024-07-14,2024-11-12,2024-11-11,2025-02-10,91,211,0,False,1,0.0,0.0,0.0,0.0,0.0,0.0,0.0,0.0,0.0,0.0,1,3,3.0,1962.19,654.0633333333334,0.0,0.0,0.0,1962.19,0.0,0,0,0,3,0,M,71,0.0,1.0,0.0,0,0,0,0,Europe
CUST_01915,2024-06-07,2024-11-12,2024-10-05,2025-02-10,128,248,0,False,1,0.0,0.0,0.0,0.0,0.0,0.0,0.0,0.0,0.0,0.0,1,3,3.0,1386.94,462.31333333333333,1386.94,0.0,0.0,0.0,0.0,3,0,0,0,0,M,42,1.0,0.0,0.0,0,0,0,0,Asia
CUST_01929,2024-07-03,2024-11-12,2024-10-31,2024-11-20,20,140,1,True,1,0.0,0.0,0.0,0.0,0.0,0.0,0.0,0.0,0.0,0.0,2,3,1.5,2205.37,655.54,416.79,1788.58,0.0,0.0,0.0,1,2,0,0,0,M,71,0.0,1.0,0.0,0,0,0,0,Europe
CUST_01933,2024-07-05,2024-11-12,2024-11-02,2025-02-10,100,220,0,False,1,0.0,0.0,0.0,0.0,0.0,0.0,0.0,0.0,0.0,0.0,2,5,2.5,797.49,156.10416666666669,519.22,278.27,0.0,0.0,0.0,3,2,0,0,0,F,36,0.0,1.0,0.0,0,0,0,0,Europe
CUST_01940,2024-06-30,2024-11-12,2024-10-28,2024-12-31,64,184,1,True,1,0.0,0.0,0.0,0.0,0.0,0.0,0.0,0.0,0.0,0.0,2,4,2.0,777.83,229.02833333333336,0.0,479.66,298.17,0.0,0.0,0,3,1,0,0,M,42,1.0,0.0,0.0,0,0,0,0,Asia
CUST_01947,2024-07-06,2024-11-12,2024-11-03,2024-11-30,27,147,1,True,1,0.0,0.0,1.0,0.0,1.0,0.0,0.0,0.0,0.0,0.0,3,8,2.6666666666666665,3270.35,374.28361111111116,0.0,1968.23,0.0,1302.12,0.0,0,4,0,4,0,F,52,1.0,0.0,0.0,0,0,0,0,Asia
CUST_01948,2024-06-01,2024-11-12,2024-09-29,2025-02-10,134,254,0,False,1,0.0,0.0,0.0,0.0,0.0,0.0,0.0,0.0,0.0,0.0,1,1,1.0,1781.29,1781.29,0.0,1781.29,0.0,0.0,0.0,0,1,0,0,0,M,57,0.0,1.0,0.0,0,0,0,0,Europe
CUST_01970,2024-06-19,2024-11-12,2024-10-17,2024-12-24,68,188,1,True,1,0.0,0.0,0.0,0.0,0.0,0.0,0.0,0.0,0.0,0.0,2,2,1.0,1675.12,837.56,474.0,1201.12,0.0,0.0,0.0,1,1,0,0,0,M,53,1.0,0.0,0.0,0,0,0,0,Asia
CUST_01973,2024-07-10,2024-11-12,2024-11-07,2024-11-20,13,133,1,True,1,0.0,0.0,0.0,0.0,0.0,0.0,0.0,0.0,0.0,0.0,2,5,2.5,733.76,280.93,0.0,0.0,0.0,733.76,0.0,0,0,0,5,0,Other,44,1.0,0.0,0.0,0,0,0,0,Asia
CUST_01998,2024-06-02,2024-11-12,2024-09-30,2025-02-10,133,253,0,False,1,0.0,0.0,0.0,0.0,0.0,0.0,0.0,0.0,0.0,0.0,1,2,2.0,415.03,207.515,0.0,415.03,0.0,0.0,0.0,0,2,0,0,0,F,52,0.0,1.0,0.0,0,0,0,0,Europe
CUST_02014,2024-06-18,2024-11-12,2024-10-16,2024-12-28,73,193,1,True,1,0.0,0.0,2.0,0.0,2.0,0.0,0.0,0.0,0.0,0.0,3,4,1.3333333333333333,2476.49,785.805,0.0,470.9,238.15,0.0,1767.44,0,1,2,0,1,F,47,0.0,0.0,1.0,0,0,0,0,North America
CUST_02017,2024-06-07,2024-11-12,2024-10-05,2025-02-10,128,248,0,False,1,0.0,0.0,0.0,0.0,0.0,0.0,0.0,0.0,0.0,0.0,1,4,4.0,251.71,62.9275,0.0,0.0,0.0,251.71,0.0,0,0,0,4,0,F,56,0.0,1.0,0.0,0,0,0,0,Europe
CUST_02020,2024-06-18,2024-11-12,2024-10-16,2025-02-10,117,237,0,False,1,0.0,0.0,0.0,0.0,0.0,0.0,0.0,0.0,0.0,0.0,1,2,2.0,1968.49,984.245,0.0,0.0,0.0,0.0,1968.49,0,0,0,0,2,F,26,0.0,0.0,1.0,0,0,0,0,North America
CUST_02026,2024-06-16,2024-11-12,2024-10-14,2025-02-10,119,239,0,False,1,0.0,0.0,0.0,0.0,0.0,0.0,0.0,0.0,0.0,0.0,1,2,2.0,1674.7,837.35,0.0,0.0,1674.7,0.0,0.0,0,0,2,0,0,M,59,1.0,0.0,0.0,0,0,0,0,Asia
CUST_02039,2024-07-09,2024-11-12,2024-11-06,2024-12-02,26,146,1,True,1,0.0,1.0,0.0,1.0,2.0,0.0,0.0,0.0,0.0,0.0,2,4,2.0,2229.3599999999997,557.3399999999999,2229.3599999999997,0.0,0.0,0.0,0.0,4,0,0,0,0,F,41,1.0,0.0,0.0,0,0,0,0,Asia
CUST_02048,2024-06-24,2024-11-12,2024-10-22,2024-12-25,64,184,1,True,1,1.0,0.0,0.0,1.0,2.0,0.0,0.0,0.0,0.0,0.0,2,2,1.0,2113.66,1056.83,0.0,675.79,0.0,0.0,1437.87,0,1,0,0,1,M,61,0.0,1.0,0.0,0,0,0,0,Europe
CUST_02070,2024-06-06,2024-11-12,2024-10-04,2025-02-10,129,249,0,False,1,0.0,0.0,0.0,0.0,0.0,0.0,0.0,0.0,0.0,0.0,1,5,5.0,397.23,79.446,0.0,0.0,397.23,0.0,0.0,0,0,5,0,0,M,44,1.0,0.0,0.0,0,0,0,0,Asia
CUST_02073,2024-06-18,2024-11-12,2024-10-16,2025-02-10,117,237,0,False,1,0.0,0.0,0.0,0.0,0.0,0.0,0.0,0.0,0.0,0.0,1,2,2.0,1426.69,713.345,0.0,0.0,1426.69,0.0,0.0,0,0,2,0,0,M,62,0.0,0.0,1.0,0,0,0,0,North America
CUST_02083,2024-06-11,2024-11-12,2024-10-09,2025-02-10,124,244,0,False,1,0.0,0.0,0.0,0.0,0.0,0.0,0.0,0.0,0.0,0.0,1,1,1.0,1680.09,1680.09,0.0,0.0,0.0,1680.09,0.0,0,0,0,1,0,M,55,0.0,0.0,1.0,0,0,0,0,North America
CUST_02084,2024-06-29,2024-11-12,2024-10-27,2024-12-10,44,164,1,True,1,0.0,1.0,1.0,0.0,2.0,0.0,0.0,0.0,0.0,0.0,2,3,1.5,1466.0300000000002,623.7325000000001,0.0,0.0,0.0,437.13,1028.9,0,0,0,2,1,F,29,0.0,0.0,1.0,0,0,0,0,North America
CUST_02091,2024-06-24,2024-11-12,2024-10-22,2025-02-10,111,231,0,False,0,0.0,0.0,0.0,0.0,0.0,0.0,0.0,0.0,0.0,0.0,2,3,1.5,2369.55,685.49,1997.14,0.0,0.0,372.41,0.0,2,0,0,1,0,M,73,0.0,0.0,1.0,0,0,0,0,North America
CUST_02164,2024-06-05,2024-11-12,2024-10-03,2025-02-10,130,250,0,False,0,0.0,0.0,0.0,0.0,0.0,0.0,0.0,0.0,0.0,0.0,1,2,2.0,468.6,234.3,0.0,0.0,0.0,468.6,0.0,0,0,0,2,0,M,35,1.0,0.0,0.0,0,0,0,0,Asia
CUST_02177,2024-06-29,2024-11-12,2024-10-27,2025-02-10,106,226,0,False,0,0.0,0.0,0.0,0.0,0.0,0.0,0.0,0.0,0.0,0.0,1,2,2.0,1344.32,672.16,0.0,0.0,0.0,0.0,1344.32,0,0,0,0,2,M,22,0.0,1.0,0.0,0,0,0,0,Europe
CUST_02180,2024-06-26,2024-11-12,2024-10-24,2025-02-10,109,229,0,False,1,0.0,0.0,0.0,0.0,0.0,0.0,0.0,0.0,0.0,0.0,1,1,1.0,968.96,968.96,0.0,968.96,0.0,0.0,0.0,0,1,0,0,0,M,56,1.0,0.0,0.0,0,0,0,0,Asia
CUST_02185,2024-06-02,2024-11-12,2024-09-30,2025-02-10,133,253,0,False,1,0.0,0.0,0.0,0.0,0.0,0.0,0.0,0.0,0.0,0.0,1,1,1.0,302.76,302.76,302.76,0.0,0.0,0.0,0.0,1,0,0,0,0,M,26,0.0,0.0,1.0,0,0,0,0,North America
CUST_02192,2024-06-06,2024-11-12,2024-10-04,2024-12-07,64,184,1,True,1,0.0,0.0,1.0,0.0,1.0,0.0,0.0,0.0,0.0,0.0,3,6,2.0,3861.7200000000003,811.0255555555556,1555.42,0.0,653.34,1652.96,0.0,1,0,2,3,0,F,46,1.0,0.0,0.0,0,0,0,0,Asia
CUST_02210,2024-06-14,2024-11-12,2024-10-12,2025-02-10,121,241,0,False,1,0.0,0.0,0.0,0.0,0.0,0.0,0.0,0.0,0.0,0.0,1,2,2.0,977.7,488.85,0.0,0.0,977.7,0.0,0.0,0,0,2,0,0,M,27,0.0,1.0,0.0,0,0,0,0,Europe
CUST_02217,2024-07-13,2024-11-12,2024-11-10,2024-12-08,28,148,1,True,1,1.0,0.0,1.0,0.0,2.0,0.0,0.0,0.0,0.0,0.0,2,5,2.5,2519.27,572.3608333333333,1829.79,0.0,0.0,0.0,689.48,2,0,0,0,3,F,67,0.0,1.0,0.0,0,0,0,0,Europe
CUST_02219,2024-06-28,2024-11-12,2024-10-26,2025-02-10,107,227,0,False,1,0.0,0.0,0.0,0.0,0.0,0.0,0.0,0.0,0.0,0.0,1,1,1.0,1861.06,1861.06,1861.06,0.0,0.0,0.0,0.0,1,0,0,0,0,M,45,0.0,1.0,0.0,0,0,0,0,Europe
CUST_02226,2024-07-03,2024-11-12,2024-10-31,2025-02-10,102,222,0,False,1,0.0,0.0,0.0,0.0,0.0,0.0,0.0,0.0,0.0,0.0,1,1,1.0,1621.3,1621.3,1621.3,0.0,0.0,0.0,0.0,1,0,0,0,0,M,26,0.0,0.0,1.0,0,0,0,0,North America
CUST_02230,2024-06-13,2024-11-12,2024-10-11,2025-02-10,122,242,0,False,1,0.0,0.0,0.0,0.0,0.0,0.0,0.0,0.0,0.0,0.0,1,3,3.0,686.66,228.88666666666666,0.0,0.0,0.0,0.0,686.66,0,0,0,0,3,M,69,0.0,1.0,0.0,0,0,0,0,Europe
CUST_02232,2024-06-26,2024-11-12,2024-10-24,2025-02-10,109,229,0,False,1,0.0,0.0,0.0,0.0,0.0,0.0,0.0,0.0,0.0,0.0,1,1,1.0,296.68,296.68,0.0,0.0,0.0,296.68,0.0,0,0,0,1,0,M,56,0.0,0.0,1.0,0,0,0,0,North America
CUST_02272,2024-06-11,2024-11-12,2024-10-09,2025-02-10,124,244,0,False,1,0.0,0.0,0.0,0.0,0.0,0.0,0.0,0.0,0.0,0.0,2,3,1.5,1294.25,350.15999999999997,0.0,0.0,0.0,106.39,1187.86,0,0,0,1,2,Other,35,0.0,1.0,0.0,0,0,0,0,Europe
CUST_02282,2024-06-16,2024-11-12,2024-10-14,2025-02-10,119,239,0,False,1,0.0,0.0,0.0,0.0,0.0,0.0,0.0,0.0,0.0,0.0,1,3,3.0,1396.91,465.6366666666667,1396.91,0.0,0.0,0.0,0.0,3,0,0,0,0,M,69,0.0,1.0,0.0,0,0,0,0,Europe
CUST_02299,2024-06-02,2024-11-12,2024-09-30,2024-11-13,44,164,1,True,1,1.0,1.0,1.0,0.0,3.0,0.0,0.0,1.0,0.0,1.0,2,6,3.0,1725.5800000000002,287.5966666666667,677.45,1048.13,0.0,0.0,0.0,3,3,0,0,0,F,44,1.0,0.0,0.0,0,0,0,0,Asia
CUST_02301,2024-06-17,2024-11-12,2024-10-15,2025-02-10,118,238,0,False,1,0.0,0.0,0.0,0.0,0.0,0.0,0.0,0.0,0.0,0.0,1,2,2.0,339.92,169.96,0.0,0.0,0.0,339.92,0.0,0,0,0,2,0,M,40,0.0,1.0,0.0,0,0,0,0,Europe
CUST_02316,2024-06-27,2024-11-12,2024-10-25,2024-11-27,33,153,1,True,1,0.0,0.0,1.0,0.0,1.0,0.0,0.0,0.0,0.0,0.0,4,11,2.75,4567.5599999999995,507.56475,0.0,1091.33,1655.78,0.0,1820.45,0,2,2,0,7,M,73,0.0,1.0,0.0,0,0,0,0,Europe
CUST_02319,2024-07-13,2024-11-12,2024-11-10,2024-12-04,24,144,1,True,1,0.0,1.0,0.0,0.0,1.0,0.0,0.0,0.0,0.0,0.0,2,3,1.5,2939.69,1195.995,1844.29,0.0,1095.4,0.0,0.0,1,0,2,0,0,F,36,0.0,1.0,0.0,0,0,0,0,Europe
CUST_02327,2024-06-12,2024-11-12,2024-10-10,2025-02-10,123,243,0,False,1,0.0,0.0,0.0,0.0,0.0,0.0,0.0,0.0,0.0,0.0,1,2,2.0,1405.09,702.545,1405.09,0.0,0.0,0.0,0.0,2,0,0,0,0,M,28,0.0,1.0,0.0,0,0,0,0,Europe
CUST_02350,2024-06-02,2024-11-12,2024-09-30,2025-02-10,133,253,0,False,1,0.0,0.0,0.0,0.0,0.0,0.0,0.0,0.0,0.0,0.0,1,2,2.0,1285.34,642.67,0.0,0.0,0.0,1285.34,0.0,0,0,0,2,0,F,59,1.0,0.0,0.0,0,0,0,0,Asia
CUST_02358,2024-07-14,2024-11-12,2024-11-11,2025-02-10,91,211,0,False,1,0.0,0.0,0.0,0.0,0.0,0.0,0.0,0.0,0.0,0.0,3,4,1.3333333333333333,4033.21,1016.1766666666667,178.72,1885.13,0.0,1969.36,0.0,1,1,0,2,0,F,36,0.0,1.0,0.0,0,0,0,0,Europe
CUST_02359,2024-06-22,2024-11-12,2024-10-20,2025-02-10,113,233,0,False,1,0.0,0.0,0.0,0.0,0.0,0.0,0.0,0.0,0.0,0.0,1,3,3.0,895.35,298.45,895.35,0.0,0.0,0.0,0.0,3,0,0,0,0,F,64,1.0,0.0,0.0,0,0,0,0,Asia
CUST_02389,2024-06-01,2024-11-12,2024-09-29,2024-11-29,61,181,1,True,1,1.0,0.0,0.0,0.0,1.0,1.0,0.0,0.0,0.0,1.0,2,3,1.5,2146.3,931.38,0.0,0.0,0.0,567.08,1579.22,0,0,0,2,1,F,29,0.0,1.0,0.0,0,0,0,0,Europe
CUST_02391,2024-06-02,2024-11-12,2024-09-30,2024-12-28,89,209,1,True,1,0.0,0.0,0.0,0.0,0.0,0.0,0.0,0.0,0.0,0.0,2,6,3.0,2110.14,460.30999999999995,0.0,1572.34,0.0,0.0,537.8,0,2,0,0,4,M,64,0.0,1.0,0.0,0,0,0,0,Europe
CUST_02409,2024-06-06,2024-11-12,2024-10-04,2025-02-10,129,249,0,False,1,0.0,0.0,0.0,0.0,0.0,0.0,0.0,0.0,0.0,0.0,1,1,1.0,636.01,636.01,0.0,636.01,0.0,0.0,0.0,0,1,0,0,0,F,47,0.0,1.0,0.0,0,0,0,0,Europe
CUST_02410,2024-07-03,2024-11-12,2024-10-31,2025-02-10,102,222,0,False,1,0.0,0.0,0.0,0.0,0.0,0.0,0.0,0.0,0.0,0.0,1,2,2.0,595.59,297.795,595.59,0.0,0.0,0.0,0.0,2,0,0,0,0,M,75,0.0,1.0,0.0,0,0,0,0,Europe
CUST_02413,2024-06-12,2024-11-12,2024-10-10,2024-12-24,75,195,1,True,1,0.0,2.0,2.0,0.0,4.0,0.0,1.0,0.0,0.0,1.0,2,4,2.0,2482.28,684.74,0.0,0.0,0.0,813.08,1669.2,0,0,0,1,3,M,70,1.0,0.0,0.0,0,0,0,0,Asia
CUST_02429,2024-07-05,2024-11-12,2024-11-02,2025-02-10,100,220,0,False,1,0.0,0.0,0.0,0.0,0.0,0.0,0.0,0.0,0.0,0.0,1,2,2.0,976.23,488.115,0.0,0.0,0.0,976.23,0.0,0,0,0,2,0,M,51,0.0,0.0,1.0,0,0,0,0,North America
CUST_02435,2024-07-11,2024-11-12,2024-11-08,2025-02-10,94,214,0,False,1,0.0,0.0,0.0,0.0,0.0,0.0,0.0,0.0,0.0,0.0,1,2,2.0,509.44,254.72,509.44,0.0,0.0,0.0,0.0,2,0,0,0,0,F,33,0.0,1.0,0.0,0,0,0,0,Europe
CUST_02439,2024-06-28,2024-11-12,2024-10-26,2025-02-10,107,227,0,False,1,0.0,0.0,0.0,0.0,0.0,0.0,0.0,0.0,0.0,0.0,1,2,2.0,1511.02,755.51,0.0,0.0,0.0,1511.02,0.0,0,0,0,2,0,F,38,0.0,1.0,0.0,0,0,0,0,Europe
CUST_02445,2024-06-14,2024-11-12,2024-10-12,2025-02-10,121,241,0,False,1,0.0,0.0,0.0,0.0,0.0,0.0,0.0,0.0,0.0,0.0,1,2,2.0,1609.86,804.93,0.0,0.0,0.0,0.0,1609.86,0,0,0,0,2,M,26,1.0,0.0,0.0,0,0,0,0,Asia
CUST_02457,2024-07-02,2024-11-12,2024-10-30,2024-11-25,26,146,1,True,1,1.0,0.0,0.0,1.0,2.0,0.0,0.0,0.0,0.0,0.0,2,3,1.5,3638.01,1402.0275,0.0,3638.01,0.0,0.0,0.0,0,3,0,0,0,F,71,0.0,1.0,0.0,0,0,0,0,Europe
CUST_02509,2024-06-13,2024-11-12,2024-10-11,2025-02-10,122,242,0,False,1,0.0,0.0,0.0,0.0,0.0,0.0,0.0,0.0,0.0,0.0,1,4,4.0,624.21,156.0525,0.0,0.0,0.0,624.21,0.0,0,0,0,4,0,M,65,0.0,0.0,1.0,0,0,0,0,North America
CUST_02510,2024-07-02,2024-11-12,2024-10-30,2025-02-10,103,223,0,False,0,0.0,0.0,0.0,0.0,0.0,0.0,0.0,0.0,0.0,0.0,1,2,2.0,332.63,166.315,332.63,0.0,0.0,0.0,0.0,2,0,0,0,0,M,72,0.0,1.0,0.0,0,0,0,0,Europe
CUST_02511,2024-06-14,2024-11-12,2024-10-12,2025-02-10,121,241,0,False,1,0.0,0.0,0.0,0.0,0.0,0.0,0.0,0.0,0.0,0.0,1,1,1.0,1691.87,1691.87,1691.87,0.0,0.0,0.0,0.0,1,0,0,0,0,F,42,0.0,1.0,0.0,0,0,0,0,Europe
CUST_02524,2024-07-10,2024-11-12,2024-11-07,2025-02-10,95,215,0,False,1,0.0,0.0,0.0,0.0,0.0,0.0,0.0,0.0,0.0,0.0,3,8,2.6666666666666665,1809.37,214.16,0.0,639.44,1169.9299999999998,0.0,0.0,0,3,5,0,0,M,31,0.0,1.0,0.0,0,0,0,0,Europe
CUST_02526,2024-07-08,2024-11-12,2024-11-05,2025-02-10,97,217,0,False,1,0.0,0.0,0.0,0.0,0.0,0.0,0.0,0.0,0.0,0.0,1,3,3.0,595.98,198.66,0.0,595.98,0.0,0.0,0.0,0,3,0,0,0,F,75,1.0,0.0,0.0,0,0,0,0,Asia
CUST_02533,2024-06-12,2024-11-12,2024-10-10,2025-02-10,123,243,0,False,1,0.0,0.0,0.0,0.0,0.0,0.0,0.0,0.0,0.0,0.0,1,1,1.0,1037.8,1037.8,0.0,0.0,1037.8,0.0,0.0,0,0,1,0,0,F,75,0.0,0.0,1.0,0,0,0,0,North America
CUST_02557,2024-06-03,2024-11-12,2024-10-01,2025-02-10,132,252,0,False,1,0.0,0.0,0.0,0.0,0.0,0.0,0.0,0.0,0.0,0.0,1,2,2.0,494.46,247.23,0.0,0.0,0.0,0.0,494.46,0,0,0,0,2,M,67,1.0,0.0,0.0,0,0,0,0,Asia
CUST_02565,2024-06-11,2024-11-12,2024-10-09,2025-02-10,124,244,0,False,1,0.0,0.0,0.0,0.0,0.0,0.0,0.0,0.0,0.0,0.0,1,3,3.0,1328.64,442.88000000000005,1328.64,0.0,0.0,0.0,0.0,3,0,0,0,0,M,48,0.0,1.0,0.0,0,0,0,0,Europe
CUST_02570,2024-06-19,2024-11-12,2024-10-17,2025-02-10,116,236,0,False,1,0.0,0.0,0.0,0.0,0.0,0.0,0.0,0.0,0.0,0.0,3,9,3.0,2656.3900000000003,436.1437777777778,0.0,778.96,0.0,722.54,1154.89,0,1,0,5,3,F,64,0.0,1.0,0.0,0,0,0,0,Europe
CUST_02571,2024-06-20,2024-11-12,2024-10-18,2025-02-10,115,235,0,False,1,0.0,0.0,0.0,0.0,0.0,0.0,0.0,0.0,0.0,0.0,1,2,2.0,1539.91,769.955,0.0,0.0,0.0,1539.91,0.0,0,0,0,2,0,M,71,0.0,1.0,0.0,0,0,0,0,Europe
CUST_02580,2024-06-02,2024-11-12,2024-09-30,2025-02-10,133,253,0,False,1,0.0,0.0,0.0,0.0,0.0,0.0,0.0,0.0,0.0,0.0,1,3,3.0,1170.44,390.1466666666667,1170.44,0.0,0.0,0.0,0.0,3,0,0,0,0,M,28,0.0,0.0,1.0,0,0,0,0,North America
CUST_02581,2024-07-01,2024-11-12,2024-10-29,2024-12-21,53,173,1,True,0,1.0,0.0,0.0,0.0,1.0,0.0,0.0,0.0,0.0,0.0,2,3,1.5,1898.5,549.47,0.0,1599.12,299.38,0.0,0.0,0,2,1,0,0,F,53,0.0,1.0,0.0,0,0,0,0,Europe
CUST_02589,2024-06-13,2024-11-12,2024-10-11,2025-02-10,122,242,0,False,1,0.0,0.0,0.0,0.0,0.0,0.0,0.0,0.0,0.0,0.0,1,2,2.0,669.95,334.975,0.0,0.0,669.95,0.0,0.0,0,0,2,0,0,M,53,1.0,0.0,0.0,0,0,0,0,Asia
CUST_02600,2024-06-09,2024-11-12,2024-10-07,2025-02-10,126,246,0,False,1,0.0,0.0,0.0,0.0,0.0,0.0,0.0,0.0,0.0,0.0,1,1,1.0,273.37,273.37,0.0,0.0,273.37,0.0,0.0,0,0,1,0,0,F,61,1.0,0.0,0.0,0,0,0,0,Asia
CUST_02639,2024-07-07,2024-11-12,2024-11-04,2025-02-10,98,218,0,False,1,0.0,0.0,0.0,0.0,0.0,0.0,0.0,0.0,0.0,0.0,1,1,1.0,302.08,302.08,0.0,0.0,0.0,0.0,302.08,0,0,0,0,1,F,69,0.0,1.0,0.0,0,0,0,0,Europe
CUST_02655,2024-06-17,2024-11-12,2024-10-15,2024-12-26,72,192,1,True,1,0.0,0.0,0.0,1.0,1.0,0.0,0.0,0.0,0.0,0.0,2,3,1.5,3602.49,1354.3925,0.0,1815.08,1787.41,0.0,0.0,0,1,2,0,0,M,21,0.0,0.0,1.0,0,0,0,0,North America
CUST_02664,2024-06-15,2024-11-12,2024-10-13,2025-02-10,120,240,0,False,0,0.0,0.0,0.0,0.0,0.0,0.0,0.0,0.0,0.0,0.0,1,2,2.0,1016.41,508.205,0.0,1016.41,0.0,0.0,0.0,0,2,0,0,0,M,61,0.0,1.0,0.0,0,0,0,0,Europe
CUST_02673,2024-07-06,2024-11-12,2024-11-03,2025-02-10,99,219,0,False,1,0.0,0.0,0.0,0.0,0.0,0.0,0.0,0.0,0.0,0.0,1,1,1.0,880.49,880.49,0.0,0.0,0.0,0.0,880.49,0,0,0,0,1,F,49,1.0,0.0,0.0,0,0,0,0,Asia
CUST_02678,2024-06-06,2024-11-12,2024-10-04,2024-12-03,60,180,1,True,0,1.0,0.0,0.0,0.0,1.0,0.0,0.0,0.0,0.0,0.0,2,6,3.0,1486.8899999999999,328.395,346.62,1140.27,0.0,0.0,0.0,4,2,0,0,0,M,57,1.0,0.0,0.0,0,0,0,0,Asia
CUST_02681,2024-06-23,2024-11-12,2024-10-21,2024-12-27,67,187,1,True,0,0.0,0.0,0.0,0.0,0.0,0.0,0.0,0.0,0.0,0.0,2,3,1.5,2933.92,1137.5375,0.0,0.0,2933.92,0.0,0.0,0,0,3,0,0,M,66,1.0,0.0,0.0,0,0,0,0,Asia
CUST_02690,2024-06-20,2024-11-12,2024-10-18,2025-02-10,115,235,0,False,1,0.0,0.0,0.0,0.0,0.0,0.0,0.0,0.0,0.0,0.0,1,2,2.0,395.99,197.995,395.99,0.0,0.0,0.0,0.0,2,0,0,0,0,F,71,1.0,0.0,0.0,0,0,0,0,Asia
CUST_02692,2024-07-04,2024-11-12,2024-11-01,2025-02-10,101,221,0,False,1,0.0,0.0,0.0,0.0,0.0,0.0,0.0,0.0,0.0,0.0,1,1,1.0,689.65,689.65,0.0,689.65,0.0,0.0,0.0,0,1,0,0,0,M,27,0.0,1.0,0.0,0,0,0,0,Europe
CUST_02699,2024-07-14,2024-11-12,2024-11-11,2025-02-10,91,211,0,False,1,0.0,0.0,0.0,0.0,0.0,0.0,0.0,0.0,0.0,0.0,2,3,1.5,2516.59,1065.7125,770.33,0.0,1746.26,0.0,0.0,2,0,1,0,0,M,59,1.0,0.0,0.0,0,0,0,0,Asia
CUST_02724,2024-07-12,2024-11-12,2024-11-09,2025-02-10,93,213,0,False,1,0.0,0.0,0.0,0.0,0.0,0.0,0.0,0.0,0.0,0.0,1,2,2.0,530.32,265.16,0.0,0.0,0.0,530.32,0.0,0,0,0,2,0,M,27,0.0,1.0,0.0,0,0,0,0,Europe
CUST_02740,2024-06-17,2024-11-12,2024-10-15,2025-02-10,118,238,0,False,1,0.0,0.0,0.0,0.0,0.0,0.0,0.0,0.0,0.0,0.0,1,1,1.0,220.5,220.5,0.0,220.5,0.0,0.0,0.0,0,1,0,0,0,M,39,0.0,1.0,0.0,0,0,0,0,Europe
CUST_02741,2024-06-24,2024-11-12,2024-10-22,2025-02-10,111,231,0,False,1,0.0,0.0,0.0,0.0,0.0,0.0,0.0,0.0,0.0,0.0,3,11,3.6666666666666665,2819.85,248.215,0.0,1779.91,476.19,0.0,563.75,0,4,3,0,4,M,43,0.0,0.0,1.0,0,0,0,0,North America
CUST_02753,2024-07-10,2024-11-12,2024-11-07,2024-12-16,39,159,1,True,1,0.0,0.0,0.0,0.0,0.0,0.0,0.0,0.0,0.0,0.0,3,5,1.6666666666666667,4128.96,960.3516666666668,1062.63,1633.15,0.0,1433.18,0.0,2,1,0,2,0,M,74,1.0,0.0,0.0,0,0,0,0,Asia
CUST_02754,2024-07-09,2024-11-12,2024-11-06,2024-11-22,16,136,1,True,0,0.0,0.0,0.0,0.0,0.0,0.0,0.0,0.0,0.0,0.0,4,10,2.5,4638.99,556.03875,0.0,1163.69,911.82,0.0,2563.48,0,2,1,0,7,F,71,0.0,1.0,0.0,0,0,0,0,Europe
CUST_02756,2024-06-03,2024-11-12,2024-10-01,2024-12-12,72,192,1,True,1,1.0,0.0,0.0,1.0,2.0,0.0,0.0,0.0,0.0,0.0,2,4,2.0,1971.68,767.9100000000001,1971.68,0.0,0.0,0.0,0.0,4,0,0,0,0,F,49,0.0,1.0,0.0,0,0,0,0,Europe
CUST_02759,2024-06-28,2024-11-12,2024-10-26,2025-02-10,107,227,0,False,1,0.0,0.0,0.0,0.0,0.0,0.0,0.0,0.0,0.0,0.0,1,2,2.0,477.46,238.73,0.0,0.0,0.0,477.46,0.0,0,0,0,2,0,M,68,0.0,0.0,1.0,0,0,0,0,North America
CUST_02770,2024-06-25,2024-11-12,2024-10-23,2025-02-10,110,230,0,False,1,0.0,0.0,0.0,0.0,0.0,0.0,0.0,0.0,0.0,0.0,1,1,1.0,1251.72,1251.72,1251.72,0.0,0.0,0.0,0.0,1,0,0,0,0,F,53,0.0,1.0,0.0,0,0,0,0,Europe
CUST_02773,2024-07-11,2024-11-12,2024-11-08,2024-11-27,19,139,1,True,1,0.0,1.0,0.0,0.0,1.0,0.0,0.0,0.0,0.0,0.0,2,8,4.0,3718.02,496.23066666666665,0.0,0.0,3718.02,0.0,0.0,0,0,8,0,0,F,38,1.0,0.0,0.0,0,0,0,0,Asia
CUST_02788,2024-07-04,2024-11-12,2024-11-01,2025-02-10,101,221,0,False,1,0.0,0.0,0.0,0.0,0.0,0.0,0.0,0.0,0.0,0.0,1,5,5.0,1535.97,307.194,0.0,0.0,0.0,1535.97,0.0,0,0,0,5,0,F,29,1.0,0.0,0.0,0,0,0,0,Asia
CUST_02789,2024-07-06,2024-11-12,2024-11-03,2024-11-27,24,144,1,True,1,0.0,1.0,1.0,2.0,4.0,0.0,0.0,0.0,0.0,0.0,2,5,2.5,1515.48,276.2775,1231.11,0.0,0.0,0.0,284.37,3,0,0,0,2,F,21,1.0,0.0,0.0,0,0,0,0,Asia
CUST_02790,2024-07-08,2024-11-12,2024-11-05,2025-02-10,97,217,0,False,1,0.0,0.0,0.0,0.0,0.0,0.0,0.0,0.0,0.0,0.0,1,4,4.0,1722.63,430.6575,0.0,1722.63,0.0,0.0,0.0,0,4,0,0,0,M,60,1.0,0.0,0.0,0,0,0,0,Asia
CUST_02824,2024-06-30,2024-11-12,2024-10-28,2025-02-10,105,225,0,False,1,0.0,0.0,0.0,0.0,0.0,0.0,0.0,0.0,0.0,0.0,1,1,1.0,1392.38,1392.38,0.0,1392.38,0.0,0.0,0.0,0,1,0,0,0,F,43,1.0,0.0,0.0,0,0,0,0,Asia
CUST_02832,2024-07-03,2024-11-12,2024-10-31,2025-02-10,102,222,0,False,1,0.0,0.0,0.0,0.0,0.0,0.0,0.0,0.0,0.0,0.0,1,1,1.0,446.0,446.0,0.0,0.0,0.0,0.0,446.0,0,0,0,0,1,F,40,0.0,0.0,1.0,0,0,0,0,North America
CUST_02836,2024-07-03,2024-11-12,2024-10-31,2025-02-10,102,222,0,False,1,0.0,0.0,0.0,0.0,0.0,0.0,0.0,0.0,0.0,0.0,1,2,2.0,1565.62,782.81,0.0,0.0,1565.62,0.0,0.0,0,0,2,0,0,F,31,0.0,1.0,0.0,0,0,0,0,Europe
CUST_02843,2024-07-04,2024-11-12,2024-11-01,2025-02-10,101,221,0,False,1,0.0,0.0,0.0,0.0,0.0,0.0,0.0,0.0,0.0,0.0,2,2,1.0,2841.45,1420.725,0.0,0.0,0.0,1895.81,945.64,0,0,0,1,1,F,75,0.0,1.0,0.0,0,0,0,0,Europe
CUST_02849,2024-07-03,2024-11-12,2024-10-31,2025-02-10,102,222,0,False,1,0.0,0.0,0.0,0.0,0.0,0.0,0.0,0.0,0.0,0.0,1,1,1.0,991.62,991.62,0.0,0.0,0.0,991.62,0.0,0,0,0,1,0,F,72,0.0,1.0,0.0,0,0,0,0,Europe
CUST_02858,2024-06-29,2024-11-12,2024-10-27,2025-02-10,106,226,0,False,1,0.0,0.0,0.0,0.0,0.0,0.0,0.0,0.0,0.0,0.0,1,2,2.0,1953.85,976.925,0.0,0.0,0.0,0.0,1953.85,0,0,0,0,2,F,39,1.0,0.0,0.0,0,0,0,0,Asia
CUST_02882,2024-06-20,2024-11-12,2024-10-18,2025-02-10,115,235,0,False,1,0.0,0.0,0.0,0.0,0.0,0.0,0.0,0.0,0.0,0.0,1,1,1.0,1077.86,1077.86,0.0,0.0,0.0,0.0,1077.86,0,0,0,0,1,M,55,1.0,0.0,0.0,0,0,0,0,Asia
CUST_02883,2024-06-25,2024-11-12,2024-10-23,2025-02-10,110,230,0,False,1,0.0,0.0,0.0,0.0,0.0,0.0,0.0,0.0,0.0,0.0,1,2,2.0,366.07,183.035,366.07,0.0,0.0,0.0,0.0,2,0,0,0,0,M,41,0.0,1.0,0.0,0,0,0,0,Europe
CUST_02885,2024-07-06,2024-11-12,2024-11-03,2025-02-10,99,219,0,False,0,0.0,0.0,0.0,0.0,0.0,0.0,0.0,0.0,0.0,0.0,1,1,1.0,1535.78,1535.78,0.0,0.0,1535.78,0.0,0.0,0,0,1,0,0,M,49,0.0,1.0,0.0,0,0,0,0,Europe
CUST_02887,2024-07-07,2024-11-12,2024-11-04,2025-02-10,98,218,0,False,1,0.0,0.0,0.0,0.0,0.0,0.0,0.0,0.0,0.0,0.0,2,6,3.0,1319.24,215.57625000000002,913.87,0.0,0.0,405.37,0.0,4,0,0,2,0,M,41,1.0,0.0,0.0,0,0,0,0,Asia
CUST_02888,2024-06-18,2024-11-12,2024-10-16,2025-02-10,117,237,0,False,1,0.0,0.0,0.0,0.0,0.0,0.0,0.0,0.0,0.0,0.0,1,2,2.0,1513.75,756.875,0.0,0.0,0.0,0.0,1513.75,0,0,0,0,2,F,58,0.0,1.0,0.0,0,0,0,0,Europe
CUST_02894,2024-06-13,2024-11-12,2024-10-11,2025-02-10,122,242,0,False,0,0.0,0.0,0.0,0.0,0.0,0.0,0.0,0.0,0.0,0.0,1,2,2.0,1089.08,544.54,0.0,0.0,0.0,1089.08,0.0,0,0,0,2,0,F,74,0.0,0.0,1.0,0,0,0,0,North America
CUST_02904,2024-07-02,2024-11-12,2024-10-30,2025-02-10,103,223,0,False,1,0.0,0.0,0.0,0.0,0.0,0.0,0.0,0.0,0.0,0.0,1,3,3.0,1645.04,548.3466666666667,0.0,0.0,0.0,1645.04,0.0,0,0,0,3,0,F,22,0.0,1.0,0.0,0,0,0,0,Europe
CUST_02910,2024-06-30,2024-11-12,2024-10-28,2024-11-14,17,137,1,True,1,0.0,0.0,0.0,1.0,1.0,0.0,0.0,0.0,0.0,0.0,2,5,2.5,3377.24,702.1316666666667,0.0,1706.14,1671.1,0.0,0.0,0,3,2,0,0,M,70,0.0,1.0,0.0,0,0,0,0,Europe
CUST_02922,2024-07-10,2024-11-12,2024-11-07,2025-02-10,95,215,0,False,1,0.0,0.0,0.0,0.0,0.0,0.0,0.0,0.0,0.0,0.0,3,7,2.3333333333333335,4237.33,943.3316666666666,0.0,0.0,3336.1099999999997,0.0,901.22,0,0,3,0,4,M,31,1.0,0.0,0.0,0,0,0,0,Asia
CUST_02934,2024-06-01,2024-11-12,2024-09-29,2025-02-10,134,254,0,False,1,0.0,0.0,0.0,0.0,0.0,0.0,0.0,0.0,0.0,0.0,1,2,2.0,784.29,392.145,0.0,0.0,0.0,0.0,784.29,0,0,0,0,2,F,44,0.0,0.0,1.0,0,0,0,0,North America
CUST_02979,2024-06-08,2024-11-12,2024-10-06,2025-02-10,127,247,0,False,1,0.0,0.0,0.0,0.0,0.0,0.0,0.0,0.0,0.0,0.0,2,4,2.0,2384.9300000000003,719.4216666666666,0.0,965.8,1419.13,0.0,0.0,0,1,3,0,0,F,26,1.0,0.0,0.0,0,0,0,0,Asia
CUST_02996,2024-06-19,2024-11-12,2024-10-17,2025-02-10,116,236,0,False,1,0.0,0.0,0.0,0.0,0.0,0.0,0.0,0.0,0.0,0.0,1,2,2.0,1180.45,590.225,0.0,0.0,0.0,1180.45,0.0,0,0,0,2,0,F,22,0.0,1.0,0.0,0,0,0,0,Europe
CUST_03019,2024-07-05,2024-11-12,2024-11-02,2025-02-10,100,220,0,False,1,0.0,0.0,0.0,0.0,0.0,0.0,0.0,0.0,0.0,0.0,2,4,2.0,2390.8,1054.8500000000001,0.0,0.0,421.65,1969.15,0.0,0,0,3,1,0,F,27,1.0,0.0,0.0,0,0,0,0,Asia
CUST_03045,2024-06-25,2024-11-12,2024-10-23,2025-02-10,110,230,0,False,1,0.0,0.0,0.0,0.0,0.0,0.0,0.0,0.0,0.0,0.0,1,1,1.0,995.54,995.54,0.0,0.0,0.0,995.54,0.0,0,0,0,1,0,M,67,0.0,0.0,1.0,0,0,0,0,North America
CUST_03046,2024-07-09,2024-11-12,2024-11-06,2025-02-10,96,216,0,False,1,0.0,0.0,0.0,0.0,0.0,0.0,0.0,0.0,0.0,0.0,1,2,2.0,1841.06,920.53,0.0,0.0,1841.06,0.0,0.0,0,0,2,0,0,Other,35,1.0,0.0,0.0,0,0,0,0,Asia
CUST_03080,2024-06-19,2024-11-12,2024-10-17,2025-02-10,116,236,0,False,1,0.0,0.0,0.0,0.0,0.0,0.0,0.0,0.0,0.0,0.0,2,3,1.5,2981.58,1206.0175,0.0,0.0,0.0,1139.09,1842.49,0,0,0,2,1,M,33,0.0,1.0,0.0,0,0,0,0,Europe
CUST_03088,2024-07-13,2024-11-12,2024-11-10,2025-02-10,92,212,0,False,1,0.0,0.0,0.0,0.0,0.0,0.0,0.0,0.0,0.0,0.0,1,1,1.0,220.43,220.43,0.0,0.0,0.0,220.43,0.0,0,0,0,1,0,F,71,0.0,1.0,0.0,0,0,0,0,Europe
CUST_03091,2024-06-25,2024-11-12,2024-10-23,2025-02-10,110,230,0,False,1,0.0,0.0,0.0,0.0,0.0,0.0,0.0,0.0,0.0,0.0,1,2,2.0,1326.77,663.385,1326.77,0.0,0.0,0.0,0.0,2,0,0,0,0,F,36,0.0,0.0,1.0,0,0,0,0,North America
CUST_03101,2024-07-08,2024-11-12,2024-11-05,2025-02-10,97,217,0,False,1,0.0,0.0,0.0,0.0,0.0,0.0,0.0,0.0,0.0,0.0,2,2,1.0,3294.2,1647.1,0.0,1538.17,1756.03,0.0,0.0,0,1,1,0,0,F,48,1.0,0.0,0.0,0,0,0,0,Asia
CUST_03109,2024-07-02,2024-11-12,2024-10-30,2025-02-10,103,223,0,False,1,0.0,0.0,0.0,0.0,0.0,0.0,0.0,0.0,0.0,0.0,1,2,2.0,1025.58,512.79,0.0,1025.58,0.0,0.0,0.0,0,2,0,0,0,F,68,0.0,1.0,0.0,0,0,0,0,Europe
CUST_03110,2024-06-10,2024-11-12,2024-10-08,2025-02-10,125,245,0,False,1,0.0,0.0,0.0,0.0,0.0,0.0,0.0,0.0,0.0,0.0,1,1,1.0,517.97,517.97,0.0,0.0,517.97,0.0,0.0,0,0,1,0,0,M,66,0.0,1.0,0.0,0,0,0,0,Europe
CUST_03129,2024-07-09,2024-11-12,2024-11-06,2025-02-10,96,216,0,False,1,0.0,0.0,0.0,0.0,0.0,0.0,0.0,0.0,0.0,0.0,1,1,1.0,624.81,624.81,0.0,0.0,0.0,0.0,624.81,0,0,0,0,1,F,62,1.0,0.0,0.0,0,0,0,0,Asia
CUST_03132,2024-06-01,2024-11-12,2024-09-29,2024-11-13,45,165,1,True,1,0.0,0.0,0.0,1.0,1.0,0.0,0.0,0.0,0.0,0.0,2,2,1.0,1914.6399999999999,957.3199999999999,1032.85,0.0,0.0,881.79,0.0,1,0,0,1,0,M,51,1.0,0.0,0.0,0,0,0,0,Asia
CUST_03133,2024-06-25,2024-11-12,2024-10-23,2025-02-10,110,230,0,False,1,0.0,0.0,0.0,0.0,0.0,0.0,0.0,0.0,0.0,0.0,2,7,3.5,3701.18,537.9316666666666,0.0,0.0,1806.82,0.0,1894.36,0,0,3,0,4,M,21,1.0,0.0,0.0,0,0,0,0,Asia
CUST_03134,2024-06-06,2024-11-12,2024-10-04,2024-12-28,85,205,1,True,1,0.0,0.0,0.0,0.0,0.0,0.0,0.0,0.0,0.0,0.0,2,3,1.5,1382.36,665.155,0.0,1382.36,0.0,0.0,0.0,0,3,0,0,0,M,26,0.0,0.0,1.0,0,0,0,0,North America
CUST_03141,2024-07-14,2024-11-12,2024-11-11,2025-02-10,91,211,0,False,1,0.0,0.0,0.0,0.0,0.0,0.0,0.0,0.0,0.0,0.0,2,2,1.0,1794.69,897.345,220.75,1573.94,0.0,0.0,0.0,1,1,0,0,0,Other,74,0.0,1.0,0.0,0,0,0,0,Europe
CUST_03151,2024-07-10,2024-11-12,2024-11-07,2024-11-30,23,143,1,True,1,0.0,0.0,1.0,2.0,3.0,0.0,0.0,0.0,0.0,0.0,2,3,1.5,916.9200000000001,298.9325,278.81,0.0,0.0,638.11,0.0,1,0,0,2,0,F,65,0.0,1.0,0.0,0,0,0,0,Europe
CUST_03155,2024-06-03,2024-11-12,2024-10-01,2024-11-26,56,176,1,True,1,1.0,0.0,1.0,2.0,4.0,0.0,0.0,0.0,0.0,0.0,2,3,1.5,2122.27,751.905,0.0,0.0,0.0,885.35,1236.92,0,0,0,1,2,M,36,1.0,0.0,0.0,0,0,0,0,Asia
CUST_03162,2024-07-06,2024-11-12,2024-11-03,2024-12-24,51,171,1,True,1,0.0,1.0,1.0,1.0,3.0,0.0,0.0,0.0,0.0,0.0,2,3,1.5,2758.5699999999997,911.52,0.0,0.0,1871.06,887.51,0.0,0,0,2,1,0,M,51,0.0,1.0,0.0,0,0,0,0,Europe
CUST_03176,2024-06-25,2024-11-12,2024-10-23,2025-02-10,110,230,0,False,1,0.0,0.0,0.0,0.0,0.0,0.0,0.0,0.0,0.0,0.0,1,1,1.0,1078.22,1078.22,1078.22,0.0,0.0,0.0,0.0,1,0,0,0,0,M,44,0.0,1.0,0.0,0,0,0,0,Europe
CUST_03191,2024-06-23,2024-11-12,2024-10-21,2025-02-10,112,232,0,False,1,0.0,0.0,0.0,0.0,0.0,0.0,0.0,0.0,0.0,0.0,2,5,2.5,1769.02,389.52000000000004,1136.2,0.0,0.0,632.82,0.0,2,0,0,3,0,M,30,1.0,0.0,0.0,0,0,0,0,Asia
CUST_03196,2024-06-07,2024-11-12,2024-10-05,2025-02-10,128,248,0,False,0,0.0,0.0,0.0,0.0,0.0,0.0,0.0,0.0,0.0,0.0,1,4,4.0,153.94,38.485,153.94,0.0,0.0,0.0,0.0,4,0,0,0,0,F,65,1.0,0.0,0.0,0,0,0,0,Asia
CUST_03198,2024-06-29,2024-11-12,2024-10-27,2024-11-16,20,140,1,True,1,0.0,2.0,0.0,0.0,2.0,0.0,0.0,0.0,0.0,0.0,2,2,1.0,2127.24,1063.62,0.0,1344.96,0.0,0.0,782.28,0,1,0,0,1,F,54,0.0,1.0,0.0,0,0,0,0,Europe
CUST_03206,2024-07-03,2024-11-12,2024-10-31,2025-02-10,102,222,0,False,1,0.0,0.0,0.0,0.0,0.0,0.0,0.0,0.0,0.0,0.0,1,4,4.0,897.92,224.48,897.92,0.0,0.0,0.0,0.0,4,0,0,0,0,M,74,0.0,1.0,0.0,0,0,0,0,Europe
CUST_03230,2024-06-14,2024-11-12,2024-10-12,2025-02-10,121,241,0,False,1,0.0,0.0,0.0,0.0,0.0,0.0,0.0,0.0,0.0,0.0,1,2,2.0,1090.41,545.205,1090.41,0.0,0.0,0.0,0.0,2,0,0,0,0,F,37,0.0,1.0,0.0,0,0,0,0,Europe
CUST_03232,2024-06-01,2024-11-12,2024-09-29,2025-02-10,134,254,0,False,1,0.0,0.0,0.0,0.0,0.0,0.0,0.0,0.0,0.0,0.0,1,2,2.0,401.13,200.565,0.0,0.0,401.13,0.0,0.0,0,0,2,0,0,Other,29,0.0,1.0,0.0,0,0,0,0,Europe
CUST_03233,2024-06-11,2024-11-12,2024-10-09,2024-11-26,48,168,1,True,1,0.0,0.0,1.0,0.0,1.0,0.0,0.0,0.0,0.0,0.0,2,3,1.5,1364.77,479.28499999999997,552.37,0.0,0.0,0.0,812.4,1,0,0,0,2,M,51,0.0,0.0,1.0,0,0,0,0,North America
CUST_03243,2024-06-28,2024-11-12,2024-10-26,2024-12-25,60,180,1,True,1,1.0,0.0,0.0,0.0,1.0,0.0,0.0,0.0,0.0,0.0,2,6,3.0,2632.56,438.76,0.0,0.0,0.0,729.38,1903.18,0,0,0,3,3,M,73,0.0,1.0,0.0,0,0,0,0,Europe
CUST_03250,2024-06-10,2024-11-12,2024-10-08,2025-02-10,125,245,0,False,1,0.0,0.0,0.0,0.0,0.0,0.0,0.0,0.0,0.0,0.0,1,2,2.0,1859.83,929.915,1859.83,0.0,0.0,0.0,0.0,2,0,0,0,0,F,42,0.0,0.0,1.0,0,0,0,0,North America
CUST_03262,2024-06-30,2024-11-12,2024-10-28,2025-02-10,105,225,0,False,1,0.0,0.0,0.0,0.0,0.0,0.0,0.0,0.0,0.0,0.0,1,4,4.0,1474.25,368.5625,0.0,0.0,0.0,1474.25,0.0,0,0,0,4,0,F,63,0.0,1.0,0.0,0,0,0,0,Europe
CUST_03293,2024-06-19,2024-11-12,2024-10-17,2025-02-10,116,236,0,False,1,0.0,0.0,0.0,0.0,0.0,0.0,0.0,0.0,0.0,0.0,1,4,4.0,410.38,102.595,0.0,0.0,410.38,0.0,0.0,0,0,4,0,0,F,50,0.0,1.0,0.0,0,0,0,0,Europe
CUST_03305,2024-06-17,2024-11-12,2024-10-15,2025-02-10,118,238,0,False,1,0.0,0.0,0.0,0.0,0.0,0.0,0.0,0.0,0.0,0.0,1,1,1.0,1945.04,1945.04,0.0,1945.04,0.0,0.0,0.0,0,1,0,0,0,M,31,1.0,0.0,0.0,0,0,0,0,Asia
CUST_03306,2024-06-04,2024-11-12,2024-10-02,2024-11-15,44,164,1,True,1,0.0,0.0,0.0,0.0,0.0,0.0,0.0,0.0,0.0,0.0,2,4,2.0,1600.9099999999999,519.0216666666666,756.61,0.0,0.0,0.0,844.3,1,0,0,0,3,F,56,0.0,1.0,0.0,0,0,0,0,Europe
CUST_03310,2024-06-07,2024-11-12,2024-10-05,2025-02-10,128,248,0,False,0,0.0,0.0,0.0,0.0,0.0,0.0,0.0,0.0,0.0,0.0,1,2,2.0,1100.4,550.2,0.0,0.0,0.0,0.0,1100.4,0,0,0,0,2,F,72,1.0,0.0,0.0,0,0,0,0,Asia
CUST_03321,2024-07-03,2024-11-12,2024-10-31,2024-12-17,47,167,1,True,1,1.0,0.0,0.0,1.0,2.0,0.0,0.0,0.0,0.0,0.0,2,5,2.5,1490.18,272.8358333333333,1196.51,293.67,0.0,0.0,0.0,3,2,0,0,0,M,42,1.0,0.0,0.0,0,0,0,0,Asia
CUST_03335,2024-06-26,2024-11-12,2024-10-24,2025-02-10,109,229,0,False,1,0.0,0.0,0.0,0.0,0.0,0.0,0.0,0.0,0.0,0.0,1,4,4.0,989.36,247.34,0.0,989.36,0.0,0.0,0.0,0,4,0,0,0,F,38,1.0,0.0,0.0,0,0,0,0,Asia
CUST_03347,2024-07-01,2024-11-12,2024-10-29,2025-02-10,104,224,0,False,1,0.0,0.0,0.0,0.0,0.0,0.0,0.0,0.0,0.0,0.0,1,1,1.0,1273.71,1273.71,0.0,0.0,0.0,1273.71,0.0,0,0,0,1,0,F,43,1.0,0.0,0.0,0,0,0,0,Asia
CUST_03363,2024-06-15,2024-11-12,2024-10-13,2025-02-10,120,240,0,False,1,0.0,0.0,0.0,0.0,0.0,0.0,0.0,0.0,0.0,0.0,1,1,1.0,707.14,707.14,0.0,0.0,0.0,0.0,707.14,0,0,0,0,1,F,49,0.0,1.0,0.0,0,0,0,0,Europe
CUST_03369,2024-07-12,2024-11-12,2024-11-09,2025-02-10,93,213,0,False,1,0.0,0.0,0.0,0.0,0.0,0.0,0.0,0.0,0.0,0.0,1,1,1.0,1356.55,1356.55,0.0,0.0,1356.55,0.0,0.0,0,0,1,0,0,M,37,1.0,0.0,0.0,0,0,0,0,Asia
CUST_03371,2024-06-23,2024-11-12,2024-10-21,2025-02-10,112,232,0,False,0,0.0,0.0,0.0,0.0,0.0,0.0,0.0,0.0,0.0,0.0,1,1,1.0,1798.48,1798.48,0.0,0.0,1798.48,0.0,0.0,0,0,1,0,0,M,50,0.0,1.0,0.0,0,0,0,0,Europe
CUST_03384,2024-06-11,2024-11-12,2024-10-09,2024-12-03,55,175,1,True,1,2.0,0.0,0.0,0.0,2.0,0.0,0.0,0.0,0.0,0.0,3,8,2.6666666666666665,2943.55,640.3870000000001,0.0,1680.58,1262.97,0.0,0.0,0,6,2,0,0,F,70,1.0,0.0,0.0,0,0,0,0,Asia
CUST_03386,2024-07-09,2024-11-12,2024-11-06,2025-02-10,96,216,0,False,1,0.0,0.0,0.0,0.0,0.0,0.0,0.0,0.0,0.0,0.0,2,3,1.5,1759.27,585.96,584.57,0.0,0.0,0.0,1174.7,1,0,0,0,2,M,31,0.0,1.0,0.0,0,0,0,0,Europe
CUST_03391,2024-07-01,2024-11-12,2024-10-29,2024-12-16,48,168,1,True,1,0.0,0.0,0.0,0.0,0.0,0.0,0.0,0.0,0.0,0.0,2,4,2.0,3282.14,976.06,3282.14,0.0,0.0,0.0,0.0,4,0,0,0,0,M,41,0.0,0.0,1.0,0,0,0,0,North America
CUST_03411,2024-07-13,2024-11-12,2024-11-10,2025-02-10,92,212,0,False,1,0.0,0.0,0.0,0.0,0.0,0.0,0.0,0.0,0.0,0.0,1,2,2.0,867.02,433.51,0.0,0.0,0.0,867.02,0.0,0,0,0,2,0,F,75,1.0,0.0,0.0,0,0,0,0,Asia
CUST_03413,2024-06-17,2024-11-12,2024-10-15,2024-11-25,41,161,1,True,1,0.0,0.0,0.0,0.0,0.0,0.0,0.0,0.0,0.0,0.0,2,3,1.5,1323.6499999999999,616.615,180.84,0.0,1142.81,0.0,0.0,2,0,1,0,0,M,40,0.0,0.0,1.0,0,0,0,0,North America
CUST_03415,2024-07-11,2024-11-12,2024-11-08,2025-02-10,94,214,0,False,1,0.0,0.0,0.0,0.0,0.0,0.0,0.0,0.0,0.0,0.0,1,3,3.0,1522.9,507.6333333333334,0.0,0.0,0.0,1522.9,0.0,0,0,0,3,0,M,35,0.0,1.0,0.0,0,0,0,0,Europe
CUST_03416,2024-07-12,2024-11-12,2024-11-09,2025-02-10,93,213,0,False,1,0.0,0.0,0.0,0.0,0.0,0.0,0.0,0.0,0.0,0.0,1,1,1.0,1068.85,1068.85,1068.85,0.0,0.0,0.0,0.0,1,0,0,0,0,F,22,0.0,0.0,1.0,0,0,0,0,North America
CUST_03451,2024-07-13,2024-11-12,2024-11-10,2025-02-10,92,212,0,False,1,0.0,0.0,0.0,0.0,0.0,0.0,0.0,0.0,0.0,0.0,1,2,2.0,1813.17,906.585,0.0,0.0,0.0,0.0,1813.17,0,0,0,0,2,F,56,0.0,0.0,1.0,0,0,0,0,North America
CUST_03465,2024-06-10,2024-11-12,2024-10-08,2024-12-02,55,175,1,True,1,0.0,4.0,0.0,0.0,4.0,0.0,0.0,0.0,0.0,0.0,2,2,1.0,2148.34,1074.17,0.0,0.0,336.98,1811.36,0.0,0,0,1,1,0,F,56,0.0,1.0,0.0,0,0,0,0,Europe
CUST_03467,2024-06-23,2024-11-12,2024-10-21,2025-02-10,112,232,0,False,1,0.0,0.0,0.0,0.0,0.0,0.0,0.0,0.0,0.0,0.0,1,1,1.0,620.85,620.85,0.0,0.0,0.0,0.0,620.85,0,0,0,0,1,M,61,0.0,1.0,0.0,0,0,0,0,Europe
CUST_03472,2024-07-03,2024-11-12,2024-10-31,2025-02-10,102,222,0,False,1,0.0,0.0,0.0,0.0,0.0,0.0,0.0,0.0,0.0,0.0,1,3,3.0,1120.44,373.48,0.0,1120.44,0.0,0.0,0.0,0,3,0,0,0,M,50,0.0,1.0,0.0,0,0,0,0,Europe
CUST_03500,2024-07-11,2024-11-12,2024-11-08,2025-02-10,94,214,0,False,0,0.0,0.0,0.0,0.0,0.0,0.0,0.0,0.0,0.0,0.0,1,1,1.0,1748.13,1748.13,0.0,0.0,0.0,0.0,1748.13,0,0,0,0,1,M,59,0.0,0.0,1.0,0,0,0,0,North America
CUST_00007,2024-06-25,2024-11-19,2024-10-23,2025-02-17,117,237,0,False,1,0.0,0.0,0.0,0.0,0.0,0.0,0.0,0.0,0.0,0.0,1,2,2.0,1767.18,883.59,1767.18,0.0,0.0,0.0,0.0,2,0,0,0,0,F,55,1.0,0.0,0.0,0,0,0,0,Asia
CUST_00011,2024-06-12,2024-11-19,2024-10-10,2024-12-16,67,187,1,True,1,1.0,0.0,1.0,0.0,2.0,0.0,0.0,0.0,0.0,0.0,2,4,2.0,1726.75,797.5883333333334,1726.75,0.0,0.0,0.0,0.0,4,0,0,0,0,M,65,1.0,0.0,0.0,0,0,0,0,Asia
CUST_00012,2024-07-18,2024-11-19,2024-11-15,2025-02-17,94,214,0,False,1,0.0,0.0,0.0,0.0,0.0,0.0,0.0,0.0,0.0,0.0,1,2,2.0,1573.35,786.675,0.0,0.0,0.0,0.0,1573.35,0,0,0,0,2,F,65,0.0,1.0,0.0,0,0,0,0,Europe
CUST_00017,2024-06-28,2024-11-19,2024-10-26,2025-02-17,114,234,0,False,1,0.0,0.0,0.0,0.0,0.0,0.0,0.0,0.0,0.0,0.0,1,1,1.0,223.06,223.06,0.0,0.0,0.0,223.06,0.0,0,0,0,1,0,F,52,1.0,0.0,0.0,0,0,0,0,Asia
CUST_00033,2024-07-10,2024-11-19,2024-11-07,2025-02-17,102,222,0,False,1,0.0,0.0,0.0,0.0,0.0,0.0,0.0,0.0,0.0,0.0,1,2,2.0,1292.32,646.16,1292.32,0.0,0.0,0.0,0.0,2,0,0,0,0,M,27,1.0,0.0,0.0,0,0,0,0,Asia
CUST_00037,2024-06-11,2024-11-19,2024-10-09,2025-02-17,131,251,0,False,1,0.0,0.0,0.0,0.0,0.0,0.0,0.0,0.0,0.0,0.0,1,3,3.0,916.71,305.57,0.0,0.0,0.0,0.0,916.71,0,0,0,0,3,F,60,0.0,1.0,0.0,0,0,0,0,Europe
CUST_00039,2024-06-16,2024-11-19,2024-10-14,2025-02-17,126,246,0,False,1,0.0,0.0,0.0,0.0,0.0,0.0,0.0,0.0,0.0,0.0,2,2,1.0,3353.9700000000003,1676.9850000000001,0.0,3353.9700000000003,0.0,0.0,0.0,0,2,0,0,0,F,29,1.0,0.0,0.0,0,0,0,0,Asia
CUST_00070,2024-07-02,2024-11-19,2024-10-30,2025-02-17,110,230,0,False,1,0.0,0.0,0.0,0.0,0.0,0.0,0.0,0.0,0.0,0.0,1,1,1.0,1837.47,1837.47,1837.47,0.0,0.0,0.0,0.0,1,0,0,0,0,M,40,1.0,0.0,0.0,0,0,0,0,Asia
CUST_00078,2024-06-09,2024-11-19,2024-10-07,2025-02-17,133,253,0,False,1,0.0,0.0,0.0,0.0,0.0,0.0,0.0,0.0,0.0,0.0,1,1,1.0,1558.27,1558.27,1558.27,0.0,0.0,0.0,0.0,1,0,0,0,0,M,72,1.0,0.0,0.0,0,0,0,0,Asia
CUST_00084,2024-06-17,2024-11-19,2024-10-15,2024-11-26,42,162,1,True,1,1.0,0.0,0.0,0.0,1.0,0.0,0.0,0.0,0.0,0.0,2,3,1.5,3607.1800000000003,1355.6425,0.0,0.0,0.0,1791.79,1815.39,0,0,0,2,1,F,42,0.0,1.0,0.0,0,0,0,0,Europe
CUST_00086,2024-07-12,2024-11-19,2024-11-09,2024-12-30,51,171,1,True,1,0.0,0.0,0.0,0.0,0.0,0.0,0.0,0.0,0.0,0.0,2,2,1.0,2907.5699999999997,1453.7849999999999,0.0,1943.29,964.28,0.0,0.0,0,1,1,0,0,Other,40,1.0,0.0,0.0,0,0,0,0,Asia
CUST_00090,2024-07-08,2024-11-19,2024-11-05,2025-02-17,104,224,0,False,1,0.0,0.0,0.0,0.0,0.0,0.0,0.0,0.0,0.0,0.0,1,4,4.0,715.48,178.87,0.0,0.0,0.0,0.0,715.48,0,0,0,0,4,F,61,0.0,0.0,1.0,0,0,0,0,North America
CUST_00114,2024-07-20,2024-11-19,2024-11-17,2024-12-22,35,155,1,True,1,0.0,0.0,1.0,1.0,2.0,0.0,0.0,0.0,0.0,0.0,2,4,2.0,2873.4,718.35,0.0,1108.41,0.0,0.0,1764.99,0,2,0,0,2,M,75,0.0,1.0,0.0,0,0,0,0,Europe
CUST_00117,2024-07-01,2024-11-19,2024-10-29,2025-02-17,111,231,0,False,1,0.0,0.0,0.0,0.0,0.0,0.0,0.0,0.0,0.0,0.0,1,3,3.0,1670.35,556.7833333333333,0.0,1670.35,0.0,0.0,0.0,0,3,0,0,0,M,52,1.0,0.0,0.0,0,0,0,0,Asia
CUST_00120,2024-06-24,2024-11-19,2024-10-22,2025-02-17,118,238,0,False,1,0.0,0.0,0.0,0.0,0.0,0.0,0.0,0.0,0.0,0.0,1,4,4.0,878.86,219.715,0.0,0.0,878.86,0.0,0.0,0,0,4,0,0,F,59,1.0,0.0,0.0,0,0,0,0,Asia
CUST_00124,2024-07-08,2024-11-19,2024-11-05,2025-02-17,104,224,0,False,1,0.0,0.0,0.0,0.0,0.0,0.0,0.0,0.0,0.0,0.0,1,1,1.0,1025.97,1025.97,0.0,1025.97,0.0,0.0,0.0,0,1,0,0,0,M,43,0.0,1.0,0.0,0,0,0,0,Europe
CUST_00135,2024-07-16,2024-11-19,2024-11-13,2025-02-17,96,216,0,False,1,0.0,0.0,0.0,0.0,0.0,0.0,0.0,0.0,0.0,0.0,1,3,3.0,927.68,309.22666666666663,0.0,0.0,0.0,0.0,927.68,0,0,0,0,3,M,43,1.0,0.0,0.0,0,0,0,0,Asia
CUST_00156,2024-06-23,2024-11-19,2024-10-21,2024-12-31,71,191,1,True,0,1.0,0.0,0.0,0.0,1.0,0.0,0.0,0.0,0.0,0.0,2,6,3.0,3324.51,993.7270000000001,1671.32,0.0,0.0,1653.19,0.0,5,0,0,1,0,M,21,0.0,1.0,0.0,0,0,0,0,Europe
CUST_00160,2024-06-28,2024-11-19,2024-10-26,2025-02-17,114,234,0,False,1,0.0,0.0,0.0,0.0,0.0,0.0,0.0,0.0,0.0,0.0,1,4,4.0,1258.15,314.5375,1258.15,0.0,0.0,0.0,0.0,4,0,0,0,0,M,67,1.0,0.0,0.0,0,0,0,0,Asia
CUST_00164,2024-07-10,2024-11-19,2024-11-07,2025-02-17,102,222,0,False,1,0.0,0.0,0.0,0.0,0.0,0.0,0.0,0.0,0.0,0.0,2,5,2.5,1746.44,345.25083333333333,0.0,1096.31,0.0,650.13,0.0,0,3,0,2,0,Other,34,0.0,1.0,0.0,0,0,0,0,Europe
CUST_00178,2024-06-27,2024-11-19,2024-10-25,2024-11-26,32,152,1,True,1,1.0,0.0,1.0,0.0,2.0,0.0,0.0,0.0,0.0,0.0,2,5,2.5,1100.85,253.835,256.53,0.0,0.0,0.0,844.32,3,0,0,0,2,M,61,1.0,0.0,0.0,0,0,0,0,Asia
CUST_00185,2024-07-03,2024-11-19,2024-10-31,2025-02-17,109,229,0,False,1,0.0,0.0,0.0,0.0,0.0,0.0,0.0,0.0,0.0,0.0,1,4,4.0,265.26,66.315,0.0,265.26,0.0,0.0,0.0,0,4,0,0,0,F,25,1.0,0.0,0.0,0,0,0,0,Asia
CUST_00187,2024-07-12,2024-11-19,2024-11-09,2024-11-27,18,138,1,True,1,0.0,1.0,1.0,0.0,2.0,0.0,0.0,0.0,0.0,0.0,2,3,1.5,1836.54,783.9775,537.17,0.0,0.0,0.0,1299.37,2,0,0,0,1,M,48,0.0,1.0,0.0,0,0,0,0,Europe
CUST_00191,2024-06-11,2024-11-19,2024-10-09,2025-02-17,131,251,0,False,1,0.0,0.0,0.0,0.0,0.0,0.0,0.0,0.0,0.0,0.0,1,1,1.0,520.35,520.35,0.0,520.35,0.0,0.0,0.0,0,1,0,0,0,F,23,0.0,0.0,1.0,0,0,0,0,North America
CUST_00201,2024-07-18,2024-11-19,2024-11-15,2024-11-21,6,126,1,True,0,1.0,0.0,0.0,1.0,2.0,0.0,0.0,0.0,0.0,0.0,3,9,3.0,4493.85,545.8777777777777,0.0,1431.25,1186.3,1876.3,0.0,0,2,4,3,0,M,48,1.0,0.0,0.0,0,0,0,0,Asia
CUST_00208,2024-07-14,2024-11-19,2024-11-11,2025-02-17,98,218,0,False,1,0.0,0.0,0.0,0.0,0.0,0.0,0.0,0.0,0.0,0.0,2,2,1.0,2146.73,1073.365,880.01,0.0,0.0,0.0,1266.72,1,0,0,0,1,F,63,0.0,1.0,0.0,0,0,0,0,Europe
CUST_00216,2024-07-13,2024-11-19,2024-11-10,2025-02-17,99,219,0,False,1,0.0,0.0,0.0,0.0,0.0,0.0,0.0,0.0,0.0,0.0,1,2,2.0,870.17,435.085,0.0,0.0,0.0,870.17,0.0,0,0,0,2,0,M,39,0.0,1.0,0.0,0,0,0,0,Europe
CUST_00219,2024-06-27,2024-11-19,2024-10-25,2025-02-17,115,235,0,False,1,0.0,0.0,0.0,0.0,0.0,0.0,0.0,0.0,0.0,0.0,1,2,2.0,137.12,68.56,0.0,137.12,0.0,0.0,0.0,0,2,0,0,0,M,34,0.0,1.0,0.0,0,0,0,0,Europe
CUST_00220,2024-06-30,2024-11-19,2024-10-28,2025-02-17,112,232,0,False,1,0.0,0.0,0.0,0.0,0.0,0.0,0.0,0.0,0.0,0.0,2,3,1.5,1660.82,622.935,0.0,829.9,0.0,0.0,830.92,0,2,0,0,1,M,32,0.0,1.0,0.0,0,0,0,0,Europe
CUST_00238,2024-06-20,2024-11-19,2024-10-18,2025-02-17,122,242,0,False,1,0.0,0.0,0.0,0.0,0.0,0.0,0.0,0.0,0.0,0.0,1,1,1.0,1381.81,1381.81,0.0,1381.81,0.0,0.0,0.0,0,1,0,0,0,F,27,0.0,1.0,0.0,0,0,0,0,Europe
CUST_00248,2024-07-03,2024-11-19,2024-10-31,2025-02-17,109,229,0,False,1,0.0,0.0,0.0,0.0,0.0,0.0,0.0,0.0,0.0,0.0,1,2,2.0,619.2,309.6,0.0,619.2,0.0,0.0,0.0,0,2,0,0,0,M,43,0.0,1.0,0.0,0,0,0,0,Europe
CUST_00253,2024-07-09,2024-11-19,2024-11-06,2025-02-17,103,223,0,False,1,0.0,0.0,0.0,0.0,0.0,0.0,0.0,0.0,0.0,0.0,1,2,2.0,1391.38,695.69,1391.38,0.0,0.0,0.0,0.0,2,0,0,0,0,F,32,1.0,0.0,0.0,0,0,0,0,Asia
CUST_00267,2024-07-20,2024-11-19,2024-11-17,2025-02-17,92,212,0,False,1,0.0,0.0,0.0,0.0,0.0,0.0,0.0,0.0,0.0,0.0,1,1,1.0,470.16,470.16,0.0,0.0,0.0,0.0,470.16,0,0,0,0,1,F,42,0.0,1.0,0.0,0,0,0,0,Europe
CUST_00270,2024-06-27,2024-11-19,2024-10-25,2025-02-17,115,235,0,False,1,0.0,0.0,0.0,0.0,0.0,0.0,0.0,0.0,0.0,0.0,1,3,3.0,1660.27,553.4233333333333,1660.27,0.0,0.0,0.0,0.0,3,0,0,0,0,M,65,1.0,0.0,0.0,0,0,0,0,Asia
CUST_00273,2024-07-17,2024-11-19,2024-11-14,2025-02-17,95,215,0,False,1,0.0,0.0,0.0,0.0,0.0,0.0,0.0,0.0,0.0,0.0,1,2,2.0,1945.57,972.785,0.0,0.0,0.0,0.0,1945.57,0,0,0,0,2,M,43,0.0,0.0,1.0,0,0,0,0,North America
CUST_00274,2024-06-16,2024-11-19,2024-10-14,2024-12-14,61,181,1,True,1,0.0,0.0,0.0,0.0,0.0,0.0,0.0,0.0,0.0,0.0,2,2,1.0,1129.29,564.645,0.0,934.76,0.0,194.53,0.0,0,1,0,1,0,F,67,1.0,0.0,0.0,0,0,0,0,Asia
CUST_00280,2024-06-26,2024-11-19,2024-10-24,2025-02-17,116,236,0,False,1,0.0,0.0,0.0,0.0,0.0,0.0,0.0,0.0,0.0,0.0,1,4,4.0,1205.82,301.455,0.0,0.0,0.0,0.0,1205.82,0,0,0,0,4,M,40,0.0,0.0,1.0,0,0,0,0,North America
CUST_00316,2024-06-04,2024-11-19,2024-10-02,2025-02-17,138,258,0,False,1,0.0,0.0,0.0,0.0,0.0,0.0,0.0,0.0,0.0,0.0,1,3,3.0,657.32,219.10666666666668,0.0,0.0,0.0,0.0,657.32,0,0,0,0,3,F,39,0.0,1.0,0.0,0,0,0,0,Europe
CUST_00338,2024-07-03,2024-11-19,2024-10-31,2025-02-17,109,229,0,False,1,0.0,0.0,0.0,0.0,0.0,0.0,0.0,0.0,0.0,0.0,1,1,1.0,1817.81,1817.81,0.0,0.0,0.0,0.0,1817.81,0,0,0,0,1,M,56,0.0,1.0,0.0,0,0,0,0,Europe
CUST_00346,2024-06-10,2024-11-19,2024-10-08,2025-02-17,132,252,0,False,1,0.0,0.0,0.0,0.0,0.0,0.0,0.0,0.0,0.0,0.0,1,2,2.0,1368.84,684.42,0.0,0.0,0.0,0.0,1368.84,0,0,0,0,2,M,30,1.0,0.0,0.0,0,0,0,0,Asia
CUST_00347,2024-07-02,2024-11-19,2024-10-30,2025-02-17,110,230,0,False,1,0.0,0.0,0.0,0.0,0.0,0.0,0.0,0.0,0.0,0.0,1,2,2.0,174.38,87.19,0.0,0.0,0.0,0.0,174.38,0,0,0,0,2,M,58,0.0,1.0,0.0,0,0,0,0,Europe
CUST_00348,2024-06-20,2024-11-19,2024-10-18,2024-11-28,41,161,1,True,1,0.0,0.0,0.0,0.0,0.0,0.0,0.0,0.0,0.0,0.0,3,7,2.3333333333333335,3376.53,608.5344444444445,1050.14,0.0,1216.91,0.0,1109.48,1,0,3,0,3,F,74,1.0,0.0,0.0,0,0,0,0,Asia
CUST_00358,2024-06-28,2024-11-19,2024-10-26,2025-02-17,114,234,0,False,1,0.0,0.0,0.0,0.0,0.0,0.0,0.0,0.0,0.0,0.0,1,1,1.0,364.16,364.16,0.0,0.0,364.16,0.0,0.0,0,0,1,0,0,M,55,0.0,1.0,0.0,0,0,0,0,Europe
CUST_00362,2024-06-17,2024-11-19,2024-10-15,2025-02-17,125,245,0,False,1,0.0,0.0,0.0,0.0,0.0,0.0,0.0,0.0,0.0,0.0,1,2,2.0,1051.89,525.945,0.0,1051.89,0.0,0.0,0.0,0,2,0,0,0,M,69,0.0,1.0,0.0,0,0,0,0,Europe
CUST_00373,2024-06-14,2024-11-19,2024-10-12,2024-11-25,44,164,1,True,1,1.0,1.0,1.0,1.0,4.0,0.0,0.0,0.0,0.0,0.0,2,4,2.0,3163.04,965.98,0.0,0.0,0.0,3163.04,0.0,0,0,0,4,0,F,46,0.0,1.0,0.0,0,0,0,0,Europe
CUST_00378,2024-06-22,2024-11-19,2024-10-20,2025-02-17,120,240,0,False,1,0.0,0.0,0.0,0.0,0.0,0.0,0.0,0.0,0.0,0.0,1,1,1.0,258.7,258.7,0.0,0.0,258.7,0.0,0.0,0,0,1,0,0,M,22,0.0,0.0,1.0,0,0,0,0,North America
CUST_00381,2024-07-15,2024-11-19,2024-11-12,2025-02-17,97,217,0,False,0,0.0,0.0,0.0,0.0,0.0,0.0,0.0,0.0,0.0,0.0,2,6,3.0,2476.36,412.7266666666667,0.0,0.0,0.0,0.0,2476.36,0,0,0,0,6,M,49,0.0,0.0,1.0,0,0,0,0,North America
CUST_00383,2024-06-07,2024-11-19,2024-10-05,2024-12-18,74,194,1,True,1,0.0,1.0,0.0,0.0,1.0,0.0,0.0,0.0,0.0,0.0,2,3,1.5,1337.63,445.96500000000003,0.0,0.0,0.0,891.4,446.23,0,0,0,2,1,M,55,1.0,0.0,0.0,0,0,0,0,Asia
CUST_00395,2024-07-16,2024-11-19,2024-11-13,2025-02-17,96,216,0,False,1,0.0,0.0,0.0,0.0,0.0,0.0,0.0,0.0,0.0,0.0,1,2,2.0,1941.86,970.93,0.0,0.0,0.0,1941.86,0.0,0,0,0,2,0,Other,59,0.0,1.0,0.0,0,0,0,0,Europe
CUST_00400,2024-06-10,2024-11-19,2024-10-08,2024-12-12,65,185,1,True,1,0.0,0.0,0.0,1.0,1.0,0.0,0.0,0.0,0.0,0.0,2,4,2.0,2799.5600000000004,699.8900000000001,0.0,0.0,2799.5600000000004,0.0,0.0,0,0,4,0,0,M,30,0.0,1.0,0.0,0,0,0,0,Europe
CUST_00406,2024-06-13,2024-11-19,2024-10-11,2025-02-17,129,249,0,False,1,0.0,0.0,0.0,0.0,0.0,0.0,0.0,0.0,0.0,0.0,1,1,1.0,1297.4,1297.4,0.0,0.0,1297.4,0.0,0.0,0,0,1,0,0,M,52,0.0,1.0,0.0,0,0,0,0,Europe
CUST_00424,2024-06-29,2024-11-19,2024-10-27,2025-02-17,113,233,0,False,1,0.0,0.0,0.0,0.0,0.0,0.0,0.0,0.0,0.0,0.0,2,3,1.5,1404.1000000000001,392.88,1236.68,0.0,0.0,167.42,0.0,2,0,0,1,0,F,22,0.0,1.0,0.0,0,0,0,0,Europe
CUST_00429,2024-06-19,2024-11-19,2024-10-17,2025-02-17,123,243,0,False,1,0.0,0.0,0.0,0.0,0.0,0.0,0.0,0.0,0.0,0.0,1,4,4.0,1061.88,265.47,0.0,1061.88,0.0,0.0,0.0,0,4,0,0,0,M,26,0.0,1.0,0.0,0,0,0,0,Europe
CUST_00438,2024-07-15,2024-11-19,2024-11-12,2025-02-17,97,217,0,False,1,0.0,0.0,0.0,0.0,0.0,0.0,0.0,0.0,0.0,0.0,3,8,2.6666666666666665,2922.19,674.1894444444445,0.0,0.0,2922.19,0.0,0.0,0,0,8,0,0,F,50,1.0,0.0,0.0,0,0,0,0,Asia
CUST_00447,2024-07-10,2024-11-19,2024-11-07,2025-02-17,102,222,0,False,1,0.0,0.0,0.0,0.0,0.0,0.0,0.0,0.0,0.0,0.0,1,1,1.0,1871.34,1871.34,1871.34,0.0,0.0,0.0,0.0,1,0,0,0,0,M,47,1.0,0.0,0.0,0,0,0,0,Asia
CUST_00457,2024-07-19,2024-11-19,2024-11-16,2024-12-02,16,136,1,True,1,2.0,2.0,0.0,1.0,5.0,0.0,0.0,0.0,0.0,0.0,2,3,1.5,2052.34,720.9075,0.0,0.0,0.0,1221.05,831.29,0,0,0,2,1,M,40,0.0,1.0,0.0,0,0,0,0,Europe
CUST_00472,2024-07-08,2024-11-19,2024-11-05,2025-02-17,104,224,0,False,1,0.0,0.0,0.0,0.0,0.0,0.0,0.0,0.0,0.0,0.0,1,2,2.0,1336.53,668.265,0.0,0.0,0.0,1336.53,0.0,0,0,0,2,0,Other,44,1.0,0.0,0.0,0,0,0,0,Asia
CUST_00478,2024-07-13,2024-11-19,2024-11-10,2024-12-09,29,149,1,True,1,0.0,0.0,1.0,0.0,1.0,0.0,0.0,0.0,0.0,0.0,3,6,2.0,2008.4899999999998,334.7483333333333,600.16,0.0,1408.33,0.0,0.0,2,0,4,0,0,F,54,0.0,1.0,0.0,0,0,0,0,Europe
CUST_00490,2024-07-06,2024-11-19,2024-11-03,2025-02-17,106,226,0,False,1,0.0,0.0,0.0,0.0,0.0,0.0,0.0,0.0,0.0,0.0,2,5,2.5,2163.75,525.05,0.0,0.0,2163.75,0.0,0.0,0,0,5,0,0,M,32,0.0,1.0,0.0,0,0,0,0,Europe
CUST_00498,2024-06-04,2024-11-19,2024-10-02,2025-02-17,138,258,0,False,1,0.0,0.0,0.0,0.0,0.0,0.0,0.0,0.0,0.0,0.0,1,1,1.0,1978.45,1978.45,1978.45,0.0,0.0,0.0,0.0,1,0,0,0,0,F,24,0.0,1.0,0.0,0,0,0,0,Europe
CUST_00503,2024-06-10,2024-11-19,2024-10-08,2025-02-17,132,252,0,False,1,0.0,0.0,0.0,0.0,0.0,0.0,0.0,0.0,0.0,0.0,1,2,2.0,1492.62,746.31,0.0,0.0,1492.62,0.0,0.0,0,0,2,0,0,M,36,0.0,1.0,0.0,0,0,0,0,Europe
CUST_00506,2024-06-14,2024-11-19,2024-10-12,2025-02-17,128,248,0,False,1,0.0,0.0,0.0,0.0,0.0,0.0,0.0,0.0,0.0,0.0,1,1,1.0,975.02,975.02,0.0,0.0,0.0,975.02,0.0,0,0,0,1,0,F,63,1.0,0.0,0.0,0,0,0,0,Asia
CUST_00523,2024-07-17,2024-11-19,2024-11-14,2025-02-17,95,215,0,False,1,0.0,0.0,0.0,0.0,0.0,0.0,0.0,0.0,0.0,0.0,1,2,2.0,184.54,92.27,0.0,0.0,0.0,184.54,0.0,0,0,0,2,0,F,75,0.0,1.0,0.0,0,0,0,0,Europe
CUST_00536,2024-07-21,2024-11-19,2024-11-18,2025-02-17,91,211,0,False,1,0.0,0.0,0.0,0.0,0.0,0.0,0.0,0.0,0.0,0.0,1,2,2.0,1391.15,695.575,0.0,0.0,0.0,1391.15,0.0,0,0,0,2,0,M,37,0.0,1.0,0.0,0,0,0,0,Europe
CUST_00539,2024-06-29,2024-11-19,2024-10-27,2025-02-17,113,233,0,False,1,0.0,0.0,0.0,0.0,0.0,0.0,0.0,0.0,0.0,0.0,1,2,2.0,1368.57,684.285,1368.57,0.0,0.0,0.0,0.0,2,0,0,0,0,M,47,0.0,1.0,0.0,0,0,0,0,Europe
CUST_00552,2024-07-09,2024-11-19,2024-11-06,2024-12-21,45,165,1,True,1,1.0,2.0,2.0,0.0,5.0,0.0,0.0,0.0,0.0,0.0,3,7,2.3333333333333335,2710.5899999999997,510.8233333333333,0.0,2206.7,0.0,0.0,503.89,0,4,0,0,3,M,29,1.0,0.0,0.0,0,0,0,0,Asia
CUST_00557,2024-06-22,2024-11-19,2024-10-20,2025-02-17,120,240,0,False,0,0.0,0.0,0.0,0.0,0.0,0.0,0.0,0.0,0.0,0.0,1,4,4.0,1497.37,374.3425,0.0,0.0,1497.37,0.0,0.0,0,0,4,0,0,F,71,1.0,0.0,0.0,0,0,0,0,Asia
CUST_00569,2024-06-27,2024-11-19,2024-10-25,2025-02-17,115,235,0,False,1,0.0,0.0,0.0,0.0,0.0,0.0,0.0,0.0,0.0,0.0,1,1,1.0,765.78,765.78,0.0,765.78,0.0,0.0,0.0,0,1,0,0,0,M,53,0.0,1.0,0.0,0,0,0,0,Europe
CUST_00578,2024-06-25,2024-11-19,2024-10-23,2025-02-17,117,237,0,False,1,0.0,0.0,0.0,0.0,0.0,0.0,0.0,0.0,0.0,0.0,1,4,4.0,853.63,213.4075,0.0,0.0,853.63,0.0,0.0,0,0,4,0,0,F,57,0.0,1.0,0.0,0,0,0,0,Europe
CUST_00579,2024-06-21,2024-11-19,2024-10-19,2025-02-17,121,241,0,False,1,0.0,0.0,0.0,0.0,0.0,0.0,0.0,0.0,0.0,0.0,1,2,2.0,1087.25,543.625,0.0,0.0,1087.25,0.0,0.0,0,0,2,0,0,F,44,0.0,1.0,0.0,0,0,0,0,Europe
CUST_00624,2024-06-02,2024-11-19,2024-09-30,2025-02-17,140,260,0,False,1,0.0,0.0,0.0,0.0,0.0,0.0,0.0,0.0,0.0,0.0,1,2,2.0,1458.08,729.04,0.0,0.0,0.0,0.0,1458.08,0,0,0,0,2,M,47,1.0,0.0,0.0,0,0,0,0,Asia
CUST_00628,2024-07-01,2024-11-19,2024-10-29,2025-02-17,111,231,0,False,0,0.0,0.0,0.0,0.0,0.0,0.0,0.0,0.0,0.0,0.0,2,6,3.0,2806.51,467.75166666666667,0.0,887.06,0.0,1919.45,0.0,0,3,0,3,0,Other,42,0.0,1.0,0.0,0,0,0,0,Europe
CUST_00636,2024-06-23,2024-11-19,2024-10-21,2025-02-17,119,239,0,False,0,0.0,0.0,0.0,0.0,0.0,0.0,0.0,0.0,0.0,0.0,1,1,1.0,1794.84,1794.84,0.0,1794.84,0.0,0.0,0.0,0,1,0,0,0,F,65,1.0,0.0,0.0,0,0,0,0,Asia
CUST_00637,2024-06-22,2024-11-19,2024-10-20,2025-02-17,120,240,0,False,1,0.0,0.0,0.0,0.0,0.0,0.0,0.0,0.0,0.0,0.0,1,3,3.0,1231.09,410.3633333333333,0.0,0.0,0.0,1231.09,0.0,0,0,0,3,0,F,47,1.0,0.0,0.0,0,0,0,0,Asia
CUST_00641,2024-07-20,2024-11-19,2024-11-17,2025-02-17,92,212,0,False,1,0.0,0.0,0.0,0.0,0.0,0.0,0.0,0.0,0.0,0.0,1,2,2.0,1462.37,731.185,0.0,0.0,0.0,1462.37,0.0,0,0,0,2,0,M,40,0.0,1.0,0.0,0,0,0,0,Europe
CUST_00645,2024-06-23,2024-11-19,2024-10-21,2025-02-17,119,239,0,False,1,0.0,0.0,0.0,0.0,0.0,0.0,0.0,0.0,0.0,0.0,1,3,3.0,661.55,220.51666666666665,0.0,661.55,0.0,0.0,0.0,0,3,0,0,0,F,52,0.0,0.0,1.0,0,0,0,0,North America
CUST_00648,2024-06-26,2024-11-19,2024-10-24,2025-02-17,116,236,0,False,1,0.0,0.0,0.0,0.0,0.0,0.0,0.0,0.0,0.0,0.0,1,2,2.0,1861.15,930.575,1861.15,0.0,0.0,0.0,0.0,2,0,0,0,0,M,41,1.0,0.0,0.0,0,0,0,0,Asia
CUST_00650,2024-06-16,2024-11-19,2024-10-14,2024-12-29,76,196,1,True,1,0.0,0.0,0.0,0.0,0.0,0.0,0.0,0.0,0.0,0.0,2,4,2.0,2398.61,1036.8216666666667,2398.61,0.0,0.0,0.0,0.0,4,0,0,0,0,M,40,0.0,1.0,0.0,0,0,0,0,Europe
CUST_00654,2024-06-25,2024-11-19,2024-10-23,2025-02-17,117,237,0,False,0,0.0,0.0,0.0,0.0,0.0,0.0,0.0,0.0,0.0,0.0,1,2,2.0,812.59,406.295,812.59,0.0,0.0,0.0,0.0,2,0,0,0,0,M,44,0.0,0.0,1.0,0,0,0,0,North America
CUST_00660,2024-07-07,2024-11-19,2024-11-04,2025-02-17,105,225,0,False,0,0.0,0.0,0.0,0.0,0.0,0.0,0.0,0.0,0.0,0.0,2,3,1.5,2267.35,845.0325,0.0,0.0,0.0,0.0,2267.35,0,0,0,0,3,F,27,1.0,0.0,0.0,0,0,0,0,Asia
CUST_00662,2024-06-18,2024-11-19,2024-10-16,2025-02-17,124,244,0,False,1,0.0,0.0,0.0,0.0,0.0,0.0,0.0,0.0,0.0,0.0,1,1,1.0,1883.89,1883.89,0.0,1883.89,0.0,0.0,0.0,0,1,0,0,0,M,63,1.0,0.0,0.0,0,0,0,0,Asia
CUST_00665,2024-07-08,2024-11-19,2024-11-05,2025-02-17,104,224,0,False,1,0.0,0.0,0.0,0.0,0.0,0.0,0.0,0.0,0.0,0.0,1,6,6.0,646.89,107.815,0.0,0.0,646.89,0.0,0.0,0,0,6,0,0,M,41,0.0,1.0,0.0,0,0,0,0,Europe
CUST_00669,2024-07-16,2024-11-19,2024-11-13,2025-02-17,96,216,0,False,1,0.0,0.0,0.0,0.0,0.0,0.0,0.0,0.0,0.0,0.0,1,1,1.0,817.4,817.4,817.4,0.0,0.0,0.0,0.0,1,0,0,0,0,F,27,0.0,1.0,0.0,0,0,0,0,Europe
CUST_00678,2024-06-20,2024-11-19,2024-10-18,2025-02-17,122,242,0,False,1,0.0,0.0,0.0,0.0,0.0,0.0,0.0,0.0,0.0,0.0,1,2,2.0,1485.94,742.97,0.0,0.0,0.0,1485.94,0.0,0,0,0,2,0,F,64,0.0,1.0,0.0,0,0,0,0,Europe
CUST_00680,2024-06-03,2024-11-19,2024-10-01,2025-02-17,139,259,0,False,0,0.0,0.0,0.0,0.0,0.0,0.0,0.0,0.0,0.0,0.0,1,2,2.0,1846.56,923.28,1846.56,0.0,0.0,0.0,0.0,2,0,0,0,0,F,57,0.0,1.0,0.0,0,0,0,0,Europe
CUST_00681,2024-07-21,2024-11-19,2024-11-18,2025-02-17,91,211,0,False,1,0.0,0.0,0.0,0.0,0.0,0.0,0.0,0.0,0.0,0.0,1,2,2.0,788.01,394.005,0.0,0.0,0.0,788.01,0.0,0,0,0,2,0,M,64,0.0,1.0,0.0,0,0,0,0,Europe
CUST_00689,2024-06-01,2024-11-19,2024-09-29,2024-12-17,79,199,1,True,1,0.0,1.0,1.0,0.0,2.0,0.0,0.0,1.0,0.0,1.0,2,5,2.5,2422.41,561.9525,0.0,0.0,523.8,1898.61,0.0,0,0,3,2,0,M,29,1.0,0.0,0.0,0,0,0,0,Asia
CUST_00702,2024-06-26,2024-11-19,2024-10-24,2025-02-17,116,236,0,False,1,0.0,0.0,0.0,0.0,0.0,0.0,0.0,0.0,0.0,0.0,2,7,3.5,2729.6400000000003,526.4970000000001,0.0,1039.42,0.0,1690.22,0.0,0,5,0,2,0,F,37,0.0,1.0,0.0,0,0,0,0,Europe
CUST_00717,2024-06-30,2024-11-19,2024-10-28,2025-02-17,112,232,0,False,0,0.0,0.0,0.0,0.0,0.0,0.0,0.0,0.0,0.0,0.0,3,7,2.3333333333333335,1136.35,210.91,0.0,101.16,380.92,0.0,654.27,0,3,1,0,3,F,64,1.0,0.0,0.0,0,0,0,0,Asia
CUST_00721,2024-07-21,2024-11-19,2024-11-18,2024-12-17,29,149,1,True,1,0.0,0.0,0.0,0.0,0.0,0.0,0.0,0.0,0.0,0.0,2,5,2.5,1073.1,203.89749999999998,0.0,1073.1,0.0,0.0,0.0,0,5,0,0,0,M,59,0.0,1.0,0.0,0,0,0,0,Europe
CUST_00731,2024-07-12,2024-11-19,2024-11-09,2025-02-17,100,220,0,False,1,0.0,0.0,0.0,0.0,0.0,0.0,0.0,0.0,0.0,0.0,1,3,3.0,1576.73,525.5766666666667,0.0,1576.73,0.0,0.0,0.0,0,3,0,0,0,F,74,0.0,0.0,1.0,0,0,0,0,North America
CUST_00732,2024-07-21,2024-11-19,2024-11-18,2025-02-17,91,211,0,False,1,0.0,0.0,0.0,0.0,0.0,0.0,0.0,0.0,0.0,0.0,2,7,3.5,1440.6599999999999,204.33416666666665,858.62,0.0,0.0,582.04,0.0,4,0,0,3,0,F,71,0.0,0.0,1.0,0,0,0,0,North America
CUST_00744,2024-07-20,2024-11-19,2024-11-17,2025-02-17,92,212,0,False,1,0.0,0.0,0.0,0.0,0.0,0.0,0.0,0.0,0.0,0.0,1,2,2.0,500.81,250.405,0.0,500.81,0.0,0.0,0.0,0,2,0,0,0,F,69,0.0,1.0,0.0,0,0,0,0,Europe
CUST_00747,2024-06-04,2024-11-19,2024-10-02,2025-02-17,138,258,0,False,1,0.0,0.0,0.0,0.0,0.0,0.0,0.0,0.0,0.0,0.0,1,1,1.0,1002.44,1002.44,0.0,0.0,1002.44,0.0,0.0,0,0,1,0,0,F,72,0.0,0.0,1.0,0,0,0,0,North America
CUST_00768,2024-06-28,2024-11-19,2024-10-26,2025-02-17,114,234,0,False,1,0.0,0.0,0.0,0.0,0.0,0.0,0.0,0.0,0.0,0.0,1,2,2.0,349.59,174.795,0.0,349.59,0.0,0.0,0.0,0,2,0,0,0,M,35,1.0,0.0,0.0,0,0,0,0,Asia
CUST_00780,2024-06-28,2024-11-19,2024-10-26,2025-02-17,114,234,0,False,1,0.0,0.0,0.0,0.0,0.0,0.0,0.0,0.0,0.0,0.0,1,2,2.0,1453.41,726.705,0.0,0.0,1453.41,0.0,0.0,0,0,2,0,0,F,32,0.0,0.0,1.0,0,0,0,0,North America
CUST_00782,2024-06-29,2024-11-19,2024-10-27,2025-02-17,113,233,0,False,0,0.0,0.0,0.0,0.0,0.0,0.0,0.0,0.0,0.0,0.0,2,6,3.0,1815.69,281.07124999999996,1382.81,432.88,0.0,0.0,0.0,4,2,0,0,0,F,44,0.0,1.0,0.0,0,0,0,0,Europe
CUST_00785,2024-06-24,2024-11-19,2024-10-22,2025-02-17,118,238,0,False,1,0.0,0.0,0.0,0.0,0.0,0.0,0.0,0.0,0.0,0.0,1,1,1.0,1698.58,1698.58,0.0,0.0,0.0,0.0,1698.58,0,0,0,0,1,F,55,0.0,1.0,0.0,0,0,0,0,Europe
CUST_00798,2024-07-14,2024-11-19,2024-11-11,2025-02-17,98,218,0,False,1,0.0,0.0,0.0,0.0,0.0,0.0,0.0,0.0,0.0,0.0,1,2,2.0,182.16,91.08,0.0,0.0,182.16,0.0,0.0,0,0,2,0,0,F,27,0.0,1.0,0.0,0,0,0,0,Europe
CUST_00799,2024-07-07,2024-11-19,2024-11-04,2025-02-17,105,225,0,False,1,0.0,0.0,0.0,0.0,0.0,0.0,0.0,0.0,0.0,0.0,2,5,2.5,1555.25,277.0175,0.0,0.0,1341.54,0.0,213.71,0,0,3,0,2,M,62,1.0,0.0,0.0,0,0,0,0,Asia
CUST_00809,2024-06-26,2024-11-19,2024-10-24,2025-02-17,116,236,0,False,1,0.0,0.0,0.0,0.0,0.0,0.0,0.0,0.0,0.0,0.0,1,2,2.0,1674.12,837.06,0.0,0.0,0.0,0.0,1674.12,0,0,0,0,2,F,65,0.0,1.0,0.0,0,0,0,0,Europe
CUST_00810,2024-06-22,2024-11-19,2024-10-20,2025-02-17,120,240,0,False,1,0.0,0.0,0.0,0.0,0.0,0.0,0.0,0.0,0.0,0.0,1,3,3.0,707.52,235.84,0.0,0.0,0.0,0.0,707.52,0,0,0,0,3,F,64,1.0,0.0,0.0,0,0,0,0,Asia
CUST_00812,2024-07-21,2024-11-19,2024-11-18,2025-02-17,91,211,0,False,1,0.0,0.0,0.0,0.0,0.0,0.0,0.0,0.0,0.0,0.0,1,1,1.0,600.14,600.14,600.14,0.0,0.0,0.0,0.0,1,0,0,0,0,Other,44,1.0,0.0,0.0,0,0,0,0,Asia
CUST_00823,2024-07-03,2024-11-19,2024-10-31,2025-02-17,109,229,0,False,1,0.0,0.0,0.0,0.0,0.0,0.0,0.0,0.0,0.0,0.0,1,3,3.0,1483.16,494.3866666666667,0.0,0.0,0.0,0.0,1483.16,0,0,0,0,3,F,50,0.0,0.0,1.0,0,0,0,0,North America
CUST_00824,2024-06-16,2024-11-19,2024-10-14,2025-02-17,126,246,0,False,1,0.0,0.0,0.0,0.0,0.0,0.0,0.0,0.0,0.0,0.0,1,3,3.0,1589.48,529.8266666666667,0.0,0.0,1589.48,0.0,0.0,0,0,3,0,0,M,68,0.0,1.0,0.0,0,0,0,0,Europe
CUST_00834,2024-07-06,2024-11-19,2024-11-03,2024-12-18,45,165,1,True,1,0.0,0.0,0.0,0.0,0.0,0.0,0.0,0.0,0.0,0.0,3,6,2.0,3152.1400000000003,553.3738888888889,0.0,0.0,2043.3500000000001,0.0,1108.79,0,0,3,0,3,F,67,1.0,0.0,0.0,0,0,0,0,Asia
CUST_00848,2024-07-18,2024-11-19,2024-11-15,2025-02-17,94,214,0,False,1,0.0,0.0,0.0,0.0,0.0,0.0,0.0,0.0,0.0,0.0,2,3,1.5,2615.94,1053.21,1019.04,0.0,0.0,0.0,1596.9,2,0,0,0,1,M,71,1.0,0.0,0.0,0,0,0,0,Asia
CUST_00857,2024-06-02,2024-11-19,2024-09-30,2025-02-17,140,260,0,False,1,0.0,0.0,0.0,0.0,0.0,0.0,0.0,0.0,0.0,0.0,1,2,2.0,489.29,244.645,0.0,0.0,489.29,0.0,0.0,0,0,2,0,0,F,21,1.0,0.0,0.0,0,0,0,0,Asia
CUST_00862,2024-06-13,2024-11-19,2024-10-11,2024-11-23,43,163,1,True,0,0.0,1.0,1.0,2.0,4.0,0.0,0.0,0.0,0.0,0.0,2,4,2.0,2021.85,371.2283333333333,1919.09,0.0,0.0,102.76,0.0,3,0,0,1,0,M,44,0.0,1.0,0.0,0,0,0,0,Europe
CUST_00872,2024-06-10,2024-11-19,2024-10-08,2025-02-17,132,252,0,False,1,0.0,0.0,0.0,0.0,0.0,0.0,0.0,0.0,0.0,0.0,1,1,1.0,991.85,991.85,0.0,0.0,0.0,0.0,991.85,0,0,0,0,1,M,63,0.0,0.0,1.0,0,0,0,0,North America
CUST_00879,2024-06-26,2024-11-19,2024-10-24,2025-02-17,116,236,0,False,0,0.0,0.0,0.0,0.0,0.0,0.0,0.0,0.0,0.0,0.0,1,1,1.0,254.9,254.9,0.0,0.0,0.0,254.9,0.0,0,0,0,1,0,F,28,1.0,0.0,0.0,0,0,0,0,Asia
CUST_00893,2024-07-04,2024-11-19,2024-11-01,2025-02-17,108,228,0,False,1,0.0,0.0,0.0,0.0,0.0,0.0,0.0,0.0,0.0,0.0,1,4,4.0,1036.06,259.015,0.0,1036.06,0.0,0.0,0.0,0,4,0,0,0,M,39,1.0,0.0,0.0,0,0,0,0,Asia
CUST_00922,2024-07-15,2024-11-19,2024-11-12,2025-02-17,97,217,0,False,1,0.0,0.0,0.0,0.0,0.0,0.0,0.0,0.0,0.0,0.0,2,4,2.0,2487.71,621.9275,1307.28,0.0,0.0,0.0,1180.43,2,0,0,0,2,M,64,0.0,1.0,0.0,0,0,0,0,Europe
CUST_00923,2024-07-18,2024-11-19,2024-11-15,2025-02-17,94,214,0,False,0,0.0,0.0,0.0,0.0,0.0,0.0,0.0,0.0,0.0,0.0,1,2,2.0,455.78,227.89,0.0,0.0,455.78,0.0,0.0,0,0,2,0,0,M,75,0.0,1.0,0.0,0,0,0,0,Europe
CUST_00941,2024-06-23,2024-11-19,2024-10-21,2025-02-17,119,239,0,False,1,0.0,0.0,0.0,0.0,0.0,0.0,0.0,0.0,0.0,0.0,1,3,3.0,1119.58,373.1933333333333,0.0,0.0,0.0,1119.58,0.0,0,0,0,3,0,F,38,0.0,0.0,1.0,0,0,0,0,North America
CUST_00951,2024-06-24,2024-11-19,2024-10-22,2025-02-17,118,238,0,False,1,0.0,0.0,0.0,0.0,0.0,0.0,0.0,0.0,0.0,0.0,1,1,1.0,1604.51,1604.51,0.0,0.0,0.0,0.0,1604.51,0,0,0,0,1,F,42,0.0,1.0,0.0,0,0,0,0,Europe
CUST_00953,2024-06-06,2024-11-19,2024-10-04,2025-02-17,136,256,0,False,0,0.0,0.0,0.0,0.0,0.0,0.0,0.0,0.0,0.0,0.0,1,1,1.0,1049.42,1049.42,0.0,0.0,0.0,0.0,1049.42,0,0,0,0,1,F,38,1.0,0.0,0.0,0,0,0,0,Asia
CUST_00957,2024-06-20,2024-11-19,2024-10-18,2025-02-17,122,242,0,False,1,0.0,0.0,0.0,0.0,0.0,0.0,0.0,0.0,0.0,0.0,1,2,2.0,1283.38,641.69,0.0,0.0,1283.38,0.0,0.0,0,0,2,0,0,M,46,0.0,1.0,0.0,0,0,0,0,Europe
CUST_00959,2024-06-11,2024-11-19,2024-10-09,2025-02-17,131,251,0,False,1,0.0,0.0,0.0,0.0,0.0,0.0,0.0,0.0,0.0,0.0,1,3,3.0,1814.02,604.6733333333333,0.0,0.0,1814.02,0.0,0.0,0,0,3,0,0,F,34,0.0,1.0,0.0,0,0,0,0,Europe
CUST_00967,2024-06-29,2024-11-19,2024-10-27,2025-02-17,113,233,0,False,1,0.0,0.0,0.0,0.0,0.0,0.0,0.0,0.0,0.0,0.0,1,3,3.0,1828.39,609.4633333333334,0.0,0.0,0.0,0.0,1828.39,0,0,0,0,3,M,66,0.0,0.0,1.0,0,0,0,0,North America
CUST_00972,2024-06-10,2024-11-19,2024-10-08,2024-12-06,59,179,1,True,1,0.0,0.0,0.0,0.0,0.0,0.0,0.0,0.0,0.0,0.0,2,3,1.5,2952.92,1152.8600000000001,0.0,0.0,1658.52,1294.4,0.0,0,0,1,2,0,M,42,1.0,0.0,0.0,0,0,0,0,Asia
CUST_00981,2024-06-15,2024-11-19,2024-10-13,2025-02-17,127,247,0,False,1,0.0,0.0,0.0,0.0,0.0,0.0,0.0,0.0,0.0,0.0,1,2,2.0,708.54,354.27,0.0,0.0,0.0,0.0,708.54,0,0,0,0,2,F,25,1.0,0.0,0.0,0,0,0,0,Asia
CUST_01002,2024-06-23,2024-11-19,2024-10-21,2025-02-17,119,239,0,False,1,0.0,0.0,0.0,0.0,0.0,0.0,0.0,0.0,0.0,0.0,2,3,1.5,1141.65,352.46000000000004,0.0,0.0,0.0,1141.65,0.0,0,0,0,3,0,F,25,0.0,1.0,0.0,0,0,0,0,Europe
CUST_01013,2024-06-14,2024-11-19,2024-10-12,2024-12-06,55,175,1,True,1,0.0,1.0,0.0,1.0,2.0,0.0,0.0,0.0,0.0,0.0,2,2,1.0,1104.8700000000001,552.4350000000001,192.93,911.94,0.0,0.0,0.0,1,1,0,0,0,F,71,0.0,1.0,0.0,0,0,0,0,Europe
CUST_01026,2024-06-22,2024-11-19,2024-10-20,2024-12-03,44,164,1,True,1,1.0,1.0,0.0,0.0,2.0,0.0,0.0,0.0,0.0,0.0,2,4,2.0,2492.09,623.0225,1376.24,1115.85,0.0,0.0,0.0,2,2,0,0,0,M,29,1.0,0.0,0.0,0,0,0,0,Asia
CUST_01027,2024-06-26,2024-11-19,2024-10-24,2025-02-17,116,236,0,False,1,0.0,0.0,0.0,0.0,0.0,0.0,0.0,0.0,0.0,0.0,2,7,3.5,2694.48,393.5191666666667,0.0,0.0,1333.46,1361.02,0.0,0,0,4,3,0,F,54,0.0,1.0,0.0,0,0,0,0,Europe
CUST_01053,2024-07-03,2024-11-19,2024-10-31,2025-02-17,109,229,0,False,1,0.0,0.0,0.0,0.0,0.0,0.0,0.0,0.0,0.0,0.0,1,1,1.0,271.26,271.26,0.0,271.26,0.0,0.0,0.0,0,1,0,0,0,F,25,0.0,1.0,0.0,0,0,0,0,Europe
CUST_01055,2024-07-12,2024-11-19,2024-11-09,2025-02-17,100,220,0,False,1,0.0,0.0,0.0,0.0,0.0,0.0,0.0,0.0,0.0,0.0,2,5,2.5,2743.45,781.93625,1572.77,1170.68,0.0,0.0,0.0,4,1,0,0,0,F,73,1.0,0.0,0.0,0,0,0,0,Asia
CUST_01062,2024-07-04,2024-11-19,2024-11-01,2025-02-17,108,228,0,False,1,0.0,0.0,0.0,0.0,0.0,0.0,0.0,0.0,0.0,0.0,2,6,3.0,1672.98,278.83000000000004,0.0,1379.71,0.0,0.0,293.27,0,3,0,0,3,F,58,0.0,1.0,0.0,0,0,0,0,Europe
CUST_01084,2024-07-13,2024-11-19,2024-11-10,2025-02-17,99,219,0,False,1,0.0,0.0,0.0,0.0,0.0,0.0,0.0,0.0,0.0,0.0,2,4,2.0,2222.82,589.9200000000001,0.0,1564.47,0.0,658.35,0.0,0,3,0,1,0,F,66,0.0,1.0,0.0,0,0,0,0,Europe
CUST_01093,2024-06-08,2024-11-19,2024-10-06,2025-02-17,134,254,0,False,1,0.0,0.0,0.0,0.0,0.0,0.0,0.0,0.0,0.0,0.0,1,1,1.0,626.04,626.04,0.0,0.0,0.0,626.04,0.0,0,0,0,1,0,M,42,0.0,0.0,1.0,0,0,0,0,North America
CUST_01096,2024-07-09,2024-11-19,2024-11-06,2025-02-17,103,223,0,False,1,0.0,0.0,0.0,0.0,0.0,0.0,0.0,0.0,0.0,0.0,1,1,1.0,1585.89,1585.89,0.0,0.0,0.0,0.0,1585.89,0,0,0,0,1,Other,36,0.0,1.0,0.0,0,0,0,0,Europe
CUST_01107,2024-06-05,2024-11-19,2024-10-03,2025-02-17,137,257,0,False,1,0.0,0.0,0.0,0.0,0.0,0.0,0.0,0.0,0.0,0.0,1,1,1.0,416.64,416.64,0.0,0.0,0.0,416.64,0.0,0,0,0,1,0,F,31,0.0,1.0,0.0,0,0,0,0,Europe
CUST_01133,2024-06-14,2024-11-19,2024-10-12,2025-02-17,128,248,0,False,1,0.0,0.0,0.0,0.0,0.0,0.0,0.0,0.0,0.0,0.0,1,1,1.0,399.51,399.51,0.0,0.0,399.51,0.0,0.0,0,0,1,0,0,F,52,1.0,0.0,0.0,0,0,0,0,Asia
CUST_01137,2024-07-20,2024-11-19,2024-11-17,2025-02-17,92,212,0,False,1,0.0,0.0,0.0,0.0,0.0,0.0,0.0,0.0,0.0,0.0,2,3,1.5,2028.48,823.47,0.0,0.0,0.0,0.0,2028.48,0,0,0,0,3,F,56,0.0,1.0,0.0,0,0,0,0,Europe
CUST_01143,2024-07-08,2024-11-19,2024-11-05,2025-02-17,104,224,0,False,1,0.0,0.0,0.0,0.0,0.0,0.0,0.0,0.0,0.0,0.0,2,2,1.0,1708.3600000000001,854.1800000000001,0.0,0.0,0.0,1421.69,286.67,0,0,0,1,1,F,22,1.0,0.0,0.0,0,0,0,0,Asia
CUST_01147,2024-07-16,2024-11-19,2024-11-13,2025-02-17,96,216,0,False,1,0.0,0.0,0.0,0.0,0.0,0.0,0.0,0.0,0.0,0.0,1,2,2.0,1563.36,781.68,0.0,1563.36,0.0,0.0,0.0,0,2,0,0,0,F,25,0.0,1.0,0.0,0,0,0,0,Europe
CUST_01160,2024-07-07,2024-11-19,2024-11-04,2025-02-17,105,225,0,False,1,0.0,0.0,0.0,0.0,0.0,0.0,0.0,0.0,0.0,0.0,1,1,1.0,1279.38,1279.38,1279.38,0.0,0.0,0.0,0.0,1,0,0,0,0,M,72,0.0,0.0,1.0,0,0,0,0,North America
CUST_01164,2024-07-15,2024-11-19,2024-11-12,2025-02-17,97,217,0,False,1,0.0,0.0,0.0,0.0,0.0,0.0,0.0,0.0,0.0,0.0,1,1,1.0,1058.77,1058.77,0.0,0.0,1058.77,0.0,0.0,0,0,1,0,0,M,56,0.0,1.0,0.0,0,0,0,0,Europe
CUST_01195,2024-07-19,2024-11-19,2024-11-16,2025-02-17,93,213,0,False,1,0.0,0.0,0.0,0.0,0.0,0.0,0.0,0.0,0.0,0.0,1,2,2.0,194.71,97.355,194.71,0.0,0.0,0.0,0.0,2,0,0,0,0,F,67,1.0,0.0,0.0,0,0,0,0,Asia
CUST_01197,2024-06-09,2024-11-19,2024-10-07,2025-02-17,133,253,0,False,1,0.0,0.0,0.0,0.0,0.0,0.0,0.0,0.0,0.0,0.0,1,1,1.0,1200.52,1200.52,0.0,1200.52,0.0,0.0,0.0,0,1,0,0,0,Other,61,0.0,0.0,1.0,0,0,0,0,North America
CUST_01204,2024-07-20,2024-11-19,2024-11-17,2025-02-17,92,212,0,False,1,0.0,0.0,0.0,0.0,0.0,0.0,0.0,0.0,0.0,0.0,2,4,2.0,2195.88,548.97,1910.71,0.0,0.0,0.0,285.17,2,0,0,0,2,M,27,1.0,0.0,0.0,0,0,0,0,Asia
CUST_01210,2024-07-12,2024-11-19,2024-11-09,2025-02-17,100,220,0,False,1,0.0,0.0,0.0,0.0,0.0,0.0,0.0,0.0,0.0,0.0,1,2,2.0,1310.19,655.095,1310.19,0.0,0.0,0.0,0.0,2,0,0,0,0,F,65,1.0,0.0,0.0,0,0,0,0,Asia
CUST_01217,2024-07-20,2024-11-19,2024-11-17,2025-02-17,92,212,0,False,1,0.0,0.0,0.0,0.0,0.0,0.0,0.0,0.0,0.0,0.0,1,2,2.0,740.1,370.05,0.0,0.0,0.0,0.0,740.1,0,0,0,0,2,F,36,0.0,1.0,0.0,0,0,0,0,Europe
CUST_01226,2024-07-06,2024-11-19,2024-11-03,2025-02-17,106,226,0,False,1,0.0,0.0,0.0,0.0,0.0,0.0,0.0,0.0,0.0,0.0,1,1,1.0,846.59,846.59,0.0,0.0,0.0,846.59,0.0,0,0,0,1,0,F,41,0.0,1.0,0.0,0,0,0,0,Europe
CUST_01229,2024-06-19,2024-11-19,2024-10-17,2025-02-17,123,243,0,False,0,0.0,0.0,0.0,0.0,0.0,0.0,0.0,0.0,0.0,0.0,1,4,4.0,257.18,64.295,0.0,0.0,257.18,0.0,0.0,0,0,4,0,0,F,71,1.0,0.0,0.0,0,0,0,0,Asia
CUST_01236,2024-07-02,2024-11-19,2024-10-30,2025-02-17,110,230,0,False,1,0.0,0.0,0.0,0.0,0.0,0.0,0.0,0.0,0.0,0.0,1,2,2.0,843.57,421.785,843.57,0.0,0.0,0.0,0.0,2,0,0,0,0,M,34,1.0,0.0,0.0,0,0,0,0,Asia
CUST_01239,2024-07-17,2024-11-19,2024-11-14,2025-02-17,95,215,0,False,1,0.0,0.0,0.0,0.0,0.0,0.0,0.0,0.0,0.0,0.0,1,1,1.0,141.21,141.21,0.0,0.0,141.21,0.0,0.0,0,0,1,0,0,F,36,0.0,0.0,1.0,0,0,0,0,North America
CUST_01260,2024-06-21,2024-11-19,2024-10-19,2025-02-17,121,241,0,False,1,0.0,0.0,0.0,0.0,0.0,0.0,0.0,0.0,0.0,0.0,2,4,2.0,2400.0099999999998,648.2149999999999,0.0,1655.37,744.64,0.0,0.0,0,3,1,0,0,F,36,0.0,0.0,1.0,0,0,0,0,North America
CUST_01273,2024-07-15,2024-11-19,2024-11-12,2025-02-17,97,217,0,False,1,0.0,0.0,0.0,0.0,0.0,0.0,0.0,0.0,0.0,0.0,1,1,1.0,1249.51,1249.51,0.0,0.0,0.0,0.0,1249.51,0,0,0,0,1,F,29,0.0,1.0,0.0,0,0,0,0,Europe
CUST_01283,2024-07-19,2024-11-19,2024-11-16,2025-02-17,93,213,0,False,1,0.0,0.0,0.0,0.0,0.0,0.0,0.0,0.0,0.0,0.0,1,5,5.0,1713.88,342.776,0.0,0.0,0.0,1713.88,0.0,0,0,0,5,0,F,43,0.0,1.0,0.0,0,0,0,0,Europe
CUST_01288,2024-06-25,2024-11-19,2024-10-23,2025-02-17,117,237,0,False,1,0.0,0.0,0.0,0.0,0.0,0.0,0.0,0.0,0.0,0.0,1,3,3.0,1328.52,442.84,0.0,0.0,0.0,0.0,1328.52,0,0,0,0,3,M,72,0.0,1.0,0.0,0,0,0,0,Europe
CUST_01295,2024-07-01,2024-11-19,2024-10-29,2025-02-17,111,231,0,False,1,0.0,0.0,0.0,0.0,0.0,0.0,0.0,0.0,0.0,0.0,1,3,3.0,158.65,52.88333333333333,0.0,0.0,0.0,158.65,0.0,0,0,0,3,0,M,22,1.0,0.0,0.0,0,0,0,0,Asia
CUST_01296,2024-06-05,2024-11-19,2024-10-03,2024-12-01,59,179,1,True,1,2.0,0.0,0.0,0.0,2.0,1.0,0.0,0.0,0.0,1.0,2,4,2.0,672.77,168.1925,0.0,0.0,399.16,273.61,0.0,0,0,2,2,0,F,38,1.0,0.0,0.0,0,0,0,0,Asia
CUST_01311,2024-07-07,2024-11-19,2024-11-04,2025-02-17,105,225,0,False,1,0.0,0.0,0.0,0.0,0.0,0.0,0.0,0.0,0.0,0.0,2,4,2.0,1268.63,317.1575,0.0,0.0,615.82,652.81,0.0,0,0,2,2,0,F,64,1.0,0.0,0.0,0,0,0,0,Asia
CUST_01324,2024-07-11,2024-11-19,2024-11-08,2024-12-22,44,164,1,True,1,0.0,1.0,0.0,0.0,1.0,0.0,0.0,0.0,0.0,0.0,2,7,3.5,2801.85,403.3245833333333,2801.85,0.0,0.0,0.0,0.0,7,0,0,0,0,M,56,0.0,1.0,0.0,0,0,0,0,Europe
CUST_01337,2024-06-15,2024-11-19,2024-10-13,2025-02-17,127,247,0,False,1,0.0,0.0,0.0,0.0,0.0,0.0,0.0,0.0,0.0,0.0,1,1,1.0,1766.88,1766.88,0.0,0.0,0.0,0.0,1766.88,0,0,0,0,1,F,50,0.0,0.0,1.0,0,0,0,0,North America
CUST_01361,2024-07-15,2024-11-19,2024-11-12,2025-02-17,97,217,0,False,1,0.0,0.0,0.0,0.0,0.0,0.0,0.0,0.0,0.0,0.0,2,4,2.0,2189.02,547.255,1419.08,769.94,0.0,0.0,0.0,2,2,0,0,0,F,47,0.0,1.0,0.0,0,0,0,0,Europe
CUST_01362,2024-07-07,2024-11-19,2024-11-04,2024-11-22,18,138,1,True,1,1.0,1.0,0.0,1.0,3.0,0.0,0.0,0.0,0.0,0.0,3,3,1.0,3609.4700000000003,1203.1566666666668,835.5,0.0,1028.64,0.0,1745.33,1,0,1,0,1,F,62,0.0,1.0,0.0,0,0,0,0,Europe
CUST_01367,2024-07-01,2024-11-19,2024-10-29,2024-12-17,49,169,1,True,1,0.0,0.0,0.0,0.0,0.0,0.0,0.0,0.0,0.0,0.0,2,6,3.0,2231.96,371.99333333333334,0.0,2231.96,0.0,0.0,0.0,0,6,0,0,0,F,53,0.0,1.0,0.0,0,0,0,0,Europe
CUST_01369,2024-06-06,2024-11-19,2024-10-04,2025-02-17,136,256,0,False,1,0.0,0.0,0.0,0.0,0.0,0.0,0.0,0.0,0.0,0.0,1,2,2.0,808.98,404.49,0.0,0.0,808.98,0.0,0.0,0,0,2,0,0,M,30,0.0,1.0,0.0,0,0,0,0,Europe
CUST_01374,2024-06-17,2024-11-19,2024-10-15,2025-02-17,125,245,0,False,1,0.0,0.0,0.0,0.0,0.0,0.0,0.0,0.0,0.0,0.0,1,2,2.0,509.28,254.64,0.0,0.0,0.0,0.0,509.28,0,0,0,0,2,M,40,0.0,1.0,0.0,0,0,0,0,Europe
CUST_01385,2024-06-27,2024-11-19,2024-10-25,2025-02-17,115,235,0,False,0,0.0,0.0,0.0,0.0,0.0,0.0,0.0,0.0,0.0,0.0,1,1,1.0,1559.57,1559.57,0.0,0.0,0.0,1559.57,0.0,0,0,0,1,0,F,67,0.0,0.0,1.0,0,0,0,0,North America
CUST_01402,2024-07-12,2024-11-19,2024-11-09,2025-02-17,100,220,0,False,1,0.0,0.0,0.0,0.0,0.0,0.0,0.0,0.0,0.0,0.0,2,3,1.5,1126.26,352.07500000000005,0.0,0.0,0.0,0.0,1126.26,0,0,0,0,3,M,49,0.0,1.0,0.0,0,0,0,0,Europe
CUST_01417,2024-06-19,2024-11-19,2024-10-17,2025-02-17,123,243,0,False,1,0.0,0.0,0.0,0.0,0.0,0.0,0.0,0.0,0.0,0.0,1,2,2.0,245.61,122.805,0.0,0.0,0.0,245.61,0.0,0,0,0,2,0,Other,43,0.0,1.0,0.0,0,0,0,0,Europe
CUST_01439,2024-06-15,2024-11-19,2024-10-13,2025-02-17,127,247,0,False,1,0.0,0.0,0.0,0.0,0.0,0.0,0.0,0.0,0.0,0.0,1,1,1.0,1700.99,1700.99,0.0,0.0,1700.99,0.0,0.0,0,0,1,0,0,F,75,0.0,0.0,1.0,0,0,0,0,North America
CUST_01454,2024-07-15,2024-11-19,2024-11-12,2025-02-17,97,217,0,False,1,0.0,0.0,0.0,0.0,0.0,0.0,0.0,0.0,0.0,0.0,1,2,2.0,1354.33,677.165,0.0,0.0,1354.33,0.0,0.0,0,0,2,0,0,F,36,0.0,1.0,0.0,0,0,0,0,Europe
CUST_01457,2024-07-10,2024-11-19,2024-11-07,2025-02-17,102,222,0,False,1,0.0,0.0,0.0,0.0,0.0,0.0,0.0,0.0,0.0,0.0,1,1,1.0,698.33,698.33,0.0,0.0,698.33,0.0,0.0,0,0,1,0,0,M,75,0.0,1.0,0.0,0,0,0,0,Europe
CUST_01464,2024-07-12,2024-11-19,2024-11-09,2025-02-17,100,220,0,False,1,0.0,0.0,0.0,0.0,0.0,0.0,0.0,0.0,0.0,0.0,2,2,1.0,2290.47,1145.235,1283.12,0.0,0.0,0.0,1007.35,1,0,0,0,1,F,48,1.0,0.0,0.0,0,0,0,0,Asia
CUST_01494,2024-06-13,2024-11-19,2024-10-11,2025-02-17,129,249,0,False,1,0.0,0.0,0.0,0.0,0.0,0.0,0.0,0.0,0.0,0.0,1,2,2.0,1183.4,591.7,0.0,0.0,1183.4,0.0,0.0,0,0,2,0,0,F,73,1.0,0.0,0.0,0,0,0,0,Asia
CUST_01495,2024-06-29,2024-11-19,2024-10-27,2025-02-17,113,233,0,False,1,0.0,0.0,0.0,0.0,0.0,0.0,0.0,0.0,0.0,0.0,1,1,1.0,1308.21,1308.21,0.0,0.0,1308.21,0.0,0.0,0,0,1,0,0,M,52,0.0,0.0,1.0,0,0,0,0,North America
CUST_01505,2024-06-03,2024-11-19,2024-10-01,2025-02-17,139,259,0,False,1,0.0,0.0,0.0,0.0,0.0,0.0,0.0,0.0,0.0,0.0,1,1,1.0,356.49,356.49,356.49,0.0,0.0,0.0,0.0,1,0,0,0,0,M,29,0.0,0.0,1.0,0,0,0,0,North America
CUST_01517,2024-06-06,2024-11-19,2024-10-04,2024-12-26,83,203,1,True,1,0.0,0.0,2.0,2.0,4.0,0.0,0.0,0.0,0.0,0.0,2,4,2.0,1945.21,486.3025,0.0,937.67,0.0,0.0,1007.54,0,2,0,0,2,M,24,1.0,0.0,0.0,0,0,0,0,Asia
CUST_01521,2024-06-07,2024-11-19,2024-10-05,2025-02-17,135,255,0,False,1,0.0,0.0,0.0,0.0,0.0,0.0,0.0,0.0,0.0,0.0,1,2,2.0,1736.56,868.28,0.0,0.0,0.0,1736.56,0.0,0,0,0,2,0,M,62,1.0,0.0,0.0,0,0,0,0,Asia
CUST_01549,2024-06-02,2024-11-19,2024-09-30,2025-02-17,140,260,0,False,1,0.0,0.0,0.0,0.0,0.0,0.0,0.0,0.0,0.0,0.0,1,2,2.0,272.06,136.03,0.0,0.0,272.06,0.0,0.0,0,0,2,0,0,F,64,1.0,0.0,0.0,0,0,0,0,Asia
CUST_01559,2024-06-25,2024-11-19,2024-10-23,2025-02-17,117,237,0,False,1,0.0,0.0,0.0,0.0,0.0,0.0,0.0,0.0,0.0,0.0,2,6,3.0,1328.77,221.46166666666667,0.0,0.0,0.0,1328.77,0.0,0,0,0,6,0,M,41,1.0,0.0,0.0,0,0,0,0,Asia
CUST_01561,2024-07-08,2024-11-19,2024-11-05,2024-12-13,38,158,1,True,1,0.0,0.0,0.0,0.0,0.0,0.0,0.0,0.0,0.0,0.0,2,4,2.0,579.5,145.60666666666668,579.5,0.0,0.0,0.0,0.0,4,0,0,0,0,M,54,0.0,1.0,0.0,0,0,0,0,Europe
CUST_01575,2024-06-13,2024-11-19,2024-10-11,2024-11-24,44,164,1,True,1,1.0,1.0,2.0,0.0,4.0,0.0,0.0,0.0,0.0,0.0,2,3,1.5,1144.17,431.0475,0.0,0.0,580.02,564.15,0.0,0,0,1,2,0,F,67,0.0,1.0,0.0,0,0,0,0,Europe
CUST_01578,2024-06-30,2024-11-19,2024-10-28,2025-02-17,112,232,0,False,1,0.0,0.0,0.0,0.0,0.0,0.0,0.0,0.0,0.0,0.0,2,3,1.5,2472.48,766.8199999999999,0.0,2472.48,0.0,0.0,0.0,0,3,0,0,0,Other,31,1.0,0.0,0.0,0,0,0,0,Asia
CUST_01579,2024-07-08,2024-11-19,2024-11-05,2025-02-17,104,224,0,False,1,0.0,0.0,0.0,0.0,0.0,0.0,0.0,0.0,0.0,0.0,2,4,2.0,1480.9,422.9,528.25,952.65,0.0,0.0,0.0,1,3,0,0,0,M,51,0.0,1.0,0.0,0,0,0,0,Europe
CUST_01583,2024-07-10,2024-11-19,2024-11-07,2025-02-17,102,222,0,False,1,0.0,0.0,0.0,0.0,0.0,0.0,0.0,0.0,0.0,0.0,1,3,3.0,1390.61,463.53666666666663,0.0,0.0,0.0,1390.61,0.0,0,0,0,3,0,F,54,0.0,0.0,1.0,0,0,0,0,North America
CUST_01591,2024-06-10,2024-11-19,2024-10-08,2024-12-06,59,179,1,True,1,0.0,2.0,1.0,0.0,3.0,0.0,0.0,0.0,0.0,0.0,2,4,2.0,1433.9699999999998,340.2783333333333,1130.12,303.85,0.0,0.0,0.0,3,1,0,0,0,F,53,0.0,1.0,0.0,0,0,0,0,Europe
CUST_01595,2024-06-17,2024-11-19,2024-10-15,2025-02-17,125,245,0,False,0,0.0,0.0,0.0,0.0,0.0,0.0,0.0,0.0,0.0,0.0,1,2,2.0,412.25,206.125,412.25,0.0,0.0,0.0,0.0,2,0,0,0,0,F,58,0.0,1.0,0.0,0,0,0,0,Europe
CUST_01596,2024-07-18,2024-11-19,2024-11-15,2025-02-17,94,214,0,False,0,0.0,0.0,0.0,0.0,0.0,0.0,0.0,0.0,0.0,0.0,2,6,3.0,2061.13,441.57125,0.0,0.0,0.0,589.69,1471.44,0,0,0,4,2,F,55,0.0,1.0,0.0,0,0,0,0,Europe
CUST_01608,2024-06-14,2024-11-19,2024-10-12,2025-02-17,128,248,0,False,1,0.0,0.0,0.0,0.0,0.0,0.0,0.0,0.0,0.0,0.0,1,1,1.0,624.49,624.49,0.0,0.0,0.0,0.0,624.49,0,0,0,0,1,F,23,1.0,0.0,0.0,0,0,0,0,Asia
CUST_01609,2024-07-16,2024-11-19,2024-11-13,2025-02-17,96,216,0,False,1,0.0,0.0,0.0,0.0,0.0,0.0,0.0,0.0,0.0,0.0,1,2,2.0,412.02,206.01,0.0,0.0,0.0,412.02,0.0,0,0,0,2,0,M,34,0.0,1.0,0.0,0,0,0,0,Europe
CUST_01610,2024-06-27,2024-11-19,2024-10-25,2025-02-17,115,235,0,False,1,0.0,0.0,0.0,0.0,0.0,0.0,0.0,0.0,0.0,0.0,1,3,3.0,500.17,166.72333333333333,0.0,0.0,0.0,0.0,500.17,0,0,0,0,3,F,54,1.0,0.0,0.0,0,0,0,0,Asia
CUST_01614,2024-07-05,2024-11-19,2024-11-02,2025-02-17,107,227,0,False,1,0.0,0.0,0.0,0.0,0.0,0.0,0.0,0.0,0.0,0.0,2,2,1.0,3222.09,1611.045,0.0,0.0,1243.99,1978.1,0.0,0,0,1,1,0,M,70,0.0,1.0,0.0,0,0,0,0,Europe
CUST_01622,2024-07-13,2024-11-19,2024-11-10,2024-11-26,16,136,1,True,0,0.0,0.0,2.0,2.0,4.0,0.0,0.0,0.0,0.0,0.0,2,3,1.5,2389.17,705.5725,0.0,0.0,0.0,433.12,1956.05,0,0,0,1,2,M,66,0.0,1.0,0.0,0,0,0,0,Europe
CUST_01641,2024-06-15,2024-11-19,2024-10-13,2024-11-25,43,163,1,True,1,0.0,0.0,0.0,0.0,0.0,0.0,0.0,0.0,0.0,0.0,2,5,2.5,993.2,220.91500000000002,664.58,0.0,0.0,0.0,328.62,2,0,0,0,3,M,36,0.0,1.0,0.0,0,0,0,0,Europe
CUST_01644,2024-06-10,2024-11-19,2024-10-08,2025-02-17,132,252,0,False,1,0.0,0.0,0.0,0.0,0.0,0.0,0.0,0.0,0.0,0.0,1,2,2.0,454.36,227.18,0.0,454.36,0.0,0.0,0.0,0,2,0,0,0,F,27,1.0,0.0,0.0,0,0,0,0,Asia
CUST_01645,2024-07-02,2024-11-19,2024-10-30,2025-02-17,110,230,0,False,1,0.0,0.0,0.0,0.0,0.0,0.0,0.0,0.0,0.0,0.0,1,1,1.0,228.38,228.38,0.0,0.0,0.0,0.0,228.38,0,0,0,0,1,F,37,0.0,1.0,0.0,0,0,0,0,Europe
CUST_01661,2024-07-01,2024-11-19,2024-10-29,2025-02-17,111,231,0,False,0,0.0,0.0,0.0,0.0,0.0,0.0,0.0,0.0,0.0,0.0,1,2,2.0,739.76,369.88,0.0,0.0,739.76,0.0,0.0,0,0,2,0,0,M,41,0.0,1.0,0.0,0,0,0,0,Europe
CUST_01665,2024-06-16,2024-11-19,2024-10-14,2025-02-17,126,246,0,False,1,0.0,0.0,0.0,0.0,0.0,0.0,0.0,0.0,0.0,0.0,1,2,2.0,1809.9,904.95,0.0,0.0,0.0,1809.9,0.0,0,0,0,2,0,M,31,0.0,0.0,1.0,0,0,0,0,North America
CUST_01667,2024-06-17,2024-11-19,2024-10-15,2025-02-17,125,245,0,False,1,0.0,0.0,0.0,0.0,0.0,0.0,0.0,0.0,0.0,0.0,2,2,1.0,1533.57,766.785,1323.31,210.26,0.0,0.0,0.0,1,1,0,0,0,M,42,0.0,1.0,0.0,0,0,0,0,Europe
CUST_01673,2024-06-08,2024-11-19,2024-10-06,2025-02-17,134,254,0,False,1,0.0,0.0,0.0,0.0,0.0,0.0,0.0,0.0,0.0,0.0,1,3,3.0,169.6,56.53333333333333,0.0,169.6,0.0,0.0,0.0,0,3,0,0,0,F,67,1.0,0.0,0.0,0,0,0,0,Asia
CUST_01698,2024-07-15,2024-11-19,2024-11-12,2025-02-17,97,217,0,False,1,0.0,0.0,0.0,0.0,0.0,0.0,0.0,0.0,0.0,0.0,1,1,1.0,106.85,106.85,0.0,0.0,0.0,0.0,106.85,0,0,0,0,1,M,59,0.0,1.0,0.0,0,0,0,0,Europe
CUST_01704,2024-06-24,2024-11-19,2024-10-22,2024-12-28,67,187,1,True,1,0.0,0.0,0.0,1.0,1.0,0.0,0.0,0.0,0.0,0.0,2,4,2.0,2904.11,1046.4116666666666,0.0,0.0,0.0,2904.11,0.0,0,0,0,4,0,F,60,0.0,1.0,0.0,0,0,0,0,Europe
CUST_01709,2024-07-16,2024-11-19,2024-11-13,2025-02-17,96,216,0,False,1,0.0,0.0,0.0,0.0,0.0,0.0,0.0,0.0,0.0,0.0,1,3,3.0,765.41,255.13666666666666,0.0,0.0,0.0,765.41,0.0,0,0,0,3,0,F,55,0.0,1.0,0.0,0,0,0,0,Europe
CUST_01738,2024-06-23,2024-11-19,2024-10-21,2025-02-17,119,239,0,False,1,0.0,0.0,0.0,0.0,0.0,0.0,0.0,0.0,0.0,0.0,1,1,1.0,152.74,152.74,0.0,0.0,0.0,152.74,0.0,0,0,0,1,0,M,61,0.0,1.0,0.0,0,0,0,0,Europe
CUST_01741,2024-07-04,2024-11-19,2024-11-01,2025-02-17,108,228,0,False,1,0.0,0.0,0.0,0.0,0.0,0.0,0.0,0.0,0.0,0.0,2,5,2.5,3399.29,728.0616666666667,0.0,0.0,0.0,1461.13,1938.16,0,0,0,3,2,M,67,0.0,0.0,1.0,0,0,0,0,North America
CUST_01763,2024-07-01,2024-11-19,2024-10-29,2025-02-17,111,231,0,False,1,0.0,0.0,0.0,0.0,0.0,0.0,0.0,0.0,0.0,0.0,1,4,4.0,725.3,181.325,0.0,0.0,0.0,725.3,0.0,0,0,0,4,0,M,31,0.0,1.0,0.0,0,0,0,0,Europe
CUST_01789,2024-06-15,2024-11-19,2024-10-13,2024-12-20,68,188,1,True,1,0.0,1.0,2.0,0.0,3.0,0.0,0.0,1.0,0.0,1.0,2,5,2.5,2099.08,384.79166666666663,0.0,0.0,1679.74,0.0,419.34,0,0,3,0,2,M,41,0.0,1.0,0.0,0,0,0,0,Europe
CUST_01812,2024-06-19,2024-11-19,2024-10-17,2025-02-17,123,243,0,False,1,0.0,0.0,0.0,0.0,0.0,0.0,0.0,0.0,0.0,0.0,1,1,1.0,1648.89,1648.89,0.0,0.0,0.0,1648.89,0.0,0,0,0,1,0,M,46,1.0,0.0,0.0,0,0,0,0,Asia
CUST_01815,2024-06-07,2024-11-19,2024-10-05,2024-12-08,64,184,1,True,0,1.0,0.0,1.0,0.0,2.0,0.0,0.0,0.0,0.0,0.0,2,5,2.5,3056.9300000000003,659.445,0.0,1799.48,1257.45,0.0,0.0,0,2,3,0,0,M,56,0.0,1.0,0.0,0,0,0,0,Europe
CUST_01817,2024-07-07,2024-11-19,2024-11-04,2025-02-17,105,225,0,False,1,0.0,0.0,0.0,0.0,0.0,0.0,0.0,0.0,0.0,0.0,1,1,1.0,1514.83,1514.83,0.0,1514.83,0.0,0.0,0.0,0,1,0,0,0,F,75,1.0,0.0,0.0,0,0,0,0,Asia
CUST_01820,2024-06-22,2024-11-19,2024-10-20,2025-02-17,120,240,0,False,1,0.0,0.0,0.0,0.0,0.0,0.0,0.0,0.0,0.0,0.0,1,2,2.0,164.3,82.15,0.0,0.0,0.0,0.0,164.3,0,0,0,0,2,M,73,1.0,0.0,0.0,0,0,0,0,Asia
CUST_01822,2024-07-18,2024-11-19,2024-11-15,2025-02-17,94,214,0,False,1,0.0,0.0,0.0,0.0,0.0,0.0,0.0,0.0,0.0,0.0,1,3,3.0,760.54,253.51333333333332,0.0,0.0,760.54,0.0,0.0,0,0,3,0,0,Other,62,0.0,0.0,1.0,0,0,0,0,North America
CUST_01823,2024-07-05,2024-11-19,2024-11-02,2024-12-05,33,153,1,True,1,0.0,0.0,0.0,1.0,1.0,0.0,0.0,0.0,0.0,0.0,3,4,1.3333333333333333,2339.0,561.9983333333333,720.46,0.0,0.0,1306.01,312.53,1,0,0,2,1,M,46,0.0,1.0,0.0,0,0,0,0,Europe
CUST_01829,2024-07-05,2024-11-19,2024-11-02,2025-02-17,107,227,0,False,1,0.0,0.0,0.0,0.0,0.0,0.0,0.0,0.0,0.0,0.0,1,2,2.0,1010.72,505.36,0.0,1010.72,0.0,0.0,0.0,0,2,0,0,0,M,28,0.0,0.0,1.0,0,0,0,0,North America
CUST_01835,2024-06-28,2024-11-19,2024-10-26,2025-02-17,114,234,0,False,0,0.0,0.0,0.0,0.0,0.0,0.0,0.0,0.0,0.0,0.0,1,1,1.0,1321.99,1321.99,0.0,0.0,1321.99,0.0,0.0,0,0,1,0,0,F,61,1.0,0.0,0.0,0,0,0,0,Asia
CUST_01838,2024-07-11,2024-11-19,2024-11-08,2025-02-17,101,221,0,False,1,0.0,0.0,0.0,0.0,0.0,0.0,0.0,0.0,0.0,0.0,2,3,1.5,2334.4300000000003,923.2225000000001,2334.4300000000003,0.0,0.0,0.0,0.0,3,0,0,0,0,M,72,0.0,1.0,0.0,0,0,0,0,Europe
CUST_01861,2024-06-26,2024-11-19,2024-10-24,2025-02-17,116,236,0,False,1,0.0,0.0,0.0,0.0,0.0,0.0,0.0,0.0,0.0,0.0,1,2,2.0,386.85,193.425,0.0,0.0,386.85,0.0,0.0,0,0,2,0,0,F,30,0.0,1.0,0.0,0,0,0,0,Europe
CUST_01864,2024-07-16,2024-11-19,2024-11-13,2024-12-02,19,139,1,True,1,0.0,0.0,0.0,0.0,0.0,0.0,0.0,0.0,0.0,0.0,2,6,3.0,1593.8400000000001,265.64,0.0,0.0,0.0,294.64,1299.2,0,0,0,3,3,F,42,1.0,0.0,0.0,0,0,0,0,Asia
CUST_01868,2024-07-13,2024-11-19,2024-11-10,2024-12-19,39,159,1,True,0,1.0,0.0,0.0,0.0,1.0,0.0,0.0,0.0,0.0,0.0,2,8,4.0,1135.24,141.905,0.0,0.0,0.0,0.0,1135.24,0,0,0,0,8,F,73,1.0,0.0,0.0,0,0,0,0,Asia
CUST_01913,2024-07-14,2024-11-19,2024-11-11,2025-02-17,98,218,0,False,1,0.0,0.0,0.0,0.0,0.0,0.0,0.0,0.0,0.0,0.0,1,3,3.0,1962.19,654.0633333333334,0.0,0.0,0.0,1962.19,0.0,0,0,0,3,0,M,71,0.0,1.0,0.0,0,0,0,0,Europe
CUST_01915,2024-06-07,2024-11-19,2024-10-05,2025-02-17,135,255,0,False,1,0.0,0.0,0.0,0.0,0.0,0.0,0.0,0.0,0.0,0.0,1,3,3.0,1386.94,462.31333333333333,1386.94,0.0,0.0,0.0,0.0,3,0,0,0,0,M,42,1.0,0.0,0.0,0,0,0,0,Asia
CUST_01929,2024-07-03,2024-11-19,2024-10-31,2024-11-20,20,140,1,True,1,0.0,0.0,0.0,0.0,0.0,0.0,0.0,0.0,0.0,0.0,2,3,1.5,2205.37,655.54,416.79,1788.58,0.0,0.0,0.0,1,2,0,0,0,M,71,0.0,1.0,0.0,0,0,0,0,Europe
CUST_01933,2024-07-05,2024-11-19,2024-11-02,2025-02-17,107,227,0,False,1,0.0,0.0,0.0,0.0,0.0,0.0,0.0,0.0,0.0,0.0,2,5,2.5,797.49,156.10416666666669,519.22,278.27,0.0,0.0,0.0,3,2,0,0,0,F,36,0.0,1.0,0.0,0,0,0,0,Europe
CUST_01940,2024-06-30,2024-11-19,2024-10-28,2024-12-31,64,184,1,True,1,0.0,0.0,0.0,0.0,0.0,0.0,0.0,0.0,0.0,0.0,2,4,2.0,777.83,229.02833333333336,0.0,479.66,298.17,0.0,0.0,0,3,1,0,0,M,42,1.0,0.0,0.0,0,0,0,0,Asia
CUST_01947,2024-07-06,2024-11-19,2024-11-03,2024-11-30,27,147,1,True,1,0.0,0.0,1.0,0.0,1.0,0.0,0.0,0.0,0.0,0.0,3,8,2.6666666666666665,3270.35,374.28361111111116,0.0,1968.23,0.0,1302.12,0.0,0,4,0,4,0,F,52,1.0,0.0,0.0,0,0,0,0,Asia
CUST_01948,2024-06-01,2024-11-19,2024-09-29,2025-02-17,141,261,0,False,1,0.0,0.0,0.0,0.0,0.0,0.0,0.0,0.0,0.0,0.0,1,1,1.0,1781.29,1781.29,0.0,1781.29,0.0,0.0,0.0,0,1,0,0,0,M,57,0.0,1.0,0.0,0,0,0,0,Europe
CUST_01970,2024-06-19,2024-11-19,2024-10-17,2024-12-24,68,188,1,True,1,0.0,0.0,0.0,0.0,0.0,0.0,0.0,0.0,0.0,0.0,2,2,1.0,1675.12,837.56,474.0,1201.12,0.0,0.0,0.0,1,1,0,0,0,M,53,1.0,0.0,0.0,0,0,0,0,Asia
CUST_01973,2024-07-10,2024-11-19,2024-11-07,2024-11-20,13,133,1,True,1,0.0,0.0,0.0,0.0,0.0,0.0,0.0,0.0,0.0,0.0,2,5,2.5,733.76,280.93,0.0,0.0,0.0,733.76,0.0,0,0,0,5,0,Other,44,1.0,0.0,0.0,0,0,0,0,Asia
CUST_01998,2024-06-02,2024-11-19,2024-09-30,2025-02-17,140,260,0,False,1,0.0,0.0,0.0,0.0,0.0,0.0,0.0,0.0,0.0,0.0,1,2,2.0,415.03,207.515,0.0,415.03,0.0,0.0,0.0,0,2,0,0,0,F,52,0.0,1.0,0.0,0,0,0,0,Europe
CUST_02014,2024-06-18,2024-11-19,2024-10-16,2024-12-28,73,193,1,True,1,0.0,0.0,2.0,0.0,2.0,0.0,0.0,0.0,0.0,0.0,3,4,1.3333333333333333,2476.49,785.805,0.0,470.9,238.15,0.0,1767.44,0,1,2,0,1,F,47,0.0,0.0,1.0,0,0,0,0,North America
CUST_02016,2024-07-19,2024-11-19,2024-11-16,2025-02-17,93,213,0,False,1,0.0,0.0,0.0,0.0,0.0,0.0,0.0,0.0,0.0,0.0,1,2,2.0,1489.9,744.95,0.0,1489.9,0.0,0.0,0.0,0,2,0,0,0,M,72,0.0,1.0,0.0,0,0,0,0,Europe
CUST_02017,2024-06-07,2024-11-19,2024-10-05,2025-02-17,135,255,0,False,1,0.0,0.0,0.0,0.0,0.0,0.0,0.0,0.0,0.0,0.0,1,4,4.0,251.71,62.9275,0.0,0.0,0.0,251.71,0.0,0,0,0,4,0,F,56,0.0,1.0,0.0,0,0,0,0,Europe
CUST_02020,2024-06-18,2024-11-19,2024-10-16,2025-02-17,124,244,0,False,1,0.0,0.0,0.0,0.0,0.0,0.0,0.0,0.0,0.0,0.0,1,2,2.0,1968.49,984.245,0.0,0.0,0.0,0.0,1968.49,0,0,0,0,2,F,26,0.0,0.0,1.0,0,0,0,0,North America
CUST_02026,2024-06-16,2024-11-19,2024-10-14,2025-02-17,126,246,0,False,1,0.0,0.0,0.0,0.0,0.0,0.0,0.0,0.0,0.0,0.0,1,2,2.0,1674.7,837.35,0.0,0.0,1674.7,0.0,0.0,0,0,2,0,0,M,59,1.0,0.0,0.0,0,0,0,0,Asia
CUST_02039,2024-07-09,2024-11-19,2024-11-06,2024-12-02,26,146,1,True,1,0.0,1.0,0.0,1.0,2.0,0.0,0.0,0.0,0.0,0.0,2,4,2.0,2229.3599999999997,557.3399999999999,2229.3599999999997,0.0,0.0,0.0,0.0,4,0,0,0,0,F,41,1.0,0.0,0.0,0,0,0,0,Asia
CUST_02048,2024-06-24,2024-11-19,2024-10-22,2024-12-25,64,184,1,True,1,1.0,0.0,0.0,1.0,2.0,0.0,0.0,0.0,0.0,0.0,2,2,1.0,2113.66,1056.83,0.0,675.79,0.0,0.0,1437.87,0,1,0,0,1,M,61,0.0,1.0,0.0,0,0,0,0,Europe
CUST_02070,2024-06-06,2024-11-19,2024-10-04,2025-02-17,136,256,0,False,1,0.0,0.0,0.0,0.0,0.0,0.0,0.0,0.0,0.0,0.0,1,5,5.0,397.23,79.446,0.0,0.0,397.23,0.0,0.0,0,0,5,0,0,M,44,1.0,0.0,0.0,0,0,0,0,Asia
CUST_02073,2024-06-18,2024-11-19,2024-10-16,2025-02-17,124,244,0,False,1,0.0,0.0,0.0,0.0,0.0,0.0,0.0,0.0,0.0,0.0,1,2,2.0,1426.69,713.345,0.0,0.0,1426.69,0.0,0.0,0,0,2,0,0,M,62,0.0,0.0,1.0,0,0,0,0,North America
CUST_02083,2024-06-11,2024-11-19,2024-10-09,2025-02-17,131,251,0,False,1,0.0,0.0,0.0,0.0,0.0,0.0,0.0,0.0,0.0,0.0,1,1,1.0,1680.09,1680.09,0.0,0.0,0.0,1680.09,0.0,0,0,0,1,0,M,55,0.0,0.0,1.0,0,0,0,0,North America
CUST_02084,2024-06-29,2024-11-19,2024-10-27,2024-12-10,44,164,1,True,1,0.0,1.0,1.0,0.0,2.0,0.0,0.0,0.0,0.0,0.0,2,3,1.5,1466.0300000000002,623.7325000000001,0.0,0.0,0.0,437.13,1028.9,0,0,0,2,1,F,29,0.0,0.0,1.0,0,0,0,0,North America
CUST_02091,2024-06-24,2024-11-19,2024-10-22,2025-02-17,118,238,0,False,0,0.0,0.0,0.0,0.0,0.0,0.0,0.0,0.0,0.0,0.0,2,3,1.5,2369.55,685.49,1997.14,0.0,0.0,372.41,0.0,2,0,0,1,0,M,73,0.0,0.0,1.0,0,0,0,0,North America
CUST_02164,2024-06-05,2024-11-19,2024-10-03,2025-02-17,137,257,0,False,0,0.0,0.0,0.0,0.0,0.0,0.0,0.0,0.0,0.0,0.0,1,2,2.0,468.6,234.3,0.0,0.0,0.0,468.6,0.0,0,0,0,2,0,M,35,1.0,0.0,0.0,0,0,0,0,Asia
CUST_02177,2024-06-29,2024-11-19,2024-10-27,2025-02-17,113,233,0,False,0,0.0,0.0,0.0,0.0,0.0,0.0,0.0,0.0,0.0,0.0,1,2,2.0,1344.32,672.16,0.0,0.0,0.0,0.0,1344.32,0,0,0,0,2,M,22,0.0,1.0,0.0,0,0,0,0,Europe
CUST_02180,2024-06-26,2024-11-19,2024-10-24,2025-02-17,116,236,0,False,1,0.0,0.0,0.0,0.0,0.0,0.0,0.0,0.0,0.0,0.0,1,1,1.0,968.96,968.96,0.0,968.96,0.0,0.0,0.0,0,1,0,0,0,M,56,1.0,0.0,0.0,0,0,0,0,Asia
CUST_02185,2024-06-02,2024-11-19,2024-09-30,2025-02-17,140,260,0,False,1,0.0,0.0,0.0,0.0,0.0,0.0,0.0,0.0,0.0,0.0,1,1,1.0,302.76,302.76,302.76,0.0,0.0,0.0,0.0,1,0,0,0,0,M,26,0.0,0.0,1.0,0,0,0,0,North America
CUST_02192,2024-06-06,2024-11-19,2024-10-04,2024-12-07,64,184,1,True,1,0.0,0.0,1.0,0.0,1.0,0.0,0.0,0.0,0.0,0.0,3,6,2.0,3861.7200000000003,811.0255555555556,1555.42,0.0,653.34,1652.96,0.0,1,0,2,3,0,F,46,1.0,0.0,0.0,0,0,0,0,Asia
CUST_02202,2024-07-16,2024-11-19,2024-11-13,2024-12-21,38,158,1,True,1,1.0,1.0,1.0,0.0,3.0,0.0,0.0,0.0,0.0,0.0,3,5,1.6666666666666667,3102.2,781.6244444444443,1041.61,1135.99,924.6,0.0,0.0,1,3,1,0,0,M,50,0.0,1.0,0.0,0,0,0,0,Europe
CUST_02205,2024-07-16,2024-11-19,2024-11-13,2024-12-07,24,144,1,True,1,0.0,0.0,1.0,1.0,2.0,0.0,0.0,0.0,0.0,0.0,2,5,2.5,948.67,211.95,0.0,0.0,646.06,302.61,0.0,0,0,2,3,0,F,61,0.0,1.0,0.0,0,0,0,0,Europe
CUST_02207,2024-07-21,2024-11-19,2024-11-18,2025-02-17,91,211,0,False,1,0.0,0.0,0.0,0.0,0.0,0.0,0.0,0.0,0.0,0.0,2,6,3.0,3088.52,514.7533333333333,0.0,1094.0,0.0,1994.52,0.0,0,3,0,3,0,F,34,0.0,1.0,0.0,0,0,0,0,Europe
CUST_02210,2024-06-14,2024-11-19,2024-10-12,2025-02-17,128,248,0,False,1,0.0,0.0,0.0,0.0,0.0,0.0,0.0,0.0,0.0,0.0,1,2,2.0,977.7,488.85,0.0,0.0,977.7,0.0,0.0,0,0,2,0,0,M,27,0.0,1.0,0.0,0,0,0,0,Europe
CUST_02217,2024-07-13,2024-11-19,2024-11-10,2024-12-08,28,148,1,True,1,1.0,0.0,1.0,0.0,2.0,0.0,0.0,0.0,0.0,0.0,2,5,2.5,2519.27,572.3608333333333,1829.79,0.0,0.0,0.0,689.48,2,0,0,0,3,F,67,0.0,1.0,0.0,0,0,0,0,Europe
CUST_02219,2024-06-28,2024-11-19,2024-10-26,2025-02-17,114,234,0,False,1,0.0,0.0,0.0,0.0,0.0,0.0,0.0,0.0,0.0,0.0,1,1,1.0,1861.06,1861.06,1861.06,0.0,0.0,0.0,0.0,1,0,0,0,0,M,45,0.0,1.0,0.0,0,0,0,0,Europe
CUST_02226,2024-07-03,2024-11-19,2024-10-31,2025-02-17,109,229,0,False,1,0.0,0.0,0.0,0.0,0.0,0.0,0.0,0.0,0.0,0.0,1,1,1.0,1621.3,1621.3,1621.3,0.0,0.0,0.0,0.0,1,0,0,0,0,M,26,0.0,0.0,1.0,0,0,0,0,North America
CUST_02230,2024-06-13,2024-11-19,2024-10-11,2025-02-17,129,249,0,False,1,0.0,0.0,0.0,0.0,0.0,0.0,0.0,0.0,0.0,0.0,1,3,3.0,686.66,228.88666666666666,0.0,0.0,0.0,0.0,686.66,0,0,0,0,3,M,69,0.0,1.0,0.0,0,0,0,0,Europe
CUST_02232,2024-06-26,2024-11-19,2024-10-24,2025-02-17,116,236,0,False,1,0.0,0.0,0.0,0.0,0.0,0.0,0.0,0.0,0.0,0.0,1,1,1.0,296.68,296.68,0.0,0.0,0.0,296.68,0.0,0,0,0,1,0,M,56,0.0,0.0,1.0,0,0,0,0,North America
CUST_02272,2024-06-11,2024-11-19,2024-10-09,2025-02-17,131,251,0,False,1,0.0,0.0,0.0,0.0,0.0,0.0,0.0,0.0,0.0,0.0,2,3,1.5,1294.25,350.15999999999997,0.0,0.0,0.0,106.39,1187.86,0,0,0,1,2,Other,35,0.0,1.0,0.0,0,0,0,0,Europe
CUST_02282,2024-06-16,2024-11-19,2024-10-14,2025-02-17,126,246,0,False,1,0.0,0.0,0.0,0.0,0.0,0.0,0.0,0.0,0.0,0.0,1,3,3.0,1396.91,465.6366666666667,1396.91,0.0,0.0,0.0,0.0,3,0,0,0,0,M,69,0.0,1.0,0.0,0,0,0,0,Europe
CUST_02301,2024-06-17,2024-11-19,2024-10-15,2025-02-17,125,245,0,False,1,0.0,0.0,0.0,0.0,0.0,0.0,0.0,0.0,0.0,0.0,1,2,2.0,339.92,169.96,0.0,0.0,0.0,339.92,0.0,0,0,0,2,0,M,40,0.0,1.0,0.0,0,0,0,0,Europe
CUST_02315,2024-07-15,2024-11-19,2024-11-12,2025-02-17,97,217,0,False,1,0.0,0.0,0.0,0.0,0.0,0.0,0.0,0.0,0.0,0.0,1,2,2.0,849.59,424.795,849.59,0.0,0.0,0.0,0.0,2,0,0,0,0,M,64,0.0,0.0,1.0,0,0,0,0,North America
CUST_02316,2024-06-27,2024-11-19,2024-10-25,2024-11-27,33,153,1,True,1,0.0,0.0,1.0,0.0,1.0,0.0,0.0,0.0,0.0,0.0,4,11,2.75,4567.5599999999995,507.56475,0.0,1091.33,1655.78,0.0,1820.45,0,2,2,0,7,M,73,0.0,1.0,0.0,0,0,0,0,Europe
CUST_02319,2024-07-13,2024-11-19,2024-11-10,2024-12-04,24,144,1,True,1,0.0,1.0,0.0,0.0,1.0,0.0,0.0,0.0,0.0,0.0,2,3,1.5,2939.69,1195.995,1844.29,0.0,1095.4,0.0,0.0,1,0,2,0,0,F,36,0.0,1.0,0.0,0,0,0,0,Europe
CUST_02327,2024-06-12,2024-11-19,2024-10-10,2025-02-17,130,250,0,False,1,0.0,0.0,0.0,0.0,0.0,0.0,0.0,0.0,0.0,0.0,1,2,2.0,1405.09,702.545,1405.09,0.0,0.0,0.0,0.0,2,0,0,0,0,M,28,0.0,1.0,0.0,0,0,0,0,Europe
CUST_02350,2024-06-02,2024-11-19,2024-09-30,2025-02-17,140,260,0,False,1,0.0,0.0,0.0,0.0,0.0,0.0,0.0,0.0,0.0,0.0,1,2,2.0,1285.34,642.67,0.0,0.0,0.0,1285.34,0.0,0,0,0,2,0,F,59,1.0,0.0,0.0,0,0,0,0,Asia
CUST_02358,2024-07-14,2024-11-19,2024-11-11,2025-02-17,98,218,0,False,1,0.0,0.0,0.0,0.0,0.0,0.0,0.0,0.0,0.0,0.0,3,4,1.3333333333333333,4033.21,1016.1766666666667,178.72,1885.13,0.0,1969.36,0.0,1,1,0,2,0,F,36,0.0,1.0,0.0,0,0,0,0,Europe
CUST_02359,2024-06-22,2024-11-19,2024-10-20,2025-02-17,120,240,0,False,1,0.0,0.0,0.0,0.0,0.0,0.0,0.0,0.0,0.0,0.0,1,3,3.0,895.35,298.45,895.35,0.0,0.0,0.0,0.0,3,0,0,0,0,F,64,1.0,0.0,0.0,0,0,0,0,Asia
CUST_02389,2024-06-01,2024-11-19,2024-09-29,2024-11-29,61,181,1,True,1,1.0,0.0,0.0,0.0,1.0,1.0,0.0,0.0,0.0,1.0,2,3,1.5,2146.3,931.38,0.0,0.0,0.0,567.08,1579.22,0,0,0,2,1,F,29,0.0,1.0,0.0,0,0,0,0,Europe
CUST_02391,2024-06-02,2024-11-19,2024-09-30,2024-12-28,89,209,1,True,1,0.0,0.0,0.0,0.0,0.0,0.0,0.0,0.0,0.0,0.0,2,6,3.0,2110.14,460.30999999999995,0.0,1572.34,0.0,0.0,537.8,0,2,0,0,4,M,64,0.0,1.0,0.0,0,0,0,0,Europe
CUST_02408,2024-07-20,2024-11-19,2024-11-17,2025-02-17,92,212,0,False,1,0.0,0.0,0.0,0.0,0.0,0.0,0.0,0.0,0.0,0.0,2,4,2.0,2067.2799999999997,516.8199999999999,1752.57,0.0,314.71,0.0,0.0,2,0,2,0,0,M,50,0.0,0.0,1.0,0,0,0,0,North America
CUST_02409,2024-06-06,2024-11-19,2024-10-04,2025-02-17,136,256,0,False,1,0.0,0.0,0.0,0.0,0.0,0.0,0.0,0.0,0.0,0.0,1,1,1.0,636.01,636.01,0.0,636.01,0.0,0.0,0.0,0,1,0,0,0,F,47,0.0,1.0,0.0,0,0,0,0,Europe
CUST_02410,2024-07-03,2024-11-19,2024-10-31,2025-02-17,109,229,0,False,1,0.0,0.0,0.0,0.0,0.0,0.0,0.0,0.0,0.0,0.0,1,2,2.0,595.59,297.795,595.59,0.0,0.0,0.0,0.0,2,0,0,0,0,M,75,0.0,1.0,0.0,0,0,0,0,Europe
CUST_02413,2024-06-12,2024-11-19,2024-10-10,2024-12-24,75,195,1,True,1,0.0,2.0,2.0,0.0,4.0,0.0,1.0,0.0,0.0,1.0,2,4,2.0,2482.28,684.74,0.0,0.0,0.0,813.08,1669.2,0,0,0,1,3,M,70,1.0,0.0,0.0,0,0,0,0,Asia
CUST_02429,2024-07-05,2024-11-19,2024-11-02,2025-02-17,107,227,0,False,1,0.0,0.0,0.0,0.0,0.0,0.0,0.0,0.0,0.0,0.0,1,2,2.0,976.23,488.115,0.0,0.0,0.0,976.23,0.0,0,0,0,2,0,M,51,0.0,0.0,1.0,0,0,0,0,North America
CUST_02435,2024-07-11,2024-11-19,2024-11-08,2025-02-17,101,221,0,False,1,0.0,0.0,0.0,0.0,0.0,0.0,0.0,0.0,0.0,0.0,1,2,2.0,509.44,254.72,509.44,0.0,0.0,0.0,0.0,2,0,0,0,0,F,33,0.0,1.0,0.0,0,0,0,0,Europe
CUST_02439,2024-06-28,2024-11-19,2024-10-26,2025-02-17,114,234,0,False,1,0.0,0.0,0.0,0.0,0.0,0.0,0.0,0.0,0.0,0.0,1,2,2.0,1511.02,755.51,0.0,0.0,0.0,1511.02,0.0,0,0,0,2,0,F,38,0.0,1.0,0.0,0,0,0,0,Europe
CUST_02445,2024-06-14,2024-11-19,2024-10-12,2025-02-17,128,248,0,False,1,0.0,0.0,0.0,0.0,0.0,0.0,0.0,0.0,0.0,0.0,1,2,2.0,1609.86,804.93,0.0,0.0,0.0,0.0,1609.86,0,0,0,0,2,M,26,1.0,0.0,0.0,0,0,0,0,Asia
CUST_02457,2024-07-02,2024-11-19,2024-10-30,2024-11-25,26,146,1,True,1,1.0,0.0,0.0,1.0,2.0,0.0,0.0,0.0,0.0,0.0,2,3,1.5,3638.01,1402.0275,0.0,3638.01,0.0,0.0,0.0,0,3,0,0,0,F,71,0.0,1.0,0.0,0,0,0,0,Europe
CUST_02508,2024-07-21,2024-11-19,2024-11-18,2025-02-17,91,211,0,False,1,0.0,0.0,0.0,0.0,0.0,0.0,0.0,0.0,0.0,0.0,2,2,1.0,3010.82,1505.41,0.0,0.0,0.0,3010.82,0.0,0,0,0,2,0,M,35,0.0,1.0,0.0,0,0,0,0,Europe
CUST_02509,2024-06-13,2024-11-19,2024-10-11,2025-02-17,129,249,0,False,1,0.0,0.0,0.0,0.0,0.0,0.0,0.0,0.0,0.0,0.0,1,4,4.0,624.21,156.0525,0.0,0.0,0.0,624.21,0.0,0,0,0,4,0,M,65,0.0,0.0,1.0,0,0,0,0,North America
CUST_02510,2024-07-02,2024-11-19,2024-10-30,2025-02-17,110,230,0,False,0,0.0,0.0,0.0,0.0,0.0,0.0,0.0,0.0,0.0,0.0,1,2,2.0,332.63,166.315,332.63,0.0,0.0,0.0,0.0,2,0,0,0,0,M,72,0.0,1.0,0.0,0,0,0,0,Europe
CUST_02511,2024-06-14,2024-11-19,2024-10-12,2025-02-17,128,248,0,False,1,0.0,0.0,0.0,0.0,0.0,0.0,0.0,0.0,0.0,0.0,1,1,1.0,1691.87,1691.87,1691.87,0.0,0.0,0.0,0.0,1,0,0,0,0,F,42,0.0,1.0,0.0,0,0,0,0,Europe
CUST_02524,2024-07-10,2024-11-19,2024-11-07,2025-02-17,102,222,0,False,1,0.0,0.0,0.0,0.0,0.0,0.0,0.0,0.0,0.0,0.0,3,8,2.6666666666666665,1809.37,214.16,0.0,639.44,1169.9299999999998,0.0,0.0,0,3,5,0,0,M,31,0.0,1.0,0.0,0,0,0,0,Europe
CUST_02526,2024-07-08,2024-11-19,2024-11-05,2025-02-17,104,224,0,False,1,0.0,0.0,0.0,0.0,0.0,0.0,0.0,0.0,0.0,0.0,1,3,3.0,595.98,198.66,0.0,595.98,0.0,0.0,0.0,0,3,0,0,0,F,75,1.0,0.0,0.0,0,0,0,0,Asia
CUST_02533,2024-06-12,2024-11-19,2024-10-10,2025-02-17,130,250,0,False,1,0.0,0.0,0.0,0.0,0.0,0.0,0.0,0.0,0.0,0.0,1,1,1.0,1037.8,1037.8,0.0,0.0,1037.8,0.0,0.0,0,0,1,0,0,F,75,0.0,0.0,1.0,0,0,0,0,North America
CUST_02550,2024-07-18,2024-11-19,2024-11-15,2025-02-17,94,214,0,False,1,0.0,0.0,0.0,0.0,0.0,0.0,0.0,0.0,0.0,0.0,1,1,1.0,1661.5,1661.5,0.0,0.0,0.0,1661.5,0.0,0,0,0,1,0,F,41,0.0,1.0,0.0,0,0,0,0,Europe
CUST_02557,2024-06-03,2024-11-19,2024-10-01,2025-02-17,139,259,0,False,1,0.0,0.0,0.0,0.0,0.0,0.0,0.0,0.0,0.0,0.0,1,2,2.0,494.46,247.23,0.0,0.0,0.0,0.0,494.46,0,0,0,0,2,M,67,1.0,0.0,0.0,0,0,0,0,Asia
CUST_02565,2024-06-11,2024-11-19,2024-10-09,2025-02-17,131,251,0,False,1,0.0,0.0,0.0,0.0,0.0,0.0,0.0,0.0,0.0,0.0,1,3,3.0,1328.64,442.88000000000005,1328.64,0.0,0.0,0.0,0.0,3,0,0,0,0,M,48,0.0,1.0,0.0,0,0,0,0,Europe
CUST_02570,2024-06-19,2024-11-19,2024-10-17,2025-02-17,123,243,0,False,1,0.0,0.0,0.0,0.0,0.0,0.0,0.0,0.0,0.0,0.0,3,9,3.0,2656.3900000000003,436.1437777777778,0.0,778.96,0.0,722.54,1154.89,0,1,0,5,3,F,64,0.0,1.0,0.0,0,0,0,0,Europe
CUST_02571,2024-06-20,2024-11-19,2024-10-18,2025-02-17,122,242,0,False,1,0.0,0.0,0.0,0.0,0.0,0.0,0.0,0.0,0.0,0.0,1,2,2.0,1539.91,769.955,0.0,0.0,0.0,1539.91,0.0,0,0,0,2,0,M,71,0.0,1.0,0.0,0,0,0,0,Europe
CUST_02580,2024-06-02,2024-11-19,2024-09-30,2025-02-17,140,260,0,False,1,0.0,0.0,0.0,0.0,0.0,0.0,0.0,0.0,0.0,0.0,1,3,3.0,1170.44,390.1466666666667,1170.44,0.0,0.0,0.0,0.0,3,0,0,0,0,M,28,0.0,0.0,1.0,0,0,0,0,North America
CUST_02581,2024-07-01,2024-11-19,2024-10-29,2024-12-21,53,173,1,True,0,1.0,0.0,0.0,0.0,1.0,0.0,0.0,0.0,0.0,0.0,2,3,1.5,1898.5,549.47,0.0,1599.12,299.38,0.0,0.0,0,2,1,0,0,F,53,0.0,1.0,0.0,0,0,0,0,Europe
CUST_02586,2024-07-16,2024-11-19,2024-11-13,2025-02-17,96,216,0,False,1,0.0,0.0,0.0,0.0,0.0,0.0,0.0,0.0,0.0,0.0,1,2,2.0,1201.25,600.625,0.0,1201.25,0.0,0.0,0.0,0,2,0,0,0,F,33,0.0,1.0,0.0,0,0,0,0,Europe
CUST_02589,2024-06-13,2024-11-19,2024-10-11,2025-02-17,129,249,0,False,1,0.0,0.0,0.0,0.0,0.0,0.0,0.0,0.0,0.0,0.0,1,2,2.0,669.95,334.975,0.0,0.0,669.95,0.0,0.0,0,0,2,0,0,M,53,1.0,0.0,0.0,0,0,0,0,Asia
CUST_02600,2024-06-09,2024-11-19,2024-10-07,2025-02-17,133,253,0,False,1,0.0,0.0,0.0,0.0,0.0,0.0,0.0,0.0,0.0,0.0,1,1,1.0,273.37,273.37,0.0,0.0,273.37,0.0,0.0,0,0,1,0,0,F,61,1.0,0.0,0.0,0,0,0,0,Asia
CUST_02627,2024-07-20,2024-11-19,2024-11-17,2025-02-17,92,212,0,False,1,0.0,0.0,0.0,0.0,0.0,0.0,0.0,0.0,0.0,0.0,1,2,2.0,641.87,320.935,0.0,0.0,0.0,0.0,641.87,0,0,0,0,2,F,72,0.0,1.0,0.0,0,0,0,0,Europe
CUST_02639,2024-07-07,2024-11-19,2024-11-04,2025-02-17,105,225,0,False,1,0.0,0.0,0.0,0.0,0.0,0.0,0.0,0.0,0.0,0.0,1,1,1.0,302.08,302.08,0.0,0.0,0.0,0.0,302.08,0,0,0,0,1,F,69,0.0,1.0,0.0,0,0,0,0,Europe
CUST_02655,2024-06-17,2024-11-19,2024-10-15,2024-12-26,72,192,1,True,1,0.0,0.0,0.0,1.0,1.0,0.0,0.0,0.0,0.0,0.0,2,3,1.5,3602.49,1354.3925,0.0,1815.08,1787.41,0.0,0.0,0,1,2,0,0,M,21,0.0,0.0,1.0,0,0,0,0,North America
CUST_02664,2024-06-15,2024-11-19,2024-10-13,2025-02-17,127,247,0,False,0,0.0,0.0,0.0,0.0,0.0,0.0,0.0,0.0,0.0,0.0,1,2,2.0,1016.41,508.205,0.0,1016.41,0.0,0.0,0.0,0,2,0,0,0,M,61,0.0,1.0,0.0,0,0,0,0,Europe
CUST_02673,2024-07-06,2024-11-19,2024-11-03,2025-02-17,106,226,0,False,1,0.0,0.0,0.0,0.0,0.0,0.0,0.0,0.0,0.0,0.0,1,1,1.0,880.49,880.49,0.0,0.0,0.0,0.0,880.49,0,0,0,0,1,F,49,1.0,0.0,0.0,0,0,0,0,Asia
CUST_02678,2024-06-06,2024-11-19,2024-10-04,2024-12-03,60,180,1,True,0,1.0,0.0,0.0,0.0,1.0,0.0,0.0,0.0,0.0,0.0,2,6,3.0,1486.8899999999999,328.395,346.62,1140.27,0.0,0.0,0.0,4,2,0,0,0,M,57,1.0,0.0,0.0,0,0,0,0,Asia
CUST_02681,2024-06-23,2024-11-19,2024-10-21,2024-12-27,67,187,1,True,0,0.0,0.0,0.0,0.0,0.0,0.0,0.0,0.0,0.0,0.0,2,3,1.5,2933.92,1137.5375,0.0,0.0,2933.92,0.0,0.0,0,0,3,0,0,M,66,1.0,0.0,0.0,0,0,0,0,Asia
CUST_02690,2024-06-20,2024-11-19,2024-10-18,2025-02-17,122,242,0,False,1,0.0,0.0,0.0,0.0,0.0,0.0,0.0,0.0,0.0,0.0,1,2,2.0,395.99,197.995,395.99,0.0,0.0,0.0,0.0,2,0,0,0,0,F,71,1.0,0.0,0.0,0,0,0,0,Asia
CUST_02692,2024-07-04,2024-11-19,2024-11-01,2025-02-17,108,228,0,False,1,0.0,0.0,0.0,0.0,0.0,0.0,0.0,0.0,0.0,0.0,1,1,1.0,689.65,689.65,0.0,689.65,0.0,0.0,0.0,0,1,0,0,0,M,27,0.0,1.0,0.0,0,0,0,0,Europe
CUST_02699,2024-07-14,2024-11-19,2024-11-11,2025-02-17,98,218,0,False,1,0.0,0.0,0.0,0.0,0.0,0.0,0.0,0.0,0.0,0.0,2,3,1.5,2516.59,1065.7125,770.33,0.0,1746.26,0.0,0.0,2,0,1,0,0,M,59,1.0,0.0,0.0,0,0,0,0,Asia
CUST_02724,2024-07-12,2024-11-19,2024-11-09,2025-02-17,100,220,0,False,1,0.0,0.0,0.0,0.0,0.0,0.0,0.0,0.0,0.0,0.0,1,2,2.0,530.32,265.16,0.0,0.0,0.0,530.32,0.0,0,0,0,2,0,M,27,0.0,1.0,0.0,0,0,0,0,Europe
CUST_02740,2024-06-17,2024-11-19,2024-10-15,2025-02-17,125,245,0,False,1,0.0,0.0,0.0,0.0,0.0,0.0,0.0,0.0,0.0,0.0,1,1,1.0,220.5,220.5,0.0,220.5,0.0,0.0,0.0,0,1,0,0,0,M,39,0.0,1.0,0.0,0,0,0,0,Europe
CUST_02741,2024-06-24,2024-11-19,2024-10-22,2025-02-17,118,238,0,False,1,0.0,0.0,0.0,0.0,0.0,0.0,0.0,0.0,0.0,0.0,3,11,3.6666666666666665,2819.85,248.215,0.0,1779.91,476.19,0.0,563.75,0,4,3,0,4,M,43,0.0,0.0,1.0,0,0,0,0,North America
CUST_02753,2024-07-10,2024-11-19,2024-11-07,2024-12-16,39,159,1,True,1,0.0,0.0,0.0,0.0,0.0,0.0,0.0,0.0,0.0,0.0,3,5,1.6666666666666667,4128.96,960.3516666666668,1062.63,1633.15,0.0,1433.18,0.0,2,1,0,2,0,M,74,1.0,0.0,0.0,0,0,0,0,Asia
CUST_02754,2024-07-09,2024-11-19,2024-11-06,2024-11-22,16,136,1,True,0,0.0,0.0,0.0,0.0,0.0,0.0,0.0,0.0,0.0,0.0,4,10,2.5,4638.99,556.03875,0.0,1163.69,911.82,0.0,2563.48,0,2,1,0,7,F,71,0.0,1.0,0.0,0,0,0,0,Europe
CUST_02756,2024-06-03,2024-11-19,2024-10-01,2024-12-12,72,192,1,True,1,1.0,0.0,0.0,1.0,2.0,0.0,0.0,0.0,0.0,0.0,2,4,2.0,1971.68,767.9100000000001,1971.68,0.0,0.0,0.0,0.0,4,0,0,0,0,F,49,0.0,1.0,0.0,0,0,0,0,Europe
CUST_02759,2024-06-28,2024-11-19,2024-10-26,2025-02-17,114,234,0,False,1,0.0,0.0,0.0,0.0,0.0,0.0,0.0,0.0,0.0,0.0,1,2,2.0,477.46,238.73,0.0,0.0,0.0,477.46,0.0,0,0,0,2,0,M,68,0.0,0.0,1.0,0,0,0,0,North America
CUST_02770,2024-06-25,2024-11-19,2024-10-23,2025-02-17,117,237,0,False,1,0.0,0.0,0.0,0.0,0.0,0.0,0.0,0.0,0.0,0.0,1,1,1.0,1251.72,1251.72,1251.72,0.0,0.0,0.0,0.0,1,0,0,0,0,F,53,0.0,1.0,0.0,0,0,0,0,Europe
CUST_02773,2024-07-11,2024-11-19,2024-11-08,2024-11-27,19,139,1,True,1,0.0,1.0,0.0,0.0,1.0,0.0,0.0,0.0,0.0,0.0,2,8,4.0,3718.02,496.23066666666665,0.0,0.0,3718.02,0.0,0.0,0,0,8,0,0,F,38,1.0,0.0,0.0,0,0,0,0,Asia
CUST_02788,2024-07-04,2024-11-19,2024-11-01,2025-02-17,108,228,0,False,1,0.0,0.0,0.0,0.0,0.0,0.0,0.0,0.0,0.0,0.0,1,5,5.0,1535.97,307.194,0.0,0.0,0.0,1535.97,0.0,0,0,0,5,0,F,29,1.0,0.0,0.0,0,0,0,0,Asia
CUST_02789,2024-07-06,2024-11-19,2024-11-03,2024-11-27,24,144,1,True,1,0.0,1.0,1.0,2.0,4.0,0.0,0.0,0.0,0.0,0.0,2,5,2.5,1515.48,276.2775,1231.11,0.0,0.0,0.0,284.37,3,0,0,0,2,F,21,1.0,0.0,0.0,0,0,0,0,Asia
CUST_02790,2024-07-08,2024-11-19,2024-11-05,2025-02-17,104,224,0,False,1,0.0,0.0,0.0,0.0,0.0,0.0,0.0,0.0,0.0,0.0,1,4,4.0,1722.63,430.6575,0.0,1722.63,0.0,0.0,0.0,0,4,0,0,0,M,60,1.0,0.0,0.0,0,0,0,0,Asia
CUST_02824,2024-06-30,2024-11-19,2024-10-28,2025-02-17,112,232,0,False,1,0.0,0.0,0.0,0.0,0.0,0.0,0.0,0.0,0.0,0.0,1,1,1.0,1392.38,1392.38,0.0,1392.38,0.0,0.0,0.0,0,1,0,0,0,F,43,1.0,0.0,0.0,0,0,0,0,Asia
CUST_02832,2024-07-03,2024-11-19,2024-10-31,2025-02-17,109,229,0,False,1,0.0,0.0,0.0,0.0,0.0,0.0,0.0,0.0,0.0,0.0,1,1,1.0,446.0,446.0,0.0,0.0,0.0,0.0,446.0,0,0,0,0,1,F,40,0.0,0.0,1.0,0,0,0,0,North America
CUST_02836,2024-07-03,2024-11-19,2024-10-31,2025-02-17,109,229,0,False,1,0.0,0.0,0.0,0.0,0.0,0.0,0.0,0.0,0.0,0.0,1,2,2.0,1565.62,782.81,0.0,0.0,1565.62,0.0,0.0,0,0,2,0,0,F,31,0.0,1.0,0.0,0,0,0,0,Europe
CUST_02843,2024-07-04,2024-11-19,2024-11-01,2025-02-17,108,228,0,False,1,0.0,0.0,0.0,0.0,0.0,0.0,0.0,0.0,0.0,0.0,2,2,1.0,2841.45,1420.725,0.0,0.0,0.0,1895.81,945.64,0,0,0,1,1,F,75,0.0,1.0,0.0,0,0,0,0,Europe
CUST_02849,2024-07-03,2024-11-19,2024-10-31,2025-02-17,109,229,0,False,1,0.0,0.0,0.0,0.0,0.0,0.0,0.0,0.0,0.0,0.0,1,1,1.0,991.62,991.62,0.0,0.0,0.0,991.62,0.0,0,0,0,1,0,F,72,0.0,1.0,0.0,0,0,0,0,Europe
CUST_02850,2024-07-18,2024-11-19,2024-11-15,2025-02-17,94,214,0,False,1,0.0,0.0,0.0,0.0,0.0,0.0,0.0,0.0,0.0,0.0,1,1,1.0,379.03,379.03,0.0,379.03,0.0,0.0,0.0,0,1,0,0,0,F,58,0.0,1.0,0.0,0,0,0,0,Europe
CUST_02858,2024-06-29,2024-11-19,2024-10-27,2025-02-17,113,233,0,False,1,0.0,0.0,0.0,0.0,0.0,0.0,0.0,0.0,0.0,0.0,1,2,2.0,1953.85,976.925,0.0,0.0,0.0,0.0,1953.85,0,0,0,0,2,F,39,1.0,0.0,0.0,0,0,0,0,Asia
CUST_02882,2024-06-20,2024-11-19,2024-10-18,2025-02-17,122,242,0,False,1,0.0,0.0,0.0,0.0,0.0,0.0,0.0,0.0,0.0,0.0,1,1,1.0,1077.86,1077.86,0.0,0.0,0.0,0.0,1077.86,0,0,0,0,1,M,55,1.0,0.0,0.0,0,0,0,0,Asia
CUST_02883,2024-06-25,2024-11-19,2024-10-23,2025-02-17,117,237,0,False,1,0.0,0.0,0.0,0.0,0.0,0.0,0.0,0.0,0.0,0.0,1,2,2.0,366.07,183.035,366.07,0.0,0.0,0.0,0.0,2,0,0,0,0,M,41,0.0,1.0,0.0,0,0,0,0,Europe
CUST_02885,2024-07-06,2024-11-19,2024-11-03,2025-02-17,106,226,0,False,0,0.0,0.0,0.0,0.0,0.0,0.0,0.0,0.0,0.0,0.0,1,1,1.0,1535.78,1535.78,0.0,0.0,1535.78,0.0,0.0,0,0,1,0,0,M,49,0.0,1.0,0.0,0,0,0,0,Europe
CUST_02887,2024-07-07,2024-11-19,2024-11-04,2025-02-17,105,225,0,False,1,0.0,0.0,0.0,0.0,0.0,0.0,0.0,0.0,0.0,0.0,2,6,3.0,1319.24,215.57625000000002,913.87,0.0,0.0,405.37,0.0,4,0,0,2,0,M,41,1.0,0.0,0.0,0,0,0,0,Asia
CUST_02888,2024-06-18,2024-11-19,2024-10-16,2025-02-17,124,244,0,False,1,0.0,0.0,0.0,0.0,0.0,0.0,0.0,0.0,0.0,0.0,1,2,2.0,1513.75,756.875,0.0,0.0,0.0,0.0,1513.75,0,0,0,0,2,F,58,0.0,1.0,0.0,0,0,0,0,Europe
CUST_02894,2024-06-13,2024-11-19,2024-10-11,2025-02-17,129,249,0,False,0,0.0,0.0,0.0,0.0,0.0,0.0,0.0,0.0,0.0,0.0,1,2,2.0,1089.08,544.54,0.0,0.0,0.0,1089.08,0.0,0,0,0,2,0,F,74,0.0,0.0,1.0,0,0,0,0,North America
CUST_02904,2024-07-02,2024-11-19,2024-10-30,2025-02-17,110,230,0,False,1,0.0,0.0,0.0,0.0,0.0,0.0,0.0,0.0,0.0,0.0,1,3,3.0,1645.04,548.3466666666667,0.0,0.0,0.0,1645.04,0.0,0,0,0,3,0,F,22,0.0,1.0,0.0,0,0,0,0,Europe
CUST_02922,2024-07-10,2024-11-19,2024-11-07,2025-02-17,102,222,0,False,1,0.0,0.0,0.0,0.0,0.0,0.0,0.0,0.0,0.0,0.0,3,7,2.3333333333333335,4237.33,943.3316666666666,0.0,0.0,3336.1099999999997,0.0,901.22,0,0,3,0,4,M,31,1.0,0.0,0.0,0,0,0,0,Asia
CUST_02934,2024-06-01,2024-11-19,2024-09-29,2025-02-17,141,261,0,False,1,0.0,0.0,0.0,0.0,0.0,0.0,0.0,0.0,0.0,0.0,1,2,2.0,784.29,392.145,0.0,0.0,0.0,0.0,784.29,0,0,0,0,2,F,44,0.0,0.0,1.0,0,0,0,0,North America
CUST_02979,2024-06-08,2024-11-19,2024-10-06,2025-02-17,134,254,0,False,1,0.0,0.0,0.0,0.0,0.0,0.0,0.0,0.0,0.0,0.0,2,4,2.0,2384.9300000000003,719.4216666666666,0.0,965.8,1419.13,0.0,0.0,0,1,3,0,0,F,26,1.0,0.0,0.0,0,0,0,0,Asia
CUST_02986,2024-07-15,2024-11-19,2024-11-12,2025-02-17,97,217,0,False,1,0.0,0.0,0.0,0.0,0.0,0.0,0.0,0.0,0.0,0.0,1,2,2.0,893.3,446.65,0.0,893.3,0.0,0.0,0.0,0,2,0,0,0,F,54,0.0,1.0,0.0,0,0,0,0,Europe
CUST_02996,2024-06-19,2024-11-19,2024-10-17,2025-02-17,123,243,0,False,1,0.0,0.0,0.0,0.0,0.0,0.0,0.0,0.0,0.0,0.0,1,2,2.0,1180.45,590.225,0.0,0.0,0.0,1180.45,0.0,0,0,0,2,0,F,22,0.0,1.0,0.0,0,0,0,0,Europe
CUST_03019,2024-07-05,2024-11-19,2024-11-02,2025-02-17,107,227,0,False,1,0.0,0.0,0.0,0.0,0.0,0.0,0.0,0.0,0.0,0.0,2,4,2.0,2390.8,1054.8500000000001,0.0,0.0,421.65,1969.15,0.0,0,0,3,1,0,F,27,1.0,0.0,0.0,0,0,0,0,Asia
CUST_03045,2024-06-25,2024-11-19,2024-10-23,2025-02-17,117,237,0,False,1,0.0,0.0,0.0,0.0,0.0,0.0,0.0,0.0,0.0,0.0,1,1,1.0,995.54,995.54,0.0,0.0,0.0,995.54,0.0,0,0,0,1,0,M,67,0.0,0.0,1.0,0,0,0,0,North America
CUST_03046,2024-07-09,2024-11-19,2024-11-06,2025-02-17,103,223,0,False,1,0.0,0.0,0.0,0.0,0.0,0.0,0.0,0.0,0.0,0.0,1,2,2.0,1841.06,920.53,0.0,0.0,1841.06,0.0,0.0,0,0,2,0,0,Other,35,1.0,0.0,0.0,0,0,0,0,Asia
CUST_03080,2024-06-19,2024-11-19,2024-10-17,2025-02-17,123,243,0,False,1,0.0,0.0,0.0,0.0,0.0,0.0,0.0,0.0,0.0,0.0,2,3,1.5,2981.58,1206.0175,0.0,0.0,0.0,1139.09,1842.49,0,0,0,2,1,M,33,0.0,1.0,0.0,0,0,0,0,Europe
CUST_03088,2024-07-13,2024-11-19,2024-11-10,2025-02-17,99,219,0,False,1,0.0,0.0,0.0,0.0,0.0,0.0,0.0,0.0,0.0,0.0,1,1,1.0,220.43,220.43,0.0,0.0,0.0,220.43,0.0,0,0,0,1,0,F,71,0.0,1.0,0.0,0,0,0,0,Europe
CUST_03091,2024-06-25,2024-11-19,2024-10-23,2025-02-17,117,237,0,False,1,0.0,0.0,0.0,0.0,0.0,0.0,0.0,0.0,0.0,0.0,1,2,2.0,1326.77,663.385,1326.77,0.0,0.0,0.0,0.0,2,0,0,0,0,F,36,0.0,0.0,1.0,0,0,0,0,North America
CUST_03101,2024-07-08,2024-11-19,2024-11-05,2025-02-17,104,224,0,False,1,0.0,0.0,0.0,0.0,0.0,0.0,0.0,0.0,0.0,0.0,2,2,1.0,3294.2,1647.1,0.0,1538.17,1756.03,0.0,0.0,0,1,1,0,0,F,48,1.0,0.0,0.0,0,0,0,0,Asia
CUST_03109,2024-07-02,2024-11-19,2024-10-30,2025-02-17,110,230,0,False,1,0.0,0.0,0.0,0.0,0.0,0.0,0.0,0.0,0.0,0.0,1,2,2.0,1025.58,512.79,0.0,1025.58,0.0,0.0,0.0,0,2,0,0,0,F,68,0.0,1.0,0.0,0,0,0,0,Europe
CUST_03110,2024-06-10,2024-11-19,2024-10-08,2025-02-17,132,252,0,False,1,0.0,0.0,0.0,0.0,0.0,0.0,0.0,0.0,0.0,0.0,1,1,1.0,517.97,517.97,0.0,0.0,517.97,0.0,0.0,0,0,1,0,0,M,66,0.0,1.0,0.0,0,0,0,0,Europe
CUST_03129,2024-07-09,2024-11-19,2024-11-06,2025-02-17,103,223,0,False,1,0.0,0.0,0.0,0.0,0.0,0.0,0.0,0.0,0.0,0.0,1,1,1.0,624.81,624.81,0.0,0.0,0.0,0.0,624.81,0,0,0,0,1,F,62,1.0,0.0,0.0,0,0,0,0,Asia
CUST_03133,2024-06-25,2024-11-19,2024-10-23,2025-02-17,117,237,0,False,1,0.0,0.0,0.0,0.0,0.0,0.0,0.0,0.0,0.0,0.0,2,7,3.5,3701.18,537.9316666666666,0.0,0.0,1806.82,0.0,1894.36,0,0,3,0,4,M,21,1.0,0.0,0.0,0,0,0,0,Asia
CUST_03134,2024-06-06,2024-11-19,2024-10-04,2024-12-28,85,205,1,True,1,0.0,0.0,0.0,0.0,0.0,0.0,0.0,0.0,0.0,0.0,2,3,1.5,1382.36,665.155,0.0,1382.36,0.0,0.0,0.0,0,3,0,0,0,M,26,0.0,0.0,1.0,0,0,0,0,North America
CUST_03141,2024-07-14,2024-11-19,2024-11-11,2025-02-17,98,218,0,False,1,0.0,0.0,0.0,0.0,0.0,0.0,0.0,0.0,0.0,0.0,2,2,1.0,1794.69,897.345,220.75,1573.94,0.0,0.0,0.0,1,1,0,0,0,Other,74,0.0,1.0,0.0,0,0,0,0,Europe
CUST_03151,2024-07-10,2024-11-19,2024-11-07,2024-11-30,23,143,1,True,1,0.0,0.0,1.0,2.0,3.0,0.0,0.0,0.0,0.0,0.0,2,3,1.5,916.9200000000001,298.9325,278.81,0.0,0.0,638.11,0.0,1,0,0,2,0,F,65,0.0,1.0,0.0,0,0,0,0,Europe
CUST_03155,2024-06-03,2024-11-19,2024-10-01,2024-11-26,56,176,1,True,1,1.0,0.0,1.0,2.0,4.0,0.0,0.0,0.0,0.0,0.0,2,3,1.5,2122.27,751.905,0.0,0.0,0.0,885.35,1236.92,0,0,0,1,2,M,36,1.0,0.0,0.0,0,0,0,0,Asia
CUST_03162,2024-07-06,2024-11-19,2024-11-03,2024-12-24,51,171,1,True,1,0.0,1.0,1.0,1.0,3.0,0.0,0.0,0.0,0.0,0.0,2,3,1.5,2758.5699999999997,911.52,0.0,0.0,1871.06,887.51,0.0,0,0,2,1,0,M,51,0.0,1.0,0.0,0,0,0,0,Europe
CUST_03176,2024-06-25,2024-11-19,2024-10-23,2025-02-17,117,237,0,False,1,0.0,0.0,0.0,0.0,0.0,0.0,0.0,0.0,0.0,0.0,1,1,1.0,1078.22,1078.22,1078.22,0.0,0.0,0.0,0.0,1,0,0,0,0,M,44,0.0,1.0,0.0,0,0,0,0,Europe
CUST_03191,2024-06-23,2024-11-19,2024-10-21,2025-02-17,119,239,0,False,1,0.0,0.0,0.0,0.0,0.0,0.0,0.0,0.0,0.0,0.0,2,5,2.5,1769.02,389.52000000000004,1136.2,0.0,0.0,632.82,0.0,2,0,0,3,0,M,30,1.0,0.0,0.0,0,0,0,0,Asia
CUST_03196,2024-06-07,2024-11-19,2024-10-05,2025-02-17,135,255,0,False,0,0.0,0.0,0.0,0.0,0.0,0.0,0.0,0.0,0.0,0.0,1,4,4.0,153.94,38.485,153.94,0.0,0.0,0.0,0.0,4,0,0,0,0,F,65,1.0,0.0,0.0,0,0,0,0,Asia
CUST_03206,2024-07-03,2024-11-19,2024-10-31,2025-02-17,109,229,0,False,1,0.0,0.0,0.0,0.0,0.0,0.0,0.0,0.0,0.0,0.0,1,4,4.0,897.92,224.48,897.92,0.0,0.0,0.0,0.0,4,0,0,0,0,M,74,0.0,1.0,0.0,0,0,0,0,Europe
CUST_03230,2024-06-14,2024-11-19,2024-10-12,2025-02-17,128,248,0,False,1,0.0,0.0,0.0,0.0,0.0,0.0,0.0,0.0,0.0,0.0,1,2,2.0,1090.41,545.205,1090.41,0.0,0.0,0.0,0.0,2,0,0,0,0,F,37,0.0,1.0,0.0,0,0,0,0,Europe
CUST_03232,2024-06-01,2024-11-19,2024-09-29,2025-02-17,141,261,0,False,1,0.0,0.0,0.0,0.0,0.0,0.0,0.0,0.0,0.0,0.0,1,2,2.0,401.13,200.565,0.0,0.0,401.13,0.0,0.0,0,0,2,0,0,Other,29,0.0,1.0,0.0,0,0,0,0,Europe
CUST_03233,2024-06-11,2024-11-19,2024-10-09,2024-11-26,48,168,1,True,1,0.0,0.0,1.0,0.0,1.0,0.0,0.0,0.0,0.0,0.0,2,3,1.5,1364.77,479.28499999999997,552.37,0.0,0.0,0.0,812.4,1,0,0,0,2,M,51,0.0,0.0,1.0,0,0,0,0,North America
CUST_03243,2024-06-28,2024-11-19,2024-10-26,2024-12-25,60,180,1,True,1,1.0,0.0,0.0,0.0,1.0,0.0,0.0,0.0,0.0,0.0,2,6,3.0,2632.56,438.76,0.0,0.0,0.0,729.38,1903.18,0,0,0,3,3,M,73,0.0,1.0,0.0,0,0,0,0,Europe
CUST_03250,2024-06-10,2024-11-19,2024-10-08,2025-02-17,132,252,0,False,1,0.0,0.0,0.0,0.0,0.0,0.0,0.0,0.0,0.0,0.0,1,2,2.0,1859.83,929.915,1859.83,0.0,0.0,0.0,0.0,2,0,0,0,0,F,42,0.0,0.0,1.0,0,0,0,0,North America
CUST_03256,2024-07-19,2024-11-19,2024-11-16,2025-02-17,93,213,0,False,1,0.0,0.0,0.0,0.0,0.0,0.0,0.0,0.0,0.0,0.0,2,7,3.5,1981.04,258.72208333333333,0.0,0.0,1714.83,266.21,0.0,0,0,4,3,0,F,37,1.0,0.0,0.0,0,0,0,0,Asia
CUST_03262,2024-06-30,2024-11-19,2024-10-28,2025-02-17,112,232,0,False,1,0.0,0.0,0.0,0.0,0.0,0.0,0.0,0.0,0.0,0.0,1,4,4.0,1474.25,368.5625,0.0,0.0,0.0,1474.25,0.0,0,0,0,4,0,F,63,0.0,1.0,0.0,0,0,0,0,Europe
CUST_03293,2024-06-19,2024-11-19,2024-10-17,2025-02-17,123,243,0,False,1,0.0,0.0,0.0,0.0,0.0,0.0,0.0,0.0,0.0,0.0,1,4,4.0,410.38,102.595,0.0,0.0,410.38,0.0,0.0,0,0,4,0,0,F,50,0.0,1.0,0.0,0,0,0,0,Europe
CUST_03304,2024-07-19,2024-11-19,2024-11-16,2025-02-17,93,213,0,False,1,0.0,0.0,0.0,0.0,0.0,0.0,0.0,0.0,0.0,0.0,1,1,1.0,536.01,536.01,0.0,0.0,0.0,0.0,536.01,0,0,0,0,1,F,72,1.0,0.0,0.0,0,0,0,0,Asia
CUST_03305,2024-06-17,2024-11-19,2024-10-15,2025-02-17,125,245,0,False,1,0.0,0.0,0.0,0.0,0.0,0.0,0.0,0.0,0.0,0.0,1,1,1.0,1945.04,1945.04,0.0,1945.04,0.0,0.0,0.0,0,1,0,0,0,M,31,1.0,0.0,0.0,0,0,0,0,Asia
CUST_03310,2024-06-07,2024-11-19,2024-10-05,2025-02-17,135,255,0,False,0,0.0,0.0,0.0,0.0,0.0,0.0,0.0,0.0,0.0,0.0,1,2,2.0,1100.4,550.2,0.0,0.0,0.0,0.0,1100.4,0,0,0,0,2,F,72,1.0,0.0,0.0,0,0,0,0,Asia
CUST_03312,2024-07-20,2024-11-19,2024-11-17,2025-02-17,92,212,0,False,1,0.0,0.0,0.0,0.0,0.0,0.0,0.0,0.0,0.0,0.0,2,2,1.0,2070.05,1035.025,0.0,0.0,2070.05,0.0,0.0,0,0,2,0,0,M,62,1.0,0.0,0.0,0,0,0,0,Asia
CUST_03321,2024-07-03,2024-11-19,2024-10-31,2024-12-17,47,167,1,True,1,1.0,0.0,0.0,1.0,2.0,0.0,0.0,0.0,0.0,0.0,2,5,2.5,1490.18,272.8358333333333,1196.51,293.67,0.0,0.0,0.0,3,2,0,0,0,M,42,1.0,0.0,0.0,0,0,0,0,Asia
CUST_03335,2024-06-26,2024-11-19,2024-10-24,2025-02-17,116,236,0,False,1,0.0,0.0,0.0,0.0,0.0,0.0,0.0,0.0,0.0,0.0,1,4,4.0,989.36,247.34,0.0,989.36,0.0,0.0,0.0,0,4,0,0,0,F,38,1.0,0.0,0.0,0,0,0,0,Asia
CUST_03337,2024-07-19,2024-11-19,2024-11-16,2025-02-17,93,213,0,False,1,0.0,0.0,0.0,0.0,0.0,0.0,0.0,0.0,0.0,0.0,2,4,2.0,3096.71,1080.295,3096.71,0.0,0.0,0.0,0.0,4,0,0,0,0,F,45,1.0,0.0,0.0,0,0,0,0,Asia
CUST_03347,2024-07-01,2024-11-19,2024-10-29,2025-02-17,111,231,0,False,1,0.0,0.0,0.0,0.0,0.0,0.0,0.0,0.0,0.0,0.0,1,1,1.0,1273.71,1273.71,0.0,0.0,0.0,1273.71,0.0,0,0,0,1,0,F,43,1.0,0.0,0.0,0,0,0,0,Asia
CUST_03361,2024-07-20,2024-11-19,2024-11-17,2024-12-01,14,134,1,True,1,0.0,0.0,1.0,1.0,2.0,0.0,0.0,0.0,0.0,0.0,3,6,2.0,2723.01,648.2177777777778,1438.46,0.0,0.0,0.0,1284.55,5,0,0,0,1,F,28,1.0,0.0,0.0,0,0,0,0,Asia
CUST_03363,2024-06-15,2024-11-19,2024-10-13,2025-02-17,127,247,0,False,1,0.0,0.0,0.0,0.0,0.0,0.0,0.0,0.0,0.0,0.0,1,1,1.0,707.14,707.14,0.0,0.0,0.0,0.0,707.14,0,0,0,0,1,F,49,0.0,1.0,0.0,0,0,0,0,Europe
CUST_03369,2024-07-12,2024-11-19,2024-11-09,2025-02-17,100,220,0,False,1,0.0,0.0,0.0,0.0,0.0,0.0,0.0,0.0,0.0,0.0,1,1,1.0,1356.55,1356.55,0.0,0.0,1356.55,0.0,0.0,0,0,1,0,0,M,37,1.0,0.0,0.0,0,0,0,0,Asia
CUST_03371,2024-06-23,2024-11-19,2024-10-21,2025-02-17,119,239,0,False,0,0.0,0.0,0.0,0.0,0.0,0.0,0.0,0.0,0.0,0.0,1,1,1.0,1798.48,1798.48,0.0,0.0,1798.48,0.0,0.0,0,0,1,0,0,M,50,0.0,1.0,0.0,0,0,0,0,Europe
CUST_03373,2024-07-21,2024-11-19,2024-11-18,2025-02-17,91,211,0,False,1,0.0,0.0,0.0,0.0,0.0,0.0,0.0,0.0,0.0,0.0,2,5,2.5,1971.41,330.505,224.21,0.0,0.0,1747.2,0.0,1,0,0,4,0,F,71,1.0,0.0,0.0,0,0,0,0,Asia
CUST_03384,2024-06-11,2024-11-19,2024-10-09,2024-12-03,55,175,1,True,1,2.0,0.0,0.0,0.0,2.0,0.0,0.0,0.0,0.0,0.0,3,8,2.6666666666666665,2943.55,640.3870000000001,0.0,1680.58,1262.97,0.0,0.0,0,6,2,0,0,F,70,1.0,0.0,0.0,0,0,0,0,Asia
CUST_03386,2024-07-09,2024-11-19,2024-11-06,2025-02-17,103,223,0,False,1,0.0,0.0,0.0,0.0,0.0,0.0,0.0,0.0,0.0,0.0,2,3,1.5,1759.27,585.96,584.57,0.0,0.0,0.0,1174.7,1,0,0,0,2,M,31,0.0,1.0,0.0,0,0,0,0,Europe
CUST_03391,2024-07-01,2024-11-19,2024-10-29,2024-12-16,48,168,1,True,1,0.0,0.0,0.0,0.0,0.0,0.0,0.0,0.0,0.0,0.0,2,4,2.0,3282.14,976.06,3282.14,0.0,0.0,0.0,0.0,4,0,0,0,0,M,41,0.0,0.0,1.0,0,0,0,0,North America
CUST_03411,2024-07-13,2024-11-19,2024-11-10,2025-02-17,99,219,0,False,1,0.0,0.0,0.0,0.0,0.0,0.0,0.0,0.0,0.0,0.0,1,2,2.0,867.02,433.51,0.0,0.0,0.0,867.02,0.0,0,0,0,2,0,F,75,1.0,0.0,0.0,0,0,0,0,Asia
CUST_03413,2024-06-17,2024-11-19,2024-10-15,2024-11-25,41,161,1,True,1,0.0,0.0,0.0,0.0,0.0,0.0,0.0,0.0,0.0,0.0,2,3,1.5,1323.6499999999999,616.615,180.84,0.0,1142.81,0.0,0.0,2,0,1,0,0,M,40,0.0,0.0,1.0,0,0,0,0,North America
CUST_03415,2024-07-11,2024-11-19,2024-11-08,2025-02-17,101,221,0,False,1,0.0,0.0,0.0,0.0,0.0,0.0,0.0,0.0,0.0,0.0,1,3,3.0,1522.9,507.6333333333334,0.0,0.0,0.0,1522.9,0.0,0,0,0,3,0,M,35,0.0,1.0,0.0,0,0,0,0,Europe
CUST_03416,2024-07-12,2024-11-19,2024-11-09,2025-02-17,100,220,0,False,1,0.0,0.0,0.0,0.0,0.0,0.0,0.0,0.0,0.0,0.0,1,1,1.0,1068.85,1068.85,1068.85,0.0,0.0,0.0,0.0,1,0,0,0,0,F,22,0.0,0.0,1.0,0,0,0,0,North America
CUST_03451,2024-07-13,2024-11-19,2024-11-10,2025-02-17,99,219,0,False,1,0.0,0.0,0.0,0.0,0.0,0.0,0.0,0.0,0.0,0.0,1,2,2.0,1813.17,906.585,0.0,0.0,0.0,0.0,1813.17,0,0,0,0,2,F,56,0.0,0.0,1.0,0,0,0,0,North America
CUST_03465,2024-06-10,2024-11-19,2024-10-08,2024-12-02,55,175,1,True,1,0.0,4.0,0.0,0.0,4.0,0.0,0.0,0.0,0.0,0.0,2,2,1.0,2148.34,1074.17,0.0,0.0,336.98,1811.36,0.0,0,0,1,1,0,F,56,0.0,1.0,0.0,0,0,0,0,Europe
CUST_03467,2024-06-23,2024-11-19,2024-10-21,2025-02-17,119,239,0,False,1,0.0,0.0,0.0,0.0,0.0,0.0,0.0,0.0,0.0,0.0,1,1,1.0,620.85,620.85,0.0,0.0,0.0,0.0,620.85,0,0,0,0,1,M,61,0.0,1.0,0.0,0,0,0,0,Europe
CUST_03472,2024-07-03,2024-11-19,2024-10-31,2025-02-17,109,229,0,False,1,0.0,0.0,0.0,0.0,0.0,0.0,0.0,0.0,0.0,0.0,1,3,3.0,1120.44,373.48,0.0,1120.44,0.0,0.0,0.0,0,3,0,0,0,M,50,0.0,1.0,0.0,0,0,0,0,Europe
CUST_03479,2024-07-16,2024-11-19,2024-11-13,2025-02-17,96,216,0,False,1,0.0,0.0,0.0,0.0,0.0,0.0,0.0,0.0,0.0,0.0,1,3,3.0,1830.32,610.1066666666667,0.0,0.0,0.0,0.0,1830.32,0,0,0,0,3,F,73,0.0,1.0,0.0,0,0,0,0,Europe
CUST_03500,2024-07-11,2024-11-19,2024-11-08,2025-02-17,101,221,0,False,0,0.0,0.0,0.0,0.0,0.0,0.0,0.0,0.0,0.0,0.0,1,1,1.0,1748.13,1748.13,0.0,0.0,0.0,0.0,1748.13,0,0,0,0,1,M,59,0.0,0.0,1.0,0,0,0,0,North America
CUST_00007,2024-06-25,2024-11-26,2024-10-23,2025-02-24,124,244,0,False,1,0.0,0.0,0.0,0.0,0.0,0.0,0.0,0.0,0.0,0.0,1,2,2.0,1767.18,883.59,1767.18,0.0,0.0,0.0,0.0,2,0,0,0,0,F,55,1.0,0.0,0.0,0,0,0,0,Asia
CUST_00011,2024-06-12,2024-11-26,2024-10-10,2024-12-16,67,187,1,True,1,1.0,0.0,1.0,0.0,2.0,0.0,0.0,0.0,0.0,0.0,2,4,2.0,1726.75,797.5883333333334,1726.75,0.0,0.0,0.0,0.0,4,0,0,0,0,M,65,1.0,0.0,0.0,0,0,0,0,Asia
CUST_00012,2024-07-18,2024-11-26,2024-11-15,2025-02-24,101,221,0,False,1,0.0,0.0,0.0,0.0,0.0,0.0,0.0,0.0,0.0,0.0,1,2,2.0,1573.35,786.675,0.0,0.0,0.0,0.0,1573.35,0,0,0,0,2,F,65,0.0,1.0,0.0,0,0,0,0,Europe
CUST_00017,2024-06-28,2024-11-26,2024-10-26,2025-02-24,121,241,0,False,1,0.0,0.0,0.0,0.0,0.0,0.0,0.0,0.0,0.0,0.0,1,1,1.0,223.06,223.06,0.0,0.0,0.0,223.06,0.0,0,0,0,1,0,F,52,1.0,0.0,0.0,0,0,0,0,Asia
CUST_00033,2024-07-10,2024-11-26,2024-11-07,2025-02-24,109,229,0,False,1,0.0,0.0,0.0,0.0,0.0,0.0,0.0,0.0,0.0,0.0,1,2,2.0,1292.32,646.16,1292.32,0.0,0.0,0.0,0.0,2,0,0,0,0,M,27,1.0,0.0,0.0,0,0,0,0,Asia
CUST_00037,2024-06-11,2024-11-26,2024-10-09,2025-02-24,138,258,0,False,1,0.0,0.0,0.0,0.0,0.0,0.0,0.0,0.0,0.0,0.0,1,3,3.0,916.71,305.57,0.0,0.0,0.0,0.0,916.71,0,0,0,0,3,F,60,0.0,1.0,0.0,0,0,0,0,Europe
CUST_00039,2024-06-16,2024-11-26,2024-10-14,2025-02-24,133,253,0,False,1,0.0,0.0,0.0,0.0,0.0,0.0,0.0,0.0,0.0,0.0,2,2,1.0,3353.9700000000003,1676.9850000000001,0.0,3353.9700000000003,0.0,0.0,0.0,0,2,0,0,0,F,29,1.0,0.0,0.0,0,0,0,0,Asia
CUST_00070,2024-07-02,2024-11-26,2024-10-30,2025-02-24,117,237,0,False,1,0.0,0.0,0.0,0.0,0.0,0.0,0.0,0.0,0.0,0.0,1,1,1.0,1837.47,1837.47,1837.47,0.0,0.0,0.0,0.0,1,0,0,0,0,M,40,1.0,0.0,0.0,0,0,0,0,Asia
CUST_00078,2024-06-09,2024-11-26,2024-10-07,2025-02-24,140,260,0,False,1,0.0,0.0,0.0,0.0,0.0,0.0,0.0,0.0,0.0,0.0,1,1,1.0,1558.27,1558.27,1558.27,0.0,0.0,0.0,0.0,1,0,0,0,0,M,72,1.0,0.0,0.0,0,0,0,0,Asia
CUST_00086,2024-07-12,2024-11-26,2024-11-09,2024-12-30,51,171,1,True,1,0.0,0.0,0.0,0.0,0.0,0.0,0.0,0.0,0.0,0.0,2,2,1.0,2907.5699999999997,1453.7849999999999,0.0,1943.29,964.28,0.0,0.0,0,1,1,0,0,Other,40,1.0,0.0,0.0,0,0,0,0,Asia
CUST_00090,2024-07-08,2024-11-26,2024-11-05,2025-02-24,111,231,0,False,1,0.0,0.0,0.0,0.0,0.0,0.0,0.0,0.0,0.0,0.0,1,4,4.0,715.48,178.87,0.0,0.0,0.0,0.0,715.48,0,0,0,0,4,F,61,0.0,0.0,1.0,0,0,0,0,North America
CUST_00114,2024-07-20,2024-11-26,2024-11-17,2024-12-22,35,155,1,True,1,0.0,0.0,1.0,1.0,2.0,0.0,0.0,0.0,0.0,0.0,2,4,2.0,2873.4,718.35,0.0,1108.41,0.0,0.0,1764.99,0,2,0,0,2,M,75,0.0,1.0,0.0,0,0,0,0,Europe
CUST_00117,2024-07-01,2024-11-26,2024-10-29,2025-02-24,118,238,0,False,1,0.0,0.0,0.0,0.0,0.0,0.0,0.0,0.0,0.0,0.0,1,3,3.0,1670.35,556.7833333333333,0.0,1670.35,0.0,0.0,0.0,0,3,0,0,0,M,52,1.0,0.0,0.0,0,0,0,0,Asia
CUST_00120,2024-06-24,2024-11-26,2024-10-22,2025-02-24,125,245,0,False,1,0.0,0.0,0.0,0.0,0.0,0.0,0.0,0.0,0.0,0.0,1,4,4.0,878.86,219.715,0.0,0.0,878.86,0.0,0.0,0,0,4,0,0,F,59,1.0,0.0,0.0,0,0,0,0,Asia
CUST_00124,2024-07-08,2024-11-26,2024-11-05,2025-02-24,111,231,0,False,1,0.0,0.0,0.0,0.0,0.0,0.0,0.0,0.0,0.0,0.0,1,1,1.0,1025.97,1025.97,0.0,1025.97,0.0,0.0,0.0,0,1,0,0,0,M,43,0.0,1.0,0.0,0,0,0,0,Europe
CUST_00135,2024-07-16,2024-11-26,2024-11-13,2025-02-24,103,223,0,False,1,0.0,0.0,0.0,0.0,0.0,0.0,0.0,0.0,0.0,0.0,1,3,3.0,927.68,309.22666666666663,0.0,0.0,0.0,0.0,927.68,0,0,0,0,3,M,43,1.0,0.0,0.0,0,0,0,0,Asia
CUST_00156,2024-06-23,2024-11-26,2024-10-21,2024-12-31,71,191,1,True,0,1.0,0.0,0.0,0.0,1.0,0.0,0.0,0.0,0.0,0.0,2,6,3.0,3324.51,993.7270000000001,1671.32,0.0,0.0,1653.19,0.0,5,0,0,1,0,M,21,0.0,1.0,0.0,0,0,0,0,Europe
CUST_00160,2024-06-28,2024-11-26,2024-10-26,2025-02-24,121,241,0,False,1,0.0,0.0,0.0,0.0,0.0,0.0,0.0,0.0,0.0,0.0,1,4,4.0,1258.15,314.5375,1258.15,0.0,0.0,0.0,0.0,4,0,0,0,0,M,67,1.0,0.0,0.0,0,0,0,0,Asia
CUST_00164,2024-07-10,2024-11-26,2024-11-07,2025-02-24,109,229,0,False,1,0.0,0.0,0.0,0.0,0.0,0.0,0.0,0.0,0.0,0.0,2,5,2.5,1746.44,345.25083333333333,0.0,1096.31,0.0,650.13,0.0,0,3,0,2,0,Other,34,0.0,1.0,0.0,0,0,0,0,Europe
CUST_00167,2024-07-27,2024-11-26,2024-11-24,2025-02-24,92,212,0,False,1,0.0,0.0,0.0,0.0,0.0,0.0,0.0,0.0,0.0,0.0,1,1,1.0,1976.69,1976.69,0.0,0.0,0.0,1976.69,0.0,0,0,0,1,0,Other,44,1.0,0.0,0.0,0,0,0,0,Asia
CUST_00182,2024-07-28,2024-11-26,2024-11-25,2025-02-24,91,211,0,False,1,0.0,0.0,0.0,0.0,0.0,0.0,0.0,0.0,0.0,0.0,3,6,2.0,3144.5,524.0833333333334,0.0,1012.97,482.76,1648.77,0.0,0,2,2,2,0,M,63,1.0,0.0,0.0,0,0,0,0,Asia
CUST_00185,2024-07-03,2024-11-26,2024-10-31,2025-02-24,116,236,0,False,1,0.0,0.0,0.0,0.0,0.0,0.0,0.0,0.0,0.0,0.0,1,4,4.0,265.26,66.315,0.0,265.26,0.0,0.0,0.0,0,4,0,0,0,F,25,1.0,0.0,0.0,0,0,0,0,Asia
CUST_00187,2024-07-12,2024-11-26,2024-11-09,2024-11-27,18,138,1,True,1,0.0,1.0,1.0,0.0,2.0,0.0,0.0,0.0,0.0,0.0,2,3,1.5,1836.54,783.9775,537.17,0.0,0.0,0.0,1299.37,2,0,0,0,1,M,48,0.0,1.0,0.0,0,0,0,0,Europe
CUST_00191,2024-06-11,2024-11-26,2024-10-09,2025-02-24,138,258,0,False,1,0.0,0.0,0.0,0.0,0.0,0.0,0.0,0.0,0.0,0.0,1,1,1.0,520.35,520.35,0.0,520.35,0.0,0.0,0.0,0,1,0,0,0,F,23,0.0,0.0,1.0,0,0,0,0,North America
CUST_00208,2024-07-14,2024-11-26,2024-11-11,2025-02-24,105,225,0,False,1,0.0,0.0,0.0,0.0,0.0,0.0,0.0,0.0,0.0,0.0,2,2,1.0,2146.73,1073.365,880.01,0.0,0.0,0.0,1266.72,1,0,0,0,1,F,63,0.0,1.0,0.0,0,0,0,0,Europe
CUST_00216,2024-07-13,2024-11-26,2024-11-10,2025-02-24,106,226,0,False,1,0.0,0.0,0.0,0.0,0.0,0.0,0.0,0.0,0.0,0.0,1,2,2.0,870.17,435.085,0.0,0.0,0.0,870.17,0.0,0,0,0,2,0,M,39,0.0,1.0,0.0,0,0,0,0,Europe
CUST_00219,2024-06-27,2024-11-26,2024-10-25,2025-02-24,122,242,0,False,1,0.0,0.0,0.0,0.0,0.0,0.0,0.0,0.0,0.0,0.0,1,2,2.0,137.12,68.56,0.0,137.12,0.0,0.0,0.0,0,2,0,0,0,M,34,0.0,1.0,0.0,0,0,0,0,Europe
CUST_00220,2024-06-30,2024-11-26,2024-10-28,2025-02-24,119,239,0,False,1,0.0,0.0,0.0,0.0,0.0,0.0,0.0,0.0,0.0,0.0,2,3,1.5,1660.82,622.935,0.0,829.9,0.0,0.0,830.92,0,2,0,0,1,M,32,0.0,1.0,0.0,0,0,0,0,Europe
CUST_00238,2024-06-20,2024-11-26,2024-10-18,2025-02-24,129,249,0,False,1,0.0,0.0,0.0,0.0,0.0,0.0,0.0,0.0,0.0,0.0,1,1,1.0,1381.81,1381.81,0.0,1381.81,0.0,0.0,0.0,0,1,0,0,0,F,27,0.0,1.0,0.0,0,0,0,0,Europe
CUST_00248,2024-07-03,2024-11-26,2024-10-31,2025-02-24,116,236,0,False,1,0.0,0.0,0.0,0.0,0.0,0.0,0.0,0.0,0.0,0.0,1,2,2.0,619.2,309.6,0.0,619.2,0.0,0.0,0.0,0,2,0,0,0,M,43,0.0,1.0,0.0,0,0,0,0,Europe
CUST_00253,2024-07-09,2024-11-26,2024-11-06,2025-02-24,110,230,0,False,1,0.0,0.0,0.0,0.0,0.0,0.0,0.0,0.0,0.0,0.0,1,2,2.0,1391.38,695.69,1391.38,0.0,0.0,0.0,0.0,2,0,0,0,0,F,32,1.0,0.0,0.0,0,0,0,0,Asia
CUST_00267,2024-07-20,2024-11-26,2024-11-17,2025-02-24,99,219,0,False,1,0.0,0.0,0.0,0.0,0.0,0.0,0.0,0.0,0.0,0.0,1,1,1.0,470.16,470.16,0.0,0.0,0.0,0.0,470.16,0,0,0,0,1,F,42,0.0,1.0,0.0,0,0,0,0,Europe
CUST_00270,2024-06-27,2024-11-26,2024-10-25,2025-02-24,122,242,0,False,1,0.0,0.0,0.0,0.0,0.0,0.0,0.0,0.0,0.0,0.0,1,3,3.0,1660.27,553.4233333333333,1660.27,0.0,0.0,0.0,0.0,3,0,0,0,0,M,65,1.0,0.0,0.0,0,0,0,0,Asia
CUST_00273,2024-07-17,2024-11-26,2024-11-14,2025-02-24,102,222,0,False,1,0.0,0.0,0.0,0.0,0.0,0.0,0.0,0.0,0.0,0.0,1,2,2.0,1945.57,972.785,0.0,0.0,0.0,0.0,1945.57,0,0,0,0,2,M,43,0.0,0.0,1.0,0,0,0,0,North America
CUST_00274,2024-06-16,2024-11-26,2024-10-14,2024-12-14,61,181,1,True,1,0.0,0.0,0.0,0.0,0.0,0.0,0.0,0.0,0.0,0.0,2,2,1.0,1129.29,564.645,0.0,934.76,0.0,194.53,0.0,0,1,0,1,0,F,67,1.0,0.0,0.0,0,0,0,0,Asia
CUST_00280,2024-06-26,2024-11-26,2024-10-24,2025-02-24,123,243,0,False,1,0.0,0.0,0.0,0.0,0.0,0.0,0.0,0.0,0.0,0.0,1,4,4.0,1205.82,301.455,0.0,0.0,0.0,0.0,1205.82,0,0,0,0,4,M,40,0.0,0.0,1.0,0,0,0,0,North America
CUST_00284,2024-07-24,2024-11-26,2024-11-21,2025-02-24,95,215,0,False,1,0.0,0.0,0.0,0.0,0.0,0.0,0.0,0.0,0.0,0.0,1,1,1.0,1826.65,1826.65,1826.65,0.0,0.0,0.0,0.0,1,0,0,0,0,F,57,0.0,1.0,0.0,0,0,0,0,Europe
CUST_00316,2024-06-04,2024-11-26,2024-10-02,2025-02-24,145,265,0,False,1,0.0,0.0,0.0,0.0,0.0,0.0,0.0,0.0,0.0,0.0,1,3,3.0,657.32,219.10666666666668,0.0,0.0,0.0,0.0,657.32,0,0,0,0,3,F,39,0.0,1.0,0.0,0,0,0,0,Europe
CUST_00338,2024-07-03,2024-11-26,2024-10-31,2025-02-24,116,236,0,False,1,0.0,0.0,0.0,0.0,0.0,0.0,0.0,0.0,0.0,0.0,1,1,1.0,1817.81,1817.81,0.0,0.0,0.0,0.0,1817.81,0,0,0,0,1,M,56,0.0,1.0,0.0,0,0,0,0,Europe
CUST_00346,2024-06-10,2024-11-26,2024-10-08,2025-02-24,139,259,0,False,1,0.0,0.0,0.0,0.0,0.0,0.0,0.0,0.0,0.0,0.0,1,2,2.0,1368.84,684.42,0.0,0.0,0.0,0.0,1368.84,0,0,0,0,2,M,30,1.0,0.0,0.0,0,0,0,0,Asia
CUST_00347,2024-07-02,2024-11-26,2024-10-30,2025-02-24,117,237,0,False,1,0.0,0.0,0.0,0.0,0.0,0.0,0.0,0.0,0.0,0.0,1,2,2.0,174.38,87.19,0.0,0.0,0.0,0.0,174.38,0,0,0,0,2,M,58,0.0,1.0,0.0,0,0,0,0,Europe
CUST_00348,2024-06-20,2024-11-26,2024-10-18,2024-11-28,41,161,1,True,1,0.0,0.0,0.0,0.0,0.0,0.0,0.0,0.0,0.0,0.0,3,7,2.3333333333333335,3376.53,608.5344444444445,1050.14,0.0,1216.91,0.0,1109.48,1,0,3,0,3,F,74,1.0,0.0,0.0,0,0,0,0,Asia
CUST_00358,2024-06-28,2024-11-26,2024-10-26,2025-02-24,121,241,0,False,1,0.0,0.0,0.0,0.0,0.0,0.0,0.0,0.0,0.0,0.0,1,1,1.0,364.16,364.16,0.0,0.0,364.16,0.0,0.0,0,0,1,0,0,M,55,0.0,1.0,0.0,0,0,0,0,Europe
CUST_00362,2024-06-17,2024-11-26,2024-10-15,2025-02-24,132,252,0,False,1,0.0,0.0,0.0,0.0,0.0,0.0,0.0,0.0,0.0,0.0,1,2,2.0,1051.89,525.945,0.0,1051.89,0.0,0.0,0.0,0,2,0,0,0,M,69,0.0,1.0,0.0,0,0,0,0,Europe
CUST_00371,2024-07-26,2024-11-26,2024-11-23,2024-12-02,9,129,1,True,1,0.0,0.0,0.0,0.0,0.0,0.0,0.0,0.0,0.0,0.0,2,4,2.0,3500.65,1089.1883333333333,0.0,0.0,1517.24,0.0,1983.41,0,0,1,0,3,M,54,0.0,1.0,0.0,0,0,0,0,Europe
CUST_00378,2024-06-22,2024-11-26,2024-10-20,2025-02-24,127,247,0,False,1,0.0,0.0,0.0,0.0,0.0,0.0,0.0,0.0,0.0,0.0,1,1,1.0,258.7,258.7,0.0,0.0,258.7,0.0,0.0,0,0,1,0,0,M,22,0.0,0.0,1.0,0,0,0,0,North America
CUST_00381,2024-07-15,2024-11-26,2024-11-12,2025-02-24,104,224,0,False,0,0.0,0.0,0.0,0.0,0.0,0.0,0.0,0.0,0.0,0.0,2,6,3.0,2476.36,412.7266666666667,0.0,0.0,0.0,0.0,2476.36,0,0,0,0,6,M,49,0.0,0.0,1.0,0,0,0,0,North America
CUST_00383,2024-06-07,2024-11-26,2024-10-05,2024-12-18,74,194,1,True,1,0.0,1.0,0.0,0.0,1.0,0.0,0.0,0.0,0.0,0.0,2,3,1.5,1337.63,445.96500000000003,0.0,0.0,0.0,891.4,446.23,0,0,0,2,1,M,55,1.0,0.0,0.0,0,0,0,0,Asia
CUST_00395,2024-07-16,2024-11-26,2024-11-13,2025-02-24,103,223,0,False,1,0.0,0.0,0.0,0.0,0.0,0.0,0.0,0.0,0.0,0.0,1,2,2.0,1941.86,970.93,0.0,0.0,0.0,1941.86,0.0,0,0,0,2,0,Other,59,0.0,1.0,0.0,0,0,0,0,Europe
CUST_00398,2024-07-27,2024-11-26,2024-11-24,2025-02-24,92,212,0,False,1,0.0,0.0,0.0,0.0,0.0,0.0,0.0,0.0,0.0,0.0,1,1,1.0,916.73,916.73,0.0,0.0,916.73,0.0,0.0,0,0,1,0,0,M,46,0.0,0.0,1.0,0,0,0,0,North America
CUST_00400,2024-06-10,2024-11-26,2024-10-08,2024-12-12,65,185,1,True,1,0.0,0.0,0.0,1.0,1.0,0.0,0.0,0.0,0.0,0.0,2,4,2.0,2799.5600000000004,699.8900000000001,0.0,0.0,2799.5600000000004,0.0,0.0,0,0,4,0,0,M,30,0.0,1.0,0.0,0,0,0,0,Europe
CUST_00406,2024-06-13,2024-11-26,2024-10-11,2025-02-24,136,256,0,False,1,0.0,0.0,0.0,0.0,0.0,0.0,0.0,0.0,0.0,0.0,1,1,1.0,1297.4,1297.4,0.0,0.0,1297.4,0.0,0.0,0,0,1,0,0,M,52,0.0,1.0,0.0,0,0,0,0,Europe
CUST_00411,2024-07-25,2024-11-26,2024-11-22,2025-02-24,94,214,0,False,1,0.0,0.0,0.0,0.0,0.0,0.0,0.0,0.0,0.0,0.0,1,3,3.0,529.31,176.43666666666664,0.0,0.0,0.0,0.0,529.31,0,0,0,0,3,F,45,0.0,0.0,1.0,0,0,0,0,North America
CUST_00424,2024-06-29,2024-11-26,2024-10-27,2025-02-24,120,240,0,False,1,0.0,0.0,0.0,0.0,0.0,0.0,0.0,0.0,0.0,0.0,2,3,1.5,1404.1000000000001,392.88,1236.68,0.0,0.0,167.42,0.0,2,0,0,1,0,F,22,0.0,1.0,0.0,0,0,0,0,Europe
CUST_00429,2024-06-19,2024-11-26,2024-10-17,2025-02-24,130,250,0,False,1,0.0,0.0,0.0,0.0,0.0,0.0,0.0,0.0,0.0,0.0,1,4,4.0,1061.88,265.47,0.0,1061.88,0.0,0.0,0.0,0,4,0,0,0,M,26,0.0,1.0,0.0,0,0,0,0,Europe
CUST_00438,2024-07-15,2024-11-26,2024-11-12,2025-02-24,104,224,0,False,1,0.0,0.0,0.0,0.0,0.0,0.0,0.0,0.0,0.0,0.0,3,8,2.6666666666666665,2922.19,674.1894444444445,0.0,0.0,2922.19,0.0,0.0,0,0,8,0,0,F,50,1.0,0.0,0.0,0,0,0,0,Asia
CUST_00447,2024-07-10,2024-11-26,2024-11-07,2025-02-24,109,229,0,False,1,0.0,0.0,0.0,0.0,0.0,0.0,0.0,0.0,0.0,0.0,1,1,1.0,1871.34,1871.34,1871.34,0.0,0.0,0.0,0.0,1,0,0,0,0,M,47,1.0,0.0,0.0,0,0,0,0,Asia
CUST_00457,2024-07-19,2024-11-26,2024-11-16,2024-12-02,16,136,1,True,1,2.0,2.0,0.0,1.0,5.0,0.0,0.0,0.0,0.0,0.0,2,3,1.5,2052.34,720.9075,0.0,0.0,0.0,1221.05,831.29,0,0,0,2,1,M,40,0.0,1.0,0.0,0,0,0,0,Europe
CUST_00472,2024-07-08,2024-11-26,2024-11-05,2025-02-24,111,231,0,False,1,0.0,0.0,0.0,0.0,0.0,0.0,0.0,0.0,0.0,0.0,1,2,2.0,1336.53,668.265,0.0,0.0,0.0,1336.53,0.0,0,0,0,2,0,Other,44,1.0,0.0,0.0,0,0,0,0,Asia
CUST_00478,2024-07-13,2024-11-26,2024-11-10,2024-12-09,29,149,1,True,1,0.0,0.0,1.0,0.0,1.0,0.0,0.0,0.0,0.0,0.0,3,6,2.0,2008.4899999999998,334.7483333333333,600.16,0.0,1408.33,0.0,0.0,2,0,4,0,0,F,54,0.0,1.0,0.0,0,0,0,0,Europe
CUST_00490,2024-07-06,2024-11-26,2024-11-03,2025-02-24,113,233,0,False,1,0.0,0.0,0.0,0.0,0.0,0.0,0.0,0.0,0.0,0.0,2,5,2.5,2163.75,525.05,0.0,0.0,2163.75,0.0,0.0,0,0,5,0,0,M,32,0.0,1.0,0.0,0,0,0,0,Europe
CUST_00498,2024-06-04,2024-11-26,2024-10-02,2025-02-24,145,265,0,False,1,0.0,0.0,0.0,0.0,0.0,0.0,0.0,0.0,0.0,0.0,1,1,1.0,1978.45,1978.45,1978.45,0.0,0.0,0.0,0.0,1,0,0,0,0,F,24,0.0,1.0,0.0,0,0,0,0,Europe
CUST_00503,2024-06-10,2024-11-26,2024-10-08,2025-02-24,139,259,0,False,1,0.0,0.0,0.0,0.0,0.0,0.0,0.0,0.0,0.0,0.0,1,2,2.0,1492.62,746.31,0.0,0.0,1492.62,0.0,0.0,0,0,2,0,0,M,36,0.0,1.0,0.0,0,0,0,0,Europe
CUST_00506,2024-06-14,2024-11-26,2024-10-12,2025-02-24,135,255,0,False,1,0.0,0.0,0.0,0.0,0.0,0.0,0.0,0.0,0.0,0.0,1,1,1.0,975.02,975.02,0.0,0.0,0.0,975.02,0.0,0,0,0,1,0,F,63,1.0,0.0,0.0,0,0,0,0,Asia
CUST_00514,2024-07-24,2024-11-26,2024-11-21,2025-02-24,95,215,0,False,1,0.0,0.0,0.0,0.0,0.0,0.0,0.0,0.0,0.0,0.0,1,3,3.0,481.11,160.37,0.0,0.0,481.11,0.0,0.0,0,0,3,0,0,M,21,0.0,1.0,0.0,0,0,0,0,Europe
CUST_00523,2024-07-17,2024-11-26,2024-11-14,2025-02-24,102,222,0,False,1,0.0,0.0,0.0,0.0,0.0,0.0,0.0,0.0,0.0,0.0,1,2,2.0,184.54,92.27,0.0,0.0,0.0,184.54,0.0,0,0,0,2,0,F,75,0.0,1.0,0.0,0,0,0,0,Europe
CUST_00536,2024-07-21,2024-11-26,2024-11-18,2025-02-24,98,218,0,False,1,0.0,0.0,0.0,0.0,0.0,0.0,0.0,0.0,0.0,0.0,1,2,2.0,1391.15,695.575,0.0,0.0,0.0,1391.15,0.0,0,0,0,2,0,M,37,0.0,1.0,0.0,0,0,0,0,Europe
CUST_00539,2024-06-29,2024-11-26,2024-10-27,2025-02-24,120,240,0,False,1,0.0,0.0,0.0,0.0,0.0,0.0,0.0,0.0,0.0,0.0,1,2,2.0,1368.57,684.285,1368.57,0.0,0.0,0.0,0.0,2,0,0,0,0,M,47,0.0,1.0,0.0,0,0,0,0,Europe
CUST_00552,2024-07-09,2024-11-26,2024-11-06,2024-12-21,45,165,1,True,1,1.0,2.0,2.0,0.0,5.0,0.0,0.0,0.0,0.0,0.0,3,7,2.3333333333333335,2710.5899999999997,510.8233333333333,0.0,2206.7,0.0,0.0,503.89,0,4,0,0,3,M,29,1.0,0.0,0.0,0,0,0,0,Asia
CUST_00557,2024-06-22,2024-11-26,2024-10-20,2025-02-24,127,247,0,False,0,0.0,0.0,0.0,0.0,0.0,0.0,0.0,0.0,0.0,0.0,1,4,4.0,1497.37,374.3425,0.0,0.0,1497.37,0.0,0.0,0,0,4,0,0,F,71,1.0,0.0,0.0,0,0,0,0,Asia
CUST_00559,2024-07-28,2024-11-26,2024-11-25,2025-02-24,91,211,0,False,1,0.0,0.0,0.0,0.0,0.0,0.0,0.0,0.0,0.0,0.0,2,5,2.5,2572.23,724.68,0.0,1497.16,1075.07,0.0,0.0,0,4,1,0,0,F,60,0.0,1.0,0.0,0,0,0,0,Europe
CUST_00568,2024-07-27,2024-11-26,2024-11-24,2025-02-24,92,212,0,False,1,0.0,0.0,0.0,0.0,0.0,0.0,0.0,0.0,0.0,0.0,2,6,3.0,2429.46,404.90999999999997,1622.74,0.0,0.0,806.72,0.0,3,0,0,3,0,F,39,0.0,1.0,0.0,0,0,0,0,Europe
CUST_00569,2024-06-27,2024-11-26,2024-10-25,2025-02-24,122,242,0,False,1,0.0,0.0,0.0,0.0,0.0,0.0,0.0,0.0,0.0,0.0,1,1,1.0,765.78,765.78,0.0,765.78,0.0,0.0,0.0,0,1,0,0,0,M,53,0.0,1.0,0.0,0,0,0,0,Europe
CUST_00578,2024-06-25,2024-11-26,2024-10-23,2025-02-24,124,244,0,False,1,0.0,0.0,0.0,0.0,0.0,0.0,0.0,0.0,0.0,0.0,1,4,4.0,853.63,213.4075,0.0,0.0,853.63,0.0,0.0,0,0,4,0,0,F,57,0.0,1.0,0.0,0,0,0,0,Europe
CUST_00579,2024-06-21,2024-11-26,2024-10-19,2025-02-24,128,248,0,False,1,0.0,0.0,0.0,0.0,0.0,0.0,0.0,0.0,0.0,0.0,1,2,2.0,1087.25,543.625,0.0,0.0,1087.25,0.0,0.0,0,0,2,0,0,F,44,0.0,1.0,0.0,0,0,0,0,Europe
CUST_00617,2024-07-23,2024-11-26,2024-11-20,2024-12-09,19,139,1,True,1,0.0,0.0,0.0,0.0,0.0,0.0,0.0,0.0,0.0,0.0,4,8,2.0,4605.16,604.3612499999999,0.0,3017.2799999999997,0.0,609.92,977.96,0,5,0,1,2,M,25,0.0,1.0,0.0,0,0,0,0,Europe
CUST_00624,2024-06-02,2024-11-26,2024-09-30,2025-02-24,147,267,0,False,1,0.0,0.0,0.0,0.0,0.0,0.0,0.0,0.0,0.0,0.0,1,2,2.0,1458.08,729.04,0.0,0.0,0.0,0.0,1458.08,0,0,0,0,2,M,47,1.0,0.0,0.0,0,0,0,0,Asia
CUST_00628,2024-07-01,2024-11-26,2024-10-29,2025-02-24,118,238,0,False,0,0.0,0.0,0.0,0.0,0.0,0.0,0.0,0.0,0.0,0.0,2,6,3.0,2806.51,467.75166666666667,0.0,887.06,0.0,1919.45,0.0,0,3,0,3,0,Other,42,0.0,1.0,0.0,0,0,0,0,Europe
CUST_00636,2024-06-23,2024-11-26,2024-10-21,2025-02-24,126,246,0,False,0,0.0,0.0,0.0,0.0,0.0,0.0,0.0,0.0,0.0,0.0,1,1,1.0,1794.84,1794.84,0.0,1794.84,0.0,0.0,0.0,0,1,0,0,0,F,65,1.0,0.0,0.0,0,0,0,0,Asia
CUST_00637,2024-06-22,2024-11-26,2024-10-20,2025-02-24,127,247,0,False,1,0.0,0.0,0.0,0.0,0.0,0.0,0.0,0.0,0.0,0.0,1,3,3.0,1231.09,410.3633333333333,0.0,0.0,0.0,1231.09,0.0,0,0,0,3,0,F,47,1.0,0.0,0.0,0,0,0,0,Asia
CUST_00641,2024-07-20,2024-11-26,2024-11-17,2025-02-24,99,219,0,False,1,0.0,0.0,0.0,0.0,0.0,0.0,0.0,0.0,0.0,0.0,1,2,2.0,1462.37,731.185,0.0,0.0,0.0,1462.37,0.0,0,0,0,2,0,M,40,0.0,1.0,0.0,0,0,0,0,Europe
CUST_00645,2024-06-23,2024-11-26,2024-10-21,2025-02-24,126,246,0,False,1,0.0,0.0,0.0,0.0,0.0,0.0,0.0,0.0,0.0,0.0,1,3,3.0,661.55,220.51666666666665,0.0,661.55,0.0,0.0,0.0,0,3,0,0,0,F,52,0.0,0.0,1.0,0,0,0,0,North America
CUST_00648,2024-06-26,2024-11-26,2024-10-24,2025-02-24,123,243,0,False,1,0.0,0.0,0.0,0.0,0.0,0.0,0.0,0.0,0.0,0.0,1,2,2.0,1861.15,930.575,1861.15,0.0,0.0,0.0,0.0,2,0,0,0,0,M,41,1.0,0.0,0.0,0,0,0,0,Asia
CUST_00650,2024-06-16,2024-11-26,2024-10-14,2024-12-29,76,196,1,True,1,0.0,0.0,0.0,0.0,0.0,0.0,0.0,0.0,0.0,0.0,2,4,2.0,2398.61,1036.8216666666667,2398.61,0.0,0.0,0.0,0.0,4,0,0,0,0,M,40,0.0,1.0,0.0,0,0,0,0,Europe
CUST_00654,2024-06-25,2024-11-26,2024-10-23,2025-02-24,124,244,0,False,0,0.0,0.0,0.0,0.0,0.0,0.0,0.0,0.0,0.0,0.0,1,2,2.0,812.59,406.295,812.59,0.0,0.0,0.0,0.0,2,0,0,0,0,M,44,0.0,0.0,1.0,0,0,0,0,North America
CUST_00660,2024-07-07,2024-11-26,2024-11-04,2025-02-24,112,232,0,False,0,0.0,0.0,0.0,0.0,0.0,0.0,0.0,0.0,0.0,0.0,2,3,1.5,2267.35,845.0325,0.0,0.0,0.0,0.0,2267.35,0,0,0,0,3,F,27,1.0,0.0,0.0,0,0,0,0,Asia
CUST_00662,2024-06-18,2024-11-26,2024-10-16,2025-02-24,131,251,0,False,1,0.0,0.0,0.0,0.0,0.0,0.0,0.0,0.0,0.0,0.0,1,1,1.0,1883.89,1883.89,0.0,1883.89,0.0,0.0,0.0,0,1,0,0,0,M,63,1.0,0.0,0.0,0,0,0,0,Asia
CUST_00665,2024-07-08,2024-11-26,2024-11-05,2025-02-24,111,231,0,False,1,0.0,0.0,0.0,0.0,0.0,0.0,0.0,0.0,0.0,0.0,1,6,6.0,646.89,107.815,0.0,0.0,646.89,0.0,0.0,0,0,6,0,0,M,41,0.0,1.0,0.0,0,0,0,0,Europe
CUST_00669,2024-07-16,2024-11-26,2024-11-13,2025-02-24,103,223,0,False,1,0.0,0.0,0.0,0.0,0.0,0.0,0.0,0.0,0.0,0.0,1,1,1.0,817.4,817.4,817.4,0.0,0.0,0.0,0.0,1,0,0,0,0,F,27,0.0,1.0,0.0,0,0,0,0,Europe
CUST_00678,2024-06-20,2024-11-26,2024-10-18,2025-02-24,129,249,0,False,1,0.0,0.0,0.0,0.0,0.0,0.0,0.0,0.0,0.0,0.0,1,2,2.0,1485.94,742.97,0.0,0.0,0.0,1485.94,0.0,0,0,0,2,0,F,64,0.0,1.0,0.0,0,0,0,0,Europe
CUST_00680,2024-06-03,2024-11-26,2024-10-01,2025-02-24,146,266,0,False,0,0.0,0.0,0.0,0.0,0.0,0.0,0.0,0.0,0.0,0.0,1,2,2.0,1846.56,923.28,1846.56,0.0,0.0,0.0,0.0,2,0,0,0,0,F,57,0.0,1.0,0.0,0,0,0,0,Europe
CUST_00681,2024-07-21,2024-11-26,2024-11-18,2025-02-24,98,218,0,False,1,0.0,0.0,0.0,0.0,0.0,0.0,0.0,0.0,0.0,0.0,1,2,2.0,788.01,394.005,0.0,0.0,0.0,788.01,0.0,0,0,0,2,0,M,64,0.0,1.0,0.0,0,0,0,0,Europe
CUST_00689,2024-06-01,2024-11-26,2024-09-29,2024-12-17,79,199,1,True,1,0.0,1.0,1.0,0.0,2.0,0.0,0.0,1.0,0.0,1.0,2,5,2.5,2422.41,561.9525,0.0,0.0,523.8,1898.61,0.0,0,0,3,2,0,M,29,1.0,0.0,0.0,0,0,0,0,Asia
CUST_00699,2024-07-27,2024-11-26,2024-11-24,2024-12-10,16,136,1,True,1,1.0,0.0,0.0,0.0,1.0,0.0,0.0,0.0,0.0,0.0,2,3,1.5,1103.97,512.39,945.59,0.0,0.0,158.38,0.0,1,0,0,2,0,M,23,0.0,1.0,0.0,0,0,0,0,Europe
CUST_00702,2024-06-26,2024-11-26,2024-10-24,2025-02-24,123,243,0,False,1,0.0,0.0,0.0,0.0,0.0,0.0,0.0,0.0,0.0,0.0,2,7,3.5,2729.6400000000003,526.4970000000001,0.0,1039.42,0.0,1690.22,0.0,0,5,0,2,0,F,37,0.0,1.0,0.0,0,0,0,0,Europe
CUST_00710,2024-07-22,2024-11-26,2024-11-19,2025-02-24,97,217,0,False,1,0.0,0.0,0.0,0.0,0.0,0.0,0.0,0.0,0.0,0.0,1,2,2.0,1370.46,685.23,0.0,0.0,1370.46,0.0,0.0,0,0,2,0,0,F,41,0.0,0.0,1.0,0,0,0,0,North America
CUST_00717,2024-06-30,2024-11-26,2024-10-28,2025-02-24,119,239,0,False,0,0.0,0.0,0.0,0.0,0.0,0.0,0.0,0.0,0.0,0.0,3,7,2.3333333333333335,1136.35,210.91,0.0,101.16,380.92,0.0,654.27,0,3,1,0,3,F,64,1.0,0.0,0.0,0,0,0,0,Asia
CUST_00721,2024-07-21,2024-11-26,2024-11-18,2024-12-17,29,149,1,True,1,0.0,0.0,0.0,0.0,0.0,0.0,0.0,0.0,0.0,0.0,2,5,2.5,1073.1,203.89749999999998,0.0,1073.1,0.0,0.0,0.0,0,5,0,0,0,M,59,0.0,1.0,0.0,0,0,0,0,Europe
CUST_00731,2024-07-12,2024-11-26,2024-11-09,2025-02-24,107,227,0,False,1,0.0,0.0,0.0,0.0,0.0,0.0,0.0,0.0,0.0,0.0,1,3,3.0,1576.73,525.5766666666667,0.0,1576.73,0.0,0.0,0.0,0,3,0,0,0,F,74,0.0,0.0,1.0,0,0,0,0,North America
CUST_00732,2024-07-21,2024-11-26,2024-11-18,2025-02-24,98,218,0,False,1,0.0,0.0,0.0,0.0,0.0,0.0,0.0,0.0,0.0,0.0,2,7,3.5,1440.6599999999999,204.33416666666665,858.62,0.0,0.0,582.04,0.0,4,0,0,3,0,F,71,0.0,0.0,1.0,0,0,0,0,North America
CUST_00735,2024-07-28,2024-11-26,2024-11-25,2025-02-24,91,211,0,False,1,0.0,0.0,0.0,0.0,0.0,0.0,0.0,0.0,0.0,0.0,2,6,3.0,2293.06,324.83500000000004,0.0,0.0,0.0,305.62,1987.44,0,0,0,2,4,F,38,0.0,0.0,1.0,0,0,0,0,North America
CUST_00744,2024-07-20,2024-11-26,2024-11-17,2025-02-24,99,219,0,False,1,0.0,0.0,0.0,0.0,0.0,0.0,0.0,0.0,0.0,0.0,1,2,2.0,500.81,250.405,0.0,500.81,0.0,0.0,0.0,0,2,0,0,0,F,69,0.0,1.0,0.0,0,0,0,0,Europe
CUST_00747,2024-06-04,2024-11-26,2024-10-02,2025-02-24,145,265,0,False,1,0.0,0.0,0.0,0.0,0.0,0.0,0.0,0.0,0.0,0.0,1,1,1.0,1002.44,1002.44,0.0,0.0,1002.44,0.0,0.0,0,0,1,0,0,F,72,0.0,0.0,1.0,0,0,0,0,North America
CUST_00761,2024-07-27,2024-11-26,2024-11-24,2025-02-24,92,212,0,False,1,0.0,0.0,0.0,0.0,0.0,0.0,0.0,0.0,0.0,0.0,1,1,1.0,1175.26,1175.26,0.0,1175.26,0.0,0.0,0.0,0,1,0,0,0,F,31,1.0,0.0,0.0,0,0,0,0,Asia
CUST_00768,2024-06-28,2024-11-26,2024-10-26,2025-02-24,121,241,0,False,1,0.0,0.0,0.0,0.0,0.0,0.0,0.0,0.0,0.0,0.0,1,2,2.0,349.59,174.795,0.0,349.59,0.0,0.0,0.0,0,2,0,0,0,M,35,1.0,0.0,0.0,0,0,0,0,Asia
CUST_00780,2024-06-28,2024-11-26,2024-10-26,2025-02-24,121,241,0,False,1,0.0,0.0,0.0,0.0,0.0,0.0,0.0,0.0,0.0,0.0,1,2,2.0,1453.41,726.705,0.0,0.0,1453.41,0.0,0.0,0,0,2,0,0,F,32,0.0,0.0,1.0,0,0,0,0,North America
CUST_00782,2024-06-29,2024-11-26,2024-10-27,2025-02-24,120,240,0,False,0,0.0,0.0,0.0,0.0,0.0,0.0,0.0,0.0,0.0,0.0,2,6,3.0,1815.69,281.07124999999996,1382.81,432.88,0.0,0.0,0.0,4,2,0,0,0,F,44,0.0,1.0,0.0,0,0,0,0,Europe
CUST_00785,2024-06-24,2024-11-26,2024-10-22,2025-02-24,125,245,0,False,1,0.0,0.0,0.0,0.0,0.0,0.0,0.0,0.0,0.0,0.0,1,1,1.0,1698.58,1698.58,0.0,0.0,0.0,0.0,1698.58,0,0,0,0,1,F,55,0.0,1.0,0.0,0,0,0,0,Europe
CUST_00798,2024-07-14,2024-11-26,2024-11-11,2025-02-24,105,225,0,False,1,0.0,0.0,0.0,0.0,0.0,0.0,0.0,0.0,0.0,0.0,1,2,2.0,182.16,91.08,0.0,0.0,182.16,0.0,0.0,0,0,2,0,0,F,27,0.0,1.0,0.0,0,0,0,0,Europe
CUST_00799,2024-07-07,2024-11-26,2024-11-04,2025-02-24,112,232,0,False,1,0.0,0.0,0.0,0.0,0.0,0.0,0.0,0.0,0.0,0.0,2,5,2.5,1555.25,277.0175,0.0,0.0,1341.54,0.0,213.71,0,0,3,0,2,M,62,1.0,0.0,0.0,0,0,0,0,Asia
CUST_00801,2024-07-22,2024-11-26,2024-11-19,2025-02-24,97,217,0,False,1,0.0,0.0,0.0,0.0,0.0,0.0,0.0,0.0,0.0,0.0,1,2,2.0,1654.91,827.455,0.0,0.0,1654.91,0.0,0.0,0,0,2,0,0,M,45,0.0,0.0,1.0,0,0,0,0,North America
CUST_00809,2024-06-26,2024-11-26,2024-10-24,2025-02-24,123,243,0,False,1,0.0,0.0,0.0,0.0,0.0,0.0,0.0,0.0,0.0,0.0,1,2,2.0,1674.12,837.06,0.0,0.0,0.0,0.0,1674.12,0,0,0,0,2,F,65,0.0,1.0,0.0,0,0,0,0,Europe
CUST_00810,2024-06-22,2024-11-26,2024-10-20,2025-02-24,127,247,0,False,1,0.0,0.0,0.0,0.0,0.0,0.0,0.0,0.0,0.0,0.0,1,3,3.0,707.52,235.84,0.0,0.0,0.0,0.0,707.52,0,0,0,0,3,F,64,1.0,0.0,0.0,0,0,0,0,Asia
CUST_00812,2024-07-21,2024-11-26,2024-11-18,2025-02-24,98,218,0,False,1,0.0,0.0,0.0,0.0,0.0,0.0,0.0,0.0,0.0,0.0,1,1,1.0,600.14,600.14,600.14,0.0,0.0,0.0,0.0,1,0,0,0,0,Other,44,1.0,0.0,0.0,0,0,0,0,Asia
CUST_00823,2024-07-03,2024-11-26,2024-10-31,2025-02-24,116,236,0,False,1,0.0,0.0,0.0,0.0,0.0,0.0,0.0,0.0,0.0,0.0,1,3,3.0,1483.16,494.3866666666667,0.0,0.0,0.0,0.0,1483.16,0,0,0,0,3,F,50,0.0,0.0,1.0,0,0,0,0,North America
CUST_00824,2024-06-16,2024-11-26,2024-10-14,2025-02-24,133,253,0,False,1,0.0,0.0,0.0,0.0,0.0,0.0,0.0,0.0,0.0,0.0,1,3,3.0,1589.48,529.8266666666667,0.0,0.0,1589.48,0.0,0.0,0,0,3,0,0,M,68,0.0,1.0,0.0,0,0,0,0,Europe
CUST_00834,2024-07-06,2024-11-26,2024-11-03,2024-12-18,45,165,1,True,1,0.0,0.0,0.0,0.0,0.0,0.0,0.0,0.0,0.0,0.0,3,6,2.0,3152.1400000000003,553.3738888888889,0.0,0.0,2043.3500000000001,0.0,1108.79,0,0,3,0,3,F,67,1.0,0.0,0.0,0,0,0,0,Asia
CUST_00839,2024-07-26,2024-11-26,2024-11-23,2025-02-24,93,213,0,False,0,0.0,0.0,0.0,0.0,0.0,0.0,0.0,0.0,0.0,0.0,1,1,1.0,182.08,182.08,0.0,0.0,182.08,0.0,0.0,0,0,1,0,0,F,48,0.0,1.0,0.0,0,0,0,0,Europe
CUST_00848,2024-07-18,2024-11-26,2024-11-15,2025-02-24,101,221,0,False,1,0.0,0.0,0.0,0.0,0.0,0.0,0.0,0.0,0.0,0.0,2,3,1.5,2615.94,1053.21,1019.04,0.0,0.0,0.0,1596.9,2,0,0,0,1,M,71,1.0,0.0,0.0,0,0,0,0,Asia
CUST_00849,2024-07-26,2024-11-26,2024-11-23,2025-02-24,93,213,0,False,1,0.0,0.0,0.0,0.0,0.0,0.0,0.0,0.0,0.0,0.0,2,5,2.5,2993.1400000000003,621.3758333333334,1470.23,1522.91,0.0,0.0,0.0,2,3,0,0,0,F,29,0.0,1.0,0.0,0,0,0,0,Europe
CUST_00857,2024-06-02,2024-11-26,2024-09-30,2025-02-24,147,267,0,False,1,0.0,0.0,0.0,0.0,0.0,0.0,0.0,0.0,0.0,0.0,1,2,2.0,489.29,244.645,0.0,0.0,489.29,0.0,0.0,0,0,2,0,0,F,21,1.0,0.0,0.0,0,0,0,0,Asia
CUST_00872,2024-06-10,2024-11-26,2024-10-08,2025-02-24,139,259,0,False,1,0.0,0.0,0.0,0.0,0.0,0.0,0.0,0.0,0.0,0.0,1,1,1.0,991.85,991.85,0.0,0.0,0.0,0.0,991.85,0,0,0,0,1,M,63,0.0,0.0,1.0,0,0,0,0,North America
CUST_00879,2024-06-26,2024-11-26,2024-10-24,2025-02-24,123,243,0,False,0,0.0,0.0,0.0,0.0,0.0,0.0,0.0,0.0,0.0,0.0,1,1,1.0,254.9,254.9,0.0,0.0,0.0,254.9,0.0,0,0,0,1,0,F,28,1.0,0.0,0.0,0,0,0,0,Asia
CUST_00893,2024-07-04,2024-11-26,2024-11-01,2025-02-24,115,235,0,False,1,0.0,0.0,0.0,0.0,0.0,0.0,0.0,0.0,0.0,0.0,1,4,4.0,1036.06,259.015,0.0,1036.06,0.0,0.0,0.0,0,4,0,0,0,M,39,1.0,0.0,0.0,0,0,0,0,Asia
CUST_00900,2024-07-22,2024-11-26,2024-11-19,2025-02-24,97,217,0,False,1,0.0,0.0,0.0,0.0,0.0,0.0,0.0,0.0,0.0,0.0,1,2,2.0,262.52,131.26,0.0,0.0,0.0,262.52,0.0,0,0,0,2,0,F,67,0.0,0.0,1.0,0,0,0,0,North America
CUST_00922,2024-07-15,2024-11-26,2024-11-12,2025-02-24,104,224,0,False,1,0.0,0.0,0.0,0.0,0.0,0.0,0.0,0.0,0.0,0.0,2,4,2.0,2487.71,621.9275,1307.28,0.0,0.0,0.0,1180.43,2,0,0,0,2,M,64,0.0,1.0,0.0,0,0,0,0,Europe
CUST_00923,2024-07-18,2024-11-26,2024-11-15,2025-02-24,101,221,0,False,0,0.0,0.0,0.0,0.0,0.0,0.0,0.0,0.0,0.0,0.0,1,2,2.0,455.78,227.89,0.0,0.0,455.78,0.0,0.0,0,0,2,0,0,M,75,0.0,1.0,0.0,0,0,0,0,Europe
CUST_00941,2024-06-23,2024-11-26,2024-10-21,2025-02-24,126,246,0,False,1,0.0,0.0,0.0,0.0,0.0,0.0,0.0,0.0,0.0,0.0,1,3,3.0,1119.58,373.1933333333333,0.0,0.0,0.0,1119.58,0.0,0,0,0,3,0,F,38,0.0,0.0,1.0,0,0,0,0,North America
CUST_00951,2024-06-24,2024-11-26,2024-10-22,2025-02-24,125,245,0,False,1,0.0,0.0,0.0,0.0,0.0,0.0,0.0,0.0,0.0,0.0,1,1,1.0,1604.51,1604.51,0.0,0.0,0.0,0.0,1604.51,0,0,0,0,1,F,42,0.0,1.0,0.0,0,0,0,0,Europe
CUST_00953,2024-06-06,2024-11-26,2024-10-04,2025-02-24,143,263,0,False,0,0.0,0.0,0.0,0.0,0.0,0.0,0.0,0.0,0.0,0.0,1,1,1.0,1049.42,1049.42,0.0,0.0,0.0,0.0,1049.42,0,0,0,0,1,F,38,1.0,0.0,0.0,0,0,0,0,Asia
CUST_00957,2024-06-20,2024-11-26,2024-10-18,2025-02-24,129,249,0,False,1,0.0,0.0,0.0,0.0,0.0,0.0,0.0,0.0,0.0,0.0,1,2,2.0,1283.38,641.69,0.0,0.0,1283.38,0.0,0.0,0,0,2,0,0,M,46,0.0,1.0,0.0,0,0,0,0,Europe
CUST_00959,2024-06-11,2024-11-26,2024-10-09,2025-02-24,138,258,0,False,1,0.0,0.0,0.0,0.0,0.0,0.0,0.0,0.0,0.0,0.0,1,3,3.0,1814.02,604.6733333333333,0.0,0.0,1814.02,0.0,0.0,0,0,3,0,0,F,34,0.0,1.0,0.0,0,0,0,0,Europe
CUST_00967,2024-06-29,2024-11-26,2024-10-27,2025-02-24,120,240,0,False,1,0.0,0.0,0.0,0.0,0.0,0.0,0.0,0.0,0.0,0.0,1,3,3.0,1828.39,609.4633333333334,0.0,0.0,0.0,0.0,1828.39,0,0,0,0,3,M,66,0.0,0.0,1.0,0,0,0,0,North America
CUST_00972,2024-06-10,2024-11-26,2024-10-08,2024-12-06,59,179,1,True,1,0.0,0.0,0.0,0.0,0.0,0.0,0.0,0.0,0.0,0.0,2,3,1.5,2952.92,1152.8600000000001,0.0,0.0,1658.52,1294.4,0.0,0,0,1,2,0,M,42,1.0,0.0,0.0,0,0,0,0,Asia
CUST_00981,2024-06-15,2024-11-26,2024-10-13,2025-02-24,134,254,0,False,1,0.0,0.0,0.0,0.0,0.0,0.0,0.0,0.0,0.0,0.0,1,2,2.0,708.54,354.27,0.0,0.0,0.0,0.0,708.54,0,0,0,0,2,F,25,1.0,0.0,0.0,0,0,0,0,Asia
CUST_01002,2024-06-23,2024-11-26,2024-10-21,2025-02-24,126,246,0,False,1,0.0,0.0,0.0,0.0,0.0,0.0,0.0,0.0,0.0,0.0,2,3,1.5,1141.65,352.46000000000004,0.0,0.0,0.0,1141.65,0.0,0,0,0,3,0,F,25,0.0,1.0,0.0,0,0,0,0,Europe
CUST_01013,2024-06-14,2024-11-26,2024-10-12,2024-12-06,55,175,1,True,1,0.0,1.0,0.0,1.0,2.0,0.0,0.0,0.0,0.0,0.0,2,2,1.0,1104.8700000000001,552.4350000000001,192.93,911.94,0.0,0.0,0.0,1,1,0,0,0,F,71,0.0,1.0,0.0,0,0,0,0,Europe
CUST_01026,2024-06-22,2024-11-26,2024-10-20,2024-12-03,44,164,1,True,1,1.0,1.0,0.0,0.0,2.0,0.0,0.0,0.0,0.0,0.0,2,4,2.0,2492.09,623.0225,1376.24,1115.85,0.0,0.0,0.0,2,2,0,0,0,M,29,1.0,0.0,0.0,0,0,0,0,Asia
CUST_01027,2024-06-26,2024-11-26,2024-10-24,2025-02-24,123,243,0,False,1,0.0,0.0,0.0,0.0,0.0,0.0,0.0,0.0,0.0,0.0,2,7,3.5,2694.48,393.5191666666667,0.0,0.0,1333.46,1361.02,0.0,0,0,4,3,0,F,54,0.0,1.0,0.0,0,0,0,0,Europe
CUST_01053,2024-07-03,2024-11-26,2024-10-31,2025-02-24,116,236,0,False,1,0.0,0.0,0.0,0.0,0.0,0.0,0.0,0.0,0.0,0.0,1,1,1.0,271.26,271.26,0.0,271.26,0.0,0.0,0.0,0,1,0,0,0,F,25,0.0,1.0,0.0,0,0,0,0,Europe
CUST_01055,2024-07-12,2024-11-26,2024-11-09,2025-02-24,107,227,0,False,1,0.0,0.0,0.0,0.0,0.0,0.0,0.0,0.0,0.0,0.0,2,5,2.5,2743.45,781.93625,1572.77,1170.68,0.0,0.0,0.0,4,1,0,0,0,F,73,1.0,0.0,0.0,0,0,0,0,Asia
CUST_01062,2024-07-04,2024-11-26,2024-11-01,2025-02-24,115,235,0,False,1,0.0,0.0,0.0,0.0,0.0,0.0,0.0,0.0,0.0,0.0,2,6,3.0,1672.98,278.83000000000004,0.0,1379.71,0.0,0.0,293.27,0,3,0,0,3,F,58,0.0,1.0,0.0,0,0,0,0,Europe
CUST_01084,2024-07-13,2024-11-26,2024-11-10,2025-02-24,106,226,0,False,1,0.0,0.0,0.0,0.0,0.0,0.0,0.0,0.0,0.0,0.0,2,4,2.0,2222.82,589.9200000000001,0.0,1564.47,0.0,658.35,0.0,0,3,0,1,0,F,66,0.0,1.0,0.0,0,0,0,0,Europe
CUST_01093,2024-06-08,2024-11-26,2024-10-06,2025-02-24,141,261,0,False,1,0.0,0.0,0.0,0.0,0.0,0.0,0.0,0.0,0.0,0.0,1,1,1.0,626.04,626.04,0.0,0.0,0.0,626.04,0.0,0,0,0,1,0,M,42,0.0,0.0,1.0,0,0,0,0,North America
CUST_01096,2024-07-09,2024-11-26,2024-11-06,2025-02-24,110,230,0,False,1,0.0,0.0,0.0,0.0,0.0,0.0,0.0,0.0,0.0,0.0,1,1,1.0,1585.89,1585.89,0.0,0.0,0.0,0.0,1585.89,0,0,0,0,1,Other,36,0.0,1.0,0.0,0,0,0,0,Europe
CUST_01105,2024-07-22,2024-11-26,2024-11-19,2024-12-25,36,156,1,True,1,2.0,0.0,0.0,0.0,2.0,1.0,0.0,0.0,0.0,1.0,4,9,2.25,4867.44,663.3579166666666,1653.51,774.12,0.0,2439.81,0.0,2,3,0,4,0,F,50,1.0,0.0,0.0,0,0,0,0,Asia
CUST_01107,2024-06-05,2024-11-26,2024-10-03,2025-02-24,144,264,0,False,1,0.0,0.0,0.0,0.0,0.0,0.0,0.0,0.0,0.0,0.0,1,1,1.0,416.64,416.64,0.0,0.0,0.0,416.64,0.0,0,0,0,1,0,F,31,0.0,1.0,0.0,0,0,0,0,Europe
CUST_01129,2024-07-22,2024-11-26,2024-11-19,2025-02-24,97,217,0,False,0,0.0,0.0,0.0,0.0,0.0,0.0,0.0,0.0,0.0,0.0,2,4,2.0,2180.83,545.2075,640.0,0.0,0.0,1540.83,0.0,2,0,0,2,0,M,45,0.0,1.0,0.0,0,0,0,0,Europe
CUST_01133,2024-06-14,2024-11-26,2024-10-12,2025-02-24,135,255,0,False,1,0.0,0.0,0.0,0.0,0.0,0.0,0.0,0.0,0.0,0.0,1,1,1.0,399.51,399.51,0.0,0.0,399.51,0.0,0.0,0,0,1,0,0,F,52,1.0,0.0,0.0,0,0,0,0,Asia
CUST_01137,2024-07-20,2024-11-26,2024-11-17,2025-02-24,99,219,0,False,1,0.0,0.0,0.0,0.0,0.0,0.0,0.0,0.0,0.0,0.0,2,3,1.5,2028.48,823.47,0.0,0.0,0.0,0.0,2028.48,0,0,0,0,3,F,56,0.0,1.0,0.0,0,0,0,0,Europe
CUST_01143,2024-07-08,2024-11-26,2024-11-05,2025-02-24,111,231,0,False,1,0.0,0.0,0.0,0.0,0.0,0.0,0.0,0.0,0.0,0.0,2,2,1.0,1708.3600000000001,854.1800000000001,0.0,0.0,0.0,1421.69,286.67,0,0,0,1,1,F,22,1.0,0.0,0.0,0,0,0,0,Asia
CUST_01147,2024-07-16,2024-11-26,2024-11-13,2025-02-24,103,223,0,False,1,0.0,0.0,0.0,0.0,0.0,0.0,0.0,0.0,0.0,0.0,1,2,2.0,1563.36,781.68,0.0,1563.36,0.0,0.0,0.0,0,2,0,0,0,F,25,0.0,1.0,0.0,0,0,0,0,Europe
CUST_01160,2024-07-07,2024-11-26,2024-11-04,2025-02-24,112,232,0,False,1,0.0,0.0,0.0,0.0,0.0,0.0,0.0,0.0,0.0,0.0,1,1,1.0,1279.38,1279.38,1279.38,0.0,0.0,0.0,0.0,1,0,0,0,0,M,72,0.0,0.0,1.0,0,0,0,0,North America
CUST_01164,2024-07-15,2024-11-26,2024-11-12,2025-02-24,104,224,0,False,1,0.0,0.0,0.0,0.0,0.0,0.0,0.0,0.0,0.0,0.0,1,1,1.0,1058.77,1058.77,0.0,0.0,1058.77,0.0,0.0,0,0,1,0,0,M,56,0.0,1.0,0.0,0,0,0,0,Europe
CUST_01195,2024-07-19,2024-11-26,2024-11-16,2025-02-24,100,220,0,False,1,0.0,0.0,0.0,0.0,0.0,0.0,0.0,0.0,0.0,0.0,1,2,2.0,194.71,97.355,194.71,0.0,0.0,0.0,0.0,2,0,0,0,0,F,67,1.0,0.0,0.0,0,0,0,0,Asia
CUST_01197,2024-06-09,2024-11-26,2024-10-07,2025-02-24,140,260,0,False,1,0.0,0.0,0.0,0.0,0.0,0.0,0.0,0.0,0.0,0.0,1,1,1.0,1200.52,1200.52,0.0,1200.52,0.0,0.0,0.0,0,1,0,0,0,Other,61,0.0,0.0,1.0,0,0,0,0,North America
CUST_01204,2024-07-20,2024-11-26,2024-11-17,2025-02-24,99,219,0,False,1,0.0,0.0,0.0,0.0,0.0,0.0,0.0,0.0,0.0,0.0,2,4,2.0,2195.88,548.97,1910.71,0.0,0.0,0.0,285.17,2,0,0,0,2,M,27,1.0,0.0,0.0,0,0,0,0,Asia
CUST_01210,2024-07-12,2024-11-26,2024-11-09,2025-02-24,107,227,0,False,1,0.0,0.0,0.0,0.0,0.0,0.0,0.0,0.0,0.0,0.0,1,2,2.0,1310.19,655.095,1310.19,0.0,0.0,0.0,0.0,2,0,0,0,0,F,65,1.0,0.0,0.0,0,0,0,0,Asia
CUST_01217,2024-07-20,2024-11-26,2024-11-17,2025-02-24,99,219,0,False,1,0.0,0.0,0.0,0.0,0.0,0.0,0.0,0.0,0.0,0.0,1,2,2.0,740.1,370.05,0.0,0.0,0.0,0.0,740.1,0,0,0,0,2,F,36,0.0,1.0,0.0,0,0,0,0,Europe
CUST_01226,2024-07-06,2024-11-26,2024-11-03,2025-02-24,113,233,0,False,1,0.0,0.0,0.0,0.0,0.0,0.0,0.0,0.0,0.0,0.0,1,1,1.0,846.59,846.59,0.0,0.0,0.0,846.59,0.0,0,0,0,1,0,F,41,0.0,1.0,0.0,0,0,0,0,Europe
CUST_01229,2024-06-19,2024-11-26,2024-10-17,2025-02-24,130,250,0,False,0,0.0,0.0,0.0,0.0,0.0,0.0,0.0,0.0,0.0,0.0,1,4,4.0,257.18,64.295,0.0,0.0,257.18,0.0,0.0,0,0,4,0,0,F,71,1.0,0.0,0.0,0,0,0,0,Asia
CUST_01236,2024-07-02,2024-11-26,2024-10-30,2025-02-24,117,237,0,False,1,0.0,0.0,0.0,0.0,0.0,0.0,0.0,0.0,0.0,0.0,1,2,2.0,843.57,421.785,843.57,0.0,0.0,0.0,0.0,2,0,0,0,0,M,34,1.0,0.0,0.0,0,0,0,0,Asia
CUST_01239,2024-07-17,2024-11-26,2024-11-14,2025-02-24,102,222,0,False,1,0.0,0.0,0.0,0.0,0.0,0.0,0.0,0.0,0.0,0.0,1,1,1.0,141.21,141.21,0.0,0.0,141.21,0.0,0.0,0,0,1,0,0,F,36,0.0,0.0,1.0,0,0,0,0,North America
CUST_01260,2024-06-21,2024-11-26,2024-10-19,2025-02-24,128,248,0,False,1,0.0,0.0,0.0,0.0,0.0,0.0,0.0,0.0,0.0,0.0,2,4,2.0,2400.0099999999998,648.2149999999999,0.0,1655.37,744.64,0.0,0.0,0,3,1,0,0,F,36,0.0,0.0,1.0,0,0,0,0,North America
CUST_01273,2024-07-15,2024-11-26,2024-11-12,2025-02-24,104,224,0,False,1,0.0,0.0,0.0,0.0,0.0,0.0,0.0,0.0,0.0,0.0,1,1,1.0,1249.51,1249.51,0.0,0.0,0.0,0.0,1249.51,0,0,0,0,1,F,29,0.0,1.0,0.0,0,0,0,0,Europe
CUST_01283,2024-07-19,2024-11-26,2024-11-16,2025-02-24,100,220,0,False,1,0.0,0.0,0.0,0.0,0.0,0.0,0.0,0.0,0.0,0.0,1,5,5.0,1713.88,342.776,0.0,0.0,0.0,1713.88,0.0,0,0,0,5,0,F,43,0.0,1.0,0.0,0,0,0,0,Europe
CUST_01288,2024-06-25,2024-11-26,2024-10-23,2025-02-24,124,244,0,False,1,0.0,0.0,0.0,0.0,0.0,0.0,0.0,0.0,0.0,0.0,1,3,3.0,1328.52,442.84,0.0,0.0,0.0,0.0,1328.52,0,0,0,0,3,M,72,0.0,1.0,0.0,0,0,0,0,Europe
CUST_01295,2024-07-01,2024-11-26,2024-10-29,2025-02-24,118,238,0,False,1,0.0,0.0,0.0,0.0,0.0,0.0,0.0,0.0,0.0,0.0,1,3,3.0,158.65,52.88333333333333,0.0,0.0,0.0,158.65,0.0,0,0,0,3,0,M,22,1.0,0.0,0.0,0,0,0,0,Asia
CUST_01296,2024-06-05,2024-11-26,2024-10-03,2024-12-01,59,179,1,True,1,2.0,0.0,0.0,0.0,2.0,1.0,0.0,0.0,0.0,1.0,2,4,2.0,672.77,168.1925,0.0,0.0,399.16,273.61,0.0,0,0,2,2,0,F,38,1.0,0.0,0.0,0,0,0,0,Asia
CUST_01311,2024-07-07,2024-11-26,2024-11-04,2025-02-24,112,232,0,False,1,0.0,0.0,0.0,0.0,0.0,0.0,0.0,0.0,0.0,0.0,2,4,2.0,1268.63,317.1575,0.0,0.0,615.82,652.81,0.0,0,0,2,2,0,F,64,1.0,0.0,0.0,0,0,0,0,Asia
CUST_01324,2024-07-11,2024-11-26,2024-11-08,2024-12-22,44,164,1,True,1,0.0,1.0,0.0,0.0,1.0,0.0,0.0,0.0,0.0,0.0,2,7,3.5,2801.85,403.3245833333333,2801.85,0.0,0.0,0.0,0.0,7,0,0,0,0,M,56,0.0,1.0,0.0,0,0,0,0,Europe
CUST_01327,2024-07-28,2024-11-26,2024-11-25,2024-12-14,19,139,1,True,1,0.0,0.0,0.0,1.0,1.0,0.0,0.0,0.0,0.0,0.0,2,2,1.0,3095.6,1547.8,1367.79,0.0,0.0,1727.81,0.0,1,0,0,1,0,M,36,0.0,0.0,1.0,0,0,0,0,North America
CUST_01337,2024-06-15,2024-11-26,2024-10-13,2025-02-24,134,254,0,False,1,0.0,0.0,0.0,0.0,0.0,0.0,0.0,0.0,0.0,0.0,1,1,1.0,1766.88,1766.88,0.0,0.0,0.0,0.0,1766.88,0,0,0,0,1,F,50,0.0,0.0,1.0,0,0,0,0,North America
CUST_01361,2024-07-15,2024-11-26,2024-11-12,2025-02-24,104,224,0,False,1,0.0,0.0,0.0,0.0,0.0,0.0,0.0,0.0,0.0,0.0,2,4,2.0,2189.02,547.255,1419.08,769.94,0.0,0.0,0.0,2,2,0,0,0,F,47,0.0,1.0,0.0,0,0,0,0,Europe
CUST_01367,2024-07-01,2024-11-26,2024-10-29,2024-12-17,49,169,1,True,1,0.0,0.0,0.0,0.0,0.0,0.0,0.0,0.0,0.0,0.0,2,6,3.0,2231.96,371.99333333333334,0.0,2231.96,0.0,0.0,0.0,0,6,0,0,0,F,53,0.0,1.0,0.0,0,0,0,0,Europe
CUST_01369,2024-06-06,2024-11-26,2024-10-04,2025-02-24,143,263,0,False,1,0.0,0.0,0.0,0.0,0.0,0.0,0.0,0.0,0.0,0.0,1,2,2.0,808.98,404.49,0.0,0.0,808.98,0.0,0.0,0,0,2,0,0,M,30,0.0,1.0,0.0,0,0,0,0,Europe
CUST_01374,2024-06-17,2024-11-26,2024-10-15,2025-02-24,132,252,0,False,1,0.0,0.0,0.0,0.0,0.0,0.0,0.0,0.0,0.0,0.0,1,2,2.0,509.28,254.64,0.0,0.0,0.0,0.0,509.28,0,0,0,0,2,M,40,0.0,1.0,0.0,0,0,0,0,Europe
CUST_01385,2024-06-27,2024-11-26,2024-10-25,2025-02-24,122,242,0,False,0,0.0,0.0,0.0,0.0,0.0,0.0,0.0,0.0,0.0,0.0,1,1,1.0,1559.57,1559.57,0.0,0.0,0.0,1559.57,0.0,0,0,0,1,0,F,67,0.0,0.0,1.0,0,0,0,0,North America
CUST_01387,2024-07-24,2024-11-26,2024-11-21,2024-11-28,7,127,1,True,1,0.0,1.0,0.0,1.0,2.0,0.0,0.0,0.0,0.0,0.0,2,3,1.5,3547.0,1286.135,0.0,1949.46,1597.54,0.0,0.0,0,2,1,0,0,M,67,0.0,1.0,0.0,0,0,0,0,Europe
CUST_01395,2024-07-24,2024-11-26,2024-11-21,2025-02-24,95,215,0,False,1,0.0,0.0,0.0,0.0,0.0,0.0,0.0,0.0,0.0,0.0,1,1,1.0,845.22,845.22,0.0,0.0,0.0,0.0,845.22,0,0,0,0,1,F,51,1.0,0.0,0.0,0,0,0,0,Asia
CUST_01402,2024-07-12,2024-11-26,2024-11-09,2025-02-24,107,227,0,False,1,0.0,0.0,0.0,0.0,0.0,0.0,0.0,0.0,0.0,0.0,2,3,1.5,1126.26,352.07500000000005,0.0,0.0,0.0,0.0,1126.26,0,0,0,0,3,M,49,0.0,1.0,0.0,0,0,0,0,Europe
CUST_01417,2024-06-19,2024-11-26,2024-10-17,2025-02-24,130,250,0,False,1,0.0,0.0,0.0,0.0,0.0,0.0,0.0,0.0,0.0,0.0,1,2,2.0,245.61,122.805,0.0,0.0,0.0,245.61,0.0,0,0,0,2,0,Other,43,0.0,1.0,0.0,0,0,0,0,Europe
CUST_01426,2024-07-24,2024-11-26,2024-11-21,2025-02-24,95,215,0,False,1,0.0,0.0,0.0,0.0,0.0,0.0,0.0,0.0,0.0,0.0,1,3,3.0,1178.06,392.68666666666667,0.0,0.0,1178.06,0.0,0.0,0,0,3,0,0,M,27,1.0,0.0,0.0,0,0,0,0,Asia
CUST_01429,2024-07-28,2024-11-26,2024-11-25,2024-12-15,20,140,1,True,1,1.0,0.0,1.0,0.0,2.0,0.0,0.0,0.0,0.0,0.0,3,9,3.0,5179.87,632.4325,3692.06,0.0,0.0,0.0,1487.81,5,0,0,0,4,F,56,0.0,1.0,0.0,0,0,0,0,Europe
CUST_01432,2024-07-27,2024-11-26,2024-11-24,2025-02-24,92,212,0,False,1,0.0,0.0,0.0,0.0,0.0,0.0,0.0,0.0,0.0,0.0,1,2,2.0,1331.42,665.71,0.0,0.0,1331.42,0.0,0.0,0,0,2,0,0,M,56,1.0,0.0,0.0,0,0,0,0,Asia
CUST_01439,2024-06-15,2024-11-26,2024-10-13,2025-02-24,134,254,0,False,1,0.0,0.0,0.0,0.0,0.0,0.0,0.0,0.0,0.0,0.0,1,1,1.0,1700.99,1700.99,0.0,0.0,1700.99,0.0,0.0,0,0,1,0,0,F,75,0.0,0.0,1.0,0,0,0,0,North America
CUST_01454,2024-07-15,2024-11-26,2024-11-12,2025-02-24,104,224,0,False,1,0.0,0.0,0.0,0.0,0.0,0.0,0.0,0.0,0.0,0.0,1,2,2.0,1354.33,677.165,0.0,0.0,1354.33,0.0,0.0,0,0,2,0,0,F,36,0.0,1.0,0.0,0,0,0,0,Europe
CUST_01457,2024-07-10,2024-11-26,2024-11-07,2025-02-24,109,229,0,False,1,0.0,0.0,0.0,0.0,0.0,0.0,0.0,0.0,0.0,0.0,1,1,1.0,698.33,698.33,0.0,0.0,698.33,0.0,0.0,0,0,1,0,0,M,75,0.0,1.0,0.0,0,0,0,0,Europe
CUST_01464,2024-07-12,2024-11-26,2024-11-09,2025-02-24,107,227,0,False,1,0.0,0.0,0.0,0.0,0.0,0.0,0.0,0.0,0.0,0.0,2,2,1.0,2290.47,1145.235,1283.12,0.0,0.0,0.0,1007.35,1,0,0,0,1,F,48,1.0,0.0,0.0,0,0,0,0,Asia
CUST_01494,2024-06-13,2024-11-26,2024-10-11,2025-02-24,136,256,0,False,1,0.0,0.0,0.0,0.0,0.0,0.0,0.0,0.0,0.0,0.0,1,2,2.0,1183.4,591.7,0.0,0.0,1183.4,0.0,0.0,0,0,2,0,0,F,73,1.0,0.0,0.0,0,0,0,0,Asia
CUST_01495,2024-06-29,2024-11-26,2024-10-27,2025-02-24,120,240,0,False,1,0.0,0.0,0.0,0.0,0.0,0.0,0.0,0.0,0.0,0.0,1,1,1.0,1308.21,1308.21,0.0,0.0,1308.21,0.0,0.0,0,0,1,0,0,M,52,0.0,0.0,1.0,0,0,0,0,North America
CUST_01505,2024-06-03,2024-11-26,2024-10-01,2025-02-24,146,266,0,False,1,0.0,0.0,0.0,0.0,0.0,0.0,0.0,0.0,0.0,0.0,1,1,1.0,356.49,356.49,356.49,0.0,0.0,0.0,0.0,1,0,0,0,0,M,29,0.0,0.0,1.0,0,0,0,0,North America
CUST_01517,2024-06-06,2024-11-26,2024-10-04,2024-12-26,83,203,1,True,1,0.0,0.0,2.0,2.0,4.0,0.0,0.0,0.0,0.0,0.0,2,4,2.0,1945.21,486.3025,0.0,937.67,0.0,0.0,1007.54,0,2,0,0,2,M,24,1.0,0.0,0.0,0,0,0,0,Asia
CUST_01521,2024-06-07,2024-11-26,2024-10-05,2025-02-24,142,262,0,False,1,0.0,0.0,0.0,0.0,0.0,0.0,0.0,0.0,0.0,0.0,1,2,2.0,1736.56,868.28,0.0,0.0,0.0,1736.56,0.0,0,0,0,2,0,M,62,1.0,0.0,0.0,0,0,0,0,Asia
CUST_01541,2024-07-27,2024-11-26,2024-11-24,2024-12-17,23,143,1,True,1,0.0,0.0,0.0,0.0,0.0,0.0,0.0,0.0,0.0,0.0,2,3,1.5,1569.54,517.0775,0.0,0.0,1569.54,0.0,0.0,0,0,3,0,0,M,71,0.0,1.0,0.0,0,0,0,0,Europe
CUST_01549,2024-06-02,2024-11-26,2024-09-30,2025-02-24,147,267,0,False,1,0.0,0.0,0.0,0.0,0.0,0.0,0.0,0.0,0.0,0.0,1,2,2.0,272.06,136.03,0.0,0.0,272.06,0.0,0.0,0,0,2,0,0,F,64,1.0,0.0,0.0,0,0,0,0,Asia
CUST_01559,2024-06-25,2024-11-26,2024-10-23,2025-02-24,124,244,0,False,1,0.0,0.0,0.0,0.0,0.0,0.0,0.0,0.0,0.0,0.0,2,6,3.0,1328.77,221.46166666666667,0.0,0.0,0.0,1328.77,0.0,0,0,0,6,0,M,41,1.0,0.0,0.0,0,0,0,0,Asia
CUST_01561,2024-07-08,2024-11-26,2024-11-05,2024-12-13,38,158,1,True,1,0.0,0.0,0.0,0.0,0.0,0.0,0.0,0.0,0.0,0.0,2,4,2.0,579.5,145.60666666666668,579.5,0.0,0.0,0.0,0.0,4,0,0,0,0,M,54,0.0,1.0,0.0,0,0,0,0,Europe
CUST_01578,2024-06-30,2024-11-26,2024-10-28,2025-02-24,119,239,0,False,1,0.0,0.0,0.0,0.0,0.0,0.0,0.0,0.0,0.0,0.0,2,3,1.5,2472.48,766.8199999999999,0.0,2472.48,0.0,0.0,0.0,0,3,0,0,0,Other,31,1.0,0.0,0.0,0,0,0,0,Asia
CUST_01579,2024-07-08,2024-11-26,2024-11-05,2025-02-24,111,231,0,False,1,0.0,0.0,0.0,0.0,0.0,0.0,0.0,0.0,0.0,0.0,2,4,2.0,1480.9,422.9,528.25,952.65,0.0,0.0,0.0,1,3,0,0,0,M,51,0.0,1.0,0.0,0,0,0,0,Europe
CUST_01583,2024-07-10,2024-11-26,2024-11-07,2025-02-24,109,229,0,False,1,0.0,0.0,0.0,0.0,0.0,0.0,0.0,0.0,0.0,0.0,1,3,3.0,1390.61,463.53666666666663,0.0,0.0,0.0,1390.61,0.0,0,0,0,3,0,F,54,0.0,0.0,1.0,0,0,0,0,North America
CUST_01591,2024-06-10,2024-11-26,2024-10-08,2024-12-06,59,179,1,True,1,0.0,2.0,1.0,0.0,3.0,0.0,0.0,0.0,0.0,0.0,2,4,2.0,1433.9699999999998,340.2783333333333,1130.12,303.85,0.0,0.0,0.0,3,1,0,0,0,F,53,0.0,1.0,0.0,0,0,0,0,Europe
CUST_01594,2024-07-23,2024-11-26,2024-11-20,2025-02-24,96,216,0,False,1,0.0,0.0,0.0,0.0,0.0,0.0,0.0,0.0,0.0,0.0,1,1,1.0,1212.62,1212.62,0.0,0.0,1212.62,0.0,0.0,0,0,1,0,0,M,70,0.0,1.0,0.0,0,0,0,0,Europe
CUST_01595,2024-06-17,2024-11-26,2024-10-15,2025-02-24,132,252,0,False,0,0.0,0.0,0.0,0.0,0.0,0.0,0.0,0.0,0.0,0.0,1,2,2.0,412.25,206.125,412.25,0.0,0.0,0.0,0.0,2,0,0,0,0,F,58,0.0,1.0,0.0,0,0,0,0,Europe
CUST_01596,2024-07-18,2024-11-26,2024-11-15,2025-02-24,101,221,0,False,0,0.0,0.0,0.0,0.0,0.0,0.0,0.0,0.0,0.0,0.0,2,6,3.0,2061.13,441.57125,0.0,0.0,0.0,589.69,1471.44,0,0,0,4,2,F,55,0.0,1.0,0.0,0,0,0,0,Europe
CUST_01607,2024-07-28,2024-11-26,2024-11-25,2025-02-24,91,211,0,False,1,0.0,0.0,0.0,0.0,0.0,0.0,0.0,0.0,0.0,0.0,2,3,1.5,3222.63,1118.745,0.0,0.0,0.0,1252.35,1970.28,0,0,0,1,2,F,53,1.0,0.0,0.0,0,0,0,0,Asia
CUST_01608,2024-06-14,2024-11-26,2024-10-12,2025-02-24,135,255,0,False,1,0.0,0.0,0.0,0.0,0.0,0.0,0.0,0.0,0.0,0.0,1,1,1.0,624.49,624.49,0.0,0.0,0.0,0.0,624.49,0,0,0,0,1,F,23,1.0,0.0,0.0,0,0,0,0,Asia
CUST_01609,2024-07-16,2024-11-26,2024-11-13,2025-02-24,103,223,0,False,1,0.0,0.0,0.0,0.0,0.0,0.0,0.0,0.0,0.0,0.0,1,2,2.0,412.02,206.01,0.0,0.0,0.0,412.02,0.0,0,0,0,2,0,M,34,0.0,1.0,0.0,0,0,0,0,Europe
CUST_01610,2024-06-27,2024-11-26,2024-10-25,2025-02-24,122,242,0,False,1,0.0,0.0,0.0,0.0,0.0,0.0,0.0,0.0,0.0,0.0,1,3,3.0,500.17,166.72333333333333,0.0,0.0,0.0,0.0,500.17,0,0,0,0,3,F,54,1.0,0.0,0.0,0,0,0,0,Asia
CUST_01614,2024-07-05,2024-11-26,2024-11-02,2025-02-24,114,234,0,False,1,0.0,0.0,0.0,0.0,0.0,0.0,0.0,0.0,0.0,0.0,2,2,1.0,3222.09,1611.045,0.0,0.0,1243.99,1978.1,0.0,0,0,1,1,0,M,70,0.0,1.0,0.0,0,0,0,0,Europe
CUST_01644,2024-06-10,2024-11-26,2024-10-08,2025-02-24,139,259,0,False,1,0.0,0.0,0.0,0.0,0.0,0.0,0.0,0.0,0.0,0.0,1,2,2.0,454.36,227.18,0.0,454.36,0.0,0.0,0.0,0,2,0,0,0,F,27,1.0,0.0,0.0,0,0,0,0,Asia
CUST_01645,2024-07-02,2024-11-26,2024-10-30,2025-02-24,117,237,0,False,1,0.0,0.0,0.0,0.0,0.0,0.0,0.0,0.0,0.0,0.0,1,1,1.0,228.38,228.38,0.0,0.0,0.0,0.0,228.38,0,0,0,0,1,F,37,0.0,1.0,0.0,0,0,0,0,Europe
CUST_01661,2024-07-01,2024-11-26,2024-10-29,2025-02-24,118,238,0,False,0,0.0,0.0,0.0,0.0,0.0,0.0,0.0,0.0,0.0,0.0,1,2,2.0,739.76,369.88,0.0,0.0,739.76,0.0,0.0,0,0,2,0,0,M,41,0.0,1.0,0.0,0,0,0,0,Europe
CUST_01665,2024-06-16,2024-11-26,2024-10-14,2025-02-24,133,253,0,False,1,0.0,0.0,0.0,0.0,0.0,0.0,0.0,0.0,0.0,0.0,1,2,2.0,1809.9,904.95,0.0,0.0,0.0,1809.9,0.0,0,0,0,2,0,M,31,0.0,0.0,1.0,0,0,0,0,North America
CUST_01667,2024-06-17,2024-11-26,2024-10-15,2025-02-24,132,252,0,False,1,0.0,0.0,0.0,0.0,0.0,0.0,0.0,0.0,0.0,0.0,2,2,1.0,1533.57,766.785,1323.31,210.26,0.0,0.0,0.0,1,1,0,0,0,M,42,0.0,1.0,0.0,0,0,0,0,Europe
CUST_01673,2024-06-08,2024-11-26,2024-10-06,2025-02-24,141,261,0,False,1,0.0,0.0,0.0,0.0,0.0,0.0,0.0,0.0,0.0,0.0,1,3,3.0,169.6,56.53333333333333,0.0,169.6,0.0,0.0,0.0,0,3,0,0,0,F,67,1.0,0.0,0.0,0,0,0,0,Asia
CUST_01698,2024-07-15,2024-11-26,2024-11-12,2025-02-24,104,224,0,False,1,0.0,0.0,0.0,0.0,0.0,0.0,0.0,0.0,0.0,0.0,1,1,1.0,106.85,106.85,0.0,0.0,0.0,0.0,106.85,0,0,0,0,1,M,59,0.0,1.0,0.0,0,0,0,0,Europe
CUST_01704,2024-06-24,2024-11-26,2024-10-22,2024-12-28,67,187,1,True,1,0.0,0.0,0.0,1.0,1.0,0.0,0.0,0.0,0.0,0.0,2,4,2.0,2904.11,1046.4116666666666,0.0,0.0,0.0,2904.11,0.0,0,0,0,4,0,F,60,0.0,1.0,0.0,0,0,0,0,Europe
CUST_01709,2024-07-16,2024-11-26,2024-11-13,2025-02-24,103,223,0,False,1,0.0,0.0,0.0,0.0,0.0,0.0,0.0,0.0,0.0,0.0,1,3,3.0,765.41,255.13666666666666,0.0,0.0,0.0,765.41,0.0,0,0,0,3,0,F,55,0.0,1.0,0.0,0,0,0,0,Europe
CUST_01738,2024-06-23,2024-11-26,2024-10-21,2025-02-24,126,246,0,False,1,0.0,0.0,0.0,0.0,0.0,0.0,0.0,0.0,0.0,0.0,1,1,1.0,152.74,152.74,0.0,0.0,0.0,152.74,0.0,0,0,0,1,0,M,61,0.0,1.0,0.0,0,0,0,0,Europe
CUST_01741,2024-07-04,2024-11-26,2024-11-01,2025-02-24,115,235,0,False,1,0.0,0.0,0.0,0.0,0.0,0.0,0.0,0.0,0.0,0.0,2,5,2.5,3399.29,728.0616666666667,0.0,0.0,0.0,1461.13,1938.16,0,0,0,3,2,M,67,0.0,0.0,1.0,0,0,0,0,North America
CUST_01763,2024-07-01,2024-11-26,2024-10-29,2025-02-24,118,238,0,False,1,0.0,0.0,0.0,0.0,0.0,0.0,0.0,0.0,0.0,0.0,1,4,4.0,725.3,181.325,0.0,0.0,0.0,725.3,0.0,0,0,0,4,0,M,31,0.0,1.0,0.0,0,0,0,0,Europe
CUST_01789,2024-06-15,2024-11-26,2024-10-13,2024-12-20,68,188,1,True,1,0.0,1.0,2.0,0.0,3.0,0.0,0.0,1.0,0.0,1.0,2,5,2.5,2099.08,384.79166666666663,0.0,0.0,1679.74,0.0,419.34,0,0,3,0,2,M,41,0.0,1.0,0.0,0,0,0,0,Europe
CUST_01812,2024-06-19,2024-11-26,2024-10-17,2025-02-24,130,250,0,False,1,0.0,0.0,0.0,0.0,0.0,0.0,0.0,0.0,0.0,0.0,1,1,1.0,1648.89,1648.89,0.0,0.0,0.0,1648.89,0.0,0,0,0,1,0,M,46,1.0,0.0,0.0,0,0,0,0,Asia
CUST_01815,2024-06-07,2024-11-26,2024-10-05,2024-12-08,64,184,1,True,0,1.0,0.0,1.0,0.0,2.0,0.0,0.0,0.0,0.0,0.0,2,5,2.5,3056.9300000000003,659.445,0.0,1799.48,1257.45,0.0,0.0,0,2,3,0,0,M,56,0.0,1.0,0.0,0,0,0,0,Europe
CUST_01817,2024-07-07,2024-11-26,2024-11-04,2025-02-24,112,232,0,False,1,0.0,0.0,0.0,0.0,0.0,0.0,0.0,0.0,0.0,0.0,1,1,1.0,1514.83,1514.83,0.0,1514.83,0.0,0.0,0.0,0,1,0,0,0,F,75,1.0,0.0,0.0,0,0,0,0,Asia
CUST_01820,2024-06-22,2024-11-26,2024-10-20,2025-02-24,127,247,0,False,1,0.0,0.0,0.0,0.0,0.0,0.0,0.0,0.0,0.0,0.0,1,2,2.0,164.3,82.15,0.0,0.0,0.0,0.0,164.3,0,0,0,0,2,M,73,1.0,0.0,0.0,0,0,0,0,Asia
CUST_01822,2024-07-18,2024-11-26,2024-11-15,2025-02-24,101,221,0,False,1,0.0,0.0,0.0,0.0,0.0,0.0,0.0,0.0,0.0,0.0,1,3,3.0,760.54,253.51333333333332,0.0,0.0,760.54,0.0,0.0,0,0,3,0,0,Other,62,0.0,0.0,1.0,0,0,0,0,North America
CUST_01823,2024-07-05,2024-11-26,2024-11-02,2024-12-05,33,153,1,True,1,0.0,0.0,0.0,1.0,1.0,0.0,0.0,0.0,0.0,0.0,3,4,1.3333333333333333,2339.0,561.9983333333333,720.46,0.0,0.0,1306.01,312.53,1,0,0,2,1,M,46,0.0,1.0,0.0,0,0,0,0,Europe
CUST_01829,2024-07-05,2024-11-26,2024-11-02,2025-02-24,114,234,0,False,1,0.0,0.0,0.0,0.0,0.0,0.0,0.0,0.0,0.0,0.0,1,2,2.0,1010.72,505.36,0.0,1010.72,0.0,0.0,0.0,0,2,0,0,0,M,28,0.0,0.0,1.0,0,0,0,0,North America
CUST_01835,2024-06-28,2024-11-26,2024-10-26,2025-02-24,121,241,0,False,0,0.0,0.0,0.0,0.0,0.0,0.0,0.0,0.0,0.0,0.0,1,1,1.0,1321.99,1321.99,0.0,0.0,1321.99,0.0,0.0,0,0,1,0,0,F,61,1.0,0.0,0.0,0,0,0,0,Asia
CUST_01838,2024-07-11,2024-11-26,2024-11-08,2025-02-24,108,228,0,False,1,0.0,0.0,0.0,0.0,0.0,0.0,0.0,0.0,0.0,0.0,2,3,1.5,2334.4300000000003,923.2225000000001,2334.4300000000003,0.0,0.0,0.0,0.0,3,0,0,0,0,M,72,0.0,1.0,0.0,0,0,0,0,Europe
CUST_01861,2024-06-26,2024-11-26,2024-10-24,2025-02-24,123,243,0,False,1,0.0,0.0,0.0,0.0,0.0,0.0,0.0,0.0,0.0,0.0,1,2,2.0,386.85,193.425,0.0,0.0,386.85,0.0,0.0,0,0,2,0,0,F,30,0.0,1.0,0.0,0,0,0,0,Europe
CUST_01864,2024-07-16,2024-11-26,2024-11-13,2024-12-02,19,139,1,True,1,0.0,0.0,0.0,0.0,0.0,0.0,0.0,0.0,0.0,0.0,2,6,3.0,1593.8400000000001,265.64,0.0,0.0,0.0,294.64,1299.2,0,0,0,3,3,F,42,1.0,0.0,0.0,0,0,0,0,Asia
CUST_01868,2024-07-13,2024-11-26,2024-11-10,2024-12-19,39,159,1,True,0,1.0,0.0,0.0,0.0,1.0,0.0,0.0,0.0,0.0,0.0,2,8,4.0,1135.24,141.905,0.0,0.0,0.0,0.0,1135.24,0,0,0,0,8,F,73,1.0,0.0,0.0,0,0,0,0,Asia
CUST_01880,2024-07-27,2024-11-26,2024-11-24,2025-02-24,92,212,0,False,1,0.0,0.0,0.0,0.0,0.0,0.0,0.0,0.0,0.0,0.0,1,1,1.0,1290.75,1290.75,1290.75,0.0,0.0,0.0,0.0,1,0,0,0,0,M,34,0.0,0.0,1.0,0,0,0,0,North America
CUST_01896,2024-07-24,2024-11-26,2024-11-21,2024-12-24,33,153,1,True,1,1.0,0.0,0.0,0.0,1.0,1.0,0.0,0.0,0.0,1.0,2,2,1.0,2117.04,1058.52,0.0,1656.99,0.0,0.0,460.05,0,1,0,0,1,M,39,0.0,1.0,0.0,0,0,0,0,Europe
CUST_01913,2024-07-14,2024-11-26,2024-11-11,2025-02-24,105,225,0,False,1,0.0,0.0,0.0,0.0,0.0,0.0,0.0,0.0,0.0,0.0,1,3,3.0,1962.19,654.0633333333334,0.0,0.0,0.0,1962.19,0.0,0,0,0,3,0,M,71,0.0,1.0,0.0,0,0,0,0,Europe
CUST_01915,2024-06-07,2024-11-26,2024-10-05,2025-02-24,142,262,0,False,1,0.0,0.0,0.0,0.0,0.0,0.0,0.0,0.0,0.0,0.0,1,3,3.0,1386.94,462.31333333333333,1386.94,0.0,0.0,0.0,0.0,3,0,0,0,0,M,42,1.0,0.0,0.0,0,0,0,0,Asia
CUST_01933,2024-07-05,2024-11-26,2024-11-02,2025-02-24,114,234,0,False,1,0.0,0.0,0.0,0.0,0.0,0.0,0.0,0.0,0.0,0.0,2,5,2.5,797.49,156.10416666666669,519.22,278.27,0.0,0.0,0.0,3,2,0,0,0,F,36,0.0,1.0,0.0,0,0,0,0,Europe
CUST_01940,2024-06-30,2024-11-26,2024-10-28,2024-12-31,64,184,1,True,1,0.0,0.0,0.0,0.0,0.0,0.0,0.0,0.0,0.0,0.0,2,4,2.0,777.83,229.02833333333336,0.0,479.66,298.17,0.0,0.0,0,3,1,0,0,M,42,1.0,0.0,0.0,0,0,0,0,Asia
CUST_01947,2024-07-06,2024-11-26,2024-11-03,2024-11-30,27,147,1,True,1,0.0,0.0,1.0,0.0,1.0,0.0,0.0,0.0,0.0,0.0,3,8,2.6666666666666665,3270.35,374.28361111111116,0.0,1968.23,0.0,1302.12,0.0,0,4,0,4,0,F,52,1.0,0.0,0.0,0,0,0,0,Asia
CUST_01948,2024-06-01,2024-11-26,2024-09-29,2025-02-24,148,268,0,False,1,0.0,0.0,0.0,0.0,0.0,0.0,0.0,0.0,0.0,0.0,1,1,1.0,1781.29,1781.29,0.0,1781.29,0.0,0.0,0.0,0,1,0,0,0,M,57,0.0,1.0,0.0,0,0,0,0,Europe
CUST_01963,2024-07-24,2024-11-26,2024-11-21,2025-02-24,95,215,0,False,1,0.0,0.0,0.0,0.0,0.0,0.0,0.0,0.0,0.0,0.0,3,9,3.0,2201.1,295.72416666666663,0.0,0.0,0.0,1189.36,1011.74,0,0,0,2,7,F,38,0.0,1.0,0.0,0,0,0,0,Europe
CUST_01968,2024-07-22,2024-11-26,2024-11-19,2025-02-24,97,217,0,False,1,0.0,0.0,0.0,0.0,0.0,0.0,0.0,0.0,0.0,0.0,1,1,1.0,844.76,844.76,844.76,0.0,0.0,0.0,0.0,1,0,0,0,0,F,25,0.0,1.0,0.0,0,0,0,0,Europe
CUST_01970,2024-06-19,2024-11-26,2024-10-17,2024-12-24,68,188,1,True,1,0.0,0.0,0.0,0.0,0.0,0.0,0.0,0.0,0.0,0.0,2,2,1.0,1675.12,837.56,474.0,1201.12,0.0,0.0,0.0,1,1,0,0,0,M,53,1.0,0.0,0.0,0,0,0,0,Asia
CUST_01998,2024-06-02,2024-11-26,2024-09-30,2025-02-24,147,267,0,False,1,0.0,0.0,0.0,0.0,0.0,0.0,0.0,0.0,0.0,0.0,1,2,2.0,415.03,207.515,0.0,415.03,0.0,0.0,0.0,0,2,0,0,0,F,52,0.0,1.0,0.0,0,0,0,0,Europe
CUST_02003,2024-07-24,2024-11-26,2024-11-21,2025-02-24,95,215,0,False,1,0.0,0.0,0.0,0.0,0.0,0.0,0.0,0.0,0.0,0.0,1,2,2.0,1994.69,997.345,1994.69,0.0,0.0,0.0,0.0,2,0,0,0,0,M,57,0.0,1.0,0.0,0,0,0,0,Europe
CUST_02014,2024-06-18,2024-11-26,2024-10-16,2024-12-28,73,193,1,True,1,0.0,0.0,2.0,0.0,2.0,0.0,0.0,0.0,0.0,0.0,3,4,1.3333333333333333,2476.49,785.805,0.0,470.9,238.15,0.0,1767.44,0,1,2,0,1,F,47,0.0,0.0,1.0,0,0,0,0,North America
CUST_02016,2024-07-19,2024-11-26,2024-11-16,2025-02-24,100,220,0,False,1,0.0,0.0,0.0,0.0,0.0,0.0,0.0,0.0,0.0,0.0,1,2,2.0,1489.9,744.95,0.0,1489.9,0.0,0.0,0.0,0,2,0,0,0,M,72,0.0,1.0,0.0,0,0,0,0,Europe
CUST_02017,2024-06-07,2024-11-26,2024-10-05,2025-02-24,142,262,0,False,1,0.0,0.0,0.0,0.0,0.0,0.0,0.0,0.0,0.0,0.0,1,4,4.0,251.71,62.9275,0.0,0.0,0.0,251.71,0.0,0,0,0,4,0,F,56,0.0,1.0,0.0,0,0,0,0,Europe
CUST_02020,2024-06-18,2024-11-26,2024-10-16,2025-02-24,131,251,0,False,1,0.0,0.0,0.0,0.0,0.0,0.0,0.0,0.0,0.0,0.0,1,2,2.0,1968.49,984.245,0.0,0.0,0.0,0.0,1968.49,0,0,0,0,2,F,26,0.0,0.0,1.0,0,0,0,0,North America
CUST_02026,2024-06-16,2024-11-26,2024-10-14,2025-02-24,133,253,0,False,1,0.0,0.0,0.0,0.0,0.0,0.0,0.0,0.0,0.0,0.0,1,2,2.0,1674.7,837.35,0.0,0.0,1674.7,0.0,0.0,0,0,2,0,0,M,59,1.0,0.0,0.0,0,0,0,0,Asia
CUST_02032,2024-07-27,2024-11-26,2024-11-24,2025-02-24,92,212,0,False,1,0.0,0.0,0.0,0.0,0.0,0.0,0.0,0.0,0.0,0.0,1,3,3.0,877.83,292.61,877.83,0.0,0.0,0.0,0.0,3,0,0,0,0,F,58,0.0,1.0,0.0,0,0,0,0,Europe
CUST_02039,2024-07-09,2024-11-26,2024-11-06,2024-12-02,26,146,1,True,1,0.0,1.0,0.0,1.0,2.0,0.0,0.0,0.0,0.0,0.0,2,4,2.0,2229.3599999999997,557.3399999999999,2229.3599999999997,0.0,0.0,0.0,0.0,4,0,0,0,0,F,41,1.0,0.0,0.0,0,0,0,0,Asia
CUST_02048,2024-06-24,2024-11-26,2024-10-22,2024-12-25,64,184,1,True,1,1.0,0.0,0.0,1.0,2.0,0.0,0.0,0.0,0.0,0.0,2,2,1.0,2113.66,1056.83,0.0,675.79,0.0,0.0,1437.87,0,1,0,0,1,M,61,0.0,1.0,0.0,0,0,0,0,Europe
CUST_02070,2024-06-06,2024-11-26,2024-10-04,2025-02-24,143,263,0,False,1,0.0,0.0,0.0,0.0,0.0,0.0,0.0,0.0,0.0,0.0,1,5,5.0,397.23,79.446,0.0,0.0,397.23,0.0,0.0,0,0,5,0,0,M,44,1.0,0.0,0.0,0,0,0,0,Asia
CUST_02073,2024-06-18,2024-11-26,2024-10-16,2025-02-24,131,251,0,False,1,0.0,0.0,0.0,0.0,0.0,0.0,0.0,0.0,0.0,0.0,1,2,2.0,1426.69,713.345,0.0,0.0,1426.69,0.0,0.0,0,0,2,0,0,M,62,0.0,0.0,1.0,0,0,0,0,North America
CUST_02080,2024-07-28,2024-11-26,2024-11-25,2025-02-24,91,211,0,False,1,0.0,0.0,0.0,0.0,0.0,0.0,0.0,0.0,0.0,0.0,3,4,1.3333333333333333,3987.56,1012.3916666666668,979.15,1107.64,0.0,0.0,1900.77,1,1,0,0,2,F,32,0.0,1.0,0.0,0,0,0,0,Europe
CUST_02083,2024-06-11,2024-11-26,2024-10-09,2025-02-24,138,258,0,False,1,0.0,0.0,0.0,0.0,0.0,0.0,0.0,0.0,0.0,0.0,1,1,1.0,1680.09,1680.09,0.0,0.0,0.0,1680.09,0.0,0,0,0,1,0,M,55,0.0,0.0,1.0,0,0,0,0,North America
CUST_02084,2024-06-29,2024-11-26,2024-10-27,2024-12-10,44,164,1,True,1,0.0,1.0,1.0,0.0,2.0,0.0,0.0,0.0,0.0,0.0,2,3,1.5,1466.0300000000002,623.7325000000001,0.0,0.0,0.0,437.13,1028.9,0,0,0,2,1,F,29,0.0,0.0,1.0,0,0,0,0,North America
CUST_02087,2024-07-26,2024-11-26,2024-11-23,2025-02-24,93,213,0,False,1,0.0,0.0,0.0,0.0,0.0,0.0,0.0,0.0,0.0,0.0,1,1,1.0,889.1,889.1,0.0,0.0,0.0,0.0,889.1,0,0,0,0,1,M,56,1.0,0.0,0.0,0,0,0,0,Asia
CUST_02091,2024-06-24,2024-11-26,2024-10-22,2025-02-24,125,245,0,False,0,0.0,0.0,0.0,0.0,0.0,0.0,0.0,0.0,0.0,0.0,2,3,1.5,2369.55,685.49,1997.14,0.0,0.0,372.41,0.0,2,0,0,1,0,M,73,0.0,0.0,1.0,0,0,0,0,North America
CUST_02092,2024-07-24,2024-11-26,2024-11-21,2025-02-24,95,215,0,False,1,0.0,0.0,0.0,0.0,0.0,0.0,0.0,0.0,0.0,0.0,1,2,2.0,1980.21,990.105,1980.21,0.0,0.0,0.0,0.0,2,0,0,0,0,M,75,0.0,1.0,0.0,0,0,0,0,Europe
CUST_02140,2024-07-22,2024-11-26,2024-11-19,2025-02-24,97,217,0,False,1,0.0,0.0,0.0,0.0,0.0,0.0,0.0,0.0,0.0,0.0,1,1,1.0,563.87,563.87,0.0,563.87,0.0,0.0,0.0,0,1,0,0,0,F,22,0.0,1.0,0.0,0,0,0,0,Europe
CUST_02149,2024-07-24,2024-11-26,2024-11-21,2025-02-24,95,215,0,False,0,0.0,0.0,0.0,0.0,0.0,0.0,0.0,0.0,0.0,0.0,1,4,4.0,626.85,156.7125,0.0,0.0,626.85,0.0,0.0,0,0,4,0,0,F,68,1.0,0.0,0.0,0,0,0,0,Asia
CUST_02157,2024-07-27,2024-11-26,2024-11-24,2025-02-24,92,212,0,False,1,0.0,0.0,0.0,0.0,0.0,0.0,0.0,0.0,0.0,0.0,1,4,4.0,561.08,140.27,0.0,561.08,0.0,0.0,0.0,0,4,0,0,0,F,38,1.0,0.0,0.0,0,0,0,0,Asia
CUST_02164,2024-06-05,2024-11-26,2024-10-03,2025-02-24,144,264,0,False,0,0.0,0.0,0.0,0.0,0.0,0.0,0.0,0.0,0.0,0.0,1,2,2.0,468.6,234.3,0.0,0.0,0.0,468.6,0.0,0,0,0,2,0,M,35,1.0,0.0,0.0,0,0,0,0,Asia
CUST_02177,2024-06-29,2024-11-26,2024-10-27,2025-02-24,120,240,0,False,0,0.0,0.0,0.0,0.0,0.0,0.0,0.0,0.0,0.0,0.0,1,2,2.0,1344.32,672.16,0.0,0.0,0.0,0.0,1344.32,0,0,0,0,2,M,22,0.0,1.0,0.0,0,0,0,0,Europe
CUST_02180,2024-06-26,2024-11-26,2024-10-24,2025-02-24,123,243,0,False,1,0.0,0.0,0.0,0.0,0.0,0.0,0.0,0.0,0.0,0.0,1,1,1.0,968.96,968.96,0.0,968.96,0.0,0.0,0.0,0,1,0,0,0,M,56,1.0,0.0,0.0,0,0,0,0,Asia
CUST_02185,2024-06-02,2024-11-26,2024-09-30,2025-02-24,147,267,0,False,1,0.0,0.0,0.0,0.0,0.0,0.0,0.0,0.0,0.0,0.0,1,1,1.0,302.76,302.76,302.76,0.0,0.0,0.0,0.0,1,0,0,0,0,M,26,0.0,0.0,1.0,0,0,0,0,North America
CUST_02192,2024-06-06,2024-11-26,2024-10-04,2024-12-07,64,184,1,True,1,0.0,0.0,1.0,0.0,1.0,0.0,0.0,0.0,0.0,0.0,3,6,2.0,3861.7200000000003,811.0255555555556,1555.42,0.0,653.34,1652.96,0.0,1,0,2,3,0,F,46,1.0,0.0,0.0,0,0,0,0,Asia
CUST_02197,2024-07-22,2024-11-26,2024-11-19,2024-12-29,40,160,1,True,1,2.0,0.0,2.0,0.0,4.0,1.0,0.0,0.0,0.0,1.0,3,4,1.3333333333333333,1035.46,274.08,0.0,0.0,564.67,0.0,470.79,0,0,3,0,1,M,54,0.0,1.0,0.0,0,0,0,0,Europe
CUST_02202,2024-07-16,2024-11-26,2024-11-13,2024-12-21,38,158,1,True,1,1.0,1.0,1.0,0.0,3.0,0.0,0.0,0.0,0.0,0.0,3,5,1.6666666666666667,3102.2,781.6244444444443,1041.61,1135.99,924.6,0.0,0.0,1,3,1,0,0,M,50,0.0,1.0,0.0,0,0,0,0,Europe
CUST_02205,2024-07-16,2024-11-26,2024-11-13,2024-12-07,24,144,1,True,1,0.0,0.0,1.0,1.0,2.0,0.0,0.0,0.0,0.0,0.0,2,5,2.5,948.67,211.95,0.0,0.0,646.06,302.61,0.0,0,0,2,3,0,F,61,0.0,1.0,0.0,0,0,0,0,Europe
CUST_02207,2024-07-21,2024-11-26,2024-11-18,2025-02-24,98,218,0,False,1,0.0,0.0,0.0,0.0,0.0,0.0,0.0,0.0,0.0,0.0,2,6,3.0,3088.52,514.7533333333333,0.0,1094.0,0.0,1994.52,0.0,0,3,0,3,0,F,34,0.0,1.0,0.0,0,0,0,0,Europe
CUST_02210,2024-06-14,2024-11-26,2024-10-12,2025-02-24,135,255,0,False,1,0.0,0.0,0.0,0.0,0.0,0.0,0.0,0.0,0.0,0.0,1,2,2.0,977.7,488.85,0.0,0.0,977.7,0.0,0.0,0,0,2,0,0,M,27,0.0,1.0,0.0,0,0,0,0,Europe
CUST_02217,2024-07-13,2024-11-26,2024-11-10,2024-12-08,28,148,1,True,1,1.0,0.0,1.0,0.0,2.0,0.0,0.0,0.0,0.0,0.0,2,5,2.5,2519.27,572.3608333333333,1829.79,0.0,0.0,0.0,689.48,2,0,0,0,3,F,67,0.0,1.0,0.0,0,0,0,0,Europe
CUST_02219,2024-06-28,2024-11-26,2024-10-26,2025-02-24,121,241,0,False,1,0.0,0.0,0.0,0.0,0.0,0.0,0.0,0.0,0.0,0.0,1,1,1.0,1861.06,1861.06,1861.06,0.0,0.0,0.0,0.0,1,0,0,0,0,M,45,0.0,1.0,0.0,0,0,0,0,Europe
CUST_02226,2024-07-03,2024-11-26,2024-10-31,2025-02-24,116,236,0,False,1,0.0,0.0,0.0,0.0,0.0,0.0,0.0,0.0,0.0,0.0,1,1,1.0,1621.3,1621.3,1621.3,0.0,0.0,0.0,0.0,1,0,0,0,0,M,26,0.0,0.0,1.0,0,0,0,0,North America
CUST_02230,2024-06-13,2024-11-26,2024-10-11,2025-02-24,136,256,0,False,1,0.0,0.0,0.0,0.0,0.0,0.0,0.0,0.0,0.0,0.0,1,3,3.0,686.66,228.88666666666666,0.0,0.0,0.0,0.0,686.66,0,0,0,0,3,M,69,0.0,1.0,0.0,0,0,0,0,Europe
CUST_02232,2024-06-26,2024-11-26,2024-10-24,2025-02-24,123,243,0,False,1,0.0,0.0,0.0,0.0,0.0,0.0,0.0,0.0,0.0,0.0,1,1,1.0,296.68,296.68,0.0,0.0,0.0,296.68,0.0,0,0,0,1,0,M,56,0.0,0.0,1.0,0,0,0,0,North America
CUST_02238,2024-07-26,2024-11-26,2024-11-23,2025-02-24,93,213,0,False,1,0.0,0.0,0.0,0.0,0.0,0.0,0.0,0.0,0.0,0.0,1,1,1.0,231.7,231.7,0.0,0.0,0.0,231.7,0.0,0,0,0,1,0,F,73,1.0,0.0,0.0,0,0,0,0,Asia
CUST_02257,2024-07-23,2024-11-26,2024-11-20,2025-02-24,96,216,0,False,1,0.0,0.0,0.0,0.0,0.0,0.0,0.0,0.0,0.0,0.0,1,3,3.0,1493.43,497.81,0.0,0.0,0.0,1493.43,0.0,0,0,0,3,0,M,68,0.0,1.0,0.0,0,0,0,0,Europe
CUST_02271,2024-07-22,2024-11-26,2024-11-19,2025-02-24,97,217,0,False,1,0.0,0.0,0.0,0.0,0.0,0.0,0.0,0.0,0.0,0.0,1,2,2.0,1159.01,579.505,0.0,1159.01,0.0,0.0,0.0,0,2,0,0,0,M,44,0.0,1.0,0.0,0,0,0,0,Europe
CUST_02272,2024-06-11,2024-11-26,2024-10-09,2025-02-24,138,258,0,False,1,0.0,0.0,0.0,0.0,0.0,0.0,0.0,0.0,0.0,0.0,2,3,1.5,1294.25,350.15999999999997,0.0,0.0,0.0,106.39,1187.86,0,0,0,1,2,Other,35,0.0,1.0,0.0,0,0,0,0,Europe
CUST_02282,2024-06-16,2024-11-26,2024-10-14,2025-02-24,133,253,0,False,1,0.0,0.0,0.0,0.0,0.0,0.0,0.0,0.0,0.0,0.0,1,3,3.0,1396.91,465.6366666666667,1396.91,0.0,0.0,0.0,0.0,3,0,0,0,0,M,69,0.0,1.0,0.0,0,0,0,0,Europe
CUST_02301,2024-06-17,2024-11-26,2024-10-15,2025-02-24,132,252,0,False,1,0.0,0.0,0.0,0.0,0.0,0.0,0.0,0.0,0.0,0.0,1,2,2.0,339.92,169.96,0.0,0.0,0.0,339.92,0.0,0,0,0,2,0,M,40,0.0,1.0,0.0,0,0,0,0,Europe
CUST_02315,2024-07-15,2024-11-26,2024-11-12,2025-02-24,104,224,0,False,1,0.0,0.0,0.0,0.0,0.0,0.0,0.0,0.0,0.0,0.0,1,2,2.0,849.59,424.795,849.59,0.0,0.0,0.0,0.0,2,0,0,0,0,M,64,0.0,0.0,1.0,0,0,0,0,North America
CUST_02316,2024-06-27,2024-11-26,2024-10-25,2024-11-27,33,153,1,True,1,0.0,0.0,1.0,0.0,1.0,0.0,0.0,0.0,0.0,0.0,4,11,2.75,4567.5599999999995,507.56475,0.0,1091.33,1655.78,0.0,1820.45,0,2,2,0,7,M,73,0.0,1.0,0.0,0,0,0,0,Europe
CUST_02319,2024-07-13,2024-11-26,2024-11-10,2024-12-04,24,144,1,True,1,0.0,1.0,0.0,0.0,1.0,0.0,0.0,0.0,0.0,0.0,2,3,1.5,2939.69,1195.995,1844.29,0.0,1095.4,0.0,0.0,1,0,2,0,0,F,36,0.0,1.0,0.0,0,0,0,0,Europe
CUST_02327,2024-06-12,2024-11-26,2024-10-10,2025-02-24,137,257,0,False,1,0.0,0.0,0.0,0.0,0.0,0.0,0.0,0.0,0.0,0.0,1,2,2.0,1405.09,702.545,1405.09,0.0,0.0,0.0,0.0,2,0,0,0,0,M,28,0.0,1.0,0.0,0,0,0,0,Europe
CUST_02330,2024-07-24,2024-11-26,2024-11-21,2025-02-24,95,215,0,False,0,0.0,0.0,0.0,0.0,0.0,0.0,0.0,0.0,0.0,0.0,2,6,3.0,1376.91,314.02125,0.0,0.0,1135.26,241.65,0.0,0,0,2,4,0,F,34,0.0,1.0,0.0,0,0,0,0,Europe
CUST_02350,2024-06-02,2024-11-26,2024-09-30,2025-02-24,147,267,0,False,1,0.0,0.0,0.0,0.0,0.0,0.0,0.0,0.0,0.0,0.0,1,2,2.0,1285.34,642.67,0.0,0.0,0.0,1285.34,0.0,0,0,0,2,0,F,59,1.0,0.0,0.0,0,0,0,0,Asia
CUST_02358,2024-07-14,2024-11-26,2024-11-11,2025-02-24,105,225,0,False,1,0.0,0.0,0.0,0.0,0.0,0.0,0.0,0.0,0.0,0.0,3,4,1.3333333333333333,4033.21,1016.1766666666667,178.72,1885.13,0.0,1969.36,0.0,1,1,0,2,0,F,36,0.0,1.0,0.0,0,0,0,0,Europe
CUST_02359,2024-06-22,2024-11-26,2024-10-20,2025-02-24,127,247,0,False,1,0.0,0.0,0.0,0.0,0.0,0.0,0.0,0.0,0.0,0.0,1,3,3.0,895.35,298.45,895.35,0.0,0.0,0.0,0.0,3,0,0,0,0,F,64,1.0,0.0,0.0,0,0,0,0,Asia
CUST_02389,2024-06-01,2024-11-26,2024-09-29,2024-11-29,61,181,1,True,1,1.0,0.0,0.0,0.0,1.0,1.0,0.0,0.0,0.0,1.0,2,3,1.5,2146.3,931.38,0.0,0.0,0.0,567.08,1579.22,0,0,0,2,1,F,29,0.0,1.0,0.0,0,0,0,0,Europe
CUST_02391,2024-06-02,2024-11-26,2024-09-30,2024-12-28,89,209,1,True,1,0.0,0.0,0.0,0.0,0.0,0.0,0.0,0.0,0.0,0.0,2,6,3.0,2110.14,460.30999999999995,0.0,1572.34,0.0,0.0,537.8,0,2,0,0,4,M,64,0.0,1.0,0.0,0,0,0,0,Europe
CUST_02408,2024-07-20,2024-11-26,2024-11-17,2025-02-24,99,219,0,False,1,0.0,0.0,0.0,0.0,0.0,0.0,0.0,0.0,0.0,0.0,2,4,2.0,2067.2799999999997,516.8199999999999,1752.57,0.0,314.71,0.0,0.0,2,0,2,0,0,M,50,0.0,0.0,1.0,0,0,0,0,North America
CUST_02409,2024-06-06,2024-11-26,2024-10-04,2025-02-24,143,263,0,False,1,0.0,0.0,0.0,0.0,0.0,0.0,0.0,0.0,0.0,0.0,1,1,1.0,636.01,636.01,0.0,636.01,0.0,0.0,0.0,0,1,0,0,0,F,47,0.0,1.0,0.0,0,0,0,0,Europe
CUST_02410,2024-07-03,2024-11-26,2024-10-31,2025-02-24,116,236,0,False,1,0.0,0.0,0.0,0.0,0.0,0.0,0.0,0.0,0.0,0.0,1,2,2.0,595.59,297.795,595.59,0.0,0.0,0.0,0.0,2,0,0,0,0,M,75,0.0,1.0,0.0,0,0,0,0,Europe
CUST_02411,2024-07-25,2024-11-26,2024-11-22,2025-02-24,94,214,0,False,1,0.0,0.0,0.0,0.0,0.0,0.0,0.0,0.0,0.0,0.0,1,3,3.0,579.77,193.25666666666666,0.0,0.0,0.0,579.77,0.0,0,0,0,3,0,F,21,0.0,1.0,0.0,0,0,0,0,Europe
CUST_02413,2024-06-12,2024-11-26,2024-10-10,2024-12-24,75,195,1,True,1,0.0,2.0,2.0,0.0,4.0,0.0,1.0,0.0,0.0,1.0,2,4,2.0,2482.28,684.74,0.0,0.0,0.0,813.08,1669.2,0,0,0,1,3,M,70,1.0,0.0,0.0,0,0,0,0,Asia
CUST_02414,2024-07-27,2024-11-26,2024-11-24,2025-02-24,92,212,0,False,1,0.0,0.0,0.0,0.0,0.0,0.0,0.0,0.0,0.0,0.0,1,1,1.0,1197.79,1197.79,0.0,0.0,1197.79,0.0,0.0,0,0,1,0,0,F,39,1.0,0.0,0.0,0,0,0,0,Asia
CUST_02415,2024-07-26,2024-11-26,2024-11-23,2024-12-04,11,131,1,True,1,0.0,0.0,0.0,0.0,0.0,0.0,0.0,0.0,0.0,0.0,2,5,2.5,2183.37,755.5725,0.0,0.0,0.0,896.3,1287.07,0,0,0,4,1,F,23,1.0,0.0,0.0,0,0,0,0,Asia
CUST_02420,2024-07-27,2024-11-26,2024-11-24,2025-02-24,92,212,0,False,1,0.0,0.0,0.0,0.0,0.0,0.0,0.0,0.0,0.0,0.0,2,3,1.5,1564.9,538.4925000000001,589.07,975.83,0.0,0.0,0.0,1,2,0,0,0,F,62,0.0,0.0,1.0,0,0,0,0,North America
CUST_02429,2024-07-05,2024-11-26,2024-11-02,2025-02-24,114,234,0,False,1,0.0,0.0,0.0,0.0,0.0,0.0,0.0,0.0,0.0,0.0,1,2,2.0,976.23,488.115,0.0,0.0,0.0,976.23,0.0,0,0,0,2,0,M,51,0.0,0.0,1.0,0,0,0,0,North America
CUST_02435,2024-07-11,2024-11-26,2024-11-08,2025-02-24,108,228,0,False,1,0.0,0.0,0.0,0.0,0.0,0.0,0.0,0.0,0.0,0.0,1,2,2.0,509.44,254.72,509.44,0.0,0.0,0.0,0.0,2,0,0,0,0,F,33,0.0,1.0,0.0,0,0,0,0,Europe
CUST_02439,2024-06-28,2024-11-26,2024-10-26,2025-02-24,121,241,0,False,1,0.0,0.0,0.0,0.0,0.0,0.0,0.0,0.0,0.0,0.0,1,2,2.0,1511.02,755.51,0.0,0.0,0.0,1511.02,0.0,0,0,0,2,0,F,38,0.0,1.0,0.0,0,0,0,0,Europe
CUST_02445,2024-06-14,2024-11-26,2024-10-12,2025-02-24,135,255,0,False,1,0.0,0.0,0.0,0.0,0.0,0.0,0.0,0.0,0.0,0.0,1,2,2.0,1609.86,804.93,0.0,0.0,0.0,0.0,1609.86,0,0,0,0,2,M,26,1.0,0.0,0.0,0,0,0,0,Asia
CUST_02484,2024-07-25,2024-11-26,2024-11-22,2025-02-24,94,214,0,False,1,0.0,0.0,0.0,0.0,0.0,0.0,0.0,0.0,0.0,0.0,2,4,2.0,2310.4700000000003,577.6175000000001,1406.44,0.0,0.0,904.03,0.0,2,0,0,2,0,F,75,0.0,1.0,0.0,0,0,0,0,Europe
CUST_02508,2024-07-21,2024-11-26,2024-11-18,2025-02-24,98,218,0,False,1,0.0,0.0,0.0,0.0,0.0,0.0,0.0,0.0,0.0,0.0,2,2,1.0,3010.82,1505.41,0.0,0.0,0.0,3010.82,0.0,0,0,0,2,0,M,35,0.0,1.0,0.0,0,0,0,0,Europe
CUST_02509,2024-06-13,2024-11-26,2024-10-11,2025-02-24,136,256,0,False,1,0.0,0.0,0.0,0.0,0.0,0.0,0.0,0.0,0.0,0.0,1,4,4.0,624.21,156.0525,0.0,0.0,0.0,624.21,0.0,0,0,0,4,0,M,65,0.0,0.0,1.0,0,0,0,0,North America
CUST_02510,2024-07-02,2024-11-26,2024-10-30,2025-02-24,117,237,0,False,0,0.0,0.0,0.0,0.0,0.0,0.0,0.0,0.0,0.0,0.0,1,2,2.0,332.63,166.315,332.63,0.0,0.0,0.0,0.0,2,0,0,0,0,M,72,0.0,1.0,0.0,0,0,0,0,Europe
CUST_02511,2024-06-14,2024-11-26,2024-10-12,2025-02-24,135,255,0,False,1,0.0,0.0,0.0,0.0,0.0,0.0,0.0,0.0,0.0,0.0,1,1,1.0,1691.87,1691.87,1691.87,0.0,0.0,0.0,0.0,1,0,0,0,0,F,42,0.0,1.0,0.0,0,0,0,0,Europe
CUST_02524,2024-07-10,2024-11-26,2024-11-07,2025-02-24,109,229,0,False,1,0.0,0.0,0.0,0.0,0.0,0.0,0.0,0.0,0.0,0.0,3,8,2.6666666666666665,1809.37,214.16,0.0,639.44,1169.9299999999998,0.0,0.0,0,3,5,0,0,M,31,0.0,1.0,0.0,0,0,0,0,Europe
CUST_02526,2024-07-08,2024-11-26,2024-11-05,2025-02-24,111,231,0,False,1,0.0,0.0,0.0,0.0,0.0,0.0,0.0,0.0,0.0,0.0,1,3,3.0,595.98,198.66,0.0,595.98,0.0,0.0,0.0,0,3,0,0,0,F,75,1.0,0.0,0.0,0,0,0,0,Asia
CUST_02533,2024-06-12,2024-11-26,2024-10-10,2025-02-24,137,257,0,False,1,0.0,0.0,0.0,0.0,0.0,0.0,0.0,0.0,0.0,0.0,1,1,1.0,1037.8,1037.8,0.0,0.0,1037.8,0.0,0.0,0,0,1,0,0,F,75,0.0,0.0,1.0,0,0,0,0,North America
CUST_02548,2024-07-24,2024-11-26,2024-11-21,2025-02-24,95,215,0,False,1,0.0,0.0,0.0,0.0,0.0,0.0,0.0,0.0,0.0,0.0,1,1,1.0,1556.57,1556.57,0.0,1556.57,0.0,0.0,0.0,0,1,0,0,0,M,50,0.0,0.0,1.0,0,0,0,0,North America
CUST_02550,2024-07-18,2024-11-26,2024-11-15,2025-02-24,101,221,0,False,1,0.0,0.0,0.0,0.0,0.0,0.0,0.0,0.0,0.0,0.0,1,1,1.0,1661.5,1661.5,0.0,0.0,0.0,1661.5,0.0,0,0,0,1,0,F,41,0.0,1.0,0.0,0,0,0,0,Europe
CUST_02557,2024-06-03,2024-11-26,2024-10-01,2025-02-24,146,266,0,False,1,0.0,0.0,0.0,0.0,0.0,0.0,0.0,0.0,0.0,0.0,1,2,2.0,494.46,247.23,0.0,0.0,0.0,0.0,494.46,0,0,0,0,2,M,67,1.0,0.0,0.0,0,0,0,0,Asia
CUST_02559,2024-07-24,2024-11-26,2024-11-21,2025-02-24,95,215,0,False,1,0.0,0.0,0.0,0.0,0.0,0.0,0.0,0.0,0.0,0.0,1,4,4.0,1110.81,277.7025,0.0,0.0,0.0,0.0,1110.81,0,0,0,0,4,F,55,0.0,1.0,0.0,0,0,0,0,Europe
CUST_02565,2024-06-11,2024-11-26,2024-10-09,2025-02-24,138,258,0,False,1,0.0,0.0,0.0,0.0,0.0,0.0,0.0,0.0,0.0,0.0,1,3,3.0,1328.64,442.88000000000005,1328.64,0.0,0.0,0.0,0.0,3,0,0,0,0,M,48,0.0,1.0,0.0,0,0,0,0,Europe
CUST_02570,2024-06-19,2024-11-26,2024-10-17,2025-02-24,130,250,0,False,1,0.0,0.0,0.0,0.0,0.0,0.0,0.0,0.0,0.0,0.0,3,9,3.0,2656.3900000000003,436.1437777777778,0.0,778.96,0.0,722.54,1154.89,0,1,0,5,3,F,64,0.0,1.0,0.0,0,0,0,0,Europe
CUST_02571,2024-06-20,2024-11-26,2024-10-18,2025-02-24,129,249,0,False,1,0.0,0.0,0.0,0.0,0.0,0.0,0.0,0.0,0.0,0.0,1,2,2.0,1539.91,769.955,0.0,0.0,0.0,1539.91,0.0,0,0,0,2,0,M,71,0.0,1.0,0.0,0,0,0,0,Europe
CUST_02580,2024-06-02,2024-11-26,2024-09-30,2025-02-24,147,267,0,False,1,0.0,0.0,0.0,0.0,0.0,0.0,0.0,0.0,0.0,0.0,1,3,3.0,1170.44,390.1466666666667,1170.44,0.0,0.0,0.0,0.0,3,0,0,0,0,M,28,0.0,0.0,1.0,0,0,0,0,North America
CUST_02581,2024-07-01,2024-11-26,2024-10-29,2024-12-21,53,173,1,True,0,1.0,0.0,0.0,0.0,1.0,0.0,0.0,0.0,0.0,0.0,2,3,1.5,1898.5,549.47,0.0,1599.12,299.38,0.0,0.0,0,2,1,0,0,F,53,0.0,1.0,0.0,0,0,0,0,Europe
CUST_02586,2024-07-16,2024-11-26,2024-11-13,2025-02-24,103,223,0,False,1,0.0,0.0,0.0,0.0,0.0,0.0,0.0,0.0,0.0,0.0,1,2,2.0,1201.25,600.625,0.0,1201.25,0.0,0.0,0.0,0,2,0,0,0,F,33,0.0,1.0,0.0,0,0,0,0,Europe
CUST_02589,2024-06-13,2024-11-26,2024-10-11,2025-02-24,136,256,0,False,1,0.0,0.0,0.0,0.0,0.0,0.0,0.0,0.0,0.0,0.0,1,2,2.0,669.95,334.975,0.0,0.0,669.95,0.0,0.0,0,0,2,0,0,M,53,1.0,0.0,0.0,0,0,0,0,Asia
CUST_02597,2024-07-23,2024-11-26,2024-11-20,2025-02-24,96,216,0,False,1,0.0,0.0,0.0,0.0,0.0,0.0,0.0,0.0,0.0,0.0,2,6,3.0,2754.73,459.12166666666667,0.0,0.0,0.0,1042.89,1711.84,0,0,0,3,3,F,40,0.0,0.0,1.0,0,0,0,0,North America
CUST_02600,2024-06-09,2024-11-26,2024-10-07,2025-02-24,140,260,0,False,1,0.0,0.0,0.0,0.0,0.0,0.0,0.0,0.0,0.0,0.0,1,1,1.0,273.37,273.37,0.0,0.0,273.37,0.0,0.0,0,0,1,0,0,F,61,1.0,0.0,0.0,0,0,0,0,Asia
CUST_02604,2024-07-22,2024-11-26,2024-11-19,2025-02-24,97,217,0,False,1,0.0,0.0,0.0,0.0,0.0,0.0,0.0,0.0,0.0,0.0,1,3,3.0,1977.3,659.1,0.0,1977.3,0.0,0.0,0.0,0,3,0,0,0,M,54,0.0,1.0,0.0,0,0,0,0,Europe
CUST_02627,2024-07-20,2024-11-26,2024-11-17,2025-02-24,99,219,0,False,1,0.0,0.0,0.0,0.0,0.0,0.0,0.0,0.0,0.0,0.0,1,2,2.0,641.87,320.935,0.0,0.0,0.0,0.0,641.87,0,0,0,0,2,F,72,0.0,1.0,0.0,0,0,0,0,Europe
CUST_02635,2024-07-22,2024-11-26,2024-11-19,2025-02-24,97,217,0,False,0,0.0,0.0,0.0,0.0,0.0,0.0,0.0,0.0,0.0,0.0,1,1,1.0,633.54,633.54,0.0,633.54,0.0,0.0,0.0,0,1,0,0,0,M,66,0.0,1.0,0.0,0,0,0,0,Europe
CUST_02639,2024-07-07,2024-11-26,2024-11-04,2025-02-24,112,232,0,False,1,0.0,0.0,0.0,0.0,0.0,0.0,0.0,0.0,0.0,0.0,1,1,1.0,302.08,302.08,0.0,0.0,0.0,0.0,302.08,0,0,0,0,1,F,69,0.0,1.0,0.0,0,0,0,0,Europe
CUST_02655,2024-06-17,2024-11-26,2024-10-15,2024-12-26,72,192,1,True,1,0.0,0.0,0.0,1.0,1.0,0.0,0.0,0.0,0.0,0.0,2,3,1.5,3602.49,1354.3925,0.0,1815.08,1787.41,0.0,0.0,0,1,2,0,0,M,21,0.0,0.0,1.0,0,0,0,0,North America
CUST_02664,2024-06-15,2024-11-26,2024-10-13,2025-02-24,134,254,0,False,0,0.0,0.0,0.0,0.0,0.0,0.0,0.0,0.0,0.0,0.0,1,2,2.0,1016.41,508.205,0.0,1016.41,0.0,0.0,0.0,0,2,0,0,0,M,61,0.0,1.0,0.0,0,0,0,0,Europe
CUST_02670,2024-07-24,2024-11-26,2024-11-21,2024-12-11,20,140,1,True,1,1.0,0.0,1.0,0.0,2.0,0.0,0.0,0.0,0.0,0.0,2,6,3.0,2803.26,467.21000000000004,1257.99,1545.27,0.0,0.0,0.0,3,3,0,0,0,M,60,0.0,0.0,1.0,0,0,0,0,North America
CUST_02673,2024-07-06,2024-11-26,2024-11-03,2025-02-24,113,233,0,False,1,0.0,0.0,0.0,0.0,0.0,0.0,0.0,0.0,0.0,0.0,1,1,1.0,880.49,880.49,0.0,0.0,0.0,0.0,880.49,0,0,0,0,1,F,49,1.0,0.0,0.0,0,0,0,0,Asia
CUST_02678,2024-06-06,2024-11-26,2024-10-04,2024-12-03,60,180,1,True,0,1.0,0.0,0.0,0.0,1.0,0.0,0.0,0.0,0.0,0.0,2,6,3.0,1486.8899999999999,328.395,346.62,1140.27,0.0,0.0,0.0,4,2,0,0,0,M,57,1.0,0.0,0.0,0,0,0,0,Asia
CUST_02681,2024-06-23,2024-11-26,2024-10-21,2024-12-27,67,187,1,True,0,0.0,0.0,0.0,0.0,0.0,0.0,0.0,0.0,0.0,0.0,2,3,1.5,2933.92,1137.5375,0.0,0.0,2933.92,0.0,0.0,0,0,3,0,0,M,66,1.0,0.0,0.0,0,0,0,0,Asia
CUST_02682,2024-07-23,2024-11-26,2024-11-20,2025-02-24,96,216,0,False,1,0.0,0.0,0.0,0.0,0.0,0.0,0.0,0.0,0.0,0.0,2,4,2.0,3032.76,758.19,1554.67,1478.09,0.0,0.0,0.0,2,2,0,0,0,F,51,0.0,1.0,0.0,0,0,0,0,Europe
CUST_02690,2024-06-20,2024-11-26,2024-10-18,2025-02-24,129,249,0,False,1,0.0,0.0,0.0,0.0,0.0,0.0,0.0,0.0,0.0,0.0,1,2,2.0,395.99,197.995,395.99,0.0,0.0,0.0,0.0,2,0,0,0,0,F,71,1.0,0.0,0.0,0,0,0,0,Asia
CUST_02692,2024-07-04,2024-11-26,2024-11-01,2025-02-24,115,235,0,False,1,0.0,0.0,0.0,0.0,0.0,0.0,0.0,0.0,0.0,0.0,1,1,1.0,689.65,689.65,0.0,689.65,0.0,0.0,0.0,0,1,0,0,0,M,27,0.0,1.0,0.0,0,0,0,0,Europe
CUST_02699,2024-07-14,2024-11-26,2024-11-11,2025-02-24,105,225,0,False,1,0.0,0.0,0.0,0.0,0.0,0.0,0.0,0.0,0.0,0.0,2,3,1.5,2516.59,1065.7125,770.33,0.0,1746.26,0.0,0.0,2,0,1,0,0,M,59,1.0,0.0,0.0,0,0,0,0,Asia
CUST_02724,2024-07-12,2024-11-26,2024-11-09,2025-02-24,107,227,0,False,1,0.0,0.0,0.0,0.0,0.0,0.0,0.0,0.0,0.0,0.0,1,2,2.0,530.32,265.16,0.0,0.0,0.0,530.32,0.0,0,0,0,2,0,M,27,0.0,1.0,0.0,0,0,0,0,Europe
CUST_02740,2024-06-17,2024-11-26,2024-10-15,2025-02-24,132,252,0,False,1,0.0,0.0,0.0,0.0,0.0,0.0,0.0,0.0,0.0,0.0,1,1,1.0,220.5,220.5,0.0,220.5,0.0,0.0,0.0,0,1,0,0,0,M,39,0.0,1.0,0.0,0,0,0,0,Europe
CUST_02741,2024-06-24,2024-11-26,2024-10-22,2025-02-24,125,245,0,False,1,0.0,0.0,0.0,0.0,0.0,0.0,0.0,0.0,0.0,0.0,3,11,3.6666666666666665,2819.85,248.215,0.0,1779.91,476.19,0.0,563.75,0,4,3,0,4,M,43,0.0,0.0,1.0,0,0,0,0,North America
CUST_02753,2024-07-10,2024-11-26,2024-11-07,2024-12-16,39,159,1,True,1,0.0,0.0,0.0,0.0,0.0,0.0,0.0,0.0,0.0,0.0,3,5,1.6666666666666667,4128.96,960.3516666666668,1062.63,1633.15,0.0,1433.18,0.0,2,1,0,2,0,M,74,1.0,0.0,0.0,0,0,0,0,Asia
CUST_02756,2024-06-03,2024-11-26,2024-10-01,2024-12-12,72,192,1,True,1,1.0,0.0,0.0,1.0,2.0,0.0,0.0,0.0,0.0,0.0,2,4,2.0,1971.68,767.9100000000001,1971.68,0.0,0.0,0.0,0.0,4,0,0,0,0,F,49,0.0,1.0,0.0,0,0,0,0,Europe
CUST_02759,2024-06-28,2024-11-26,2024-10-26,2025-02-24,121,241,0,False,1,0.0,0.0,0.0,0.0,0.0,0.0,0.0,0.0,0.0,0.0,1,2,2.0,477.46,238.73,0.0,0.0,0.0,477.46,0.0,0,0,0,2,0,M,68,0.0,0.0,1.0,0,0,0,0,North America
CUST_02770,2024-06-25,2024-11-26,2024-10-23,2025-02-24,124,244,0,False,1,0.0,0.0,0.0,0.0,0.0,0.0,0.0,0.0,0.0,0.0,1,1,1.0,1251.72,1251.72,1251.72,0.0,0.0,0.0,0.0,1,0,0,0,0,F,53,0.0,1.0,0.0,0,0,0,0,Europe
CUST_02773,2024-07-11,2024-11-26,2024-11-08,2024-11-27,19,139,1,True,1,0.0,1.0,0.0,0.0,1.0,0.0,0.0,0.0,0.0,0.0,2,8,4.0,3718.02,496.23066666666665,0.0,0.0,3718.02,0.0,0.0,0,0,8,0,0,F,38,1.0,0.0,0.0,0,0,0,0,Asia
CUST_02788,2024-07-04,2024-11-26,2024-11-01,2025-02-24,115,235,0,False,1,0.0,0.0,0.0,0.0,0.0,0.0,0.0,0.0,0.0,0.0,1,5,5.0,1535.97,307.194,0.0,0.0,0.0,1535.97,0.0,0,0,0,5,0,F,29,1.0,0.0,0.0,0,0,0,0,Asia
CUST_02789,2024-07-06,2024-11-26,2024-11-03,2024-11-27,24,144,1,True,1,0.0,1.0,1.0,2.0,4.0,0.0,0.0,0.0,0.0,0.0,2,5,2.5,1515.48,276.2775,1231.11,0.0,0.0,0.0,284.37,3,0,0,0,2,F,21,1.0,0.0,0.0,0,0,0,0,Asia
CUST_02790,2024-07-08,2024-11-26,2024-11-05,2025-02-24,111,231,0,False,1,0.0,0.0,0.0,0.0,0.0,0.0,0.0,0.0,0.0,0.0,1,4,4.0,1722.63,430.6575,0.0,1722.63,0.0,0.0,0.0,0,4,0,0,0,M,60,1.0,0.0,0.0,0,0,0,0,Asia
CUST_02801,2024-07-24,2024-11-26,2024-11-21,2025-02-24,95,215,0,False,1,0.0,0.0,0.0,0.0,0.0,0.0,0.0,0.0,0.0,0.0,1,1,1.0,1004.43,1004.43,0.0,1004.43,0.0,0.0,0.0,0,1,0,0,0,F,73,0.0,1.0,0.0,0,0,0,0,Europe
CUST_02824,2024-06-30,2024-11-26,2024-10-28,2025-02-24,119,239,0,False,1,0.0,0.0,0.0,0.0,0.0,0.0,0.0,0.0,0.0,0.0,1,1,1.0,1392.38,1392.38,0.0,1392.38,0.0,0.0,0.0,0,1,0,0,0,F,43,1.0,0.0,0.0,0,0,0,0,Asia
CUST_02832,2024-07-03,2024-11-26,2024-10-31,2025-02-24,116,236,0,False,1,0.0,0.0,0.0,0.0,0.0,0.0,0.0,0.0,0.0,0.0,1,1,1.0,446.0,446.0,0.0,0.0,0.0,0.0,446.0,0,0,0,0,1,F,40,0.0,0.0,1.0,0,0,0,0,North America
CUST_02836,2024-07-03,2024-11-26,2024-10-31,2025-02-24,116,236,0,False,1,0.0,0.0,0.0,0.0,0.0,0.0,0.0,0.0,0.0,0.0,1,2,2.0,1565.62,782.81,0.0,0.0,1565.62,0.0,0.0,0,0,2,0,0,F,31,0.0,1.0,0.0,0,0,0,0,Europe
CUST_02843,2024-07-04,2024-11-26,2024-11-01,2025-02-24,115,235,0,False,1,0.0,0.0,0.0,0.0,0.0,0.0,0.0,0.0,0.0,0.0,2,2,1.0,2841.45,1420.725,0.0,0.0,0.0,1895.81,945.64,0,0,0,1,1,F,75,0.0,1.0,0.0,0,0,0,0,Europe
CUST_02849,2024-07-03,2024-11-26,2024-10-31,2025-02-24,116,236,0,False,1,0.0,0.0,0.0,0.0,0.0,0.0,0.0,0.0,0.0,0.0,1,1,1.0,991.62,991.62,0.0,0.0,0.0,991.62,0.0,0,0,0,1,0,F,72,0.0,1.0,0.0,0,0,0,0,Europe
CUST_02850,2024-07-18,2024-11-26,2024-11-15,2025-02-24,101,221,0,False,1,0.0,0.0,0.0,0.0,0.0,0.0,0.0,0.0,0.0,0.0,1,1,1.0,379.03,379.03,0.0,379.03,0.0,0.0,0.0,0,1,0,0,0,F,58,0.0,1.0,0.0,0,0,0,0,Europe
CUST_02858,2024-06-29,2024-11-26,2024-10-27,2025-02-24,120,240,0,False,1,0.0,0.0,0.0,0.0,0.0,0.0,0.0,0.0,0.0,0.0,1,2,2.0,1953.85,976.925,0.0,0.0,0.0,0.0,1953.85,0,0,0,0,2,F,39,1.0,0.0,0.0,0,0,0,0,Asia
CUST_02874,2024-07-23,2024-11-26,2024-11-20,2025-02-24,96,216,0,False,1,0.0,0.0,0.0,0.0,0.0,0.0,0.0,0.0,0.0,0.0,4,8,2.0,4637.52,822.58,0.0,0.0,2913.91,0.0,1723.61,0,0,5,0,3,F,70,1.0,0.0,0.0,0,0,0,0,Asia
CUST_02882,2024-06-20,2024-11-26,2024-10-18,2025-02-24,129,249,0,False,1,0.0,0.0,0.0,0.0,0.0,0.0,0.0,0.0,0.0,0.0,1,1,1.0,1077.86,1077.86,0.0,0.0,0.0,0.0,1077.86,0,0,0,0,1,M,55,1.0,0.0,0.0,0,0,0,0,Asia
CUST_02883,2024-06-25,2024-11-26,2024-10-23,2025-02-24,124,244,0,False,1,0.0,0.0,0.0,0.0,0.0,0.0,0.0,0.0,0.0,0.0,1,2,2.0,366.07,183.035,366.07,0.0,0.0,0.0,0.0,2,0,0,0,0,M,41,0.0,1.0,0.0,0,0,0,0,Europe
CUST_02885,2024-07-06,2024-11-26,2024-11-03,2025-02-24,113,233,0,False,0,0.0,0.0,0.0,0.0,0.0,0.0,0.0,0.0,0.0,0.0,1,1,1.0,1535.78,1535.78,0.0,0.0,1535.78,0.0,0.0,0,0,1,0,0,M,49,0.0,1.0,0.0,0,0,0,0,Europe
CUST_02887,2024-07-07,2024-11-26,2024-11-04,2025-02-24,112,232,0,False,1,0.0,0.0,0.0,0.0,0.0,0.0,0.0,0.0,0.0,0.0,2,6,3.0,1319.24,215.57625000000002,913.87,0.0,0.0,405.37,0.0,4,0,0,2,0,M,41,1.0,0.0,0.0,0,0,0,0,Asia
CUST_02888,2024-06-18,2024-11-26,2024-10-16,2025-02-24,131,251,0,False,1,0.0,0.0,0.0,0.0,0.0,0.0,0.0,0.0,0.0,0.0,1,2,2.0,1513.75,756.875,0.0,0.0,0.0,0.0,1513.75,0,0,0,0,2,F,58,0.0,1.0,0.0,0,0,0,0,Europe
CUST_02894,2024-06-13,2024-11-26,2024-10-11,2025-02-24,136,256,0,False,0,0.0,0.0,0.0,0.0,0.0,0.0,0.0,0.0,0.0,0.0,1,2,2.0,1089.08,544.54,0.0,0.0,0.0,1089.08,0.0,0,0,0,2,0,F,74,0.0,0.0,1.0,0,0,0,0,North America
CUST_02904,2024-07-02,2024-11-26,2024-10-30,2025-02-24,117,237,0,False,1,0.0,0.0,0.0,0.0,0.0,0.0,0.0,0.0,0.0,0.0,1,3,3.0,1645.04,548.3466666666667,0.0,0.0,0.0,1645.04,0.0,0,0,0,3,0,F,22,0.0,1.0,0.0,0,0,0,0,Europe
CUST_02922,2024-07-10,2024-11-26,2024-11-07,2025-02-24,109,229,0,False,1,0.0,0.0,0.0,0.0,0.0,0.0,0.0,0.0,0.0,0.0,3,7,2.3333333333333335,4237.33,943.3316666666666,0.0,0.0,3336.1099999999997,0.0,901.22,0,0,3,0,4,M,31,1.0,0.0,0.0,0,0,0,0,Asia
CUST_02934,2024-06-01,2024-11-26,2024-09-29,2025-02-24,148,268,0,False,1,0.0,0.0,0.0,0.0,0.0,0.0,0.0,0.0,0.0,0.0,1,2,2.0,784.29,392.145,0.0,0.0,0.0,0.0,784.29,0,0,0,0,2,F,44,0.0,0.0,1.0,0,0,0,0,North America
CUST_02979,2024-06-08,2024-11-26,2024-10-06,2025-02-24,141,261,0,False,1,0.0,0.0,0.0,0.0,0.0,0.0,0.0,0.0,0.0,0.0,2,4,2.0,2384.9300000000003,719.4216666666666,0.0,965.8,1419.13,0.0,0.0,0,1,3,0,0,F,26,1.0,0.0,0.0,0,0,0,0,Asia
CUST_02983,2024-07-27,2024-11-26,2024-11-24,2025-02-24,92,212,0,False,1,0.0,0.0,0.0,0.0,0.0,0.0,0.0,0.0,0.0,0.0,2,3,1.5,3530.24,1334.745,0.0,1808.74,0.0,1721.5,0.0,0,1,0,2,0,M,69,0.0,1.0,0.0,0,0,0,0,Europe
CUST_02986,2024-07-15,2024-11-26,2024-11-12,2025-02-24,104,224,0,False,1,0.0,0.0,0.0,0.0,0.0,0.0,0.0,0.0,0.0,0.0,1,2,2.0,893.3,446.65,0.0,893.3,0.0,0.0,0.0,0,2,0,0,0,F,54,0.0,1.0,0.0,0,0,0,0,Europe
CUST_02996,2024-06-19,2024-11-26,2024-10-17,2025-02-24,130,250,0,False,1,0.0,0.0,0.0,0.0,0.0,0.0,0.0,0.0,0.0,0.0,1,2,2.0,1180.45,590.225,0.0,0.0,0.0,1180.45,0.0,0,0,0,2,0,F,22,0.0,1.0,0.0,0,0,0,0,Europe
CUST_03019,2024-07-05,2024-11-26,2024-11-02,2025-02-24,114,234,0,False,1,0.0,0.0,0.0,0.0,0.0,0.0,0.0,0.0,0.0,0.0,2,4,2.0,2390.8,1054.8500000000001,0.0,0.0,421.65,1969.15,0.0,0,0,3,1,0,F,27,1.0,0.0,0.0,0,0,0,0,Asia
CUST_03043,2024-07-23,2024-11-26,2024-11-20,2025-02-24,96,216,0,False,1,0.0,0.0,0.0,0.0,0.0,0.0,0.0,0.0,0.0,0.0,2,5,2.5,2813.83,989.915,0.0,0.0,1701.83,0.0,1112.0,0,0,1,0,4,M,35,0.0,1.0,0.0,0,0,0,0,Europe
CUST_03045,2024-06-25,2024-11-26,2024-10-23,2025-02-24,124,244,0,False,1,0.0,0.0,0.0,0.0,0.0,0.0,0.0,0.0,0.0,0.0,1,1,1.0,995.54,995.54,0.0,0.0,0.0,995.54,0.0,0,0,0,1,0,M,67,0.0,0.0,1.0,0,0,0,0,North America
CUST_03046,2024-07-09,2024-11-26,2024-11-06,2025-02-24,110,230,0,False,1,0.0,0.0,0.0,0.0,0.0,0.0,0.0,0.0,0.0,0.0,1,2,2.0,1841.06,920.53,0.0,0.0,1841.06,0.0,0.0,0,0,2,0,0,Other,35,1.0,0.0,0.0,0,0,0,0,Asia
CUST_03067,2024-07-24,2024-11-26,2024-11-21,2025-02-24,95,215,0,False,0,0.0,0.0,0.0,0.0,0.0,0.0,0.0,0.0,0.0,0.0,2,2,1.0,2320.36,1160.18,0.0,0.0,0.0,2320.36,0.0,0,0,0,2,0,Other,52,0.0,0.0,1.0,0,0,0,0,North America
CUST_03078,2024-07-26,2024-11-26,2024-11-23,2025-02-24,93,213,0,False,1,0.0,0.0,0.0,0.0,0.0,0.0,0.0,0.0,0.0,0.0,1,3,3.0,543.82,181.27333333333334,0.0,0.0,0.0,543.82,0.0,0,0,0,3,0,M,68,0.0,1.0,0.0,0,0,0,0,Europe
CUST_03080,2024-06-19,2024-11-26,2024-10-17,2025-02-24,130,250,0,False,1,0.0,0.0,0.0,0.0,0.0,0.0,0.0,0.0,0.0,0.0,2,3,1.5,2981.58,1206.0175,0.0,0.0,0.0,1139.09,1842.49,0,0,0,2,1,M,33,0.0,1.0,0.0,0,0,0,0,Europe
CUST_03082,2024-07-28,2024-11-26,2024-11-25,2025-02-24,91,211,0,False,1,0.0,0.0,0.0,0.0,0.0,0.0,0.0,0.0,0.0,0.0,2,2,1.0,2191.1800000000003,1095.5900000000001,2191.1800000000003,0.0,0.0,0.0,0.0,2,0,0,0,0,M,31,0.0,1.0,0.0,0,0,0,0,Europe
CUST_03088,2024-07-13,2024-11-26,2024-11-10,2025-02-24,106,226,0,False,1,0.0,0.0,0.0,0.0,0.0,0.0,0.0,0.0,0.0,0.0,1,1,1.0,220.43,220.43,0.0,0.0,0.0,220.43,0.0,0,0,0,1,0,F,71,0.0,1.0,0.0,0,0,0,0,Europe
CUST_03091,2024-06-25,2024-11-26,2024-10-23,2025-02-24,124,244,0,False,1,0.0,0.0,0.0,0.0,0.0,0.0,0.0,0.0,0.0,0.0,1,2,2.0,1326.77,663.385,1326.77,0.0,0.0,0.0,0.0,2,0,0,0,0,F,36,0.0,0.0,1.0,0,0,0,0,North America
CUST_03101,2024-07-08,2024-11-26,2024-11-05,2025-02-24,111,231,0,False,1,0.0,0.0,0.0,0.0,0.0,0.0,0.0,0.0,0.0,0.0,2,2,1.0,3294.2,1647.1,0.0,1538.17,1756.03,0.0,0.0,0,1,1,0,0,F,48,1.0,0.0,0.0,0,0,0,0,Asia
CUST_03109,2024-07-02,2024-11-26,2024-10-30,2025-02-24,117,237,0,False,1,0.0,0.0,0.0,0.0,0.0,0.0,0.0,0.0,0.0,0.0,1,2,2.0,1025.58,512.79,0.0,1025.58,0.0,0.0,0.0,0,2,0,0,0,F,68,0.0,1.0,0.0,0,0,0,0,Europe
CUST_03110,2024-06-10,2024-11-26,2024-10-08,2025-02-24,139,259,0,False,1,0.0,0.0,0.0,0.0,0.0,0.0,0.0,0.0,0.0,0.0,1,1,1.0,517.97,517.97,0.0,0.0,517.97,0.0,0.0,0,0,1,0,0,M,66,0.0,1.0,0.0,0,0,0,0,Europe
CUST_03129,2024-07-09,2024-11-26,2024-11-06,2025-02-24,110,230,0,False,1,0.0,0.0,0.0,0.0,0.0,0.0,0.0,0.0,0.0,0.0,1,1,1.0,624.81,624.81,0.0,0.0,0.0,0.0,624.81,0,0,0,0,1,F,62,1.0,0.0,0.0,0,0,0,0,Asia
CUST_03133,2024-06-25,2024-11-26,2024-10-23,2025-02-24,124,244,0,False,1,0.0,0.0,0.0,0.0,0.0,0.0,0.0,0.0,0.0,0.0,2,7,3.5,3701.18,537.9316666666666,0.0,0.0,1806.82,0.0,1894.36,0,0,3,0,4,M,21,1.0,0.0,0.0,0,0,0,0,Asia
CUST_03134,2024-06-06,2024-11-26,2024-10-04,2024-12-28,85,205,1,True,1,0.0,0.0,0.0,0.0,0.0,0.0,0.0,0.0,0.0,0.0,2,3,1.5,1382.36,665.155,0.0,1382.36,0.0,0.0,0.0,0,3,0,0,0,M,26,0.0,0.0,1.0,0,0,0,0,North America
CUST_03141,2024-07-14,2024-11-26,2024-11-11,2025-02-24,105,225,0,False,1,0.0,0.0,0.0,0.0,0.0,0.0,0.0,0.0,0.0,0.0,2,2,1.0,1794.69,897.345,220.75,1573.94,0.0,0.0,0.0,1,1,0,0,0,Other,74,0.0,1.0,0.0,0,0,0,0,Europe
CUST_03151,2024-07-10,2024-11-26,2024-11-07,2024-11-30,23,143,1,True,1,0.0,0.0,1.0,2.0,3.0,0.0,0.0,0.0,0.0,0.0,2,3,1.5,916.9200000000001,298.9325,278.81,0.0,0.0,638.11,0.0,1,0,0,2,0,F,65,0.0,1.0,0.0,0,0,0,0,Europe
CUST_03162,2024-07-06,2024-11-26,2024-11-03,2024-12-24,51,171,1,True,1,0.0,1.0,1.0,1.0,3.0,0.0,0.0,0.0,0.0,0.0,2,3,1.5,2758.5699999999997,911.52,0.0,0.0,1871.06,887.51,0.0,0,0,2,1,0,M,51,0.0,1.0,0.0,0,0,0,0,Europe
CUST_03176,2024-06-25,2024-11-26,2024-10-23,2025-02-24,124,244,0,False,1,0.0,0.0,0.0,0.0,0.0,0.0,0.0,0.0,0.0,0.0,1,1,1.0,1078.22,1078.22,1078.22,0.0,0.0,0.0,0.0,1,0,0,0,0,M,44,0.0,1.0,0.0,0,0,0,0,Europe
CUST_03191,2024-06-23,2024-11-26,2024-10-21,2025-02-24,126,246,0,False,1,0.0,0.0,0.0,0.0,0.0,0.0,0.0,0.0,0.0,0.0,2,5,2.5,1769.02,389.52000000000004,1136.2,0.0,0.0,632.82,0.0,2,0,0,3,0,M,30,1.0,0.0,0.0,0,0,0,0,Asia
CUST_03195,2024-07-25,2024-11-26,2024-11-22,2025-02-24,94,214,0,False,1,0.0,0.0,0.0,0.0,0.0,0.0,0.0,0.0,0.0,0.0,1,3,3.0,1135.08,378.35999999999996,0.0,0.0,1135.08,0.0,0.0,0,0,3,0,0,M,44,1.0,0.0,0.0,0,0,0,0,Asia
CUST_03196,2024-06-07,2024-11-26,2024-10-05,2025-02-24,142,262,0,False,0,0.0,0.0,0.0,0.0,0.0,0.0,0.0,0.0,0.0,0.0,1,4,4.0,153.94,38.485,153.94,0.0,0.0,0.0,0.0,4,0,0,0,0,F,65,1.0,0.0,0.0,0,0,0,0,Asia
CUST_03206,2024-07-03,2024-11-26,2024-10-31,2025-02-24,116,236,0,False,1,0.0,0.0,0.0,0.0,0.0,0.0,0.0,0.0,0.0,0.0,1,4,4.0,897.92,224.48,897.92,0.0,0.0,0.0,0.0,4,0,0,0,0,M,74,0.0,1.0,0.0,0,0,0,0,Europe
CUST_03225,2024-07-28,2024-11-26,2024-11-25,2025-02-24,91,211,0,False,1,0.0,0.0,0.0,0.0,0.0,0.0,0.0,0.0,0.0,0.0,1,2,2.0,1509.65,754.825,0.0,1509.65,0.0,0.0,0.0,0,2,0,0,0,F,22,0.0,1.0,0.0,0,0,0,0,Europe
CUST_03230,2024-06-14,2024-11-26,2024-10-12,2025-02-24,135,255,0,False,1,0.0,0.0,0.0,0.0,0.0,0.0,0.0,0.0,0.0,0.0,1,2,2.0,1090.41,545.205,1090.41,0.0,0.0,0.0,0.0,2,0,0,0,0,F,37,0.0,1.0,0.0,0,0,0,0,Europe
CUST_03232,2024-06-01,2024-11-26,2024-09-29,2025-02-24,148,268,0,False,1,0.0,0.0,0.0,0.0,0.0,0.0,0.0,0.0,0.0,0.0,1,2,2.0,401.13,200.565,0.0,0.0,401.13,0.0,0.0,0,0,2,0,0,Other,29,0.0,1.0,0.0,0,0,0,0,Europe
CUST_03243,2024-06-28,2024-11-26,2024-10-26,2024-12-25,60,180,1,True,1,1.0,0.0,0.0,0.0,1.0,0.0,0.0,0.0,0.0,0.0,2,6,3.0,2632.56,438.76,0.0,0.0,0.0,729.38,1903.18,0,0,0,3,3,M,73,0.0,1.0,0.0,0,0,0,0,Europe
CUST_03250,2024-06-10,2024-11-26,2024-10-08,2025-02-24,139,259,0,False,1,0.0,0.0,0.0,0.0,0.0,0.0,0.0,0.0,0.0,0.0,1,2,2.0,1859.83,929.915,1859.83,0.0,0.0,0.0,0.0,2,0,0,0,0,F,42,0.0,0.0,1.0,0,0,0,0,North America
CUST_03256,2024-07-19,2024-11-26,2024-11-16,2025-02-24,100,220,0,False,1,0.0,0.0,0.0,0.0,0.0,0.0,0.0,0.0,0.0,0.0,2,7,3.5,1981.04,258.72208333333333,0.0,0.0,1714.83,266.21,0.0,0,0,4,3,0,F,37,1.0,0.0,0.0,0,0,0,0,Asia
CUST_03262,2024-06-30,2024-11-26,2024-10-28,2025-02-24,119,239,0,False,1,0.0,0.0,0.0,0.0,0.0,0.0,0.0,0.0,0.0,0.0,1,4,4.0,1474.25,368.5625,0.0,0.0,0.0,1474.25,0.0,0,0,0,4,0,F,63,0.0,1.0,0.0,0,0,0,0,Europe
CUST_03293,2024-06-19,2024-11-26,2024-10-17,2025-02-24,130,250,0,False,1,0.0,0.0,0.0,0.0,0.0,0.0,0.0,0.0,0.0,0.0,1,4,4.0,410.38,102.595,0.0,0.0,410.38,0.0,0.0,0,0,4,0,0,F,50,0.0,1.0,0.0,0,0,0,0,Europe
CUST_03299,2024-07-25,2024-11-26,2024-11-22,2024-12-26,34,154,1,True,1,2.0,0.0,1.0,0.0,3.0,0.0,0.0,0.0,0.0,0.0,2,4,2.0,674.67,168.6675,0.0,0.0,171.17,0.0,503.5,0,0,2,0,2,F,37,0.0,1.0,0.0,0,0,0,0,Europe
CUST_03304,2024-07-19,2024-11-26,2024-11-16,2025-02-24,100,220,0,False,1,0.0,0.0,0.0,0.0,0.0,0.0,0.0,0.0,0.0,0.0,1,1,1.0,536.01,536.01,0.0,0.0,0.0,0.0,536.01,0,0,0,0,1,F,72,1.0,0.0,0.0,0,0,0,0,Asia
CUST_03305,2024-06-17,2024-11-26,2024-10-15,2025-02-24,132,252,0,False,1,0.0,0.0,0.0,0.0,0.0,0.0,0.0,0.0,0.0,0.0,1,1,1.0,1945.04,1945.04,0.0,1945.04,0.0,0.0,0.0,0,1,0,0,0,M,31,1.0,0.0,0.0,0,0,0,0,Asia
CUST_03310,2024-06-07,2024-11-26,2024-10-05,2025-02-24,142,262,0,False,0,0.0,0.0,0.0,0.0,0.0,0.0,0.0,0.0,0.0,0.0,1,2,2.0,1100.4,550.2,0.0,0.0,0.0,0.0,1100.4,0,0,0,0,2,F,72,1.0,0.0,0.0,0,0,0,0,Asia
CUST_03312,2024-07-20,2024-11-26,2024-11-17,2025-02-24,99,219,0,False,1,0.0,0.0,0.0,0.0,0.0,0.0,0.0,0.0,0.0,0.0,2,2,1.0,2070.05,1035.025,0.0,0.0,2070.05,0.0,0.0,0,0,2,0,0,M,62,1.0,0.0,0.0,0,0,0,0,Asia
CUST_03321,2024-07-03,2024-11-26,2024-10-31,2024-12-17,47,167,1,True,1,1.0,0.0,0.0,1.0,2.0,0.0,0.0,0.0,0.0,0.0,2,5,2.5,1490.18,272.8358333333333,1196.51,293.67,0.0,0.0,0.0,3,2,0,0,0,M,42,1.0,0.0,0.0,0,0,0,0,Asia
CUST_03333,2024-07-23,2024-11-26,2024-11-20,2025-02-24,96,216,0,False,1,0.0,0.0,0.0,0.0,0.0,0.0,0.0,0.0,0.0,0.0,1,4,4.0,1545.58,386.395,1545.58,0.0,0.0,0.0,0.0,4,0,0,0,0,M,64,0.0,1.0,0.0,0,0,0,0,Europe
CUST_03335,2024-06-26,2024-11-26,2024-10-24,2025-02-24,123,243,0,False,1,0.0,0.0,0.0,0.0,0.0,0.0,0.0,0.0,0.0,0.0,1,4,4.0,989.36,247.34,0.0,989.36,0.0,0.0,0.0,0,4,0,0,0,F,38,1.0,0.0,0.0,0,0,0,0,Asia
CUST_03337,2024-07-19,2024-11-26,2024-11-16,2025-02-24,100,220,0,False,1,0.0,0.0,0.0,0.0,0.0,0.0,0.0,0.0,0.0,0.0,2,4,2.0,3096.71,1080.295,3096.71,0.0,0.0,0.0,0.0,4,0,0,0,0,F,45,1.0,0.0,0.0,0,0,0,0,Asia
CUST_03345,2024-07-28,2024-11-26,2024-11-25,2025-02-24,91,211,0,False,1,0.0,0.0,0.0,0.0,0.0,0.0,0.0,0.0,0.0,0.0,1,3,3.0,1031.78,343.9266666666667,0.0,0.0,0.0,1031.78,0.0,0,0,0,3,0,F,27,0.0,1.0,0.0,0,0,0,0,Europe
CUST_03347,2024-07-01,2024-11-26,2024-10-29,2025-02-24,118,238,0,False,1,0.0,0.0,0.0,0.0,0.0,0.0,0.0,0.0,0.0,0.0,1,1,1.0,1273.71,1273.71,0.0,0.0,0.0,1273.71,0.0,0,0,0,1,0,F,43,1.0,0.0,0.0,0,0,0,0,Asia
CUST_03361,2024-07-20,2024-11-26,2024-11-17,2024-12-01,14,134,1,True,1,0.0,0.0,1.0,1.0,2.0,0.0,0.0,0.0,0.0,0.0,3,6,2.0,2723.01,648.2177777777778,1438.46,0.0,0.0,0.0,1284.55,5,0,0,0,1,F,28,1.0,0.0,0.0,0,0,0,0,Asia
CUST_03363,2024-06-15,2024-11-26,2024-10-13,2025-02-24,134,254,0,False,1,0.0,0.0,0.0,0.0,0.0,0.0,0.0,0.0,0.0,0.0,1,1,1.0,707.14,707.14,0.0,0.0,0.0,0.0,707.14,0,0,0,0,1,F,49,0.0,1.0,0.0,0,0,0,0,Europe
CUST_03369,2024-07-12,2024-11-26,2024-11-09,2025-02-24,107,227,0,False,1,0.0,0.0,0.0,0.0,0.0,0.0,0.0,0.0,0.0,0.0,1,1,1.0,1356.55,1356.55,0.0,0.0,1356.55,0.0,0.0,0,0,1,0,0,M,37,1.0,0.0,0.0,0,0,0,0,Asia
CUST_03371,2024-06-23,2024-11-26,2024-10-21,2025-02-24,126,246,0,False,0,0.0,0.0,0.0,0.0,0.0,0.0,0.0,0.0,0.0,0.0,1,1,1.0,1798.48,1798.48,0.0,0.0,1798.48,0.0,0.0,0,0,1,0,0,M,50,0.0,1.0,0.0,0,0,0,0,Europe
CUST_03373,2024-07-21,2024-11-26,2024-11-18,2025-02-24,98,218,0,False,1,0.0,0.0,0.0,0.0,0.0,0.0,0.0,0.0,0.0,0.0,2,5,2.5,1971.41,330.505,224.21,0.0,0.0,1747.2,0.0,1,0,0,4,0,F,71,1.0,0.0,0.0,0,0,0,0,Asia
CUST_03384,2024-06-11,2024-11-26,2024-10-09,2024-12-03,55,175,1,True,1,2.0,0.0,0.0,0.0,2.0,0.0,0.0,0.0,0.0,0.0,3,8,2.6666666666666665,2943.55,640.3870000000001,0.0,1680.58,1262.97,0.0,0.0,0,6,2,0,0,F,70,1.0,0.0,0.0,0,0,0,0,Asia
CUST_03386,2024-07-09,2024-11-26,2024-11-06,2025-02-24,110,230,0,False,1,0.0,0.0,0.0,0.0,0.0,0.0,0.0,0.0,0.0,0.0,2,3,1.5,1759.27,585.96,584.57,0.0,0.0,0.0,1174.7,1,0,0,0,2,M,31,0.0,1.0,0.0,0,0,0,0,Europe
CUST_03391,2024-07-01,2024-11-26,2024-10-29,2024-12-16,48,168,1,True,1,0.0,0.0,0.0,0.0,0.0,0.0,0.0,0.0,0.0,0.0,2,4,2.0,3282.14,976.06,3282.14,0.0,0.0,0.0,0.0,4,0,0,0,0,M,41,0.0,0.0,1.0,0,0,0,0,North America
CUST_03411,2024-07-13,2024-11-26,2024-11-10,2025-02-24,106,226,0,False,1,0.0,0.0,0.0,0.0,0.0,0.0,0.0,0.0,0.0,0.0,1,2,2.0,867.02,433.51,0.0,0.0,0.0,867.02,0.0,0,0,0,2,0,F,75,1.0,0.0,0.0,0,0,0,0,Asia
CUST_03415,2024-07-11,2024-11-26,2024-11-08,2025-02-24,108,228,0,False,1,0.0,0.0,0.0,0.0,0.0,0.0,0.0,0.0,0.0,0.0,1,3,3.0,1522.9,507.6333333333334,0.0,0.0,0.0,1522.9,0.0,0,0,0,3,0,M,35,0.0,1.0,0.0,0,0,0,0,Europe
CUST_03416,2024-07-12,2024-11-26,2024-11-09,2025-02-24,107,227,0,False,1,0.0,0.0,0.0,0.0,0.0,0.0,0.0,0.0,0.0,0.0,1,1,1.0,1068.85,1068.85,1068.85,0.0,0.0,0.0,0.0,1,0,0,0,0,F,22,0.0,0.0,1.0,0,0,0,0,North America
CUST_03451,2024-07-13,2024-11-26,2024-11-10,2025-02-24,106,226,0,False,1,0.0,0.0,0.0,0.0,0.0,0.0,0.0,0.0,0.0,0.0,1,2,2.0,1813.17,906.585,0.0,0.0,0.0,0.0,1813.17,0,0,0,0,2,F,56,0.0,0.0,1.0,0,0,0,0,North America
CUST_03465,2024-06-10,2024-11-26,2024-10-08,2024-12-02,55,175,1,True,1,0.0,4.0,0.0,0.0,4.0,0.0,0.0,0.0,0.0,0.0,2,2,1.0,2148.34,1074.17,0.0,0.0,336.98,1811.36,0.0,0,0,1,1,0,F,56,0.0,1.0,0.0,0,0,0,0,Europe
CUST_03467,2024-06-23,2024-11-26,2024-10-21,2025-02-24,126,246,0,False,1,0.0,0.0,0.0,0.0,0.0,0.0,0.0,0.0,0.0,0.0,1,1,1.0,620.85,620.85,0.0,0.0,0.0,0.0,620.85,0,0,0,0,1,M,61,0.0,1.0,0.0,0,0,0,0,Europe
CUST_03472,2024-07-03,2024-11-26,2024-10-31,2025-02-24,116,236,0,False,1,0.0,0.0,0.0,0.0,0.0,0.0,0.0,0.0,0.0,0.0,1,3,3.0,1120.44,373.48,0.0,1120.44,0.0,0.0,0.0,0,3,0,0,0,M,50,0.0,1.0,0.0,0,0,0,0,Europe
CUST_03479,2024-07-16,2024-11-26,2024-11-13,2025-02-24,103,223,0,False,1,0.0,0.0,0.0,0.0,0.0,0.0,0.0,0.0,0.0,0.0,1,3,3.0,1830.32,610.1066666666667,0.0,0.0,0.0,0.0,1830.32,0,0,0,0,3,F,73,0.0,1.0,0.0,0,0,0,0,Europe
CUST_03500,2024-07-11,2024-11-26,2024-11-08,2025-02-24,108,228,0,False,0,0.0,0.0,0.0,0.0,0.0,0.0,0.0,0.0,0.0,0.0,1,1,1.0,1748.13,1748.13,0.0,0.0,0.0,0.0,1748.13,0,0,0,0,1,M,59,0.0,0.0,1.0,0,0,0,0,North America
CUST_00007,2024-06-25,2024-12-03,2024-10-23,2025-03-03,131,251,0,False,1,0.0,0.0,0.0,0.0,0.0,0.0,0.0,0.0,0.0,0.0,1,2,2.0,1767.18,883.59,1767.18,0.0,0.0,0.0,0.0,2,0,0,0,0,F,55,1.0,0.0,0.0,0,0,0,0,Asia
CUST_00011,2024-06-12,2024-12-03,2024-10-10,2024-12-16,67,187,1,True,1,1.0,0.0,1.0,0.0,2.0,0.0,0.0,0.0,0.0,0.0,2,4,2.0,1726.75,797.5883333333334,1726.75,0.0,0.0,0.0,0.0,4,0,0,0,0,M,65,1.0,0.0,0.0,0,0,0,0,Asia
CUST_00012,2024-07-18,2024-12-03,2024-11-15,2025-03-03,108,228,0,False,1,0.0,0.0,0.0,0.0,0.0,0.0,0.0,0.0,0.0,0.0,1,2,2.0,1573.35,786.675,0.0,0.0,0.0,0.0,1573.35,0,0,0,0,2,F,65,0.0,1.0,0.0,0,0,0,0,Europe
CUST_00017,2024-06-28,2024-12-03,2024-10-26,2025-03-03,128,248,0,False,1,0.0,0.0,0.0,0.0,0.0,0.0,0.0,0.0,0.0,0.0,1,1,1.0,223.06,223.06,0.0,0.0,0.0,223.06,0.0,0,0,0,1,0,F,52,1.0,0.0,0.0,0,0,0,0,Asia
CUST_00033,2024-07-10,2024-12-03,2024-11-07,2025-03-03,116,236,0,False,1,0.0,0.0,0.0,0.0,0.0,0.0,0.0,0.0,0.0,0.0,1,2,2.0,1292.32,646.16,1292.32,0.0,0.0,0.0,0.0,2,0,0,0,0,M,27,1.0,0.0,0.0,0,0,0,0,Asia
CUST_00037,2024-06-11,2024-12-03,2024-10-09,2025-03-03,145,265,0,False,1,0.0,0.0,0.0,0.0,0.0,0.0,0.0,0.0,0.0,0.0,1,3,3.0,916.71,305.57,0.0,0.0,0.0,0.0,916.71,0,0,0,0,3,F,60,0.0,1.0,0.0,0,0,0,0,Europe
CUST_00039,2024-06-16,2024-12-03,2024-10-14,2025-03-03,140,260,0,False,1,0.0,0.0,0.0,0.0,0.0,0.0,0.0,0.0,0.0,0.0,2,2,1.0,3353.9700000000003,1676.9850000000001,0.0,3353.9700000000003,0.0,0.0,0.0,0,2,0,0,0,F,29,1.0,0.0,0.0,0,0,0,0,Asia
CUST_00042,2024-07-29,2024-12-03,2024-11-26,2025-03-03,97,217,0,False,1,0.0,0.0,0.0,0.0,0.0,0.0,0.0,0.0,0.0,0.0,1,2,2.0,214.17,107.085,0.0,0.0,0.0,214.17,0.0,0,0,0,2,0,M,21,0.0,1.0,0.0,0,0,0,0,Europe
CUST_00070,2024-07-02,2024-12-03,2024-10-30,2025-03-03,124,244,0,False,1,0.0,0.0,0.0,0.0,0.0,0.0,0.0,0.0,0.0,0.0,1,1,1.0,1837.47,1837.47,1837.47,0.0,0.0,0.0,0.0,1,0,0,0,0,M,40,1.0,0.0,0.0,0,0,0,0,Asia
CUST_00078,2024-06-09,2024-12-03,2024-10-07,2025-03-03,147,267,0,False,1,0.0,0.0,0.0,0.0,0.0,0.0,0.0,0.0,0.0,0.0,1,1,1.0,1558.27,1558.27,1558.27,0.0,0.0,0.0,0.0,1,0,0,0,0,M,72,1.0,0.0,0.0,0,0,0,0,Asia
CUST_00086,2024-07-12,2024-12-03,2024-11-09,2024-12-30,51,171,1,True,1,0.0,0.0,0.0,0.0,0.0,0.0,0.0,0.0,0.0,0.0,2,2,1.0,2907.5699999999997,1453.7849999999999,0.0,1943.29,964.28,0.0,0.0,0,1,1,0,0,Other,40,1.0,0.0,0.0,0,0,0,0,Asia
CUST_00090,2024-07-08,2024-12-03,2024-11-05,2025-03-03,118,238,0,False,1,0.0,0.0,0.0,0.0,0.0,0.0,0.0,0.0,0.0,0.0,1,4,4.0,715.48,178.87,0.0,0.0,0.0,0.0,715.48,0,0,0,0,4,F,61,0.0,0.0,1.0,0,0,0,0,North America
CUST_00114,2024-07-20,2024-12-03,2024-11-17,2024-12-22,35,155,1,True,1,0.0,0.0,1.0,1.0,2.0,0.0,0.0,0.0,0.0,0.0,2,4,2.0,2873.4,718.35,0.0,1108.41,0.0,0.0,1764.99,0,2,0,0,2,M,75,0.0,1.0,0.0,0,0,0,0,Europe
CUST_00117,2024-07-01,2024-12-03,2024-10-29,2025-03-03,125,245,0,False,1,0.0,0.0,0.0,0.0,0.0,0.0,0.0,0.0,0.0,0.0,1,3,3.0,1670.35,556.7833333333333,0.0,1670.35,0.0,0.0,0.0,0,3,0,0,0,M,52,1.0,0.0,0.0,0,0,0,0,Asia
CUST_00120,2024-06-24,2024-12-03,2024-10-22,2025-03-03,132,252,0,False,1,0.0,0.0,0.0,0.0,0.0,0.0,0.0,0.0,0.0,0.0,1,4,4.0,878.86,219.715,0.0,0.0,878.86,0.0,0.0,0,0,4,0,0,F,59,1.0,0.0,0.0,0,0,0,0,Asia
CUST_00124,2024-07-08,2024-12-03,2024-11-05,2025-03-03,118,238,0,False,1,0.0,0.0,0.0,0.0,0.0,0.0,0.0,0.0,0.0,0.0,1,1,1.0,1025.97,1025.97,0.0,1025.97,0.0,0.0,0.0,0,1,0,0,0,M,43,0.0,1.0,0.0,0,0,0,0,Europe
CUST_00135,2024-07-16,2024-12-03,2024-11-13,2025-03-03,110,230,0,False,1,0.0,0.0,0.0,0.0,0.0,0.0,0.0,0.0,0.0,0.0,1,3,3.0,927.68,309.22666666666663,0.0,0.0,0.0,0.0,927.68,0,0,0,0,3,M,43,1.0,0.0,0.0,0,0,0,0,Asia
CUST_00156,2024-06-23,2024-12-03,2024-10-21,2024-12-31,71,191,1,True,0,1.0,0.0,0.0,0.0,1.0,0.0,0.0,0.0,0.0,0.0,2,6,3.0,3324.51,993.7270000000001,1671.32,0.0,0.0,1653.19,0.0,5,0,0,1,0,M,21,0.0,1.0,0.0,0,0,0,0,Europe
CUST_00160,2024-06-28,2024-12-03,2024-10-26,2025-03-03,128,248,0,False,1,0.0,0.0,0.0,0.0,0.0,0.0,0.0,0.0,0.0,0.0,1,4,4.0,1258.15,314.5375,1258.15,0.0,0.0,0.0,0.0,4,0,0,0,0,M,67,1.0,0.0,0.0,0,0,0,0,Asia
CUST_00164,2024-07-10,2024-12-03,2024-11-07,2025-03-03,116,236,0,False,1,0.0,0.0,0.0,0.0,0.0,0.0,0.0,0.0,0.0,0.0,2,5,2.5,1746.44,345.25083333333333,0.0,1096.31,0.0,650.13,0.0,0,3,0,2,0,Other,34,0.0,1.0,0.0,0,0,0,0,Europe
CUST_00165,2024-07-30,2024-12-03,2024-11-27,2025-03-03,96,216,0,False,1,0.0,0.0,0.0,0.0,0.0,0.0,0.0,0.0,0.0,0.0,3,6,2.0,1781.05,324.03444444444443,0.0,0.0,0.0,410.56,1370.49,0,0,0,2,4,M,63,0.0,1.0,0.0,0,0,0,0,Europe
CUST_00167,2024-07-27,2024-12-03,2024-11-24,2025-03-03,99,219,0,False,1,0.0,0.0,0.0,0.0,0.0,0.0,0.0,0.0,0.0,0.0,1,1,1.0,1976.69,1976.69,0.0,0.0,0.0,1976.69,0.0,0,0,0,1,0,Other,44,1.0,0.0,0.0,0,0,0,0,Asia
CUST_00182,2024-07-28,2024-12-03,2024-11-25,2025-03-03,98,218,0,False,1,0.0,0.0,0.0,0.0,0.0,0.0,0.0,0.0,0.0,0.0,3,6,2.0,3144.5,524.0833333333334,0.0,1012.97,482.76,1648.77,0.0,0,2,2,2,0,M,63,1.0,0.0,0.0,0,0,0,0,Asia
CUST_00185,2024-07-03,2024-12-03,2024-10-31,2025-03-03,123,243,0,False,1,0.0,0.0,0.0,0.0,0.0,0.0,0.0,0.0,0.0,0.0,1,4,4.0,265.26,66.315,0.0,265.26,0.0,0.0,0.0,0,4,0,0,0,F,25,1.0,0.0,0.0,0,0,0,0,Asia
CUST_00191,2024-06-11,2024-12-03,2024-10-09,2025-03-03,145,265,0,False,1,0.0,0.0,0.0,0.0,0.0,0.0,0.0,0.0,0.0,0.0,1,1,1.0,520.35,520.35,0.0,520.35,0.0,0.0,0.0,0,1,0,0,0,F,23,0.0,0.0,1.0,0,0,0,0,North America
CUST_00205,2024-08-04,2024-12-03,2024-12-02,2025-03-03,91,211,0,False,1,0.0,0.0,0.0,0.0,0.0,0.0,0.0,0.0,0.0,0.0,2,5,2.5,2079.96,689.45625,0.0,1145.23,934.73,0.0,0.0,0,1,4,0,0,M,75,0.0,1.0,0.0,0,0,0,0,Europe
CUST_00208,2024-07-14,2024-12-03,2024-11-11,2025-03-03,112,232,0,False,1,0.0,0.0,0.0,0.0,0.0,0.0,0.0,0.0,0.0,0.0,2,2,1.0,2146.73,1073.365,880.01,0.0,0.0,0.0,1266.72,1,0,0,0,1,F,63,0.0,1.0,0.0,0,0,0,0,Europe
CUST_00216,2024-07-13,2024-12-03,2024-11-10,2025-03-03,113,233,0,False,1,0.0,0.0,0.0,0.0,0.0,0.0,0.0,0.0,0.0,0.0,1,2,2.0,870.17,435.085,0.0,0.0,0.0,870.17,0.0,0,0,0,2,0,M,39,0.0,1.0,0.0,0,0,0,0,Europe
CUST_00219,2024-06-27,2024-12-03,2024-10-25,2025-03-03,129,249,0,False,1,0.0,0.0,0.0,0.0,0.0,0.0,0.0,0.0,0.0,0.0,1,2,2.0,137.12,68.56,0.0,137.12,0.0,0.0,0.0,0,2,0,0,0,M,34,0.0,1.0,0.0,0,0,0,0,Europe
CUST_00220,2024-06-30,2024-12-03,2024-10-28,2025-03-03,126,246,0,False,1,0.0,0.0,0.0,0.0,0.0,0.0,0.0,0.0,0.0,0.0,2,3,1.5,1660.82,622.935,0.0,829.9,0.0,0.0,830.92,0,2,0,0,1,M,32,0.0,1.0,0.0,0,0,0,0,Europe
CUST_00231,2024-07-30,2024-12-03,2024-11-27,2025-03-03,96,216,0,False,1,0.0,0.0,0.0,0.0,0.0,0.0,0.0,0.0,0.0,0.0,2,4,2.0,1407.5700000000002,351.89250000000004,0.0,659.08,0.0,0.0,748.49,0,2,0,0,2,Other,24,1.0,0.0,0.0,0,0,0,0,Asia
CUST_00238,2024-06-20,2024-12-03,2024-10-18,2025-03-03,136,256,0,False,1,0.0,0.0,0.0,0.0,0.0,0.0,0.0,0.0,0.0,0.0,1,1,1.0,1381.81,1381.81,0.0,1381.81,0.0,0.0,0.0,0,1,0,0,0,F,27,0.0,1.0,0.0,0,0,0,0,Europe
CUST_00248,2024-07-03,2024-12-03,2024-10-31,2025-03-03,123,243,0,False,1,0.0,0.0,0.0,0.0,0.0,0.0,0.0,0.0,0.0,0.0,1,2,2.0,619.2,309.6,0.0,619.2,0.0,0.0,0.0,0,2,0,0,0,M,43,0.0,1.0,0.0,0,0,0,0,Europe
CUST_00253,2024-07-09,2024-12-03,2024-11-06,2025-03-03,117,237,0,False,1,0.0,0.0,0.0,0.0,0.0,0.0,0.0,0.0,0.0,0.0,1,2,2.0,1391.38,695.69,1391.38,0.0,0.0,0.0,0.0,2,0,0,0,0,F,32,1.0,0.0,0.0,0,0,0,0,Asia
CUST_00267,2024-07-20,2024-12-03,2024-11-17,2025-03-03,106,226,0,False,1,0.0,0.0,0.0,0.0,0.0,0.0,0.0,0.0,0.0,0.0,1,1,1.0,470.16,470.16,0.0,0.0,0.0,0.0,470.16,0,0,0,0,1,F,42,0.0,1.0,0.0,0,0,0,0,Europe
CUST_00270,2024-06-27,2024-12-03,2024-10-25,2025-03-03,129,249,0,False,1,0.0,0.0,0.0,0.0,0.0,0.0,0.0,0.0,0.0,0.0,1,3,3.0,1660.27,553.4233333333333,1660.27,0.0,0.0,0.0,0.0,3,0,0,0,0,M,65,1.0,0.0,0.0,0,0,0,0,Asia
CUST_00273,2024-07-17,2024-12-03,2024-11-14,2025-03-03,109,229,0,False,1,0.0,0.0,0.0,0.0,0.0,0.0,0.0,0.0,0.0,0.0,1,2,2.0,1945.57,972.785,0.0,0.0,0.0,0.0,1945.57,0,0,0,0,2,M,43,0.0,0.0,1.0,0,0,0,0,North America
CUST_00274,2024-06-16,2024-12-03,2024-10-14,2024-12-14,61,181,1,True,1,0.0,0.0,0.0,0.0,0.0,0.0,0.0,0.0,0.0,0.0,2,2,1.0,1129.29,564.645,0.0,934.76,0.0,194.53,0.0,0,1,0,1,0,F,67,1.0,0.0,0.0,0,0,0,0,Asia
CUST_00280,2024-06-26,2024-12-03,2024-10-24,2025-03-03,130,250,0,False,1,0.0,0.0,0.0,0.0,0.0,0.0,0.0,0.0,0.0,0.0,1,4,4.0,1205.82,301.455,0.0,0.0,0.0,0.0,1205.82,0,0,0,0,4,M,40,0.0,0.0,1.0,0,0,0,0,North America
CUST_00282,2024-07-29,2024-12-03,2024-11-26,2025-03-03,97,217,0,False,1,0.0,0.0,0.0,0.0,0.0,0.0,0.0,0.0,0.0,0.0,2,4,2.0,2491.42,873.2033333333334,0.0,0.0,0.0,1117.52,1373.9,0,0,0,3,1,M,50,0.0,1.0,0.0,0,0,0,0,Europe
CUST_00284,2024-07-24,2024-12-03,2024-11-21,2025-03-03,102,222,0,False,1,0.0,0.0,0.0,0.0,0.0,0.0,0.0,0.0,0.0,0.0,1,1,1.0,1826.65,1826.65,1826.65,0.0,0.0,0.0,0.0,1,0,0,0,0,F,57,0.0,1.0,0.0,0,0,0,0,Europe
CUST_00305,2024-08-03,2024-12-03,2024-12-01,2025-03-03,92,212,0,False,1,0.0,0.0,0.0,0.0,0.0,0.0,0.0,0.0,0.0,0.0,1,1,1.0,1954.91,1954.91,0.0,0.0,1954.91,0.0,0.0,0,0,1,0,0,F,69,1.0,0.0,0.0,0,0,0,0,Asia
CUST_00316,2024-06-04,2024-12-03,2024-10-02,2025-03-03,152,272,0,False,1,0.0,0.0,0.0,0.0,0.0,0.0,0.0,0.0,0.0,0.0,1,3,3.0,657.32,219.10666666666668,0.0,0.0,0.0,0.0,657.32,0,0,0,0,3,F,39,0.0,1.0,0.0,0,0,0,0,Europe
CUST_00338,2024-07-03,2024-12-03,2024-10-31,2025-03-03,123,243,0,False,1,0.0,0.0,0.0,0.0,0.0,0.0,0.0,0.0,0.0,0.0,1,1,1.0,1817.81,1817.81,0.0,0.0,0.0,0.0,1817.81,0,0,0,0,1,M,56,0.0,1.0,0.0,0,0,0,0,Europe
CUST_00346,2024-06-10,2024-12-03,2024-10-08,2025-03-03,146,266,0,False,1,0.0,0.0,0.0,0.0,0.0,0.0,0.0,0.0,0.0,0.0,1,2,2.0,1368.84,684.42,0.0,0.0,0.0,0.0,1368.84,0,0,0,0,2,M,30,1.0,0.0,0.0,0,0,0,0,Asia
CUST_00347,2024-07-02,2024-12-03,2024-10-30,2025-03-03,124,244,0,False,1,0.0,0.0,0.0,0.0,0.0,0.0,0.0,0.0,0.0,0.0,1,2,2.0,174.38,87.19,0.0,0.0,0.0,0.0,174.38,0,0,0,0,2,M,58,0.0,1.0,0.0,0,0,0,0,Europe
CUST_00351,2024-08-03,2024-12-03,2024-12-01,2025-03-03,92,212,0,False,0,0.0,0.0,0.0,0.0,0.0,0.0,0.0,0.0,0.0,0.0,1,2,2.0,136.0,68.0,0.0,0.0,0.0,0.0,136.0,0,0,0,0,2,F,60,0.0,1.0,0.0,0,0,0,0,Europe
CUST_00358,2024-06-28,2024-12-03,2024-10-26,2025-03-03,128,248,0,False,1,0.0,0.0,0.0,0.0,0.0,0.0,0.0,0.0,0.0,0.0,1,1,1.0,364.16,364.16,0.0,0.0,364.16,0.0,0.0,0,0,1,0,0,M,55,0.0,1.0,0.0,0,0,0,0,Europe
CUST_00362,2024-06-17,2024-12-03,2024-10-15,2025-03-03,139,259,0,False,1,0.0,0.0,0.0,0.0,0.0,0.0,0.0,0.0,0.0,0.0,1,2,2.0,1051.89,525.945,0.0,1051.89,0.0,0.0,0.0,0,2,0,0,0,M,69,0.0,1.0,0.0,0,0,0,0,Europe
CUST_00378,2024-06-22,2024-12-03,2024-10-20,2025-03-03,134,254,0,False,1,0.0,0.0,0.0,0.0,0.0,0.0,0.0,0.0,0.0,0.0,1,1,1.0,258.7,258.7,0.0,0.0,258.7,0.0,0.0,0,0,1,0,0,M,22,0.0,0.0,1.0,0,0,0,0,North America
CUST_00381,2024-07-15,2024-12-03,2024-11-12,2025-03-03,111,231,0,False,0,0.0,0.0,0.0,0.0,0.0,0.0,0.0,0.0,0.0,0.0,2,6,3.0,2476.36,412.7266666666667,0.0,0.0,0.0,0.0,2476.36,0,0,0,0,6,M,49,0.0,0.0,1.0,0,0,0,0,North America
CUST_00383,2024-06-07,2024-12-03,2024-10-05,2024-12-18,74,194,1,True,1,0.0,1.0,0.0,0.0,1.0,0.0,0.0,0.0,0.0,0.0,2,3,1.5,1337.63,445.96500000000003,0.0,0.0,0.0,891.4,446.23,0,0,0,2,1,M,55,1.0,0.0,0.0,0,0,0,0,Asia
CUST_00395,2024-07-16,2024-12-03,2024-11-13,2025-03-03,110,230,0,False,1,0.0,0.0,0.0,0.0,0.0,0.0,0.0,0.0,0.0,0.0,1,2,2.0,1941.86,970.93,0.0,0.0,0.0,1941.86,0.0,0,0,0,2,0,Other,59,0.0,1.0,0.0,0,0,0,0,Europe
CUST_00398,2024-07-27,2024-12-03,2024-11-24,2025-03-03,99,219,0,False,1,0.0,0.0,0.0,0.0,0.0,0.0,0.0,0.0,0.0,0.0,1,1,1.0,916.73,916.73,0.0,0.0,916.73,0.0,0.0,0,0,1,0,0,M,46,0.0,0.0,1.0,0,0,0,0,North America
CUST_00400,2024-06-10,2024-12-03,2024-10-08,2024-12-12,65,185,1,True,1,0.0,0.0,0.0,1.0,1.0,0.0,0.0,0.0,0.0,0.0,2,4,2.0,2799.5600000000004,699.8900000000001,0.0,0.0,2799.5600000000004,0.0,0.0,0,0,4,0,0,M,30,0.0,1.0,0.0,0,0,0,0,Europe
CUST_00406,2024-06-13,2024-12-03,2024-10-11,2025-03-03,143,263,0,False,1,0.0,0.0,0.0,0.0,0.0,0.0,0.0,0.0,0.0,0.0,1,1,1.0,1297.4,1297.4,0.0,0.0,1297.4,0.0,0.0,0,0,1,0,0,M,52,0.0,1.0,0.0,0,0,0,0,Europe
CUST_00411,2024-07-25,2024-12-03,2024-11-22,2025-03-03,101,221,0,False,1,0.0,0.0,0.0,0.0,0.0,0.0,0.0,0.0,0.0,0.0,1,3,3.0,529.31,176.43666666666664,0.0,0.0,0.0,0.0,529.31,0,0,0,0,3,F,45,0.0,0.0,1.0,0,0,0,0,North America
CUST_00424,2024-06-29,2024-12-03,2024-10-27,2025-03-03,127,247,0,False,1,0.0,0.0,0.0,0.0,0.0,0.0,0.0,0.0,0.0,0.0,2,3,1.5,1404.1000000000001,392.88,1236.68,0.0,0.0,167.42,0.0,2,0,0,1,0,F,22,0.0,1.0,0.0,0,0,0,0,Europe
CUST_00429,2024-06-19,2024-12-03,2024-10-17,2025-03-03,137,257,0,False,1,0.0,0.0,0.0,0.0,0.0,0.0,0.0,0.0,0.0,0.0,1,4,4.0,1061.88,265.47,0.0,1061.88,0.0,0.0,0.0,0,4,0,0,0,M,26,0.0,1.0,0.0,0,0,0,0,Europe
CUST_00438,2024-07-15,2024-12-03,2024-11-12,2025-03-03,111,231,0,False,1,0.0,0.0,0.0,0.0,0.0,0.0,0.0,0.0,0.0,0.0,3,8,2.6666666666666665,2922.19,674.1894444444445,0.0,0.0,2922.19,0.0,0.0,0,0,8,0,0,F,50,1.0,0.0,0.0,0,0,0,0,Asia
CUST_00443,2024-07-30,2024-12-03,2024-11-27,2025-03-03,96,216,0,False,0,0.0,0.0,0.0,0.0,0.0,0.0,0.0,0.0,0.0,0.0,2,5,2.5,845.48,170.06083333333333,0.0,495.71,349.77,0.0,0.0,0,3,2,0,0,F,33,0.0,1.0,0.0,0,0,0,0,Europe
CUST_00447,2024-07-10,2024-12-03,2024-11-07,2025-03-03,116,236,0,False,1,0.0,0.0,0.0,0.0,0.0,0.0,0.0,0.0,0.0,0.0,1,1,1.0,1871.34,1871.34,1871.34,0.0,0.0,0.0,0.0,1,0,0,0,0,M,47,1.0,0.0,0.0,0,0,0,0,Asia
CUST_00472,2024-07-08,2024-12-03,2024-11-05,2025-03-03,118,238,0,False,1,0.0,0.0,0.0,0.0,0.0,0.0,0.0,0.0,0.0,0.0,1,2,2.0,1336.53,668.265,0.0,0.0,0.0,1336.53,0.0,0,0,0,2,0,Other,44,1.0,0.0,0.0,0,0,0,0,Asia
CUST_00475,2024-08-01,2024-12-03,2024-11-29,2025-03-03,94,214,0,False,0,0.0,0.0,0.0,0.0,0.0,0.0,0.0,0.0,0.0,0.0,4,10,2.5,3931.5099999999998,409.6116666666667,0.0,950.71,0.0,2980.8,0.0,0,5,0,5,0,F,25,0.0,1.0,0.0,0,0,0,0,Europe
CUST_00478,2024-07-13,2024-12-03,2024-11-10,2024-12-09,29,149,1,True,1,0.0,0.0,1.0,0.0,1.0,0.0,0.0,0.0,0.0,0.0,3,6,2.0,2008.4899999999998,334.7483333333333,600.16,0.0,1408.33,0.0,0.0,2,0,4,0,0,F,54,0.0,1.0,0.0,0,0,0,0,Europe
CUST_00490,2024-07-06,2024-12-03,2024-11-03,2025-03-03,120,240,0,False,1,0.0,0.0,0.0,0.0,0.0,0.0,0.0,0.0,0.0,0.0,2,5,2.5,2163.75,525.05,0.0,0.0,2163.75,0.0,0.0,0,0,5,0,0,M,32,0.0,1.0,0.0,0,0,0,0,Europe
CUST_00498,2024-06-04,2024-12-03,2024-10-02,2025-03-03,152,272,0,False,1,0.0,0.0,0.0,0.0,0.0,0.0,0.0,0.0,0.0,0.0,1,1,1.0,1978.45,1978.45,1978.45,0.0,0.0,0.0,0.0,1,0,0,0,0,F,24,0.0,1.0,0.0,0,0,0,0,Europe
CUST_00501,2024-08-04,2024-12-03,2024-12-02,2025-03-03,91,211,0,False,0,0.0,0.0,0.0,0.0,0.0,0.0,0.0,0.0,0.0,0.0,2,4,2.0,2395.1000000000004,598.7750000000001,0.0,1481.64,0.0,913.46,0.0,0,2,0,2,0,F,41,0.0,0.0,1.0,0,0,0,0,North America
CUST_00503,2024-06-10,2024-12-03,2024-10-08,2025-03-03,146,266,0,False,1,0.0,0.0,0.0,0.0,0.0,0.0,0.0,0.0,0.0,0.0,1,2,2.0,1492.62,746.31,0.0,0.0,1492.62,0.0,0.0,0,0,2,0,0,M,36,0.0,1.0,0.0,0,0,0,0,Europe
CUST_00506,2024-06-14,2024-12-03,2024-10-12,2025-03-03,142,262,0,False,1,0.0,0.0,0.0,0.0,0.0,0.0,0.0,0.0,0.0,0.0,1,1,1.0,975.02,975.02,0.0,0.0,0.0,975.02,0.0,0,0,0,1,0,F,63,1.0,0.0,0.0,0,0,0,0,Asia
CUST_00514,2024-07-24,2024-12-03,2024-11-21,2025-03-03,102,222,0,False,1,0.0,0.0,0.0,0.0,0.0,0.0,0.0,0.0,0.0,0.0,1,3,3.0,481.11,160.37,0.0,0.0,481.11,0.0,0.0,0,0,3,0,0,M,21,0.0,1.0,0.0,0,0,0,0,Europe
CUST_00523,2024-07-17,2024-12-03,2024-11-14,2025-03-03,109,229,0,False,1,0.0,0.0,0.0,0.0,0.0,0.0,0.0,0.0,0.0,0.0,1,2,2.0,184.54,92.27,0.0,0.0,0.0,184.54,0.0,0,0,0,2,0,F,75,0.0,1.0,0.0,0,0,0,0,Europe
CUST_00536,2024-07-21,2024-12-03,2024-11-18,2025-03-03,105,225,0,False,1,0.0,0.0,0.0,0.0,0.0,0.0,0.0,0.0,0.0,0.0,1,2,2.0,1391.15,695.575,0.0,0.0,0.0,1391.15,0.0,0,0,0,2,0,M,37,0.0,1.0,0.0,0,0,0,0,Europe
CUST_00539,2024-06-29,2024-12-03,2024-10-27,2025-03-03,127,247,0,False,1,0.0,0.0,0.0,0.0,0.0,0.0,0.0,0.0,0.0,0.0,1,2,2.0,1368.57,684.285,1368.57,0.0,0.0,0.0,0.0,2,0,0,0,0,M,47,0.0,1.0,0.0,0,0,0,0,Europe
CUST_00552,2024-07-09,2024-12-03,2024-11-06,2024-12-21,45,165,1,True,1,1.0,2.0,2.0,0.0,5.0,0.0,0.0,0.0,0.0,0.0,3,7,2.3333333333333335,2710.5899999999997,510.8233333333333,0.0,2206.7,0.0,0.0,503.89,0,4,0,0,3,M,29,1.0,0.0,0.0,0,0,0,0,Asia
CUST_00557,2024-06-22,2024-12-03,2024-10-20,2025-03-03,134,254,0,False,0,0.0,0.0,0.0,0.0,0.0,0.0,0.0,0.0,0.0,0.0,1,4,4.0,1497.37,374.3425,0.0,0.0,1497.37,0.0,0.0,0,0,4,0,0,F,71,1.0,0.0,0.0,0,0,0,0,Asia
CUST_00559,2024-07-28,2024-12-03,2024-11-25,2025-03-03,98,218,0,False,1,0.0,0.0,0.0,0.0,0.0,0.0,0.0,0.0,0.0,0.0,2,5,2.5,2572.23,724.68,0.0,1497.16,1075.07,0.0,0.0,0,4,1,0,0,F,60,0.0,1.0,0.0,0,0,0,0,Europe
CUST_00568,2024-07-27,2024-12-03,2024-11-24,2025-03-03,99,219,0,False,1,0.0,0.0,0.0,0.0,0.0,0.0,0.0,0.0,0.0,0.0,2,6,3.0,2429.46,404.90999999999997,1622.74,0.0,0.0,806.72,0.0,3,0,0,3,0,F,39,0.0,1.0,0.0,0,0,0,0,Europe
CUST_00569,2024-06-27,2024-12-03,2024-10-25,2025-03-03,129,249,0,False,1,0.0,0.0,0.0,0.0,0.0,0.0,0.0,0.0,0.0,0.0,1,1,1.0,765.78,765.78,0.0,765.78,0.0,0.0,0.0,0,1,0,0,0,M,53,0.0,1.0,0.0,0,0,0,0,Europe
CUST_00578,2024-06-25,2024-12-03,2024-10-23,2025-03-03,131,251,0,False,1,0.0,0.0,0.0,0.0,0.0,0.0,0.0,0.0,0.0,0.0,1,4,4.0,853.63,213.4075,0.0,0.0,853.63,0.0,0.0,0,0,4,0,0,F,57,0.0,1.0,0.0,0,0,0,0,Europe
CUST_00579,2024-06-21,2024-12-03,2024-10-19,2025-03-03,135,255,0,False,1,0.0,0.0,0.0,0.0,0.0,0.0,0.0,0.0,0.0,0.0,1,2,2.0,1087.25,543.625,0.0,0.0,1087.25,0.0,0.0,0,0,2,0,0,F,44,0.0,1.0,0.0,0,0,0,0,Europe
CUST_00582,2024-08-02,2024-12-03,2024-11-30,2025-03-03,93,213,0,False,1,0.0,0.0,0.0,0.0,0.0,0.0,0.0,0.0,0.0,0.0,1,1,1.0,969.44,969.44,0.0,0.0,0.0,969.44,0.0,0,0,0,1,0,M,31,0.0,1.0,0.0,0,0,0,0,Europe
CUST_00617,2024-07-23,2024-12-03,2024-11-20,2024-12-09,19,139,1,True,1,0.0,0.0,0.0,0.0,0.0,0.0,0.0,0.0,0.0,0.0,4,8,2.0,4605.16,604.3612499999999,0.0,3017.2799999999997,0.0,609.92,977.96,0,5,0,1,2,M,25,0.0,1.0,0.0,0,0,0,0,Europe
CUST_00624,2024-06-02,2024-12-03,2024-09-30,2025-03-03,154,274,0,False,1,0.0,0.0,0.0,0.0,0.0,0.0,0.0,0.0,0.0,0.0,1,2,2.0,1458.08,729.04,0.0,0.0,0.0,0.0,1458.08,0,0,0,0,2,M,47,1.0,0.0,0.0,0,0,0,0,Asia
CUST_00628,2024-07-01,2024-12-03,2024-10-29,2025-03-03,125,245,0,False,0,0.0,0.0,0.0,0.0,0.0,0.0,0.0,0.0,0.0,0.0,2,6,3.0,2806.51,467.75166666666667,0.0,887.06,0.0,1919.45,0.0,0,3,0,3,0,Other,42,0.0,1.0,0.0,0,0,0,0,Europe
CUST_00636,2024-06-23,2024-12-03,2024-10-21,2025-03-03,133,253,0,False,0,0.0,0.0,0.0,0.0,0.0,0.0,0.0,0.0,0.0,0.0,1,1,1.0,1794.84,1794.84,0.0,1794.84,0.0,0.0,0.0,0,1,0,0,0,F,65,1.0,0.0,0.0,0,0,0,0,Asia
CUST_00637,2024-06-22,2024-12-03,2024-10-20,2025-03-03,134,254,0,False,1,0.0,0.0,0.0,0.0,0.0,0.0,0.0,0.0,0.0,0.0,1,3,3.0,1231.09,410.3633333333333,0.0,0.0,0.0,1231.09,0.0,0,0,0,3,0,F,47,1.0,0.0,0.0,0,0,0,0,Asia
CUST_00641,2024-07-20,2024-12-03,2024-11-17,2025-03-03,106,226,0,False,1,0.0,0.0,0.0,0.0,0.0,0.0,0.0,0.0,0.0,0.0,1,2,2.0,1462.37,731.185,0.0,0.0,0.0,1462.37,0.0,0,0,0,2,0,M,40,0.0,1.0,0.0,0,0,0,0,Europe
CUST_00645,2024-06-23,2024-12-03,2024-10-21,2025-03-03,133,253,0,False,1,0.0,0.0,0.0,0.0,0.0,0.0,0.0,0.0,0.0,0.0,1,3,3.0,661.55,220.51666666666665,0.0,661.55,0.0,0.0,0.0,0,3,0,0,0,F,52,0.0,0.0,1.0,0,0,0,0,North America
CUST_00648,2024-06-26,2024-12-03,2024-10-24,2025-03-03,130,250,0,False,1,0.0,0.0,0.0,0.0,0.0,0.0,0.0,0.0,0.0,0.0,1,2,2.0,1861.15,930.575,1861.15,0.0,0.0,0.0,0.0,2,0,0,0,0,M,41,1.0,0.0,0.0,0,0,0,0,Asia
CUST_00650,2024-06-16,2024-12-03,2024-10-14,2024-12-29,76,196,1,True,1,0.0,0.0,0.0,0.0,0.0,0.0,0.0,0.0,0.0,0.0,2,4,2.0,2398.61,1036.8216666666667,2398.61,0.0,0.0,0.0,0.0,4,0,0,0,0,M,40,0.0,1.0,0.0,0,0,0,0,Europe
CUST_00654,2024-06-25,2024-12-03,2024-10-23,2025-03-03,131,251,0,False,0,0.0,0.0,0.0,0.0,0.0,0.0,0.0,0.0,0.0,0.0,1,2,2.0,812.59,406.295,812.59,0.0,0.0,0.0,0.0,2,0,0,0,0,M,44,0.0,0.0,1.0,0,0,0,0,North America
CUST_00660,2024-07-07,2024-12-03,2024-11-04,2025-03-03,119,239,0,False,0,0.0,0.0,0.0,0.0,0.0,0.0,0.0,0.0,0.0,0.0,2,3,1.5,2267.35,845.0325,0.0,0.0,0.0,0.0,2267.35,0,0,0,0,3,F,27,1.0,0.0,0.0,0,0,0,0,Asia
CUST_00662,2024-06-18,2024-12-03,2024-10-16,2025-03-03,138,258,0,False,1,0.0,0.0,0.0,0.0,0.0,0.0,0.0,0.0,0.0,0.0,1,1,1.0,1883.89,1883.89,0.0,1883.89,0.0,0.0,0.0,0,1,0,0,0,M,63,1.0,0.0,0.0,0,0,0,0,Asia
CUST_00665,2024-07-08,2024-12-03,2024-11-05,2025-03-03,118,238,0,False,1,0.0,0.0,0.0,0.0,0.0,0.0,0.0,0.0,0.0,0.0,1,6,6.0,646.89,107.815,0.0,0.0,646.89,0.0,0.0,0,0,6,0,0,M,41,0.0,1.0,0.0,0,0,0,0,Europe
CUST_00669,2024-07-16,2024-12-03,2024-11-13,2025-03-03,110,230,0,False,1,0.0,0.0,0.0,0.0,0.0,0.0,0.0,0.0,0.0,0.0,1,1,1.0,817.4,817.4,817.4,0.0,0.0,0.0,0.0,1,0,0,0,0,F,27,0.0,1.0,0.0,0,0,0,0,Europe
CUST_00678,2024-06-20,2024-12-03,2024-10-18,2025-03-03,136,256,0,False,1,0.0,0.0,0.0,0.0,0.0,0.0,0.0,0.0,0.0,0.0,1,2,2.0,1485.94,742.97,0.0,0.0,0.0,1485.94,0.0,0,0,0,2,0,F,64,0.0,1.0,0.0,0,0,0,0,Europe
CUST_00680,2024-06-03,2024-12-03,2024-10-01,2025-03-03,153,273,0,False,0,0.0,0.0,0.0,0.0,0.0,0.0,0.0,0.0,0.0,0.0,1,2,2.0,1846.56,923.28,1846.56,0.0,0.0,0.0,0.0,2,0,0,0,0,F,57,0.0,1.0,0.0,0,0,0,0,Europe
CUST_00681,2024-07-21,2024-12-03,2024-11-18,2025-03-03,105,225,0,False,1,0.0,0.0,0.0,0.0,0.0,0.0,0.0,0.0,0.0,0.0,1,2,2.0,788.01,394.005,0.0,0.0,0.0,788.01,0.0,0,0,0,2,0,M,64,0.0,1.0,0.0,0,0,0,0,Europe
CUST_00689,2024-06-01,2024-12-03,2024-09-29,2024-12-17,79,199,1,True,1,0.0,1.0,1.0,0.0,2.0,0.0,0.0,1.0,0.0,1.0,2,5,2.5,2422.41,561.9525,0.0,0.0,523.8,1898.61,0.0,0,0,3,2,0,M,29,1.0,0.0,0.0,0,0,0,0,Asia
CUST_00699,2024-07-27,2024-12-03,2024-11-24,2024-12-10,16,136,1,True,1,1.0,0.0,0.0,0.0,1.0,0.0,0.0,0.0,0.0,0.0,2,3,1.5,1103.97,512.39,945.59,0.0,0.0,158.38,0.0,1,0,0,2,0,M,23,0.0,1.0,0.0,0,0,0,0,Europe
CUST_00702,2024-06-26,2024-12-03,2024-10-24,2025-03-03,130,250,0,False,1,0.0,0.0,0.0,0.0,0.0,0.0,0.0,0.0,0.0,0.0,2,7,3.5,2729.6400000000003,526.4970000000001,0.0,1039.42,0.0,1690.22,0.0,0,5,0,2,0,F,37,0.0,1.0,0.0,0,0,0,0,Europe
CUST_00710,2024-07-22,2024-12-03,2024-11-19,2025-03-03,104,224,0,False,1,0.0,0.0,0.0,0.0,0.0,0.0,0.0,0.0,0.0,0.0,1,2,2.0,1370.46,685.23,0.0,0.0,1370.46,0.0,0.0,0,0,2,0,0,F,41,0.0,0.0,1.0,0,0,0,0,North America
CUST_00717,2024-06-30,2024-12-03,2024-10-28,2025-03-03,126,246,0,False,0,0.0,0.0,0.0,0.0,0.0,0.0,0.0,0.0,0.0,0.0,3,7,2.3333333333333335,1136.35,210.91,0.0,101.16,380.92,0.0,654.27,0,3,1,0,3,F,64,1.0,0.0,0.0,0,0,0,0,Asia
CUST_00721,2024-07-21,2024-12-03,2024-11-18,2024-12-17,29,149,1,True,1,0.0,0.0,0.0,0.0,0.0,0.0,0.0,0.0,0.0,0.0,2,5,2.5,1073.1,203.89749999999998,0.0,1073.1,0.0,0.0,0.0,0,5,0,0,0,M,59,0.0,1.0,0.0,0,0,0,0,Europe
CUST_00731,2024-07-12,2024-12-03,2024-11-09,2025-03-03,114,234,0,False,1,0.0,0.0,0.0,0.0,0.0,0.0,0.0,0.0,0.0,0.0,1,3,3.0,1576.73,525.5766666666667,0.0,1576.73,0.0,0.0,0.0,0,3,0,0,0,F,74,0.0,0.0,1.0,0,0,0,0,North America
CUST_00732,2024-07-21,2024-12-03,2024-11-18,2025-03-03,105,225,0,False,1,0.0,0.0,0.0,0.0,0.0,0.0,0.0,0.0,0.0,0.0,2,7,3.5,1440.6599999999999,204.33416666666665,858.62,0.0,0.0,582.04,0.0,4,0,0,3,0,F,71,0.0,0.0,1.0,0,0,0,0,North America
CUST_00735,2024-07-28,2024-12-03,2024-11-25,2025-03-03,98,218,0,False,1,0.0,0.0,0.0,0.0,0.0,0.0,0.0,0.0,0.0,0.0,2,6,3.0,2293.06,324.83500000000004,0.0,0.0,0.0,305.62,1987.44,0,0,0,2,4,F,38,0.0,0.0,1.0,0,0,0,0,North America
CUST_00744,2024-07-20,2024-12-03,2024-11-17,2025-03-03,106,226,0,False,1,0.0,0.0,0.0,0.0,0.0,0.0,0.0,0.0,0.0,0.0,1,2,2.0,500.81,250.405,0.0,500.81,0.0,0.0,0.0,0,2,0,0,0,F,69,0.0,1.0,0.0,0,0,0,0,Europe
CUST_00747,2024-06-04,2024-12-03,2024-10-02,2025-03-03,152,272,0,False,1,0.0,0.0,0.0,0.0,0.0,0.0,0.0,0.0,0.0,0.0,1,1,1.0,1002.44,1002.44,0.0,0.0,1002.44,0.0,0.0,0,0,1,0,0,F,72,0.0,0.0,1.0,0,0,0,0,North America
CUST_00757,2024-07-31,2024-12-03,2024-11-28,2024-12-04,6,126,1,True,1,0.0,0.0,0.0,0.0,0.0,0.0,0.0,0.0,0.0,0.0,4,7,1.75,2849.52,450.87416666666667,937.7,379.3,865.76,0.0,666.76,2,1,3,0,1,M,50,0.0,1.0,0.0,0,0,0,0,Europe
CUST_00761,2024-07-27,2024-12-03,2024-11-24,2025-03-03,99,219,0,False,1,0.0,0.0,0.0,0.0,0.0,0.0,0.0,0.0,0.0,0.0,1,1,1.0,1175.26,1175.26,0.0,1175.26,0.0,0.0,0.0,0,1,0,0,0,F,31,1.0,0.0,0.0,0,0,0,0,Asia
CUST_00766,2024-08-03,2024-12-03,2024-12-01,2025-03-03,92,212,0,False,1,0.0,0.0,0.0,0.0,0.0,0.0,0.0,0.0,0.0,0.0,1,1,1.0,698.98,698.98,0.0,698.98,0.0,0.0,0.0,0,1,0,0,0,F,48,1.0,0.0,0.0,0,0,0,0,Asia
CUST_00768,2024-06-28,2024-12-03,2024-10-26,2025-03-03,128,248,0,False,1,0.0,0.0,0.0,0.0,0.0,0.0,0.0,0.0,0.0,0.0,1,2,2.0,349.59,174.795,0.0,349.59,0.0,0.0,0.0,0,2,0,0,0,M,35,1.0,0.0,0.0,0,0,0,0,Asia
CUST_00780,2024-06-28,2024-12-03,2024-10-26,2025-03-03,128,248,0,False,1,0.0,0.0,0.0,0.0,0.0,0.0,0.0,0.0,0.0,0.0,1,2,2.0,1453.41,726.705,0.0,0.0,1453.41,0.0,0.0,0,0,2,0,0,F,32,0.0,0.0,1.0,0,0,0,0,North America
CUST_00782,2024-06-29,2024-12-03,2024-10-27,2025-03-03,127,247,0,False,0,0.0,0.0,0.0,0.0,0.0,0.0,0.0,0.0,0.0,0.0,2,6,3.0,1815.69,281.07124999999996,1382.81,432.88,0.0,0.0,0.0,4,2,0,0,0,F,44,0.0,1.0,0.0,0,0,0,0,Europe
CUST_00785,2024-06-24,2024-12-03,2024-10-22,2025-03-03,132,252,0,False,1,0.0,0.0,0.0,0.0,0.0,0.0,0.0,0.0,0.0,0.0,1,1,1.0,1698.58,1698.58,0.0,0.0,0.0,0.0,1698.58,0,0,0,0,1,F,55,0.0,1.0,0.0,0,0,0,0,Europe
CUST_00798,2024-07-14,2024-12-03,2024-11-11,2025-03-03,112,232,0,False,1,0.0,0.0,0.0,0.0,0.0,0.0,0.0,0.0,0.0,0.0,1,2,2.0,182.16,91.08,0.0,0.0,182.16,0.0,0.0,0,0,2,0,0,F,27,0.0,1.0,0.0,0,0,0,0,Europe
CUST_00799,2024-07-07,2024-12-03,2024-11-04,2025-03-03,119,239,0,False,1,0.0,0.0,0.0,0.0,0.0,0.0,0.0,0.0,0.0,0.0,2,5,2.5,1555.25,277.0175,0.0,0.0,1341.54,0.0,213.71,0,0,3,0,2,M,62,1.0,0.0,0.0,0,0,0,0,Asia
CUST_00801,2024-07-22,2024-12-03,2024-11-19,2025-03-03,104,224,0,False,1,0.0,0.0,0.0,0.0,0.0,0.0,0.0,0.0,0.0,0.0,1,2,2.0,1654.91,827.455,0.0,0.0,1654.91,0.0,0.0,0,0,2,0,0,M,45,0.0,0.0,1.0,0,0,0,0,North America
CUST_00809,2024-06-26,2024-12-03,2024-10-24,2025-03-03,130,250,0,False,1,0.0,0.0,0.0,0.0,0.0,0.0,0.0,0.0,0.0,0.0,1,2,2.0,1674.12,837.06,0.0,0.0,0.0,0.0,1674.12,0,0,0,0,2,F,65,0.0,1.0,0.0,0,0,0,0,Europe
CUST_00810,2024-06-22,2024-12-03,2024-10-20,2025-03-03,134,254,0,False,1,0.0,0.0,0.0,0.0,0.0,0.0,0.0,0.0,0.0,0.0,1,3,3.0,707.52,235.84,0.0,0.0,0.0,0.0,707.52,0,0,0,0,3,F,64,1.0,0.0,0.0,0,0,0,0,Asia
CUST_00812,2024-07-21,2024-12-03,2024-11-18,2025-03-03,105,225,0,False,1,0.0,0.0,0.0,0.0,0.0,0.0,0.0,0.0,0.0,0.0,1,1,1.0,600.14,600.14,600.14,0.0,0.0,0.0,0.0,1,0,0,0,0,Other,44,1.0,0.0,0.0,0,0,0,0,Asia
CUST_00823,2024-07-03,2024-12-03,2024-10-31,2025-03-03,123,243,0,False,1,0.0,0.0,0.0,0.0,0.0,0.0,0.0,0.0,0.0,0.0,1,3,3.0,1483.16,494.3866666666667,0.0,0.0,0.0,0.0,1483.16,0,0,0,0,3,F,50,0.0,0.0,1.0,0,0,0,0,North America
CUST_00824,2024-06-16,2024-12-03,2024-10-14,2025-03-03,140,260,0,False,1,0.0,0.0,0.0,0.0,0.0,0.0,0.0,0.0,0.0,0.0,1,3,3.0,1589.48,529.8266666666667,0.0,0.0,1589.48,0.0,0.0,0,0,3,0,0,M,68,0.0,1.0,0.0,0,0,0,0,Europe
CUST_00834,2024-07-06,2024-12-03,2024-11-03,2024-12-18,45,165,1,True,1,0.0,0.0,0.0,0.0,0.0,0.0,0.0,0.0,0.0,0.0,3,6,2.0,3152.1400000000003,553.3738888888889,0.0,0.0,2043.3500000000001,0.0,1108.79,0,0,3,0,3,F,67,1.0,0.0,0.0,0,0,0,0,Asia
CUST_00839,2024-07-26,2024-12-03,2024-11-23,2025-03-03,100,220,0,False,0,0.0,0.0,0.0,0.0,0.0,0.0,0.0,0.0,0.0,0.0,1,1,1.0,182.08,182.08,0.0,0.0,182.08,0.0,0.0,0,0,1,0,0,F,48,0.0,1.0,0.0,0,0,0,0,Europe
CUST_00848,2024-07-18,2024-12-03,2024-11-15,2025-03-03,108,228,0,False,1,0.0,0.0,0.0,0.0,0.0,0.0,0.0,0.0,0.0,0.0,2,3,1.5,2615.94,1053.21,1019.04,0.0,0.0,0.0,1596.9,2,0,0,0,1,M,71,1.0,0.0,0.0,0,0,0,0,Asia
CUST_00849,2024-07-26,2024-12-03,2024-11-23,2025-03-03,100,220,0,False,1,0.0,0.0,0.0,0.0,0.0,0.0,0.0,0.0,0.0,0.0,2,5,2.5,2993.1400000000003,621.3758333333334,1470.23,1522.91,0.0,0.0,0.0,2,3,0,0,0,F,29,0.0,1.0,0.0,0,0,0,0,Europe
CUST_00856,2024-07-29,2024-12-03,2024-11-26,2025-03-03,97,217,0,False,0,0.0,0.0,0.0,0.0,0.0,0.0,0.0,0.0,0.0,0.0,1,1,1.0,1022.93,1022.93,0.0,0.0,0.0,0.0,1022.93,0,0,0,0,1,M,71,0.0,1.0,0.0,0,0,0,0,Europe
CUST_00857,2024-06-02,2024-12-03,2024-09-30,2025-03-03,154,274,0,False,1,0.0,0.0,0.0,0.0,0.0,0.0,0.0,0.0,0.0,0.0,1,2,2.0,489.29,244.645,0.0,0.0,489.29,0.0,0.0,0,0,2,0,0,F,21,1.0,0.0,0.0,0,0,0,0,Asia
CUST_00872,2024-06-10,2024-12-03,2024-10-08,2025-03-03,146,266,0,False,1,0.0,0.0,0.0,0.0,0.0,0.0,0.0,0.0,0.0,0.0,1,1,1.0,991.85,991.85,0.0,0.0,0.0,0.0,991.85,0,0,0,0,1,M,63,0.0,0.0,1.0,0,0,0,0,North America
CUST_00879,2024-06-26,2024-12-03,2024-10-24,2025-03-03,130,250,0,False,0,0.0,0.0,0.0,0.0,0.0,0.0,0.0,0.0,0.0,0.0,1,1,1.0,254.9,254.9,0.0,0.0,0.0,254.9,0.0,0,0,0,1,0,F,28,1.0,0.0,0.0,0,0,0,0,Asia
CUST_00893,2024-07-04,2024-12-03,2024-11-01,2025-03-03,122,242,0,False,1,0.0,0.0,0.0,0.0,0.0,0.0,0.0,0.0,0.0,0.0,1,4,4.0,1036.06,259.015,0.0,1036.06,0.0,0.0,0.0,0,4,0,0,0,M,39,1.0,0.0,0.0,0,0,0,0,Asia
CUST_00900,2024-07-22,2024-12-03,2024-11-19,2025-03-03,104,224,0,False,1,0.0,0.0,0.0,0.0,0.0,0.0,0.0,0.0,0.0,0.0,1,2,2.0,262.52,131.26,0.0,0.0,0.0,262.52,0.0,0,0,0,2,0,F,67,0.0,0.0,1.0,0,0,0,0,North America
CUST_00922,2024-07-15,2024-12-03,2024-11-12,2025-03-03,111,231,0,False,1,0.0,0.0,0.0,0.0,0.0,0.0,0.0,0.0,0.0,0.0,2,4,2.0,2487.71,621.9275,1307.28,0.0,0.0,0.0,1180.43,2,0,0,0,2,M,64,0.0,1.0,0.0,0,0,0,0,Europe
CUST_00923,2024-07-18,2024-12-03,2024-11-15,2025-03-03,108,228,0,False,0,0.0,0.0,0.0,0.0,0.0,0.0,0.0,0.0,0.0,0.0,1,2,2.0,455.78,227.89,0.0,0.0,455.78,0.0,0.0,0,0,2,0,0,M,75,0.0,1.0,0.0,0,0,0,0,Europe
CUST_00941,2024-06-23,2024-12-03,2024-10-21,2025-03-03,133,253,0,False,1,0.0,0.0,0.0,0.0,0.0,0.0,0.0,0.0,0.0,0.0,1,3,3.0,1119.58,373.1933333333333,0.0,0.0,0.0,1119.58,0.0,0,0,0,3,0,F,38,0.0,0.0,1.0,0,0,0,0,North America
CUST_00951,2024-06-24,2024-12-03,2024-10-22,2025-03-03,132,252,0,False,1,0.0,0.0,0.0,0.0,0.0,0.0,0.0,0.0,0.0,0.0,1,1,1.0,1604.51,1604.51,0.0,0.0,0.0,0.0,1604.51,0,0,0,0,1,F,42,0.0,1.0,0.0,0,0,0,0,Europe
CUST_00953,2024-06-06,2024-12-03,2024-10-04,2025-03-03,150,270,0,False,0,0.0,0.0,0.0,0.0,0.0,0.0,0.0,0.0,0.0,0.0,1,1,1.0,1049.42,1049.42,0.0,0.0,0.0,0.0,1049.42,0,0,0,0,1,F,38,1.0,0.0,0.0,0,0,0,0,Asia
CUST_00957,2024-06-20,2024-12-03,2024-10-18,2025-03-03,136,256,0,False,1,0.0,0.0,0.0,0.0,0.0,0.0,0.0,0.0,0.0,0.0,1,2,2.0,1283.38,641.69,0.0,0.0,1283.38,0.0,0.0,0,0,2,0,0,M,46,0.0,1.0,0.0,0,0,0,0,Europe
CUST_00959,2024-06-11,2024-12-03,2024-10-09,2025-03-03,145,265,0,False,1,0.0,0.0,0.0,0.0,0.0,0.0,0.0,0.0,0.0,0.0,1,3,3.0,1814.02,604.6733333333333,0.0,0.0,1814.02,0.0,0.0,0,0,3,0,0,F,34,0.0,1.0,0.0,0,0,0,0,Europe
CUST_00967,2024-06-29,2024-12-03,2024-10-27,2025-03-03,127,247,0,False,1,0.0,0.0,0.0,0.0,0.0,0.0,0.0,0.0,0.0,0.0,1,3,3.0,1828.39,609.4633333333334,0.0,0.0,0.0,0.0,1828.39,0,0,0,0,3,M,66,0.0,0.0,1.0,0,0,0,0,North America
CUST_00972,2024-06-10,2024-12-03,2024-10-08,2024-12-06,59,179,1,True,1,0.0,0.0,0.0,0.0,0.0,0.0,0.0,0.0,0.0,0.0,2,3,1.5,2952.92,1152.8600000000001,0.0,0.0,1658.52,1294.4,0.0,0,0,1,2,0,M,42,1.0,0.0,0.0,0,0,0,0,Asia
CUST_00981,2024-06-15,2024-12-03,2024-10-13,2025-03-03,141,261,0,False,1,0.0,0.0,0.0,0.0,0.0,0.0,0.0,0.0,0.0,0.0,1,2,2.0,708.54,354.27,0.0,0.0,0.0,0.0,708.54,0,0,0,0,2,F,25,1.0,0.0,0.0,0,0,0,0,Asia
CUST_01002,2024-06-23,2024-12-03,2024-10-21,2025-03-03,133,253,0,False,1,0.0,0.0,0.0,0.0,0.0,0.0,0.0,0.0,0.0,0.0,2,3,1.5,1141.65,352.46000000000004,0.0,0.0,0.0,1141.65,0.0,0,0,0,3,0,F,25,0.0,1.0,0.0,0,0,0,0,Europe
CUST_01013,2024-06-14,2024-12-03,2024-10-12,2024-12-06,55,175,1,True,1,0.0,1.0,0.0,1.0,2.0,0.0,0.0,0.0,0.0,0.0,2,2,1.0,1104.8700000000001,552.4350000000001,192.93,911.94,0.0,0.0,0.0,1,1,0,0,0,F,71,0.0,1.0,0.0,0,0,0,0,Europe
CUST_01015,2024-07-31,2024-12-03,2024-11-28,2025-03-03,95,215,0,False,1,0.0,0.0,0.0,0.0,0.0,0.0,0.0,0.0,0.0,0.0,1,2,2.0,961.97,480.985,0.0,961.97,0.0,0.0,0.0,0,2,0,0,0,F,64,0.0,1.0,0.0,0,0,0,0,Europe
CUST_01027,2024-06-26,2024-12-03,2024-10-24,2025-03-03,130,250,0,False,1,0.0,0.0,0.0,0.0,0.0,0.0,0.0,0.0,0.0,0.0,2,7,3.5,2694.48,393.5191666666667,0.0,0.0,1333.46,1361.02,0.0,0,0,4,3,0,F,54,0.0,1.0,0.0,0,0,0,0,Europe
CUST_01053,2024-07-03,2024-12-03,2024-10-31,2025-03-03,123,243,0,False,1,0.0,0.0,0.0,0.0,0.0,0.0,0.0,0.0,0.0,0.0,1,1,1.0,271.26,271.26,0.0,271.26,0.0,0.0,0.0,0,1,0,0,0,F,25,0.0,1.0,0.0,0,0,0,0,Europe
CUST_01055,2024-07-12,2024-12-03,2024-11-09,2025-03-03,114,234,0,False,1,0.0,0.0,0.0,0.0,0.0,0.0,0.0,0.0,0.0,0.0,2,5,2.5,2743.45,781.93625,1572.77,1170.68,0.0,0.0,0.0,4,1,0,0,0,F,73,1.0,0.0,0.0,0,0,0,0,Asia
CUST_01062,2024-07-04,2024-12-03,2024-11-01,2025-03-03,122,242,0,False,1,0.0,0.0,0.0,0.0,0.0,0.0,0.0,0.0,0.0,0.0,2,6,3.0,1672.98,278.83000000000004,0.0,1379.71,0.0,0.0,293.27,0,3,0,0,3,F,58,0.0,1.0,0.0,0,0,0,0,Europe
CUST_01084,2024-07-13,2024-12-03,2024-11-10,2025-03-03,113,233,0,False,1,0.0,0.0,0.0,0.0,0.0,0.0,0.0,0.0,0.0,0.0,2,4,2.0,2222.82,589.9200000000001,0.0,1564.47,0.0,658.35,0.0,0,3,0,1,0,F,66,0.0,1.0,0.0,0,0,0,0,Europe
CUST_01093,2024-06-08,2024-12-03,2024-10-06,2025-03-03,148,268,0,False,1,0.0,0.0,0.0,0.0,0.0,0.0,0.0,0.0,0.0,0.0,1,1,1.0,626.04,626.04,0.0,0.0,0.0,626.04,0.0,0,0,0,1,0,M,42,0.0,0.0,1.0,0,0,0,0,North America
CUST_01096,2024-07-09,2024-12-03,2024-11-06,2025-03-03,117,237,0,False,1,0.0,0.0,0.0,0.0,0.0,0.0,0.0,0.0,0.0,0.0,1,1,1.0,1585.89,1585.89,0.0,0.0,0.0,0.0,1585.89,0,0,0,0,1,Other,36,0.0,1.0,0.0,0,0,0,0,Europe
CUST_01105,2024-07-22,2024-12-03,2024-11-19,2024-12-25,36,156,1,True,1,2.0,0.0,0.0,0.0,2.0,1.0,0.0,0.0,0.0,1.0,4,9,2.25,4867.44,663.3579166666666,1653.51,774.12,0.0,2439.81,0.0,2,3,0,4,0,F,50,1.0,0.0,0.0,0,0,0,0,Asia
CUST_01107,2024-06-05,2024-12-03,2024-10-03,2025-03-03,151,271,0,False,1,0.0,0.0,0.0,0.0,0.0,0.0,0.0,0.0,0.0,0.0,1,1,1.0,416.64,416.64,0.0,0.0,0.0,416.64,0.0,0,0,0,1,0,F,31,0.0,1.0,0.0,0,0,0,0,Europe
CUST_01111,2024-07-30,2024-12-03,2024-11-27,2025-03-03,96,216,0,False,1,0.0,0.0,0.0,0.0,0.0,0.0,0.0,0.0,0.0,0.0,2,5,2.5,2089.7400000000002,958.30875,0.0,230.83,1858.91,0.0,0.0,0,4,1,0,0,F,23,1.0,0.0,0.0,0,0,0,0,Asia
CUST_01129,2024-07-22,2024-12-03,2024-11-19,2025-03-03,104,224,0,False,0,0.0,0.0,0.0,0.0,0.0,0.0,0.0,0.0,0.0,0.0,2,4,2.0,2180.83,545.2075,640.0,0.0,0.0,1540.83,0.0,2,0,0,2,0,M,45,0.0,1.0,0.0,0,0,0,0,Europe
CUST_01133,2024-06-14,2024-12-03,2024-10-12,2025-03-03,142,262,0,False,1,0.0,0.0,0.0,0.0,0.0,0.0,0.0,0.0,0.0,0.0,1,1,1.0,399.51,399.51,0.0,0.0,399.51,0.0,0.0,0,0,1,0,0,F,52,1.0,0.0,0.0,0,0,0,0,Asia
CUST_01137,2024-07-20,2024-12-03,2024-11-17,2025-03-03,106,226,0,False,1,0.0,0.0,0.0,0.0,0.0,0.0,0.0,0.0,0.0,0.0,2,3,1.5,2028.48,823.47,0.0,0.0,0.0,0.0,2028.48,0,0,0,0,3,F,56,0.0,1.0,0.0,0,0,0,0,Europe
CUST_01138,2024-07-29,2024-12-03,2024-11-26,2025-03-03,97,217,0,False,1,0.0,0.0,0.0,0.0,0.0,0.0,0.0,0.0,0.0,0.0,2,3,1.5,3384.82,1321.6200000000001,0.0,0.0,1901.66,1483.16,0.0,0,0,1,2,0,M,48,0.0,1.0,0.0,0,0,0,0,Europe
CUST_01143,2024-07-08,2024-12-03,2024-11-05,2025-03-03,118,238,0,False,1,0.0,0.0,0.0,0.0,0.0,0.0,0.0,0.0,0.0,0.0,2,2,1.0,1708.3600000000001,854.1800000000001,0.0,0.0,0.0,1421.69,286.67,0,0,0,1,1,F,22,1.0,0.0,0.0,0,0,0,0,Asia
CUST_01147,2024-07-16,2024-12-03,2024-11-13,2025-03-03,110,230,0,False,1,0.0,0.0,0.0,0.0,0.0,0.0,0.0,0.0,0.0,0.0,1,2,2.0,1563.36,781.68,0.0,1563.36,0.0,0.0,0.0,0,2,0,0,0,F,25,0.0,1.0,0.0,0,0,0,0,Europe
CUST_01160,2024-07-07,2024-12-03,2024-11-04,2025-03-03,119,239,0,False,1,0.0,0.0,0.0,0.0,0.0,0.0,0.0,0.0,0.0,0.0,1,1,1.0,1279.38,1279.38,1279.38,0.0,0.0,0.0,0.0,1,0,0,0,0,M,72,0.0,0.0,1.0,0,0,0,0,North America
CUST_01164,2024-07-15,2024-12-03,2024-11-12,2025-03-03,111,231,0,False,1,0.0,0.0,0.0,0.0,0.0,0.0,0.0,0.0,0.0,0.0,1,1,1.0,1058.77,1058.77,0.0,0.0,1058.77,0.0,0.0,0,0,1,0,0,M,56,0.0,1.0,0.0,0,0,0,0,Europe
CUST_01195,2024-07-19,2024-12-03,2024-11-16,2025-03-03,107,227,0,False,1,0.0,0.0,0.0,0.0,0.0,0.0,0.0,0.0,0.0,0.0,1,2,2.0,194.71,97.355,194.71,0.0,0.0,0.0,0.0,2,0,0,0,0,F,67,1.0,0.0,0.0,0,0,0,0,Asia
CUST_01197,2024-06-09,2024-12-03,2024-10-07,2025-03-03,147,267,0,False,1,0.0,0.0,0.0,0.0,0.0,0.0,0.0,0.0,0.0,0.0,1,1,1.0,1200.52,1200.52,0.0,1200.52,0.0,0.0,0.0,0,1,0,0,0,Other,61,0.0,0.0,1.0,0,0,0,0,North America
CUST_01204,2024-07-20,2024-12-03,2024-11-17,2025-03-03,106,226,0,False,1,0.0,0.0,0.0,0.0,0.0,0.0,0.0,0.0,0.0,0.0,2,4,2.0,2195.88,548.97,1910.71,0.0,0.0,0.0,285.17,2,0,0,0,2,M,27,1.0,0.0,0.0,0,0,0,0,Asia
CUST_01210,2024-07-12,2024-12-03,2024-11-09,2025-03-03,114,234,0,False,1,0.0,0.0,0.0,0.0,0.0,0.0,0.0,0.0,0.0,0.0,1,2,2.0,1310.19,655.095,1310.19,0.0,0.0,0.0,0.0,2,0,0,0,0,F,65,1.0,0.0,0.0,0,0,0,0,Asia
CUST_01217,2024-07-20,2024-12-03,2024-11-17,2025-03-03,106,226,0,False,1,0.0,0.0,0.0,0.0,0.0,0.0,0.0,0.0,0.0,0.0,1,2,2.0,740.1,370.05,0.0,0.0,0.0,0.0,740.1,0,0,0,0,2,F,36,0.0,1.0,0.0,0,0,0,0,Europe
CUST_01219,2024-07-31,2024-12-03,2024-11-28,2025-03-03,95,215,0,False,1,0.0,0.0,0.0,0.0,0.0,0.0,0.0,0.0,0.0,0.0,2,2,1.0,1518.8,759.4,358.83,0.0,1159.97,0.0,0.0,1,0,1,0,0,F,47,1.0,0.0,0.0,0,0,0,0,Asia
CUST_01226,2024-07-06,2024-12-03,2024-11-03,2025-03-03,120,240,0,False,1,0.0,0.0,0.0,0.0,0.0,0.0,0.0,0.0,0.0,0.0,1,1,1.0,846.59,846.59,0.0,0.0,0.0,846.59,0.0,0,0,0,1,0,F,41,0.0,1.0,0.0,0,0,0,0,Europe
CUST_01229,2024-06-19,2024-12-03,2024-10-17,2025-03-03,137,257,0,False,0,0.0,0.0,0.0,0.0,0.0,0.0,0.0,0.0,0.0,0.0,1,4,4.0,257.18,64.295,0.0,0.0,257.18,0.0,0.0,0,0,4,0,0,F,71,1.0,0.0,0.0,0,0,0,0,Asia
CUST_01236,2024-07-02,2024-12-03,2024-10-30,2025-03-03,124,244,0,False,1,0.0,0.0,0.0,0.0,0.0,0.0,0.0,0.0,0.0,0.0,1,2,2.0,843.57,421.785,843.57,0.0,0.0,0.0,0.0,2,0,0,0,0,M,34,1.0,0.0,0.0,0,0,0,0,Asia
CUST_01239,2024-07-17,2024-12-03,2024-11-14,2025-03-03,109,229,0,False,1,0.0,0.0,0.0,0.0,0.0,0.0,0.0,0.0,0.0,0.0,1,1,1.0,141.21,141.21,0.0,0.0,141.21,0.0,0.0,0,0,1,0,0,F,36,0.0,0.0,1.0,0,0,0,0,North America
CUST_01260,2024-06-21,2024-12-03,2024-10-19,2025-03-03,135,255,0,False,1,0.0,0.0,0.0,0.0,0.0,0.0,0.0,0.0,0.0,0.0,2,4,2.0,2400.0099999999998,648.2149999999999,0.0,1655.37,744.64,0.0,0.0,0,3,1,0,0,F,36,0.0,0.0,1.0,0,0,0,0,North America
CUST_01273,2024-07-15,2024-12-03,2024-11-12,2025-03-03,111,231,0,False,1,0.0,0.0,0.0,0.0,0.0,0.0,0.0,0.0,0.0,0.0,1,1,1.0,1249.51,1249.51,0.0,0.0,0.0,0.0,1249.51,0,0,0,0,1,F,29,0.0,1.0,0.0,0,0,0,0,Europe
CUST_01283,2024-07-19,2024-12-03,2024-11-16,2025-03-03,107,227,0,False,1,0.0,0.0,0.0,0.0,0.0,0.0,0.0,0.0,0.0,0.0,1,5,5.0,1713.88,342.776,0.0,0.0,0.0,1713.88,0.0,0,0,0,5,0,F,43,0.0,1.0,0.0,0,0,0,0,Europe
CUST_01288,2024-06-25,2024-12-03,2024-10-23,2025-03-03,131,251,0,False,1,0.0,0.0,0.0,0.0,0.0,0.0,0.0,0.0,0.0,0.0,1,3,3.0,1328.52,442.84,0.0,0.0,0.0,0.0,1328.52,0,0,0,0,3,M,72,0.0,1.0,0.0,0,0,0,0,Europe
CUST_01295,2024-07-01,2024-12-03,2024-10-29,2025-03-03,125,245,0,False,1,0.0,0.0,0.0,0.0,0.0,0.0,0.0,0.0,0.0,0.0,1,3,3.0,158.65,52.88333333333333,0.0,0.0,0.0,158.65,0.0,0,0,0,3,0,M,22,1.0,0.0,0.0,0,0,0,0,Asia
CUST_01311,2024-07-07,2024-12-03,2024-11-04,2025-03-03,119,239,0,False,1,0.0,0.0,0.0,0.0,0.0,0.0,0.0,0.0,0.0,0.0,2,4,2.0,1268.63,317.1575,0.0,0.0,615.82,652.81,0.0,0,0,2,2,0,F,64,1.0,0.0,0.0,0,0,0,0,Asia
CUST_01324,2024-07-11,2024-12-03,2024-11-08,2024-12-22,44,164,1,True,1,0.0,1.0,0.0,0.0,1.0,0.0,0.0,0.0,0.0,0.0,2,7,3.5,2801.85,403.3245833333333,2801.85,0.0,0.0,0.0,0.0,7,0,0,0,0,M,56,0.0,1.0,0.0,0,0,0,0,Europe
CUST_01327,2024-07-28,2024-12-03,2024-11-25,2024-12-14,19,139,1,True,1,0.0,0.0,0.0,1.0,1.0,0.0,0.0,0.0,0.0,0.0,2,2,1.0,3095.6,1547.8,1367.79,0.0,0.0,1727.81,0.0,1,0,0,1,0,M,36,0.0,0.0,1.0,0,0,0,0,North America
CUST_01336,2024-07-29,2024-12-03,2024-11-26,2025-03-03,97,217,0,False,1,0.0,0.0,0.0,0.0,0.0,0.0,0.0,0.0,0.0,0.0,2,3,1.5,1905.49,872.9150000000001,319.32,0.0,0.0,1586.17,0.0,2,0,0,1,0,F,64,0.0,1.0,0.0,0,0,0,0,Europe
CUST_01337,2024-06-15,2024-12-03,2024-10-13,2025-03-03,141,261,0,False,1,0.0,0.0,0.0,0.0,0.0,0.0,0.0,0.0,0.0,0.0,1,1,1.0,1766.88,1766.88,0.0,0.0,0.0,0.0,1766.88,0,0,0,0,1,F,50,0.0,0.0,1.0,0,0,0,0,North America
CUST_01361,2024-07-15,2024-12-03,2024-11-12,2025-03-03,111,231,0,False,1,0.0,0.0,0.0,0.0,0.0,0.0,0.0,0.0,0.0,0.0,2,4,2.0,2189.02,547.255,1419.08,769.94,0.0,0.0,0.0,2,2,0,0,0,F,47,0.0,1.0,0.0,0,0,0,0,Europe
CUST_01367,2024-07-01,2024-12-03,2024-10-29,2024-12-17,49,169,1,True,1,0.0,0.0,0.0,0.0,0.0,0.0,0.0,0.0,0.0,0.0,2,6,3.0,2231.96,371.99333333333334,0.0,2231.96,0.0,0.0,0.0,0,6,0,0,0,F,53,0.0,1.0,0.0,0,0,0,0,Europe
CUST_01369,2024-06-06,2024-12-03,2024-10-04,2025-03-03,150,270,0,False,1,0.0,0.0,0.0,0.0,0.0,0.0,0.0,0.0,0.0,0.0,1,2,2.0,808.98,404.49,0.0,0.0,808.98,0.0,0.0,0,0,2,0,0,M,30,0.0,1.0,0.0,0,0,0,0,Europe
CUST_01374,2024-06-17,2024-12-03,2024-10-15,2025-03-03,139,259,0,False,1,0.0,0.0,0.0,0.0,0.0,0.0,0.0,0.0,0.0,0.0,1,2,2.0,509.28,254.64,0.0,0.0,0.0,0.0,509.28,0,0,0,0,2,M,40,0.0,1.0,0.0,0,0,0,0,Europe
CUST_01385,2024-06-27,2024-12-03,2024-10-25,2025-03-03,129,249,0,False,0,0.0,0.0,0.0,0.0,0.0,0.0,0.0,0.0,0.0,0.0,1,1,1.0,1559.57,1559.57,0.0,0.0,0.0,1559.57,0.0,0,0,0,1,0,F,67,0.0,0.0,1.0,0,0,0,0,North America
CUST_01395,2024-07-24,2024-12-03,2024-11-21,2025-03-03,102,222,0,False,1,0.0,0.0,0.0,0.0,0.0,0.0,0.0,0.0,0.0,0.0,1,1,1.0,845.22,845.22,0.0,0.0,0.0,0.0,845.22,0,0,0,0,1,F,51,1.0,0.0,0.0,0,0,0,0,Asia
CUST_01402,2024-07-12,2024-12-03,2024-11-09,2025-03-03,114,234,0,False,1,0.0,0.0,0.0,0.0,0.0,0.0,0.0,0.0,0.0,0.0,2,3,1.5,1126.26,352.07500000000005,0.0,0.0,0.0,0.0,1126.26,0,0,0,0,3,M,49,0.0,1.0,0.0,0,0,0,0,Europe
CUST_01417,2024-06-19,2024-12-03,2024-10-17,2025-03-03,137,257,0,False,1,0.0,0.0,0.0,0.0,0.0,0.0,0.0,0.0,0.0,0.0,1,2,2.0,245.61,122.805,0.0,0.0,0.0,245.61,0.0,0,0,0,2,0,Other,43,0.0,1.0,0.0,0,0,0,0,Europe
CUST_01426,2024-07-24,2024-12-03,2024-11-21,2025-03-03,102,222,0,False,1,0.0,0.0,0.0,0.0,0.0,0.0,0.0,0.0,0.0,0.0,1,3,3.0,1178.06,392.68666666666667,0.0,0.0,1178.06,0.0,0.0,0,0,3,0,0,M,27,1.0,0.0,0.0,0,0,0,0,Asia
CUST_01429,2024-07-28,2024-12-03,2024-11-25,2024-12-15,20,140,1,True,1,1.0,0.0,1.0,0.0,2.0,0.0,0.0,0.0,0.0,0.0,3,9,3.0,5179.87,632.4325,3692.06,0.0,0.0,0.0,1487.81,5,0,0,0,4,F,56,0.0,1.0,0.0,0,0,0,0,Europe
CUST_01432,2024-07-27,2024-12-03,2024-11-24,2025-03-03,99,219,0,False,1,0.0,0.0,0.0,0.0,0.0,0.0,0.0,0.0,0.0,0.0,1,2,2.0,1331.42,665.71,0.0,0.0,1331.42,0.0,0.0,0,0,2,0,0,M,56,1.0,0.0,0.0,0,0,0,0,Asia
CUST_01439,2024-06-15,2024-12-03,2024-10-13,2025-03-03,141,261,0,False,1,0.0,0.0,0.0,0.0,0.0,0.0,0.0,0.0,0.0,0.0,1,1,1.0,1700.99,1700.99,0.0,0.0,1700.99,0.0,0.0,0,0,1,0,0,F,75,0.0,0.0,1.0,0,0,0,0,North America
CUST_01454,2024-07-15,2024-12-03,2024-11-12,2025-03-03,111,231,0,False,1,0.0,0.0,0.0,0.0,0.0,0.0,0.0,0.0,0.0,0.0,1,2,2.0,1354.33,677.165,0.0,0.0,1354.33,0.0,0.0,0,0,2,0,0,F,36,0.0,1.0,0.0,0,0,0,0,Europe
CUST_01457,2024-07-10,2024-12-03,2024-11-07,2025-03-03,116,236,0,False,1,0.0,0.0,0.0,0.0,0.0,0.0,0.0,0.0,0.0,0.0,1,1,1.0,698.33,698.33,0.0,0.0,698.33,0.0,0.0,0,0,1,0,0,M,75,0.0,1.0,0.0,0,0,0,0,Europe
CUST_01464,2024-07-12,2024-12-03,2024-11-09,2025-03-03,114,234,0,False,1,0.0,0.0,0.0,0.0,0.0,0.0,0.0,0.0,0.0,0.0,2,2,1.0,2290.47,1145.235,1283.12,0.0,0.0,0.0,1007.35,1,0,0,0,1,F,48,1.0,0.0,0.0,0,0,0,0,Asia
CUST_01494,2024-06-13,2024-12-03,2024-10-11,2025-03-03,143,263,0,False,1,0.0,0.0,0.0,0.0,0.0,0.0,0.0,0.0,0.0,0.0,1,2,2.0,1183.4,591.7,0.0,0.0,1183.4,0.0,0.0,0,0,2,0,0,F,73,1.0,0.0,0.0,0,0,0,0,Asia
CUST_01495,2024-06-29,2024-12-03,2024-10-27,2025-03-03,127,247,0,False,1,0.0,0.0,0.0,0.0,0.0,0.0,0.0,0.0,0.0,0.0,1,1,1.0,1308.21,1308.21,0.0,0.0,1308.21,0.0,0.0,0,0,1,0,0,M,52,0.0,0.0,1.0,0,0,0,0,North America
CUST_01505,2024-06-03,2024-12-03,2024-10-01,2025-03-03,153,273,0,False,1,0.0,0.0,0.0,0.0,0.0,0.0,0.0,0.0,0.0,0.0,1,1,1.0,356.49,356.49,356.49,0.0,0.0,0.0,0.0,1,0,0,0,0,M,29,0.0,0.0,1.0,0,0,0,0,North America
CUST_01517,2024-06-06,2024-12-03,2024-10-04,2024-12-26,83,203,1,True,1,0.0,0.0,2.0,2.0,4.0,0.0,0.0,0.0,0.0,0.0,2,4,2.0,1945.21,486.3025,0.0,937.67,0.0,0.0,1007.54,0,2,0,0,2,M,24,1.0,0.0,0.0,0,0,0,0,Asia
CUST_01521,2024-06-07,2024-12-03,2024-10-05,2025-03-03,149,269,0,False,1,0.0,0.0,0.0,0.0,0.0,0.0,0.0,0.0,0.0,0.0,1,2,2.0,1736.56,868.28,0.0,0.0,0.0,1736.56,0.0,0,0,0,2,0,M,62,1.0,0.0,0.0,0,0,0,0,Asia
CUST_01541,2024-07-27,2024-12-03,2024-11-24,2024-12-17,23,143,1,True,1,0.0,0.0,0.0,0.0,0.0,0.0,0.0,0.0,0.0,0.0,2,3,1.5,1569.54,517.0775,0.0,0.0,1569.54,0.0,0.0,0,0,3,0,0,M,71,0.0,1.0,0.0,0,0,0,0,Europe
CUST_01549,2024-06-02,2024-12-03,2024-09-30,2025-03-03,154,274,0,False,1,0.0,0.0,0.0,0.0,0.0,0.0,0.0,0.0,0.0,0.0,1,2,2.0,272.06,136.03,0.0,0.0,272.06,0.0,0.0,0,0,2,0,0,F,64,1.0,0.0,0.0,0,0,0,0,Asia
CUST_01559,2024-06-25,2024-12-03,2024-10-23,2025-03-03,131,251,0,False,1,0.0,0.0,0.0,0.0,0.0,0.0,0.0,0.0,0.0,0.0,2,6,3.0,1328.77,221.46166666666667,0.0,0.0,0.0,1328.77,0.0,0,0,0,6,0,M,41,1.0,0.0,0.0,0,0,0,0,Asia
CUST_01561,2024-07-08,2024-12-03,2024-11-05,2024-12-13,38,158,1,True,1,0.0,0.0,0.0,0.0,0.0,0.0,0.0,0.0,0.0,0.0,2,4,2.0,579.5,145.60666666666668,579.5,0.0,0.0,0.0,0.0,4,0,0,0,0,M,54,0.0,1.0,0.0,0,0,0,0,Europe
CUST_01578,2024-06-30,2024-12-03,2024-10-28,2025-03-03,126,246,0,False,1,0.0,0.0,0.0,0.0,0.0,0.0,0.0,0.0,0.0,0.0,2,3,1.5,2472.48,766.8199999999999,0.0,2472.48,0.0,0.0,0.0,0,3,0,0,0,Other,31,1.0,0.0,0.0,0,0,0,0,Asia
CUST_01579,2024-07-08,2024-12-03,2024-11-05,2025-03-03,118,238,0,False,1,0.0,0.0,0.0,0.0,0.0,0.0,0.0,0.0,0.0,0.0,2,4,2.0,1480.9,422.9,528.25,952.65,0.0,0.0,0.0,1,3,0,0,0,M,51,0.0,1.0,0.0,0,0,0,0,Europe
CUST_01583,2024-07-10,2024-12-03,2024-11-07,2025-03-03,116,236,0,False,1,0.0,0.0,0.0,0.0,0.0,0.0,0.0,0.0,0.0,0.0,1,3,3.0,1390.61,463.53666666666663,0.0,0.0,0.0,1390.61,0.0,0,0,0,3,0,F,54,0.0,0.0,1.0,0,0,0,0,North America
CUST_01591,2024-06-10,2024-12-03,2024-10-08,2024-12-06,59,179,1,True,1,0.0,2.0,1.0,0.0,3.0,0.0,0.0,0.0,0.0,0.0,2,4,2.0,1433.9699999999998,340.2783333333333,1130.12,303.85,0.0,0.0,0.0,3,1,0,0,0,F,53,0.0,1.0,0.0,0,0,0,0,Europe
CUST_01594,2024-07-23,2024-12-03,2024-11-20,2025-03-03,103,223,0,False,1,0.0,0.0,0.0,0.0,0.0,0.0,0.0,0.0,0.0,0.0,1,1,1.0,1212.62,1212.62,0.0,0.0,1212.62,0.0,0.0,0,0,1,0,0,M,70,0.0,1.0,0.0,0,0,0,0,Europe
CUST_01595,2024-06-17,2024-12-03,2024-10-15,2025-03-03,139,259,0,False,0,0.0,0.0,0.0,0.0,0.0,0.0,0.0,0.0,0.0,0.0,1,2,2.0,412.25,206.125,412.25,0.0,0.0,0.0,0.0,2,0,0,0,0,F,58,0.0,1.0,0.0,0,0,0,0,Europe
CUST_01596,2024-07-18,2024-12-03,2024-11-15,2025-03-03,108,228,0,False,0,0.0,0.0,0.0,0.0,0.0,0.0,0.0,0.0,0.0,0.0,2,6,3.0,2061.13,441.57125,0.0,0.0,0.0,589.69,1471.44,0,0,0,4,2,F,55,0.0,1.0,0.0,0,0,0,0,Europe
CUST_01607,2024-07-28,2024-12-03,2024-11-25,2025-03-03,98,218,0,False,1,0.0,0.0,0.0,0.0,0.0,0.0,0.0,0.0,0.0,0.0,2,3,1.5,3222.63,1118.745,0.0,0.0,0.0,1252.35,1970.28,0,0,0,1,2,F,53,1.0,0.0,0.0,0,0,0,0,Asia
CUST_01608,2024-06-14,2024-12-03,2024-10-12,2025-03-03,142,262,0,False,1,0.0,0.0,0.0,0.0,0.0,0.0,0.0,0.0,0.0,0.0,1,1,1.0,624.49,624.49,0.0,0.0,0.0,0.0,624.49,0,0,0,0,1,F,23,1.0,0.0,0.0,0,0,0,0,Asia
CUST_01609,2024-07-16,2024-12-03,2024-11-13,2025-03-03,110,230,0,False,1,0.0,0.0,0.0,0.0,0.0,0.0,0.0,0.0,0.0,0.0,1,2,2.0,412.02,206.01,0.0,0.0,0.0,412.02,0.0,0,0,0,2,0,M,34,0.0,1.0,0.0,0,0,0,0,Europe
CUST_01610,2024-06-27,2024-12-03,2024-10-25,2025-03-03,129,249,0,False,1,0.0,0.0,0.0,0.0,0.0,0.0,0.0,0.0,0.0,0.0,1,3,3.0,500.17,166.72333333333333,0.0,0.0,0.0,0.0,500.17,0,0,0,0,3,F,54,1.0,0.0,0.0,0,0,0,0,Asia
CUST_01614,2024-07-05,2024-12-03,2024-11-02,2025-03-03,121,241,0,False,1,0.0,0.0,0.0,0.0,0.0,0.0,0.0,0.0,0.0,0.0,2,2,1.0,3222.09,1611.045,0.0,0.0,1243.99,1978.1,0.0,0,0,1,1,0,M,70,0.0,1.0,0.0,0,0,0,0,Europe
CUST_01644,2024-06-10,2024-12-03,2024-10-08,2025-03-03,146,266,0,False,1,0.0,0.0,0.0,0.0,0.0,0.0,0.0,0.0,0.0,0.0,1,2,2.0,454.36,227.18,0.0,454.36,0.0,0.0,0.0,0,2,0,0,0,F,27,1.0,0.0,0.0,0,0,0,0,Asia
CUST_01645,2024-07-02,2024-12-03,2024-10-30,2025-03-03,124,244,0,False,1,0.0,0.0,0.0,0.0,0.0,0.0,0.0,0.0,0.0,0.0,1,1,1.0,228.38,228.38,0.0,0.0,0.0,0.0,228.38,0,0,0,0,1,F,37,0.0,1.0,0.0,0,0,0,0,Europe
CUST_01648,2024-08-04,2024-12-03,2024-12-02,2025-03-03,91,211,0,False,1,0.0,0.0,0.0,0.0,0.0,0.0,0.0,0.0,0.0,0.0,2,2,1.0,1777.07,888.535,0.0,0.0,1059.59,0.0,717.48,0,0,1,0,1,F,22,0.0,1.0,0.0,0,0,0,0,Europe
CUST_01661,2024-07-01,2024-12-03,2024-10-29,2025-03-03,125,245,0,False,0,0.0,0.0,0.0,0.0,0.0,0.0,0.0,0.0,0.0,0.0,1,2,2.0,739.76,369.88,0.0,0.0,739.76,0.0,0.0,0,0,2,0,0,M,41,0.0,1.0,0.0,0,0,0,0,Europe
CUST_01665,2024-06-16,2024-12-03,2024-10-14,2025-03-03,140,260,0,False,1,0.0,0.0,0.0,0.0,0.0,0.0,0.0,0.0,0.0,0.0,1,2,2.0,1809.9,904.95,0.0,0.0,0.0,1809.9,0.0,0,0,0,2,0,M,31,0.0,0.0,1.0,0,0,0,0,North America
CUST_01667,2024-06-17,2024-12-03,2024-10-15,2025-03-03,139,259,0,False,1,0.0,0.0,0.0,0.0,0.0,0.0,0.0,0.0,0.0,0.0,2,2,1.0,1533.57,766.785,1323.31,210.26,0.0,0.0,0.0,1,1,0,0,0,M,42,0.0,1.0,0.0,0,0,0,0,Europe
CUST_01673,2024-06-08,2024-12-03,2024-10-06,2025-03-03,148,268,0,False,1,0.0,0.0,0.0,0.0,0.0,0.0,0.0,0.0,0.0,0.0,1,3,3.0,169.6,56.53333333333333,0.0,169.6,0.0,0.0,0.0,0,3,0,0,0,F,67,1.0,0.0,0.0,0,0,0,0,Asia
CUST_01698,2024-07-15,2024-12-03,2024-11-12,2025-03-03,111,231,0,False,1,0.0,0.0,0.0,0.0,0.0,0.0,0.0,0.0,0.0,0.0,1,1,1.0,106.85,106.85,0.0,0.0,0.0,0.0,106.85,0,0,0,0,1,M,59,0.0,1.0,0.0,0,0,0,0,Europe
CUST_01704,2024-06-24,2024-12-03,2024-10-22,2024-12-28,67,187,1,True,1,0.0,0.0,0.0,1.0,1.0,0.0,0.0,0.0,0.0,0.0,2,4,2.0,2904.11,1046.4116666666666,0.0,0.0,0.0,2904.11,0.0,0,0,0,4,0,F,60,0.0,1.0,0.0,0,0,0,0,Europe
CUST_01709,2024-07-16,2024-12-03,2024-11-13,2025-03-03,110,230,0,False,1,0.0,0.0,0.0,0.0,0.0,0.0,0.0,0.0,0.0,0.0,1,3,3.0,765.41,255.13666666666666,0.0,0.0,0.0,765.41,0.0,0,0,0,3,0,F,55,0.0,1.0,0.0,0,0,0,0,Europe
CUST_01738,2024-06-23,2024-12-03,2024-10-21,2025-03-03,133,253,0,False,1,0.0,0.0,0.0,0.0,0.0,0.0,0.0,0.0,0.0,0.0,1,1,1.0,152.74,152.74,0.0,0.0,0.0,152.74,0.0,0,0,0,1,0,M,61,0.0,1.0,0.0,0,0,0,0,Europe
CUST_01741,2024-07-04,2024-12-03,2024-11-01,2025-03-03,122,242,0,False,1,0.0,0.0,0.0,0.0,0.0,0.0,0.0,0.0,0.0,0.0,2,5,2.5,3399.29,728.0616666666667,0.0,0.0,0.0,1461.13,1938.16,0,0,0,3,2,M,67,0.0,0.0,1.0,0,0,0,0,North America
CUST_01747,2024-08-02,2024-12-03,2024-11-30,2025-03-03,93,213,0,False,0,0.0,0.0,0.0,0.0,0.0,0.0,0.0,0.0,0.0,0.0,1,1,1.0,1046.22,1046.22,0.0,0.0,0.0,1046.22,0.0,0,0,0,1,0,M,47,0.0,1.0,0.0,0,0,0,0,Europe
CUST_01762,2024-07-31,2024-12-03,2024-11-28,2025-03-03,95,215,0,False,1,0.0,0.0,0.0,0.0,0.0,0.0,0.0,0.0,0.0,0.0,2,3,1.5,3435.98,1223.5575,1977.73,1458.25,0.0,0.0,0.0,2,1,0,0,0,F,32,0.0,1.0,0.0,0,0,0,0,Europe
CUST_01763,2024-07-01,2024-12-03,2024-10-29,2025-03-03,125,245,0,False,1,0.0,0.0,0.0,0.0,0.0,0.0,0.0,0.0,0.0,0.0,1,4,4.0,725.3,181.325,0.0,0.0,0.0,725.3,0.0,0,0,0,4,0,M,31,0.0,1.0,0.0,0,0,0,0,Europe
CUST_01789,2024-06-15,2024-12-03,2024-10-13,2024-12-20,68,188,1,True,1,0.0,1.0,2.0,0.0,3.0,0.0,0.0,1.0,0.0,1.0,2,5,2.5,2099.08,384.79166666666663,0.0,0.0,1679.74,0.0,419.34,0,0,3,0,2,M,41,0.0,1.0,0.0,0,0,0,0,Europe
CUST_01792,2024-07-30,2024-12-03,2024-11-27,2025-03-03,96,216,0,False,1,0.0,0.0,0.0,0.0,0.0,0.0,0.0,0.0,0.0,0.0,3,7,2.3333333333333335,3675.61,566.8188888888889,824.09,1098.85,0.0,1752.67,0.0,3,2,0,2,0,F,46,1.0,0.0,0.0,0,0,0,0,Asia
CUST_01796,2024-08-02,2024-12-03,2024-11-30,2025-03-03,93,213,0,False,1,0.0,0.0,0.0,0.0,0.0,0.0,0.0,0.0,0.0,0.0,1,2,2.0,1672.04,836.02,0.0,1672.04,0.0,0.0,0.0,0,2,0,0,0,F,58,1.0,0.0,0.0,0,0,0,0,Asia
CUST_01812,2024-06-19,2024-12-03,2024-10-17,2025-03-03,137,257,0,False,1,0.0,0.0,0.0,0.0,0.0,0.0,0.0,0.0,0.0,0.0,1,1,1.0,1648.89,1648.89,0.0,0.0,0.0,1648.89,0.0,0,0,0,1,0,M,46,1.0,0.0,0.0,0,0,0,0,Asia
CUST_01815,2024-06-07,2024-12-03,2024-10-05,2024-12-08,64,184,1,True,0,1.0,0.0,1.0,0.0,2.0,0.0,0.0,0.0,0.0,0.0,2,5,2.5,3056.9300000000003,659.445,0.0,1799.48,1257.45,0.0,0.0,0,2,3,0,0,M,56,0.0,1.0,0.0,0,0,0,0,Europe
CUST_01817,2024-07-07,2024-12-03,2024-11-04,2025-03-03,119,239,0,False,1,0.0,0.0,0.0,0.0,0.0,0.0,0.0,0.0,0.0,0.0,1,1,1.0,1514.83,1514.83,0.0,1514.83,0.0,0.0,0.0,0,1,0,0,0,F,75,1.0,0.0,0.0,0,0,0,0,Asia
CUST_01820,2024-06-22,2024-12-03,2024-10-20,2025-03-03,134,254,0,False,1,0.0,0.0,0.0,0.0,0.0,0.0,0.0,0.0,0.0,0.0,1,2,2.0,164.3,82.15,0.0,0.0,0.0,0.0,164.3,0,0,0,0,2,M,73,1.0,0.0,0.0,0,0,0,0,Asia
CUST_01822,2024-07-18,2024-12-03,2024-11-15,2025-03-03,108,228,0,False,1,0.0,0.0,0.0,0.0,0.0,0.0,0.0,0.0,0.0,0.0,1,3,3.0,760.54,253.51333333333332,0.0,0.0,760.54,0.0,0.0,0,0,3,0,0,Other,62,0.0,0.0,1.0,0,0,0,0,North America
CUST_01823,2024-07-05,2024-12-03,2024-11-02,2024-12-05,33,153,1,True,1,0.0,0.0,0.0,1.0,1.0,0.0,0.0,0.0,0.0,0.0,3,4,1.3333333333333333,2339.0,561.9983333333333,720.46,0.0,0.0,1306.01,312.53,1,0,0,2,1,M,46,0.0,1.0,0.0,0,0,0,0,Europe
CUST_01829,2024-07-05,2024-12-03,2024-11-02,2025-03-03,121,241,0,False,1,0.0,0.0,0.0,0.0,0.0,0.0,0.0,0.0,0.0,0.0,1,2,2.0,1010.72,505.36,0.0,1010.72,0.0,0.0,0.0,0,2,0,0,0,M,28,0.0,0.0,1.0,0,0,0,0,North America
CUST_01835,2024-06-28,2024-12-03,2024-10-26,2025-03-03,128,248,0,False,0,0.0,0.0,0.0,0.0,0.0,0.0,0.0,0.0,0.0,0.0,1,1,1.0,1321.99,1321.99,0.0,0.0,1321.99,0.0,0.0,0,0,1,0,0,F,61,1.0,0.0,0.0,0,0,0,0,Asia
CUST_01838,2024-07-11,2024-12-03,2024-11-08,2025-03-03,115,235,0,False,1,0.0,0.0,0.0,0.0,0.0,0.0,0.0,0.0,0.0,0.0,2,3,1.5,2334.4300000000003,923.2225000000001,2334.4300000000003,0.0,0.0,0.0,0.0,3,0,0,0,0,M,72,0.0,1.0,0.0,0,0,0,0,Europe
CUST_01861,2024-06-26,2024-12-03,2024-10-24,2025-03-03,130,250,0,False,1,0.0,0.0,0.0,0.0,0.0,0.0,0.0,0.0,0.0,0.0,1,2,2.0,386.85,193.425,0.0,0.0,386.85,0.0,0.0,0,0,2,0,0,F,30,0.0,1.0,0.0,0,0,0,0,Europe
CUST_01868,2024-07-13,2024-12-03,2024-11-10,2024-12-19,39,159,1,True,0,1.0,0.0,0.0,0.0,1.0,0.0,0.0,0.0,0.0,0.0,2,8,4.0,1135.24,141.905,0.0,0.0,0.0,0.0,1135.24,0,0,0,0,8,F,73,1.0,0.0,0.0,0,0,0,0,Asia
CUST_01880,2024-07-27,2024-12-03,2024-11-24,2025-03-03,99,219,0,False,1,0.0,0.0,0.0,0.0,0.0,0.0,0.0,0.0,0.0,0.0,1,1,1.0,1290.75,1290.75,1290.75,0.0,0.0,0.0,0.0,1,0,0,0,0,M,34,0.0,0.0,1.0,0,0,0,0,North America
CUST_01881,2024-08-04,2024-12-03,2024-12-02,2025-03-03,91,211,0,False,1,0.0,0.0,0.0,0.0,0.0,0.0,0.0,0.0,0.0,0.0,1,1,1.0,1314.74,1314.74,0.0,0.0,1314.74,0.0,0.0,0,0,1,0,0,F,41,0.0,1.0,0.0,0,0,0,0,Europe
CUST_01895,2024-08-02,2024-12-03,2024-11-30,2025-03-03,93,213,0,False,1,0.0,0.0,0.0,0.0,0.0,0.0,0.0,0.0,0.0,0.0,3,7,2.3333333333333335,2252.41,357.32111111111107,0.0,1405.09,521.87,325.45,0.0,0,2,2,3,0,F,62,0.0,0.0,1.0,0,0,0,0,North America
CUST_01896,2024-07-24,2024-12-03,2024-11-21,2024-12-24,33,153,1,True,1,1.0,0.0,0.0,0.0,1.0,1.0,0.0,0.0,0.0,1.0,2,2,1.0,2117.04,1058.52,0.0,1656.99,0.0,0.0,460.05,0,1,0,0,1,M,39,0.0,1.0,0.0,0,0,0,0,Europe
CUST_01913,2024-07-14,2024-12-03,2024-11-11,2025-03-03,112,232,0,False,1,0.0,0.0,0.0,0.0,0.0,0.0,0.0,0.0,0.0,0.0,1,3,3.0,1962.19,654.0633333333334,0.0,0.0,0.0,1962.19,0.0,0,0,0,3,0,M,71,0.0,1.0,0.0,0,0,0,0,Europe
CUST_01915,2024-06-07,2024-12-03,2024-10-05,2025-03-03,149,269,0,False,1,0.0,0.0,0.0,0.0,0.0,0.0,0.0,0.0,0.0,0.0,1,3,3.0,1386.94,462.31333333333333,1386.94,0.0,0.0,0.0,0.0,3,0,0,0,0,M,42,1.0,0.0,0.0,0,0,0,0,Asia
CUST_01920,2024-08-02,2024-12-03,2024-11-30,2024-12-12,12,132,1,True,1,0.0,1.0,2.0,0.0,3.0,0.0,0.0,0.0,0.0,0.0,2,3,1.5,1251.15,417.925,0.0,0.0,830.6,0.0,420.55,0,0,2,0,1,F,71,0.0,1.0,0.0,0,0,0,0,Europe
CUST_01933,2024-07-05,2024-12-03,2024-11-02,2025-03-03,121,241,0,False,1,0.0,0.0,0.0,0.0,0.0,0.0,0.0,0.0,0.0,0.0,2,5,2.5,797.49,156.10416666666669,519.22,278.27,0.0,0.0,0.0,3,2,0,0,0,F,36,0.0,1.0,0.0,0,0,0,0,Europe
CUST_01940,2024-06-30,2024-12-03,2024-10-28,2024-12-31,64,184,1,True,1,0.0,0.0,0.0,0.0,0.0,0.0,0.0,0.0,0.0,0.0,2,4,2.0,777.83,229.02833333333336,0.0,479.66,298.17,0.0,0.0,0,3,1,0,0,M,42,1.0,0.0,0.0,0,0,0,0,Asia
CUST_01948,2024-06-01,2024-12-03,2024-09-29,2025-03-03,155,275,0,False,1,0.0,0.0,0.0,0.0,0.0,0.0,0.0,0.0,0.0,0.0,1,1,1.0,1781.29,1781.29,0.0,1781.29,0.0,0.0,0.0,0,1,0,0,0,M,57,0.0,1.0,0.0,0,0,0,0,Europe
CUST_01963,2024-07-24,2024-12-03,2024-11-21,2025-03-03,102,222,0,False,1,0.0,0.0,0.0,0.0,0.0,0.0,0.0,0.0,0.0,0.0,3,9,3.0,2201.1,295.72416666666663,0.0,0.0,0.0,1189.36,1011.74,0,0,0,2,7,F,38,0.0,1.0,0.0,0,0,0,0,Europe
CUST_01968,2024-07-22,2024-12-03,2024-11-19,2025-03-03,104,224,0,False,1,0.0,0.0,0.0,0.0,0.0,0.0,0.0,0.0,0.0,0.0,1,1,1.0,844.76,844.76,844.76,0.0,0.0,0.0,0.0,1,0,0,0,0,F,25,0.0,1.0,0.0,0,0,0,0,Europe
CUST_01970,2024-06-19,2024-12-03,2024-10-17,2024-12-24,68,188,1,True,1,0.0,0.0,0.0,0.0,0.0,0.0,0.0,0.0,0.0,0.0,2,2,1.0,1675.12,837.56,474.0,1201.12,0.0,0.0,0.0,1,1,0,0,0,M,53,1.0,0.0,0.0,0,0,0,0,Asia
CUST_01998,2024-06-02,2024-12-03,2024-09-30,2025-03-03,154,274,0,False,1,0.0,0.0,0.0,0.0,0.0,0.0,0.0,0.0,0.0,0.0,1,2,2.0,415.03,207.515,0.0,415.03,0.0,0.0,0.0,0,2,0,0,0,F,52,0.0,1.0,0.0,0,0,0,0,Europe
CUST_02003,2024-07-24,2024-12-03,2024-11-21,2025-03-03,102,222,0,False,1,0.0,0.0,0.0,0.0,0.0,0.0,0.0,0.0,0.0,0.0,1,2,2.0,1994.69,997.345,1994.69,0.0,0.0,0.0,0.0,2,0,0,0,0,M,57,0.0,1.0,0.0,0,0,0,0,Europe
CUST_02014,2024-06-18,2024-12-03,2024-10-16,2024-12-28,73,193,1,True,1,0.0,0.0,2.0,0.0,2.0,0.0,0.0,0.0,0.0,0.0,3,4,1.3333333333333333,2476.49,785.805,0.0,470.9,238.15,0.0,1767.44,0,1,2,0,1,F,47,0.0,0.0,1.0,0,0,0,0,North America
CUST_02016,2024-07-19,2024-12-03,2024-11-16,2025-03-03,107,227,0,False,1,0.0,0.0,0.0,0.0,0.0,0.0,0.0,0.0,0.0,0.0,1,2,2.0,1489.9,744.95,0.0,1489.9,0.0,0.0,0.0,0,2,0,0,0,M,72,0.0,1.0,0.0,0,0,0,0,Europe
CUST_02017,2024-06-07,2024-12-03,2024-10-05,2025-03-03,149,269,0,False,1,0.0,0.0,0.0,0.0,0.0,0.0,0.0,0.0,0.0,0.0,1,4,4.0,251.71,62.9275,0.0,0.0,0.0,251.71,0.0,0,0,0,4,0,F,56,0.0,1.0,0.0,0,0,0,0,Europe
CUST_02020,2024-06-18,2024-12-03,2024-10-16,2025-03-03,138,258,0,False,1,0.0,0.0,0.0,0.0,0.0,0.0,0.0,0.0,0.0,0.0,1,2,2.0,1968.49,984.245,0.0,0.0,0.0,0.0,1968.49,0,0,0,0,2,F,26,0.0,0.0,1.0,0,0,0,0,North America
CUST_02026,2024-06-16,2024-12-03,2024-10-14,2025-03-03,140,260,0,False,1,0.0,0.0,0.0,0.0,0.0,0.0,0.0,0.0,0.0,0.0,1,2,2.0,1674.7,837.35,0.0,0.0,1674.7,0.0,0.0,0,0,2,0,0,M,59,1.0,0.0,0.0,0,0,0,0,Asia
CUST_02032,2024-07-27,2024-12-03,2024-11-24,2025-03-03,99,219,0,False,1,0.0,0.0,0.0,0.0,0.0,0.0,0.0,0.0,0.0,0.0,1,3,3.0,877.83,292.61,877.83,0.0,0.0,0.0,0.0,3,0,0,0,0,F,58,0.0,1.0,0.0,0,0,0,0,Europe
CUST_02048,2024-06-24,2024-12-03,2024-10-22,2024-12-25,64,184,1,True,1,1.0,0.0,0.0,1.0,2.0,0.0,0.0,0.0,0.0,0.0,2,2,1.0,2113.66,1056.83,0.0,675.79,0.0,0.0,1437.87,0,1,0,0,1,M,61,0.0,1.0,0.0,0,0,0,0,Europe
CUST_02070,2024-06-06,2024-12-03,2024-10-04,2025-03-03,150,270,0,False,1,0.0,0.0,0.0,0.0,0.0,0.0,0.0,0.0,0.0,0.0,1,5,5.0,397.23,79.446,0.0,0.0,397.23,0.0,0.0,0,0,5,0,0,M,44,1.0,0.0,0.0,0,0,0,0,Asia
CUST_02073,2024-06-18,2024-12-03,2024-10-16,2025-03-03,138,258,0,False,1,0.0,0.0,0.0,0.0,0.0,0.0,0.0,0.0,0.0,0.0,1,2,2.0,1426.69,713.345,0.0,0.0,1426.69,0.0,0.0,0,0,2,0,0,M,62,0.0,0.0,1.0,0,0,0,0,North America
CUST_02080,2024-07-28,2024-12-03,2024-11-25,2025-03-03,98,218,0,False,1,0.0,0.0,0.0,0.0,0.0,0.0,0.0,0.0,0.0,0.0,3,4,1.3333333333333333,3987.56,1012.3916666666668,979.15,1107.64,0.0,0.0,1900.77,1,1,0,0,2,F,32,0.0,1.0,0.0,0,0,0,0,Europe
CUST_02083,2024-06-11,2024-12-03,2024-10-09,2025-03-03,145,265,0,False,1,0.0,0.0,0.0,0.0,0.0,0.0,0.0,0.0,0.0,0.0,1,1,1.0,1680.09,1680.09,0.0,0.0,0.0,1680.09,0.0,0,0,0,1,0,M,55,0.0,0.0,1.0,0,0,0,0,North America
CUST_02084,2024-06-29,2024-12-03,2024-10-27,2024-12-10,44,164,1,True,1,0.0,1.0,1.0,0.0,2.0,0.0,0.0,0.0,0.0,0.0,2,3,1.5,1466.0300000000002,623.7325000000001,0.0,0.0,0.0,437.13,1028.9,0,0,0,2,1,F,29,0.0,0.0,1.0,0,0,0,0,North America
CUST_02087,2024-07-26,2024-12-03,2024-11-23,2025-03-03,100,220,0,False,1,0.0,0.0,0.0,0.0,0.0,0.0,0.0,0.0,0.0,0.0,1,1,1.0,889.1,889.1,0.0,0.0,0.0,0.0,889.1,0,0,0,0,1,M,56,1.0,0.0,0.0,0,0,0,0,Asia
CUST_02091,2024-06-24,2024-12-03,2024-10-22,2025-03-03,132,252,0,False,0,0.0,0.0,0.0,0.0,0.0,0.0,0.0,0.0,0.0,0.0,2,3,1.5,2369.55,685.49,1997.14,0.0,0.0,372.41,0.0,2,0,0,1,0,M,73,0.0,0.0,1.0,0,0,0,0,North America
CUST_02092,2024-07-24,2024-12-03,2024-11-21,2025-03-03,102,222,0,False,1,0.0,0.0,0.0,0.0,0.0,0.0,0.0,0.0,0.0,0.0,1,2,2.0,1980.21,990.105,1980.21,0.0,0.0,0.0,0.0,2,0,0,0,0,M,75,0.0,1.0,0.0,0,0,0,0,Europe
CUST_02104,2024-07-29,2024-12-03,2024-11-26,2025-03-03,97,217,0,False,1,0.0,0.0,0.0,0.0,0.0,0.0,0.0,0.0,0.0,0.0,3,6,2.0,4826.860000000001,1005.4477777777778,0.0,1804.54,1796.14,1226.18,0.0,0,1,3,2,0,M,60,1.0,0.0,0.0,0,0,0,0,Asia
CUST_02117,2024-08-04,2024-12-03,2024-12-02,2025-03-03,91,211,0,False,1,0.0,0.0,0.0,0.0,0.0,0.0,0.0,0.0,0.0,0.0,1,4,4.0,1713.61,428.4025,0.0,0.0,0.0,1713.61,0.0,0,0,0,4,0,F,24,1.0,0.0,0.0,0,0,0,0,Asia
CUST_02126,2024-08-02,2024-12-03,2024-11-30,2024-12-17,17,137,1,True,1,1.0,1.0,0.0,0.0,2.0,0.0,0.0,0.0,0.0,0.0,2,3,1.5,2576.64,875.5025,0.0,0.0,925.37,1651.27,0.0,0,0,1,2,0,F,30,0.0,1.0,0.0,0,0,0,0,Europe
CUST_02140,2024-07-22,2024-12-03,2024-11-19,2025-03-03,104,224,0,False,1,0.0,0.0,0.0,0.0,0.0,0.0,0.0,0.0,0.0,0.0,1,1,1.0,563.87,563.87,0.0,563.87,0.0,0.0,0.0,0,1,0,0,0,F,22,0.0,1.0,0.0,0,0,0,0,Europe
CUST_02149,2024-07-24,2024-12-03,2024-11-21,2025-03-03,102,222,0,False,0,0.0,0.0,0.0,0.0,0.0,0.0,0.0,0.0,0.0,0.0,1,4,4.0,626.85,156.7125,0.0,0.0,626.85,0.0,0.0,0,0,4,0,0,F,68,1.0,0.0,0.0,0,0,0,0,Asia
CUST_02157,2024-07-27,2024-12-03,2024-11-24,2025-03-03,99,219,0,False,1,0.0,0.0,0.0,0.0,0.0,0.0,0.0,0.0,0.0,0.0,1,4,4.0,561.08,140.27,0.0,561.08,0.0,0.0,0.0,0,4,0,0,0,F,38,1.0,0.0,0.0,0,0,0,0,Asia
CUST_02164,2024-06-05,2024-12-03,2024-10-03,2025-03-03,151,271,0,False,0,0.0,0.0,0.0,0.0,0.0,0.0,0.0,0.0,0.0,0.0,1,2,2.0,468.6,234.3,0.0,0.0,0.0,468.6,0.0,0,0,0,2,0,M,35,1.0,0.0,0.0,0,0,0,0,Asia
CUST_02177,2024-06-29,2024-12-03,2024-10-27,2025-03-03,127,247,0,False,0,0.0,0.0,0.0,0.0,0.0,0.0,0.0,0.0,0.0,0.0,1,2,2.0,1344.32,672.16,0.0,0.0,0.0,0.0,1344.32,0,0,0,0,2,M,22,0.0,1.0,0.0,0,0,0,0,Europe
CUST_02180,2024-06-26,2024-12-03,2024-10-24,2025-03-03,130,250,0,False,1,0.0,0.0,0.0,0.0,0.0,0.0,0.0,0.0,0.0,0.0,1,1,1.0,968.96,968.96,0.0,968.96,0.0,0.0,0.0,0,1,0,0,0,M,56,1.0,0.0,0.0,0,0,0,0,Asia
CUST_02185,2024-06-02,2024-12-03,2024-09-30,2025-03-03,154,274,0,False,1,0.0,0.0,0.0,0.0,0.0,0.0,0.0,0.0,0.0,0.0,1,1,1.0,302.76,302.76,302.76,0.0,0.0,0.0,0.0,1,0,0,0,0,M,26,0.0,0.0,1.0,0,0,0,0,North America
CUST_02192,2024-06-06,2024-12-03,2024-10-04,2024-12-07,64,184,1,True,1,0.0,0.0,1.0,0.0,1.0,0.0,0.0,0.0,0.0,0.0,3,6,2.0,3861.7200000000003,811.0255555555556,1555.42,0.0,653.34,1652.96,0.0,1,0,2,3,0,F,46,1.0,0.0,0.0,0,0,0,0,Asia
CUST_02197,2024-07-22,2024-12-03,2024-11-19,2024-12-29,40,160,1,True,1,2.0,0.0,2.0,0.0,4.0,1.0,0.0,0.0,0.0,1.0,3,4,1.3333333333333333,1035.46,274.08,0.0,0.0,564.67,0.0,470.79,0,0,3,0,1,M,54,0.0,1.0,0.0,0,0,0,0,Europe
CUST_02202,2024-07-16,2024-12-03,2024-11-13,2024-12-21,38,158,1,True,1,1.0,1.0,1.0,0.0,3.0,0.0,0.0,0.0,0.0,0.0,3,5,1.6666666666666667,3102.2,781.6244444444443,1041.61,1135.99,924.6,0.0,0.0,1,3,1,0,0,M,50,0.0,1.0,0.0,0,0,0,0,Europe
CUST_02203,2024-08-02,2024-12-03,2024-11-30,2025-03-03,93,213,0,False,1,0.0,0.0,0.0,0.0,0.0,0.0,0.0,0.0,0.0,0.0,2,4,2.0,1923.1599999999999,480.78999999999996,0.0,0.0,0.0,1923.1599999999999,0.0,0,0,0,4,0,M,30,0.0,1.0,0.0,0,0,0,0,Europe
CUST_02205,2024-07-16,2024-12-03,2024-11-13,2024-12-07,24,144,1,True,1,0.0,0.0,1.0,1.0,2.0,0.0,0.0,0.0,0.0,0.0,2,5,2.5,948.67,211.95,0.0,0.0,646.06,302.61,0.0,0,0,2,3,0,F,61,0.0,1.0,0.0,0,0,0,0,Europe
CUST_02207,2024-07-21,2024-12-03,2024-11-18,2025-03-03,105,225,0,False,1,0.0,0.0,0.0,0.0,0.0,0.0,0.0,0.0,0.0,0.0,2,6,3.0,3088.52,514.7533333333333,0.0,1094.0,0.0,1994.52,0.0,0,3,0,3,0,F,34,0.0,1.0,0.0,0,0,0,0,Europe
CUST_02210,2024-06-14,2024-12-03,2024-10-12,2025-03-03,142,262,0,False,1,0.0,0.0,0.0,0.0,0.0,0.0,0.0,0.0,0.0,0.0,1,2,2.0,977.7,488.85,0.0,0.0,977.7,0.0,0.0,0,0,2,0,0,M,27,0.0,1.0,0.0,0,0,0,0,Europe
CUST_02217,2024-07-13,2024-12-03,2024-11-10,2024-12-08,28,148,1,True,1,1.0,0.0,1.0,0.0,2.0,0.0,0.0,0.0,0.0,0.0,2,5,2.5,2519.27,572.3608333333333,1829.79,0.0,0.0,0.0,689.48,2,0,0,0,3,F,67,0.0,1.0,0.0,0,0,0,0,Europe
CUST_02219,2024-06-28,2024-12-03,2024-10-26,2025-03-03,128,248,0,False,1,0.0,0.0,0.0,0.0,0.0,0.0,0.0,0.0,0.0,0.0,1,1,1.0,1861.06,1861.06,1861.06,0.0,0.0,0.0,0.0,1,0,0,0,0,M,45,0.0,1.0,0.0,0,0,0,0,Europe
CUST_02226,2024-07-03,2024-12-03,2024-10-31,2025-03-03,123,243,0,False,1,0.0,0.0,0.0,0.0,0.0,0.0,0.0,0.0,0.0,0.0,1,1,1.0,1621.3,1621.3,1621.3,0.0,0.0,0.0,0.0,1,0,0,0,0,M,26,0.0,0.0,1.0,0,0,0,0,North America
CUST_02230,2024-06-13,2024-12-03,2024-10-11,2025-03-03,143,263,0,False,1,0.0,0.0,0.0,0.0,0.0,0.0,0.0,0.0,0.0,0.0,1,3,3.0,686.66,228.88666666666666,0.0,0.0,0.0,0.0,686.66,0,0,0,0,3,M,69,0.0,1.0,0.0,0,0,0,0,Europe
CUST_02232,2024-06-26,2024-12-03,2024-10-24,2025-03-03,130,250,0,False,1,0.0,0.0,0.0,0.0,0.0,0.0,0.0,0.0,0.0,0.0,1,1,1.0,296.68,296.68,0.0,0.0,0.0,296.68,0.0,0,0,0,1,0,M,56,0.0,0.0,1.0,0,0,0,0,North America
CUST_02238,2024-07-26,2024-12-03,2024-11-23,2025-03-03,100,220,0,False,1,0.0,0.0,0.0,0.0,0.0,0.0,0.0,0.0,0.0,0.0,1,1,1.0,231.7,231.7,0.0,0.0,0.0,231.7,0.0,0,0,0,1,0,F,73,1.0,0.0,0.0,0,0,0,0,Asia
CUST_02257,2024-07-23,2024-12-03,2024-11-20,2025-03-03,103,223,0,False,1,0.0,0.0,0.0,0.0,0.0,0.0,0.0,0.0,0.0,0.0,1,3,3.0,1493.43,497.81,0.0,0.0,0.0,1493.43,0.0,0,0,0,3,0,M,68,0.0,1.0,0.0,0,0,0,0,Europe
CUST_02271,2024-07-22,2024-12-03,2024-11-19,2025-03-03,104,224,0,False,1,0.0,0.0,0.0,0.0,0.0,0.0,0.0,0.0,0.0,0.0,1,2,2.0,1159.01,579.505,0.0,1159.01,0.0,0.0,0.0,0,2,0,0,0,M,44,0.0,1.0,0.0,0,0,0,0,Europe
CUST_02272,2024-06-11,2024-12-03,2024-10-09,2025-03-03,145,265,0,False,1,0.0,0.0,0.0,0.0,0.0,0.0,0.0,0.0,0.0,0.0,2,3,1.5,1294.25,350.15999999999997,0.0,0.0,0.0,106.39,1187.86,0,0,0,1,2,Other,35,0.0,1.0,0.0,0,0,0,0,Europe
CUST_02282,2024-06-16,2024-12-03,2024-10-14,2025-03-03,140,260,0,False,1,0.0,0.0,0.0,0.0,0.0,0.0,0.0,0.0,0.0,0.0,1,3,3.0,1396.91,465.6366666666667,1396.91,0.0,0.0,0.0,0.0,3,0,0,0,0,M,69,0.0,1.0,0.0,0,0,0,0,Europe
CUST_02301,2024-06-17,2024-12-03,2024-10-15,2025-03-03,139,259,0,False,1,0.0,0.0,0.0,0.0,0.0,0.0,0.0,0.0,0.0,0.0,1,2,2.0,339.92,169.96,0.0,0.0,0.0,339.92,0.0,0,0,0,2,0,M,40,0.0,1.0,0.0,0,0,0,0,Europe
CUST_02315,2024-07-15,2024-12-03,2024-11-12,2025-03-03,111,231,0,False,1,0.0,0.0,0.0,0.0,0.0,0.0,0.0,0.0,0.0,0.0,1,2,2.0,849.59,424.795,849.59,0.0,0.0,0.0,0.0,2,0,0,0,0,M,64,0.0,0.0,1.0,0,0,0,0,North America
CUST_02319,2024-07-13,2024-12-03,2024-11-10,2024-12-04,24,144,1,True,1,0.0,1.0,0.0,0.0,1.0,0.0,0.0,0.0,0.0,0.0,2,3,1.5,2939.69,1195.995,1844.29,0.0,1095.4,0.0,0.0,1,0,2,0,0,F,36,0.0,1.0,0.0,0,0,0,0,Europe
CUST_02327,2024-06-12,2024-12-03,2024-10-10,2025-03-03,144,264,0,False,1,0.0,0.0,0.0,0.0,0.0,0.0,0.0,0.0,0.0,0.0,1,2,2.0,1405.09,702.545,1405.09,0.0,0.0,0.0,0.0,2,0,0,0,0,M,28,0.0,1.0,0.0,0,0,0,0,Europe
CUST_02330,2024-07-24,2024-12-03,2024-11-21,2025-03-03,102,222,0,False,0,0.0,0.0,0.0,0.0,0.0,0.0,0.0,0.0,0.0,0.0,2,6,3.0,1376.91,314.02125,0.0,0.0,1135.26,241.65,0.0,0,0,2,4,0,F,34,0.0,1.0,0.0,0,0,0,0,Europe
CUST_02334,2024-08-04,2024-12-03,2024-12-02,2025-03-03,91,211,0,False,1,0.0,0.0,0.0,0.0,0.0,0.0,0.0,0.0,0.0,0.0,1,4,4.0,360.87,90.2175,360.87,0.0,0.0,0.0,0.0,4,0,0,0,0,F,74,0.0,1.0,0.0,0,0,0,0,Europe
CUST_02350,2024-06-02,2024-12-03,2024-09-30,2025-03-03,154,274,0,False,1,0.0,0.0,0.0,0.0,0.0,0.0,0.0,0.0,0.0,0.0,1,2,2.0,1285.34,642.67,0.0,0.0,0.0,1285.34,0.0,0,0,0,2,0,F,59,1.0,0.0,0.0,0,0,0,0,Asia
CUST_02352,2024-08-02,2024-12-03,2024-11-30,2025-03-03,93,213,0,False,1,0.0,0.0,0.0,0.0,0.0,0.0,0.0,0.0,0.0,0.0,3,5,1.6666666666666667,3053.59,977.3744444444443,182.2,1030.78,1840.61,0.0,0.0,3,1,1,0,0,M,48,0.0,1.0,0.0,0,0,0,0,Europe
CUST_02358,2024-07-14,2024-12-03,2024-11-11,2025-03-03,112,232,0,False,1,0.0,0.0,0.0,0.0,0.0,0.0,0.0,0.0,0.0,0.0,3,4,1.3333333333333333,4033.21,1016.1766666666667,178.72,1885.13,0.0,1969.36,0.0,1,1,0,2,0,F,36,0.0,1.0,0.0,0,0,0,0,Europe
CUST_02359,2024-06-22,2024-12-03,2024-10-20,2025-03-03,134,254,0,False,1,0.0,0.0,0.0,0.0,0.0,0.0,0.0,0.0,0.0,0.0,1,3,3.0,895.35,298.45,895.35,0.0,0.0,0.0,0.0,3,0,0,0,0,F,64,1.0,0.0,0.0,0,0,0,0,Asia
CUST_02384,2024-07-31,2024-12-03,2024-11-28,2025-03-03,95,215,0,False,1,0.0,0.0,0.0,0.0,0.0,0.0,0.0,0.0,0.0,0.0,2,4,2.0,1568.65,392.1625,0.0,658.17,910.48,0.0,0.0,0,2,2,0,0,F,22,1.0,0.0,0.0,0,0,0,0,Asia
CUST_02391,2024-06-02,2024-12-03,2024-09-30,2024-12-28,89,209,1,True,1,0.0,0.0,0.0,0.0,0.0,0.0,0.0,0.0,0.0,0.0,2,6,3.0,2110.14,460.30999999999995,0.0,1572.34,0.0,0.0,537.8,0,2,0,0,4,M,64,0.0,1.0,0.0,0,0,0,0,Europe
CUST_02408,2024-07-20,2024-12-03,2024-11-17,2025-03-03,106,226,0,False,1,0.0,0.0,0.0,0.0,0.0,0.0,0.0,0.0,0.0,0.0,2,4,2.0,2067.2799999999997,516.8199999999999,1752.57,0.0,314.71,0.0,0.0,2,0,2,0,0,M,50,0.0,0.0,1.0,0,0,0,0,North America
CUST_02409,2024-06-06,2024-12-03,2024-10-04,2025-03-03,150,270,0,False,1,0.0,0.0,0.0,0.0,0.0,0.0,0.0,0.0,0.0,0.0,1,1,1.0,636.01,636.01,0.0,636.01,0.0,0.0,0.0,0,1,0,0,0,F,47,0.0,1.0,0.0,0,0,0,0,Europe
CUST_02410,2024-07-03,2024-12-03,2024-10-31,2025-03-03,123,243,0,False,1,0.0,0.0,0.0,0.0,0.0,0.0,0.0,0.0,0.0,0.0,1,2,2.0,595.59,297.795,595.59,0.0,0.0,0.0,0.0,2,0,0,0,0,M,75,0.0,1.0,0.0,0,0,0,0,Europe
CUST_02411,2024-07-25,2024-12-03,2024-11-22,2025-03-03,101,221,0,False,1,0.0,0.0,0.0,0.0,0.0,0.0,0.0,0.0,0.0,0.0,1,3,3.0,579.77,193.25666666666666,0.0,0.0,0.0,579.77,0.0,0,0,0,3,0,F,21,0.0,1.0,0.0,0,0,0,0,Europe
CUST_02413,2024-06-12,2024-12-03,2024-10-10,2024-12-24,75,195,1,True,1,0.0,2.0,2.0,0.0,4.0,0.0,1.0,0.0,0.0,1.0,2,4,2.0,2482.28,684.74,0.0,0.0,0.0,813.08,1669.2,0,0,0,1,3,M,70,1.0,0.0,0.0,0,0,0,0,Asia
CUST_02414,2024-07-27,2024-12-03,2024-11-24,2025-03-03,99,219,0,False,1,0.0,0.0,0.0,0.0,0.0,0.0,0.0,0.0,0.0,0.0,1,1,1.0,1197.79,1197.79,0.0,0.0,1197.79,0.0,0.0,0,0,1,0,0,F,39,1.0,0.0,0.0,0,0,0,0,Asia
CUST_02415,2024-07-26,2024-12-03,2024-11-23,2024-12-04,11,131,1,True,1,0.0,0.0,0.0,0.0,0.0,0.0,0.0,0.0,0.0,0.0,2,5,2.5,2183.37,755.5725,0.0,0.0,0.0,896.3,1287.07,0,0,0,4,1,F,23,1.0,0.0,0.0,0,0,0,0,Asia
CUST_02420,2024-07-27,2024-12-03,2024-11-24,2025-03-03,99,219,0,False,1,0.0,0.0,0.0,0.0,0.0,0.0,0.0,0.0,0.0,0.0,2,3,1.5,1564.9,538.4925000000001,589.07,975.83,0.0,0.0,0.0,1,2,0,0,0,F,62,0.0,0.0,1.0,0,0,0,0,North America
CUST_02429,2024-07-05,2024-12-03,2024-11-02,2025-03-03,121,241,0,False,1,0.0,0.0,0.0,0.0,0.0,0.0,0.0,0.0,0.0,0.0,1,2,2.0,976.23,488.115,0.0,0.0,0.0,976.23,0.0,0,0,0,2,0,M,51,0.0,0.0,1.0,0,0,0,0,North America
CUST_02435,2024-07-11,2024-12-03,2024-11-08,2025-03-03,115,235,0,False,1,0.0,0.0,0.0,0.0,0.0,0.0,0.0,0.0,0.0,0.0,1,2,2.0,509.44,254.72,509.44,0.0,0.0,0.0,0.0,2,0,0,0,0,F,33,0.0,1.0,0.0,0,0,0,0,Europe
CUST_02439,2024-06-28,2024-12-03,2024-10-26,2025-03-03,128,248,0,False,1,0.0,0.0,0.0,0.0,0.0,0.0,0.0,0.0,0.0,0.0,1,2,2.0,1511.02,755.51,0.0,0.0,0.0,1511.02,0.0,0,0,0,2,0,F,38,0.0,1.0,0.0,0,0,0,0,Europe
CUST_02442,2024-08-04,2024-12-03,2024-12-02,2025-03-03,91,211,0,False,1,0.0,0.0,0.0,0.0,0.0,0.0,0.0,0.0,0.0,0.0,1,2,2.0,1738.45,869.225,0.0,0.0,0.0,1738.45,0.0,0,0,0,2,0,M,31,1.0,0.0,0.0,0,0,0,0,Asia
CUST_02445,2024-06-14,2024-12-03,2024-10-12,2025-03-03,142,262,0,False,1,0.0,0.0,0.0,0.0,0.0,0.0,0.0,0.0,0.0,0.0,1,2,2.0,1609.86,804.93,0.0,0.0,0.0,0.0,1609.86,0,0,0,0,2,M,26,1.0,0.0,0.0,0,0,0,0,Asia
CUST_02484,2024-07-25,2024-12-03,2024-11-22,2025-03-03,101,221,0,False,1,0.0,0.0,0.0,0.0,0.0,0.0,0.0,0.0,0.0,0.0,2,4,2.0,2310.4700000000003,577.6175000000001,1406.44,0.0,0.0,904.03,0.0,2,0,0,2,0,F,75,0.0,1.0,0.0,0,0,0,0,Europe
CUST_02497,2024-07-31,2024-12-03,2024-11-28,2025-03-03,95,215,0,False,1,0.0,0.0,0.0,0.0,0.0,0.0,0.0,0.0,0.0,0.0,3,6,2.0,2065.77,463.96111111111117,0.0,547.48,600.22,0.0,918.07,0,2,3,0,1,M,70,0.0,1.0,0.0,0,0,0,0,Europe
CUST_02508,2024-07-21,2024-12-03,2024-11-18,2025-03-03,105,225,0,False,1,0.0,0.0,0.0,0.0,0.0,0.0,0.0,0.0,0.0,0.0,2,2,1.0,3010.82,1505.41,0.0,0.0,0.0,3010.82,0.0,0,0,0,2,0,M,35,0.0,1.0,0.0,0,0,0,0,Europe
CUST_02509,2024-06-13,2024-12-03,2024-10-11,2025-03-03,143,263,0,False,1,0.0,0.0,0.0,0.0,0.0,0.0,0.0,0.0,0.0,0.0,1,4,4.0,624.21,156.0525,0.0,0.0,0.0,624.21,0.0,0,0,0,4,0,M,65,0.0,0.0,1.0,0,0,0,0,North America
CUST_02510,2024-07-02,2024-12-03,2024-10-30,2025-03-03,124,244,0,False,0,0.0,0.0,0.0,0.0,0.0,0.0,0.0,0.0,0.0,0.0,1,2,2.0,332.63,166.315,332.63,0.0,0.0,0.0,0.0,2,0,0,0,0,M,72,0.0,1.0,0.0,0,0,0,0,Europe
CUST_02511,2024-06-14,2024-12-03,2024-10-12,2025-03-03,142,262,0,False,1,0.0,0.0,0.0,0.0,0.0,0.0,0.0,0.0,0.0,0.0,1,1,1.0,1691.87,1691.87,1691.87,0.0,0.0,0.0,0.0,1,0,0,0,0,F,42,0.0,1.0,0.0,0,0,0,0,Europe
CUST_02524,2024-07-10,2024-12-03,2024-11-07,2025-03-03,116,236,0,False,1,0.0,0.0,0.0,0.0,0.0,0.0,0.0,0.0,0.0,0.0,3,8,2.6666666666666665,1809.37,214.16,0.0,639.44,1169.9299999999998,0.0,0.0,0,3,5,0,0,M,31,0.0,1.0,0.0,0,0,0,0,Europe
CUST_02526,2024-07-08,2024-12-03,2024-11-05,2025-03-03,118,238,0,False,1,0.0,0.0,0.0,0.0,0.0,0.0,0.0,0.0,0.0,0.0,1,3,3.0,595.98,198.66,0.0,595.98,0.0,0.0,0.0,0,3,0,0,0,F,75,1.0,0.0,0.0,0,0,0,0,Asia
CUST_02533,2024-06-12,2024-12-03,2024-10-10,2025-03-03,144,264,0,False,1,0.0,0.0,0.0,0.0,0.0,0.0,0.0,0.0,0.0,0.0,1,1,1.0,1037.8,1037.8,0.0,0.0,1037.8,0.0,0.0,0,0,1,0,0,F,75,0.0,0.0,1.0,0,0,0,0,North America
CUST_02548,2024-07-24,2024-12-03,2024-11-21,2025-03-03,102,222,0,False,1,0.0,0.0,0.0,0.0,0.0,0.0,0.0,0.0,0.0,0.0,1,1,1.0,1556.57,1556.57,0.0,1556.57,0.0,0.0,0.0,0,1,0,0,0,M,50,0.0,0.0,1.0,0,0,0,0,North America
CUST_02550,2024-07-18,2024-12-03,2024-11-15,2025-03-03,108,228,0,False,1,0.0,0.0,0.0,0.0,0.0,0.0,0.0,0.0,0.0,0.0,1,1,1.0,1661.5,1661.5,0.0,0.0,0.0,1661.5,0.0,0,0,0,1,0,F,41,0.0,1.0,0.0,0,0,0,0,Europe
CUST_02557,2024-06-03,2024-12-03,2024-10-01,2025-03-03,153,273,0,False,1,0.0,0.0,0.0,0.0,0.0,0.0,0.0,0.0,0.0,0.0,1,2,2.0,494.46,247.23,0.0,0.0,0.0,0.0,494.46,0,0,0,0,2,M,67,1.0,0.0,0.0,0,0,0,0,Asia
CUST_02559,2024-07-24,2024-12-03,2024-11-21,2025-03-03,102,222,0,False,1,0.0,0.0,0.0,0.0,0.0,0.0,0.0,0.0,0.0,0.0,1,4,4.0,1110.81,277.7025,0.0,0.0,0.0,0.0,1110.81,0,0,0,0,4,F,55,0.0,1.0,0.0,0,0,0,0,Europe
CUST_02565,2024-06-11,2024-12-03,2024-10-09,2025-03-03,145,265,0,False,1,0.0,0.0,0.0,0.0,0.0,0.0,0.0,0.0,0.0,0.0,1,3,3.0,1328.64,442.88000000000005,1328.64,0.0,0.0,0.0,0.0,3,0,0,0,0,M,48,0.0,1.0,0.0,0,0,0,0,Europe
CUST_02570,2024-06-19,2024-12-03,2024-10-17,2025-03-03,137,257,0,False,1,0.0,0.0,0.0,0.0,0.0,0.0,0.0,0.0,0.0,0.0,3,9,3.0,2656.3900000000003,436.1437777777778,0.0,778.96,0.0,722.54,1154.89,0,1,0,5,3,F,64,0.0,1.0,0.0,0,0,0,0,Europe
CUST_02571,2024-06-20,2024-12-03,2024-10-18,2025-03-03,136,256,0,False,1,0.0,0.0,0.0,0.0,0.0,0.0,0.0,0.0,0.0,0.0,1,2,2.0,1539.91,769.955,0.0,0.0,0.0,1539.91,0.0,0,0,0,2,0,M,71,0.0,1.0,0.0,0,0,0,0,Europe
CUST_02580,2024-06-02,2024-12-03,2024-09-30,2025-03-03,154,274,0,False,1,0.0,0.0,0.0,0.0,0.0,0.0,0.0,0.0,0.0,0.0,1,3,3.0,1170.44,390.1466666666667,1170.44,0.0,0.0,0.0,0.0,3,0,0,0,0,M,28,0.0,0.0,1.0,0,0,0,0,North America
CUST_02581,2024-07-01,2024-12-03,2024-10-29,2024-12-21,53,173,1,True,0,1.0,0.0,0.0,0.0,1.0,0.0,0.0,0.0,0.0,0.0,2,3,1.5,1898.5,549.47,0.0,1599.12,299.38,0.0,0.0,0,2,1,0,0,F,53,0.0,1.0,0.0,0,0,0,0,Europe
CUST_02586,2024-07-16,2024-12-03,2024-11-13,2025-03-03,110,230,0,False,1,0.0,0.0,0.0,0.0,0.0,0.0,0.0,0.0,0.0,0.0,1,2,2.0,1201.25,600.625,0.0,1201.25,0.0,0.0,0.0,0,2,0,0,0,F,33,0.0,1.0,0.0,0,0,0,0,Europe
CUST_02589,2024-06-13,2024-12-03,2024-10-11,2025-03-03,143,263,0,False,1,0.0,0.0,0.0,0.0,0.0,0.0,0.0,0.0,0.0,0.0,1,2,2.0,669.95,334.975,0.0,0.0,669.95,0.0,0.0,0,0,2,0,0,M,53,1.0,0.0,0.0,0,0,0,0,Asia
CUST_02597,2024-07-23,2024-12-03,2024-11-20,2025-03-03,103,223,0,False,1,0.0,0.0,0.0,0.0,0.0,0.0,0.0,0.0,0.0,0.0,2,6,3.0,2754.73,459.12166666666667,0.0,0.0,0.0,1042.89,1711.84,0,0,0,3,3,F,40,0.0,0.0,1.0,0,0,0,0,North America
CUST_02600,2024-06-09,2024-12-03,2024-10-07,2025-03-03,147,267,0,False,1,0.0,0.0,0.0,0.0,0.0,0.0,0.0,0.0,0.0,0.0,1,1,1.0,273.37,273.37,0.0,0.0,273.37,0.0,0.0,0,0,1,0,0,F,61,1.0,0.0,0.0,0,0,0,0,Asia
CUST_02604,2024-07-22,2024-12-03,2024-11-19,2025-03-03,104,224,0,False,1,0.0,0.0,0.0,0.0,0.0,0.0,0.0,0.0,0.0,0.0,1,3,3.0,1977.3,659.1,0.0,1977.3,0.0,0.0,0.0,0,3,0,0,0,M,54,0.0,1.0,0.0,0,0,0,0,Europe
CUST_02606,2024-08-02,2024-12-03,2024-11-30,2025-03-03,93,213,0,False,1,0.0,0.0,0.0,0.0,0.0,0.0,0.0,0.0,0.0,0.0,1,3,3.0,1171.49,390.49666666666667,1171.49,0.0,0.0,0.0,0.0,3,0,0,0,0,F,42,0.0,1.0,0.0,0,0,0,0,Europe
CUST_02627,2024-07-20,2024-12-03,2024-11-17,2025-03-03,106,226,0,False,1,0.0,0.0,0.0,0.0,0.0,0.0,0.0,0.0,0.0,0.0,1,2,2.0,641.87,320.935,0.0,0.0,0.0,0.0,641.87,0,0,0,0,2,F,72,0.0,1.0,0.0,0,0,0,0,Europe
CUST_02632,2024-08-03,2024-12-03,2024-12-01,2025-03-03,92,212,0,False,1,0.0,0.0,0.0,0.0,0.0,0.0,0.0,0.0,0.0,0.0,1,3,3.0,1039.35,346.45,0.0,0.0,1039.35,0.0,0.0,0,0,3,0,0,F,69,0.0,1.0,0.0,0,0,0,0,Europe
CUST_02635,2024-07-22,2024-12-03,2024-11-19,2025-03-03,104,224,0,False,0,0.0,0.0,0.0,0.0,0.0,0.0,0.0,0.0,0.0,0.0,1,1,1.0,633.54,633.54,0.0,633.54,0.0,0.0,0.0,0,1,0,0,0,M,66,0.0,1.0,0.0,0,0,0,0,Europe
CUST_02639,2024-07-07,2024-12-03,2024-11-04,2025-03-03,119,239,0,False,1,0.0,0.0,0.0,0.0,0.0,0.0,0.0,0.0,0.0,0.0,1,1,1.0,302.08,302.08,0.0,0.0,0.0,0.0,302.08,0,0,0,0,1,F,69,0.0,1.0,0.0,0,0,0,0,Europe
CUST_02655,2024-06-17,2024-12-03,2024-10-15,2024-12-26,72,192,1,True,1,0.0,0.0,0.0,1.0,1.0,0.0,0.0,0.0,0.0,0.0,2,3,1.5,3602.49,1354.3925,0.0,1815.08,1787.41,0.0,0.0,0,1,2,0,0,M,21,0.0,0.0,1.0,0,0,0,0,North America
CUST_02664,2024-06-15,2024-12-03,2024-10-13,2025-03-03,141,261,0,False,0,0.0,0.0,0.0,0.0,0.0,0.0,0.0,0.0,0.0,0.0,1,2,2.0,1016.41,508.205,0.0,1016.41,0.0,0.0,0.0,0,2,0,0,0,M,61,0.0,1.0,0.0,0,0,0,0,Europe
CUST_02670,2024-07-24,2024-12-03,2024-11-21,2024-12-11,20,140,1,True,1,1.0,0.0,1.0,0.0,2.0,0.0,0.0,0.0,0.0,0.0,2,6,3.0,2803.26,467.21000000000004,1257.99,1545.27,0.0,0.0,0.0,3,3,0,0,0,M,60,0.0,0.0,1.0,0,0,0,0,North America
CUST_02673,2024-07-06,2024-12-03,2024-11-03,2025-03-03,120,240,0,False,1,0.0,0.0,0.0,0.0,0.0,0.0,0.0,0.0,0.0,0.0,1,1,1.0,880.49,880.49,0.0,0.0,0.0,0.0,880.49,0,0,0,0,1,F,49,1.0,0.0,0.0,0,0,0,0,Asia
CUST_02681,2024-06-23,2024-12-03,2024-10-21,2024-12-27,67,187,1,True,0,0.0,0.0,0.0,0.0,0.0,0.0,0.0,0.0,0.0,0.0,2,3,1.5,2933.92,1137.5375,0.0,0.0,2933.92,0.0,0.0,0,0,3,0,0,M,66,1.0,0.0,0.0,0,0,0,0,Asia
CUST_02682,2024-07-23,2024-12-03,2024-11-20,2025-03-03,103,223,0,False,1,0.0,0.0,0.0,0.0,0.0,0.0,0.0,0.0,0.0,0.0,2,4,2.0,3032.76,758.19,1554.67,1478.09,0.0,0.0,0.0,2,2,0,0,0,F,51,0.0,1.0,0.0,0,0,0,0,Europe
CUST_02690,2024-06-20,2024-12-03,2024-10-18,2025-03-03,136,256,0,False,1,0.0,0.0,0.0,0.0,0.0,0.0,0.0,0.0,0.0,0.0,1,2,2.0,395.99,197.995,395.99,0.0,0.0,0.0,0.0,2,0,0,0,0,F,71,1.0,0.0,0.0,0,0,0,0,Asia
CUST_02692,2024-07-04,2024-12-03,2024-11-01,2025-03-03,122,242,0,False,1,0.0,0.0,0.0,0.0,0.0,0.0,0.0,0.0,0.0,0.0,1,1,1.0,689.65,689.65,0.0,689.65,0.0,0.0,0.0,0,1,0,0,0,M,27,0.0,1.0,0.0,0,0,0,0,Europe
CUST_02699,2024-07-14,2024-12-03,2024-11-11,2025-03-03,112,232,0,False,1,0.0,0.0,0.0,0.0,0.0,0.0,0.0,0.0,0.0,0.0,2,3,1.5,2516.59,1065.7125,770.33,0.0,1746.26,0.0,0.0,2,0,1,0,0,M,59,1.0,0.0,0.0,0,0,0,0,Asia
CUST_02724,2024-07-12,2024-12-03,2024-11-09,2025-03-03,114,234,0,False,1,0.0,0.0,0.0,0.0,0.0,0.0,0.0,0.0,0.0,0.0,1,2,2.0,530.32,265.16,0.0,0.0,0.0,530.32,0.0,0,0,0,2,0,M,27,0.0,1.0,0.0,0,0,0,0,Europe
CUST_02740,2024-06-17,2024-12-03,2024-10-15,2025-03-03,139,259,0,False,1,0.0,0.0,0.0,0.0,0.0,0.0,0.0,0.0,0.0,0.0,1,1,1.0,220.5,220.5,0.0,220.5,0.0,0.0,0.0,0,1,0,0,0,M,39,0.0,1.0,0.0,0,0,0,0,Europe
CUST_02741,2024-06-24,2024-12-03,2024-10-22,2025-03-03,132,252,0,False,1,0.0,0.0,0.0,0.0,0.0,0.0,0.0,0.0,0.0,0.0,3,11,3.6666666666666665,2819.85,248.215,0.0,1779.91,476.19,0.0,563.75,0,4,3,0,4,M,43,0.0,0.0,1.0,0,0,0,0,North America
CUST_02753,2024-07-10,2024-12-03,2024-11-07,2024-12-16,39,159,1,True,1,0.0,0.0,0.0,0.0,0.0,0.0,0.0,0.0,0.0,0.0,3,5,1.6666666666666667,4128.96,960.3516666666668,1062.63,1633.15,0.0,1433.18,0.0,2,1,0,2,0,M,74,1.0,0.0,0.0,0,0,0,0,Asia
CUST_02756,2024-06-03,2024-12-03,2024-10-01,2024-12-12,72,192,1,True,1,1.0,0.0,0.0,1.0,2.0,0.0,0.0,0.0,0.0,0.0,2,4,2.0,1971.68,767.9100000000001,1971.68,0.0,0.0,0.0,0.0,4,0,0,0,0,F,49,0.0,1.0,0.0,0,0,0,0,Europe
CUST_02759,2024-06-28,2024-12-03,2024-10-26,2025-03-03,128,248,0,False,1,0.0,0.0,0.0,0.0,0.0,0.0,0.0,0.0,0.0,0.0,1,2,2.0,477.46,238.73,0.0,0.0,0.0,477.46,0.0,0,0,0,2,0,M,68,0.0,0.0,1.0,0,0,0,0,North America
CUST_02770,2024-06-25,2024-12-03,2024-10-23,2025-03-03,131,251,0,False,1,0.0,0.0,0.0,0.0,0.0,0.0,0.0,0.0,0.0,0.0,1,1,1.0,1251.72,1251.72,1251.72,0.0,0.0,0.0,0.0,1,0,0,0,0,F,53,0.0,1.0,0.0,0,0,0,0,Europe
CUST_02788,2024-07-04,2024-12-03,2024-11-01,2025-03-03,122,242,0,False,1,0.0,0.0,0.0,0.0,0.0,0.0,0.0,0.0,0.0,0.0,1,5,5.0,1535.97,307.194,0.0,0.0,0.0,1535.97,0.0,0,0,0,5,0,F,29,1.0,0.0,0.0,0,0,0,0,Asia
CUST_02790,2024-07-08,2024-12-03,2024-11-05,2025-03-03,118,238,0,False,1,0.0,0.0,0.0,0.0,0.0,0.0,0.0,0.0,0.0,0.0,1,4,4.0,1722.63,430.6575,0.0,1722.63,0.0,0.0,0.0,0,4,0,0,0,M,60,1.0,0.0,0.0,0,0,0,0,Asia
CUST_02797,2024-08-03,2024-12-03,2024-12-01,2025-03-03,92,212,0,False,1,0.0,0.0,0.0,0.0,0.0,0.0,0.0,0.0,0.0,0.0,2,3,1.5,1047.67,464.6675,0.0,236.67,811.0,0.0,0.0,0,2,1,0,0,F,60,0.0,1.0,0.0,0,0,0,0,Europe
CUST_02801,2024-07-24,2024-12-03,2024-11-21,2025-03-03,102,222,0,False,1,0.0,0.0,0.0,0.0,0.0,0.0,0.0,0.0,0.0,0.0,1,1,1.0,1004.43,1004.43,0.0,1004.43,0.0,0.0,0.0,0,1,0,0,0,F,73,0.0,1.0,0.0,0,0,0,0,Europe
CUST_02824,2024-06-30,2024-12-03,2024-10-28,2025-03-03,126,246,0,False,1,0.0,0.0,0.0,0.0,0.0,0.0,0.0,0.0,0.0,0.0,1,1,1.0,1392.38,1392.38,0.0,1392.38,0.0,0.0,0.0,0,1,0,0,0,F,43,1.0,0.0,0.0,0,0,0,0,Asia
CUST_02829,2024-07-31,2024-12-03,2024-11-28,2025-03-03,95,215,0,False,0,0.0,0.0,0.0,0.0,0.0,0.0,0.0,0.0,0.0,0.0,3,6,2.0,3313.27,844.6883333333334,3039.91,0.0,273.36,0.0,0.0,3,0,3,0,0,M,24,0.0,1.0,0.0,0,0,0,0,Europe
CUST_02832,2024-07-03,2024-12-03,2024-10-31,2025-03-03,123,243,0,False,1,0.0,0.0,0.0,0.0,0.0,0.0,0.0,0.0,0.0,0.0,1,1,1.0,446.0,446.0,0.0,0.0,0.0,0.0,446.0,0,0,0,0,1,F,40,0.0,0.0,1.0,0,0,0,0,North America
CUST_02836,2024-07-03,2024-12-03,2024-10-31,2025-03-03,123,243,0,False,1,0.0,0.0,0.0,0.0,0.0,0.0,0.0,0.0,0.0,0.0,1,2,2.0,1565.62,782.81,0.0,0.0,1565.62,0.0,0.0,0,0,2,0,0,F,31,0.0,1.0,0.0,0,0,0,0,Europe
CUST_02843,2024-07-04,2024-12-03,2024-11-01,2025-03-03,122,242,0,False,1,0.0,0.0,0.0,0.0,0.0,0.0,0.0,0.0,0.0,0.0,2,2,1.0,2841.45,1420.725,0.0,0.0,0.0,1895.81,945.64,0,0,0,1,1,F,75,0.0,1.0,0.0,0,0,0,0,Europe
CUST_02849,2024-07-03,2024-12-03,2024-10-31,2025-03-03,123,243,0,False,1,0.0,0.0,0.0,0.0,0.0,0.0,0.0,0.0,0.0,0.0,1,1,1.0,991.62,991.62,0.0,0.0,0.0,991.62,0.0,0,0,0,1,0,F,72,0.0,1.0,0.0,0,0,0,0,Europe
CUST_02850,2024-07-18,2024-12-03,2024-11-15,2025-03-03,108,228,0,False,1,0.0,0.0,0.0,0.0,0.0,0.0,0.0,0.0,0.0,0.0,1,1,1.0,379.03,379.03,0.0,379.03,0.0,0.0,0.0,0,1,0,0,0,F,58,0.0,1.0,0.0,0,0,0,0,Europe
CUST_02858,2024-06-29,2024-12-03,2024-10-27,2025-03-03,127,247,0,False,1,0.0,0.0,0.0,0.0,0.0,0.0,0.0,0.0,0.0,0.0,1,2,2.0,1953.85,976.925,0.0,0.0,0.0,0.0,1953.85,0,0,0,0,2,F,39,1.0,0.0,0.0,0,0,0,0,Asia
CUST_02872,2024-08-03,2024-12-03,2024-12-01,2024-12-04,3,123,1,True,1,0.0,0.0,1.0,0.0,1.0,0.0,0.0,0.0,0.0,0.0,2,5,2.5,2113.51,482.555,0.0,0.0,0.0,549.87,1563.64,0,0,0,3,2,F,46,0.0,1.0,0.0,0,0,0,0,Europe
CUST_02874,2024-07-23,2024-12-03,2024-11-20,2025-03-03,103,223,0,False,1,0.0,0.0,0.0,0.0,0.0,0.0,0.0,0.0,0.0,0.0,4,8,2.0,4637.52,822.58,0.0,0.0,2913.91,0.0,1723.61,0,0,5,0,3,F,70,1.0,0.0,0.0,0,0,0,0,Asia
CUST_02882,2024-06-20,2024-12-03,2024-10-18,2025-03-03,136,256,0,False,1,0.0,0.0,0.0,0.0,0.0,0.0,0.0,0.0,0.0,0.0,1,1,1.0,1077.86,1077.86,0.0,0.0,0.0,0.0,1077.86,0,0,0,0,1,M,55,1.0,0.0,0.0,0,0,0,0,Asia
CUST_02883,2024-06-25,2024-12-03,2024-10-23,2025-03-03,131,251,0,False,1,0.0,0.0,0.0,0.0,0.0,0.0,0.0,0.0,0.0,0.0,1,2,2.0,366.07,183.035,366.07,0.0,0.0,0.0,0.0,2,0,0,0,0,M,41,0.0,1.0,0.0,0,0,0,0,Europe
CUST_02885,2024-07-06,2024-12-03,2024-11-03,2025-03-03,120,240,0,False,0,0.0,0.0,0.0,0.0,0.0,0.0,0.0,0.0,0.0,0.0,1,1,1.0,1535.78,1535.78,0.0,0.0,1535.78,0.0,0.0,0,0,1,0,0,M,49,0.0,1.0,0.0,0,0,0,0,Europe
CUST_02887,2024-07-07,2024-12-03,2024-11-04,2025-03-03,119,239,0,False,1,0.0,0.0,0.0,0.0,0.0,0.0,0.0,0.0,0.0,0.0,2,6,3.0,1319.24,215.57625000000002,913.87,0.0,0.0,405.37,0.0,4,0,0,2,0,M,41,1.0,0.0,0.0,0,0,0,0,Asia
CUST_02888,2024-06-18,2024-12-03,2024-10-16,2025-03-03,138,258,0,False,1,0.0,0.0,0.0,0.0,0.0,0.0,0.0,0.0,0.0,0.0,1,2,2.0,1513.75,756.875,0.0,0.0,0.0,0.0,1513.75,0,0,0,0,2,F,58,0.0,1.0,0.0,0,0,0,0,Europe
CUST_02894,2024-06-13,2024-12-03,2024-10-11,2025-03-03,143,263,0,False,0,0.0,0.0,0.0,0.0,0.0,0.0,0.0,0.0,0.0,0.0,1,2,2.0,1089.08,544.54,0.0,0.0,0.0,1089.08,0.0,0,0,0,2,0,F,74,0.0,0.0,1.0,0,0,0,0,North America
CUST_02904,2024-07-02,2024-12-03,2024-10-30,2025-03-03,124,244,0,False,1,0.0,0.0,0.0,0.0,0.0,0.0,0.0,0.0,0.0,0.0,1,3,3.0,1645.04,548.3466666666667,0.0,0.0,0.0,1645.04,0.0,0,0,0,3,0,F,22,0.0,1.0,0.0,0,0,0,0,Europe
CUST_02906,2024-07-29,2024-12-03,2024-11-26,2024-12-16,20,140,1,True,1,0.0,0.0,0.0,0.0,0.0,0.0,0.0,0.0,0.0,0.0,3,7,2.3333333333333335,2503.16,515.5241666666667,0.0,0.0,372.93,1026.83,1103.4,0,0,2,4,1,F,24,0.0,0.0,1.0,0,0,0,0,North America
CUST_02922,2024-07-10,2024-12-03,2024-11-07,2025-03-03,116,236,0,False,1,0.0,0.0,0.0,0.0,0.0,0.0,0.0,0.0,0.0,0.0,3,7,2.3333333333333335,4237.33,943.3316666666666,0.0,0.0,3336.1099999999997,0.0,901.22,0,0,3,0,4,M,31,1.0,0.0,0.0,0,0,0,0,Asia
CUST_02934,2024-06-01,2024-12-03,2024-09-29,2025-03-03,155,275,0,False,1,0.0,0.0,0.0,0.0,0.0,0.0,0.0,0.0,0.0,0.0,1,2,2.0,784.29,392.145,0.0,0.0,0.0,0.0,784.29,0,0,0,0,2,F,44,0.0,0.0,1.0,0,0,0,0,North America
CUST_02941,2024-07-29,2024-12-03,2024-11-26,2025-03-03,97,217,0,False,1,0.0,0.0,0.0,0.0,0.0,0.0,0.0,0.0,0.0,0.0,1,3,3.0,1576.55,525.5166666666667,0.0,1576.55,0.0,0.0,0.0,0,3,0,0,0,M,25,1.0,0.0,0.0,0,0,0,0,Asia
CUST_02979,2024-06-08,2024-12-03,2024-10-06,2025-03-03,148,268,0,False,1,0.0,0.0,0.0,0.0,0.0,0.0,0.0,0.0,0.0,0.0,2,4,2.0,2384.9300000000003,719.4216666666666,0.0,965.8,1419.13,0.0,0.0,0,1,3,0,0,F,26,1.0,0.0,0.0,0,0,0,0,Asia
CUST_02983,2024-07-27,2024-12-03,2024-11-24,2025-03-03,99,219,0,False,1,0.0,0.0,0.0,0.0,0.0,0.0,0.0,0.0,0.0,0.0,2,3,1.5,3530.24,1334.745,0.0,1808.74,0.0,1721.5,0.0,0,1,0,2,0,M,69,0.0,1.0,0.0,0,0,0,0,Europe
CUST_02986,2024-07-15,2024-12-03,2024-11-12,2025-03-03,111,231,0,False,1,0.0,0.0,0.0,0.0,0.0,0.0,0.0,0.0,0.0,0.0,1,2,2.0,893.3,446.65,0.0,893.3,0.0,0.0,0.0,0,2,0,0,0,F,54,0.0,1.0,0.0,0,0,0,0,Europe
CUST_02996,2024-06-19,2024-12-03,2024-10-17,2025-03-03,137,257,0,False,1,0.0,0.0,0.0,0.0,0.0,0.0,0.0,0.0,0.0,0.0,1,2,2.0,1180.45,590.225,0.0,0.0,0.0,1180.45,0.0,0,0,0,2,0,F,22,0.0,1.0,0.0,0,0,0,0,Europe
CUST_03019,2024-07-05,2024-12-03,2024-11-02,2025-03-03,121,241,0,False,1,0.0,0.0,0.0,0.0,0.0,0.0,0.0,0.0,0.0,0.0,2,4,2.0,2390.8,1054.8500000000001,0.0,0.0,421.65,1969.15,0.0,0,0,3,1,0,F,27,1.0,0.0,0.0,0,0,0,0,Asia
CUST_03030,2024-07-29,2024-12-03,2024-11-26,2025-03-03,97,217,0,False,1,0.0,0.0,0.0,0.0,0.0,0.0,0.0,0.0,0.0,0.0,1,1,1.0,737.7,737.7,0.0,737.7,0.0,0.0,0.0,0,1,0,0,0,M,58,0.0,0.0,1.0,0,0,0,0,North America
CUST_03043,2024-07-23,2024-12-03,2024-11-20,2025-03-03,103,223,0,False,1,0.0,0.0,0.0,0.0,0.0,0.0,0.0,0.0,0.0,0.0,2,5,2.5,2813.83,989.915,0.0,0.0,1701.83,0.0,1112.0,0,0,1,0,4,M,35,0.0,1.0,0.0,0,0,0,0,Europe
CUST_03045,2024-06-25,2024-12-03,2024-10-23,2025-03-03,131,251,0,False,1,0.0,0.0,0.0,0.0,0.0,0.0,0.0,0.0,0.0,0.0,1,1,1.0,995.54,995.54,0.0,0.0,0.0,995.54,0.0,0,0,0,1,0,M,67,0.0,0.0,1.0,0,0,0,0,North America
CUST_03046,2024-07-09,2024-12-03,2024-11-06,2025-03-03,117,237,0,False,1,0.0,0.0,0.0,0.0,0.0,0.0,0.0,0.0,0.0,0.0,1,2,2.0,1841.06,920.53,0.0,0.0,1841.06,0.0,0.0,0,0,2,0,0,Other,35,1.0,0.0,0.0,0,0,0,0,Asia
CUST_03067,2024-07-24,2024-12-03,2024-11-21,2025-03-03,102,222,0,False,0,0.0,0.0,0.0,0.0,0.0,0.0,0.0,0.0,0.0,0.0,2,2,1.0,2320.36,1160.18,0.0,0.0,0.0,2320.36,0.0,0,0,0,2,0,Other,52,0.0,0.0,1.0,0,0,0,0,North America
CUST_03078,2024-07-26,2024-12-03,2024-11-23,2025-03-03,100,220,0,False,1,0.0,0.0,0.0,0.0,0.0,0.0,0.0,0.0,0.0,0.0,1,3,3.0,543.82,181.27333333333334,0.0,0.0,0.0,543.82,0.0,0,0,0,3,0,M,68,0.0,1.0,0.0,0,0,0,0,Europe
CUST_03079,2024-08-04,2024-12-03,2024-12-02,2025-03-03,91,211,0,False,1,0.0,0.0,0.0,0.0,0.0,0.0,0.0,0.0,0.0,0.0,1,2,2.0,1625.32,812.66,0.0,0.0,0.0,0.0,1625.32,0,0,0,0,2,M,53,0.0,1.0,0.0,0,0,0,0,Europe
CUST_03080,2024-06-19,2024-12-03,2024-10-17,2025-03-03,137,257,0,False,1,0.0,0.0,0.0,0.0,0.0,0.0,0.0,0.0,0.0,0.0,2,3,1.5,2981.58,1206.0175,0.0,0.0,0.0,1139.09,1842.49,0,0,0,2,1,M,33,0.0,1.0,0.0,0,0,0,0,Europe
CUST_03082,2024-07-28,2024-12-03,2024-11-25,2025-03-03,98,218,0,False,1,0.0,0.0,0.0,0.0,0.0,0.0,0.0,0.0,0.0,0.0,2,2,1.0,2191.1800000000003,1095.5900000000001,2191.1800000000003,0.0,0.0,0.0,0.0,2,0,0,0,0,M,31,0.0,1.0,0.0,0,0,0,0,Europe
CUST_03088,2024-07-13,2024-12-03,2024-11-10,2025-03-03,113,233,0,False,1,0.0,0.0,0.0,0.0,0.0,0.0,0.0,0.0,0.0,0.0,1,1,1.0,220.43,220.43,0.0,0.0,0.0,220.43,0.0,0,0,0,1,0,F,71,0.0,1.0,0.0,0,0,0,0,Europe
CUST_03091,2024-06-25,2024-12-03,2024-10-23,2025-03-03,131,251,0,False,1,0.0,0.0,0.0,0.0,0.0,0.0,0.0,0.0,0.0,0.0,1,2,2.0,1326.77,663.385,1326.77,0.0,0.0,0.0,0.0,2,0,0,0,0,F,36,0.0,0.0,1.0,0,0,0,0,North America
CUST_03101,2024-07-08,2024-12-03,2024-11-05,2025-03-03,118,238,0,False,1,0.0,0.0,0.0,0.0,0.0,0.0,0.0,0.0,0.0,0.0,2,2,1.0,3294.2,1647.1,0.0,1538.17,1756.03,0.0,0.0,0,1,1,0,0,F,48,1.0,0.0,0.0,0,0,0,0,Asia
CUST_03109,2024-07-02,2024-12-03,2024-10-30,2025-03-03,124,244,0,False,1,0.0,0.0,0.0,0.0,0.0,0.0,0.0,0.0,0.0,0.0,1,2,2.0,1025.58,512.79,0.0,1025.58,0.0,0.0,0.0,0,2,0,0,0,F,68,0.0,1.0,0.0,0,0,0,0,Europe
CUST_03110,2024-06-10,2024-12-03,2024-10-08,2025-03-03,146,266,0,False,1,0.0,0.0,0.0,0.0,0.0,0.0,0.0,0.0,0.0,0.0,1,1,1.0,517.97,517.97,0.0,0.0,517.97,0.0,0.0,0,0,1,0,0,M,66,0.0,1.0,0.0,0,0,0,0,Europe
CUST_03129,2024-07-09,2024-12-03,2024-11-06,2025-03-03,117,237,0,False,1,0.0,0.0,0.0,0.0,0.0,0.0,0.0,0.0,0.0,0.0,1,1,1.0,624.81,624.81,0.0,0.0,0.0,0.0,624.81,0,0,0,0,1,F,62,1.0,0.0,0.0,0,0,0,0,Asia
CUST_03133,2024-06-25,2024-12-03,2024-10-23,2025-03-03,131,251,0,False,1,0.0,0.0,0.0,0.0,0.0,0.0,0.0,0.0,0.0,0.0,2,7,3.5,3701.18,537.9316666666666,0.0,0.0,1806.82,0.0,1894.36,0,0,3,0,4,M,21,1.0,0.0,0.0,0,0,0,0,Asia
CUST_03134,2024-06-06,2024-12-03,2024-10-04,2024-12-28,85,205,1,True,1,0.0,0.0,0.0,0.0,0.0,0.0,0.0,0.0,0.0,0.0,2,3,1.5,1382.36,665.155,0.0,1382.36,0.0,0.0,0.0,0,3,0,0,0,M,26,0.0,0.0,1.0,0,0,0,0,North America
CUST_03141,2024-07-14,2024-12-03,2024-11-11,2025-03-03,112,232,0,False,1,0.0,0.0,0.0,0.0,0.0,0.0,0.0,0.0,0.0,0.0,2,2,1.0,1794.69,897.345,220.75,1573.94,0.0,0.0,0.0,1,1,0,0,0,Other,74,0.0,1.0,0.0,0,0,0,0,Europe
CUST_03162,2024-07-06,2024-12-03,2024-11-03,2024-12-24,51,171,1,True,1,0.0,1.0,1.0,1.0,3.0,0.0,0.0,0.0,0.0,0.0,2,3,1.5,2758.5699999999997,911.52,0.0,0.0,1871.06,887.51,0.0,0,0,2,1,0,M,51,0.0,1.0,0.0,0,0,0,0,Europe
CUST_03176,2024-06-25,2024-12-03,2024-10-23,2025-03-03,131,251,0,False,1,0.0,0.0,0.0,0.0,0.0,0.0,0.0,0.0,0.0,0.0,1,1,1.0,1078.22,1078.22,1078.22,0.0,0.0,0.0,0.0,1,0,0,0,0,M,44,0.0,1.0,0.0,0,0,0,0,Europe
CUST_03191,2024-06-23,2024-12-03,2024-10-21,2025-03-03,133,253,0,False,1,0.0,0.0,0.0,0.0,0.0,0.0,0.0,0.0,0.0,0.0,2,5,2.5,1769.02,389.52000000000004,1136.2,0.0,0.0,632.82,0.0,2,0,0,3,0,M,30,1.0,0.0,0.0,0,0,0,0,Asia
CUST_03195,2024-07-25,2024-12-03,2024-11-22,2025-03-03,101,221,0,False,1,0.0,0.0,0.0,0.0,0.0,0.0,0.0,0.0,0.0,0.0,1,3,3.0,1135.08,378.35999999999996,0.0,0.0,1135.08,0.0,0.0,0,0,3,0,0,M,44,1.0,0.0,0.0,0,0,0,0,Asia
CUST_03196,2024-06-07,2024-12-03,2024-10-05,2025-03-03,149,269,0,False,0,0.0,0.0,0.0,0.0,0.0,0.0,0.0,0.0,0.0,0.0,1,4,4.0,153.94,38.485,153.94,0.0,0.0,0.0,0.0,4,0,0,0,0,F,65,1.0,0.0,0.0,0,0,0,0,Asia
CUST_03204,2024-08-02,2024-12-03,2024-11-30,2025-03-03,93,213,0,False,1,0.0,0.0,0.0,0.0,0.0,0.0,0.0,0.0,0.0,0.0,1,2,2.0,835.98,417.99,0.0,0.0,0.0,0.0,835.98,0,0,0,0,2,F,63,1.0,0.0,0.0,0,0,0,0,Asia
CUST_03206,2024-07-03,2024-12-03,2024-10-31,2025-03-03,123,243,0,False,1,0.0,0.0,0.0,0.0,0.0,0.0,0.0,0.0,0.0,0.0,1,4,4.0,897.92,224.48,897.92,0.0,0.0,0.0,0.0,4,0,0,0,0,M,74,0.0,1.0,0.0,0,0,0,0,Europe
CUST_03225,2024-07-28,2024-12-03,2024-11-25,2025-03-03,98,218,0,False,1,0.0,0.0,0.0,0.0,0.0,0.0,0.0,0.0,0.0,0.0,1,2,2.0,1509.65,754.825,0.0,1509.65,0.0,0.0,0.0,0,2,0,0,0,F,22,0.0,1.0,0.0,0,0,0,0,Europe
CUST_03230,2024-06-14,2024-12-03,2024-10-12,2025-03-03,142,262,0,False,1,0.0,0.0,0.0,0.0,0.0,0.0,0.0,0.0,0.0,0.0,1,2,2.0,1090.41,545.205,1090.41,0.0,0.0,0.0,0.0,2,0,0,0,0,F,37,0.0,1.0,0.0,0,0,0,0,Europe
CUST_03232,2024-06-01,2024-12-03,2024-09-29,2025-03-03,155,275,0,False,1,0.0,0.0,0.0,0.0,0.0,0.0,0.0,0.0,0.0,0.0,1,2,2.0,401.13,200.565,0.0,0.0,401.13,0.0,0.0,0,0,2,0,0,Other,29,0.0,1.0,0.0,0,0,0,0,Europe
CUST_03243,2024-06-28,2024-12-03,2024-10-26,2024-12-25,60,180,1,True,1,1.0,0.0,0.0,0.0,1.0,0.0,0.0,0.0,0.0,0.0,2,6,3.0,2632.56,438.76,0.0,0.0,0.0,729.38,1903.18,0,0,0,3,3,M,73,0.0,1.0,0.0,0,0,0,0,Europe
CUST_03250,2024-06-10,2024-12-03,2024-10-08,2025-03-03,146,266,0,False,1,0.0,0.0,0.0,0.0,0.0,0.0,0.0,0.0,0.0,0.0,1,2,2.0,1859.83,929.915,1859.83,0.0,0.0,0.0,0.0,2,0,0,0,0,F,42,0.0,0.0,1.0,0,0,0,0,North America
CUST_03256,2024-07-19,2024-12-03,2024-11-16,2025-03-03,107,227,0,False,1,0.0,0.0,0.0,0.0,0.0,0.0,0.0,0.0,0.0,0.0,2,7,3.5,1981.04,258.72208333333333,0.0,0.0,1714.83,266.21,0.0,0,0,4,3,0,F,37,1.0,0.0,0.0,0,0,0,0,Asia
CUST_03262,2024-06-30,2024-12-03,2024-10-28,2025-03-03,126,246,0,False,1,0.0,0.0,0.0,0.0,0.0,0.0,0.0,0.0,0.0,0.0,1,4,4.0,1474.25,368.5625,0.0,0.0,0.0,1474.25,0.0,0,0,0,4,0,F,63,0.0,1.0,0.0,0,0,0,0,Europe
CUST_03293,2024-06-19,2024-12-03,2024-10-17,2025-03-03,137,257,0,False,1,0.0,0.0,0.0,0.0,0.0,0.0,0.0,0.0,0.0,0.0,1,4,4.0,410.38,102.595,0.0,0.0,410.38,0.0,0.0,0,0,4,0,0,F,50,0.0,1.0,0.0,0,0,0,0,Europe
CUST_03294,2024-07-31,2024-12-03,2024-11-28,2025-03-03,95,215,0,False,1,0.0,0.0,0.0,0.0,0.0,0.0,0.0,0.0,0.0,0.0,1,2,2.0,1304.77,652.385,0.0,0.0,0.0,0.0,1304.77,0,0,0,0,2,M,39,0.0,1.0,0.0,0,0,0,0,Europe
CUST_03299,2024-07-25,2024-12-03,2024-11-22,2024-12-26,34,154,1,True,1,2.0,0.0,1.0,0.0,3.0,0.0,0.0,0.0,0.0,0.0,2,4,2.0,674.67,168.6675,0.0,0.0,171.17,0.0,503.5,0,0,2,0,2,F,37,0.0,1.0,0.0,0,0,0,0,Europe
CUST_03304,2024-07-19,2024-12-03,2024-11-16,2025-03-03,107,227,0,False,1,0.0,0.0,0.0,0.0,0.0,0.0,0.0,0.0,0.0,0.0,1,1,1.0,536.01,536.01,0.0,0.0,0.0,0.0,536.01,0,0,0,0,1,F,72,1.0,0.0,0.0,0,0,0,0,Asia
CUST_03305,2024-06-17,2024-12-03,2024-10-15,2025-03-03,139,259,0,False,1,0.0,0.0,0.0,0.0,0.0,0.0,0.0,0.0,0.0,0.0,1,1,1.0,1945.04,1945.04,0.0,1945.04,0.0,0.0,0.0,0,1,0,0,0,M,31,1.0,0.0,0.0,0,0,0,0,Asia
CUST_03310,2024-06-07,2024-12-03,2024-10-05,2025-03-03,149,269,0,False,0,0.0,0.0,0.0,0.0,0.0,0.0,0.0,0.0,0.0,0.0,1,2,2.0,1100.4,550.2,0.0,0.0,0.0,0.0,1100.4,0,0,0,0,2,F,72,1.0,0.0,0.0,0,0,0,0,Asia
CUST_03312,2024-07-20,2024-12-03,2024-11-17,2025-03-03,106,226,0,False,1,0.0,0.0,0.0,0.0,0.0,0.0,0.0,0.0,0.0,0.0,2,2,1.0,2070.05,1035.025,0.0,0.0,2070.05,0.0,0.0,0,0,2,0,0,M,62,1.0,0.0,0.0,0,0,0,0,Asia
CUST_03321,2024-07-03,2024-12-03,2024-10-31,2024-12-17,47,167,1,True,1,1.0,0.0,0.0,1.0,2.0,0.0,0.0,0.0,0.0,0.0,2,5,2.5,1490.18,272.8358333333333,1196.51,293.67,0.0,0.0,0.0,3,2,0,0,0,M,42,1.0,0.0,0.0,0,0,0,0,Asia
CUST_03333,2024-07-23,2024-12-03,2024-11-20,2025-03-03,103,223,0,False,1,0.0,0.0,0.0,0.0,0.0,0.0,0.0,0.0,0.0,0.0,1,4,4.0,1545.58,386.395,1545.58,0.0,0.0,0.0,0.0,4,0,0,0,0,M,64,0.0,1.0,0.0,0,0,0,0,Europe
CUST_03335,2024-06-26,2024-12-03,2024-10-24,2025-03-03,130,250,0,False,1,0.0,0.0,0.0,0.0,0.0,0.0,0.0,0.0,0.0,0.0,1,4,4.0,989.36,247.34,0.0,989.36,0.0,0.0,0.0,0,4,0,0,0,F,38,1.0,0.0,0.0,0,0,0,0,Asia
CUST_03337,2024-07-19,2024-12-03,2024-11-16,2025-03-03,107,227,0,False,1,0.0,0.0,0.0,0.0,0.0,0.0,0.0,0.0,0.0,0.0,2,4,2.0,3096.71,1080.295,3096.71,0.0,0.0,0.0,0.0,4,0,0,0,0,F,45,1.0,0.0,0.0,0,0,0,0,Asia
CUST_03345,2024-07-28,2024-12-03,2024-11-25,2025-03-03,98,218,0,False,1,0.0,0.0,0.0,0.0,0.0,0.0,0.0,0.0,0.0,0.0,1,3,3.0,1031.78,343.9266666666667,0.0,0.0,0.0,1031.78,0.0,0,0,0,3,0,F,27,0.0,1.0,0.0,0,0,0,0,Europe
CUST_03346,2024-07-29,2024-12-03,2024-11-26,2024-12-17,21,141,1,True,0,0.0,0.0,1.0,0.0,1.0,0.0,0.0,0.0,0.0,0.0,2,3,1.5,2441.11,842.1275,0.0,0.0,0.0,927.4,1513.71,0,0,0,1,2,M,21,0.0,0.0,1.0,0,0,0,0,North America
CUST_03347,2024-07-01,2024-12-03,2024-10-29,2025-03-03,125,245,0,False,1,0.0,0.0,0.0,0.0,0.0,0.0,0.0,0.0,0.0,0.0,1,1,1.0,1273.71,1273.71,0.0,0.0,0.0,1273.71,0.0,0,0,0,1,0,F,43,1.0,0.0,0.0,0,0,0,0,Asia
CUST_03363,2024-06-15,2024-12-03,2024-10-13,2025-03-03,141,261,0,False,1,0.0,0.0,0.0,0.0,0.0,0.0,0.0,0.0,0.0,0.0,1,1,1.0,707.14,707.14,0.0,0.0,0.0,0.0,707.14,0,0,0,0,1,F,49,0.0,1.0,0.0,0,0,0,0,Europe
CUST_03369,2024-07-12,2024-12-03,2024-11-09,2025-03-03,114,234,0,False,1,0.0,0.0,0.0,0.0,0.0,0.0,0.0,0.0,0.0,0.0,1,1,1.0,1356.55,1356.55,0.0,0.0,1356.55,0.0,0.0,0,0,1,0,0,M,37,1.0,0.0,0.0,0,0,0,0,Asia
CUST_03371,2024-06-23,2024-12-03,2024-10-21,2025-03-03,133,253,0,False,0,0.0,0.0,0.0,0.0,0.0,0.0,0.0,0.0,0.0,0.0,1,1,1.0,1798.48,1798.48,0.0,0.0,1798.48,0.0,0.0,0,0,1,0,0,M,50,0.0,1.0,0.0,0,0,0,0,Europe
CUST_03373,2024-07-21,2024-12-03,2024-11-18,2025-03-03,105,225,0,False,1,0.0,0.0,0.0,0.0,0.0,0.0,0.0,0.0,0.0,0.0,2,5,2.5,1971.41,330.505,224.21,0.0,0.0,1747.2,0.0,1,0,0,4,0,F,71,1.0,0.0,0.0,0,0,0,0,Asia
CUST_03386,2024-07-09,2024-12-03,2024-11-06,2025-03-03,117,237,0,False,1,0.0,0.0,0.0,0.0,0.0,0.0,0.0,0.0,0.0,0.0,2,3,1.5,1759.27,585.96,584.57,0.0,0.0,0.0,1174.7,1,0,0,0,2,M,31,0.0,1.0,0.0,0,0,0,0,Europe
CUST_03391,2024-07-01,2024-12-03,2024-10-29,2024-12-16,48,168,1,True,1,0.0,0.0,0.0,0.0,0.0,0.0,0.0,0.0,0.0,0.0,2,4,2.0,3282.14,976.06,3282.14,0.0,0.0,0.0,0.0,4,0,0,0,0,M,41,0.0,0.0,1.0,0,0,0,0,North America
CUST_03411,2024-07-13,2024-12-03,2024-11-10,2025-03-03,113,233,0,False,1,0.0,0.0,0.0,0.0,0.0,0.0,0.0,0.0,0.0,0.0,1,2,2.0,867.02,433.51,0.0,0.0,0.0,867.02,0.0,0,0,0,2,0,F,75,1.0,0.0,0.0,0,0,0,0,Asia
CUST_03415,2024-07-11,2024-12-03,2024-11-08,2025-03-03,115,235,0,False,1,0.0,0.0,0.0,0.0,0.0,0.0,0.0,0.0,0.0,0.0,1,3,3.0,1522.9,507.6333333333334,0.0,0.0,0.0,1522.9,0.0,0,0,0,3,0,M,35,0.0,1.0,0.0,0,0,0,0,Europe
CUST_03416,2024-07-12,2024-12-03,2024-11-09,2025-03-03,114,234,0,False,1,0.0,0.0,0.0,0.0,0.0,0.0,0.0,0.0,0.0,0.0,1,1,1.0,1068.85,1068.85,1068.85,0.0,0.0,0.0,0.0,1,0,0,0,0,F,22,0.0,0.0,1.0,0,0,0,0,North America
CUST_03451,2024-07-13,2024-12-03,2024-11-10,2025-03-03,113,233,0,False,1,0.0,0.0,0.0,0.0,0.0,0.0,0.0,0.0,0.0,0.0,1,2,2.0,1813.17,906.585,0.0,0.0,0.0,0.0,1813.17,0,0,0,0,2,F,56,0.0,0.0,1.0,0,0,0,0,North America
CUST_03455,2024-08-02,2024-12-03,2024-11-30,2025-03-03,93,213,0,False,1,0.0,0.0,0.0,0.0,0.0,0.0,0.0,0.0,0.0,0.0,3,7,2.3333333333333335,2627.8599999999997,416.65777777777777,0.0,383.74,1822.58,0.0,421.54,0,3,2,0,2,F,72,1.0,0.0,0.0,0,0,0,0,Asia
CUST_03467,2024-06-23,2024-12-03,2024-10-21,2025-03-03,133,253,0,False,1,0.0,0.0,0.0,0.0,0.0,0.0,0.0,0.0,0.0,0.0,1,1,1.0,620.85,620.85,0.0,0.0,0.0,0.0,620.85,0,0,0,0,1,M,61,0.0,1.0,0.0,0,0,0,0,Europe
CUST_03472,2024-07-03,2024-12-03,2024-10-31,2025-03-03,123,243,0,False,1,0.0,0.0,0.0,0.0,0.0,0.0,0.0,0.0,0.0,0.0,1,3,3.0,1120.44,373.48,0.0,1120.44,0.0,0.0,0.0,0,3,0,0,0,M,50,0.0,1.0,0.0,0,0,0,0,Europe
CUST_03479,2024-07-16,2024-12-03,2024-11-13,2025-03-03,110,230,0,False,1,0.0,0.0,0.0,0.0,0.0,0.0,0.0,0.0,0.0,0.0,1,3,3.0,1830.32,610.1066666666667,0.0,0.0,0.0,0.0,1830.32,0,0,0,0,3,F,73,0.0,1.0,0.0,0,0,0,0,Europe
CUST_03489,2024-07-29,2024-12-03,2024-11-26,2025-03-03,97,217,0,False,1,0.0,0.0,0.0,0.0,0.0,0.0,0.0,0.0,0.0,0.0,2,3,1.5,2390.92,989.325,0.0,824.54,0.0,1566.38,0.0,0,2,0,1,0,M,64,1.0,0.0,0.0,0,0,0,0,Asia
CUST_03500,2024-07-11,2024-12-03,2024-11-08,2025-03-03,115,235,0,False,0,0.0,0.0,0.0,0.0,0.0,0.0,0.0,0.0,0.0,0.0,1,1,1.0,1748.13,1748.13,0.0,0.0,0.0,0.0,1748.13,0,0,0,0,1,M,59,0.0,0.0,1.0,0,0,0,0,North America
CUST_00007,2024-06-25,2024-12-10,2024-10-23,2025-03-10,138,258,0,False,1,0.0,0.0,0.0,0.0,0.0,0.0,0.0,0.0,0.0,0.0,1,2,2.0,1767.18,883.59,1767.18,0.0,0.0,0.0,0.0,2,0,0,0,0,F,55,1.0,0.0,0.0,0,0,0,0,Asia
CUST_00011,2024-06-12,2024-12-10,2024-10-10,2024-12-16,67,187,1,True,1,1.0,0.0,1.0,0.0,2.0,0.0,0.0,0.0,0.0,0.0,2,4,2.0,1726.75,797.5883333333334,1726.75,0.0,0.0,0.0,0.0,4,0,0,0,0,M,65,1.0,0.0,0.0,0,0,0,0,Asia
CUST_00012,2024-07-18,2024-12-10,2024-11-15,2025-03-10,115,235,0,False,1,0.0,0.0,0.0,0.0,0.0,0.0,0.0,0.0,0.0,0.0,1,2,2.0,1573.35,786.675,0.0,0.0,0.0,0.0,1573.35,0,0,0,0,2,F,65,0.0,1.0,0.0,0,0,0,0,Europe
CUST_00017,2024-06-28,2024-12-10,2024-10-26,2025-03-10,135,255,0,False,1,0.0,0.0,0.0,0.0,0.0,0.0,0.0,0.0,0.0,0.0,1,1,1.0,223.06,223.06,0.0,0.0,0.0,223.06,0.0,0,0,0,1,0,F,52,1.0,0.0,0.0,0,0,0,0,Asia
CUST_00033,2024-07-10,2024-12-10,2024-11-07,2025-03-10,123,243,0,False,1,0.0,0.0,0.0,0.0,0.0,0.0,0.0,0.0,0.0,0.0,1,2,2.0,1292.32,646.16,1292.32,0.0,0.0,0.0,0.0,2,0,0,0,0,M,27,1.0,0.0,0.0,0,0,0,0,Asia
CUST_00037,2024-06-11,2024-12-10,2024-10-09,2025-03-10,152,272,0,False,1,0.0,0.0,0.0,0.0,0.0,0.0,0.0,0.0,0.0,0.0,1,3,3.0,916.71,305.57,0.0,0.0,0.0,0.0,916.71,0,0,0,0,3,F,60,0.0,1.0,0.0,0,0,0,0,Europe
CUST_00039,2024-06-16,2024-12-10,2024-10-14,2025-03-10,147,267,0,False,1,0.0,0.0,0.0,0.0,0.0,0.0,0.0,0.0,0.0,0.0,2,2,1.0,3353.9700000000003,1676.9850000000001,0.0,3353.9700000000003,0.0,0.0,0.0,0,2,0,0,0,F,29,1.0,0.0,0.0,0,0,0,0,Asia
CUST_00042,2024-07-29,2024-12-10,2024-11-26,2025-03-10,104,224,0,False,1,0.0,0.0,0.0,0.0,0.0,0.0,0.0,0.0,0.0,0.0,1,2,2.0,214.17,107.085,0.0,0.0,0.0,214.17,0.0,0,0,0,2,0,M,21,0.0,1.0,0.0,0,0,0,0,Europe
CUST_00070,2024-07-02,2024-12-10,2024-10-30,2025-03-10,131,251,0,False,1,0.0,0.0,0.0,0.0,0.0,0.0,0.0,0.0,0.0,0.0,1,1,1.0,1837.47,1837.47,1837.47,0.0,0.0,0.0,0.0,1,0,0,0,0,M,40,1.0,0.0,0.0,0,0,0,0,Asia
CUST_00078,2024-06-09,2024-12-10,2024-10-07,2025-03-10,154,274,0,False,1,0.0,0.0,0.0,0.0,0.0,0.0,0.0,0.0,0.0,0.0,1,1,1.0,1558.27,1558.27,1558.27,0.0,0.0,0.0,0.0,1,0,0,0,0,M,72,1.0,0.0,0.0,0,0,0,0,Asia
CUST_00086,2024-07-12,2024-12-10,2024-11-09,2024-12-30,51,171,1,True,1,0.0,0.0,0.0,0.0,0.0,0.0,0.0,0.0,0.0,0.0,2,2,1.0,2907.5699999999997,1453.7849999999999,0.0,1943.29,964.28,0.0,0.0,0,1,1,0,0,Other,40,1.0,0.0,0.0,0,0,0,0,Asia
CUST_00090,2024-07-08,2024-12-10,2024-11-05,2025-03-10,125,245,0,False,1,0.0,0.0,0.0,0.0,0.0,0.0,0.0,0.0,0.0,0.0,1,4,4.0,715.48,178.87,0.0,0.0,0.0,0.0,715.48,0,0,0,0,4,F,61,0.0,0.0,1.0,0,0,0,0,North America
CUST_00114,2024-07-20,2024-12-10,2024-11-17,2024-12-22,35,155,1,True,1,0.0,0.0,1.0,1.0,2.0,0.0,0.0,0.0,0.0,0.0,2,4,2.0,2873.4,718.35,0.0,1108.41,0.0,0.0,1764.99,0,2,0,0,2,M,75,0.0,1.0,0.0,0,0,0,0,Europe
CUST_00117,2024-07-01,2024-12-10,2024-10-29,2025-03-10,132,252,0,False,1,0.0,0.0,0.0,0.0,0.0,0.0,0.0,0.0,0.0,0.0,1,3,3.0,1670.35,556.7833333333333,0.0,1670.35,0.0,0.0,0.0,0,3,0,0,0,M,52,1.0,0.0,0.0,0,0,0,0,Asia
CUST_00120,2024-06-24,2024-12-10,2024-10-22,2025-03-10,139,259,0,False,1,0.0,0.0,0.0,0.0,0.0,0.0,0.0,0.0,0.0,0.0,1,4,4.0,878.86,219.715,0.0,0.0,878.86,0.0,0.0,0,0,4,0,0,F,59,1.0,0.0,0.0,0,0,0,0,Asia
CUST_00124,2024-07-08,2024-12-10,2024-11-05,2025-03-10,125,245,0,False,1,0.0,0.0,0.0,0.0,0.0,0.0,0.0,0.0,0.0,0.0,1,1,1.0,1025.97,1025.97,0.0,1025.97,0.0,0.0,0.0,0,1,0,0,0,M,43,0.0,1.0,0.0,0,0,0,0,Europe
CUST_00135,2024-07-16,2024-12-10,2024-11-13,2025-03-10,117,237,0,False,1,0.0,0.0,0.0,0.0,0.0,0.0,0.0,0.0,0.0,0.0,1,3,3.0,927.68,309.22666666666663,0.0,0.0,0.0,0.0,927.68,0,0,0,0,3,M,43,1.0,0.0,0.0,0,0,0,0,Asia
CUST_00156,2024-06-23,2024-12-10,2024-10-21,2024-12-31,71,191,1,True,0,1.0,0.0,0.0,0.0,1.0,0.0,0.0,0.0,0.0,0.0,2,6,3.0,3324.51,993.7270000000001,1671.32,0.0,0.0,1653.19,0.0,5,0,0,1,0,M,21,0.0,1.0,0.0,0,0,0,0,Europe
CUST_00160,2024-06-28,2024-12-10,2024-10-26,2025-03-10,135,255,0,False,1,0.0,0.0,0.0,0.0,0.0,0.0,0.0,0.0,0.0,0.0,1,4,4.0,1258.15,314.5375,1258.15,0.0,0.0,0.0,0.0,4,0,0,0,0,M,67,1.0,0.0,0.0,0,0,0,0,Asia
CUST_00164,2024-07-10,2024-12-10,2024-11-07,2025-03-10,123,243,0,False,1,0.0,0.0,0.0,0.0,0.0,0.0,0.0,0.0,0.0,0.0,2,5,2.5,1746.44,345.25083333333333,0.0,1096.31,0.0,650.13,0.0,0,3,0,2,0,Other,34,0.0,1.0,0.0,0,0,0,0,Europe
CUST_00165,2024-07-30,2024-12-10,2024-11-27,2025-03-10,103,223,0,False,1,0.0,0.0,0.0,0.0,0.0,0.0,0.0,0.0,0.0,0.0,3,6,2.0,1781.05,324.03444444444443,0.0,0.0,0.0,410.56,1370.49,0,0,0,2,4,M,63,0.0,1.0,0.0,0,0,0,0,Europe
CUST_00167,2024-07-27,2024-12-10,2024-11-24,2025-03-10,106,226,0,False,1,0.0,0.0,0.0,0.0,0.0,0.0,0.0,0.0,0.0,0.0,1,1,1.0,1976.69,1976.69,0.0,0.0,0.0,1976.69,0.0,0,0,0,1,0,Other,44,1.0,0.0,0.0,0,0,0,0,Asia
CUST_00179,2024-08-05,2024-12-10,2024-12-03,2025-03-10,97,217,0,False,1,0.0,0.0,0.0,0.0,0.0,0.0,0.0,0.0,0.0,0.0,1,4,4.0,261.82,65.455,0.0,0.0,261.82,0.0,0.0,0,0,4,0,0,M,33,1.0,0.0,0.0,0,0,0,0,Asia
CUST_00182,2024-07-28,2024-12-10,2024-11-25,2025-03-10,105,225,0,False,1,0.0,0.0,0.0,0.0,0.0,0.0,0.0,0.0,0.0,0.0,3,6,2.0,3144.5,524.0833333333334,0.0,1012.97,482.76,1648.77,0.0,0,2,2,2,0,M,63,1.0,0.0,0.0,0,0,0,0,Asia
CUST_00185,2024-07-03,2024-12-10,2024-10-31,2025-03-10,130,250,0,False,1,0.0,0.0,0.0,0.0,0.0,0.0,0.0,0.0,0.0,0.0,1,4,4.0,265.26,66.315,0.0,265.26,0.0,0.0,0.0,0,4,0,0,0,F,25,1.0,0.0,0.0,0,0,0,0,Asia
CUST_00191,2024-06-11,2024-12-10,2024-10-09,2025-03-10,152,272,0,False,1,0.0,0.0,0.0,0.0,0.0,0.0,0.0,0.0,0.0,0.0,1,1,1.0,520.35,520.35,0.0,520.35,0.0,0.0,0.0,0,1,0,0,0,F,23,0.0,0.0,1.0,0,0,0,0,North America
CUST_00192,2024-08-10,2024-12-10,2024-12-08,2025-03-10,92,212,0,False,1,0.0,0.0,0.0,0.0,0.0,0.0,0.0,0.0,0.0,0.0,1,3,3.0,1720.53,573.51,0.0,0.0,0.0,1720.53,0.0,0,0,0,3,0,F,70,1.0,0.0,0.0,0,0,0,0,Asia
CUST_00205,2024-08-04,2024-12-10,2024-12-02,2025-03-10,98,218,0,False,1,0.0,0.0,0.0,0.0,0.0,0.0,0.0,0.0,0.0,0.0,2,5,2.5,2079.96,689.45625,0.0,1145.23,934.73,0.0,0.0,0,1,4,0,0,M,75,0.0,1.0,0.0,0,0,0,0,Europe
CUST_00208,2024-07-14,2024-12-10,2024-11-11,2025-03-10,119,239,0,False,1,0.0,0.0,0.0,0.0,0.0,0.0,0.0,0.0,0.0,0.0,2,2,1.0,2146.73,1073.365,880.01,0.0,0.0,0.0,1266.72,1,0,0,0,1,F,63,0.0,1.0,0.0,0,0,0,0,Europe
CUST_00216,2024-07-13,2024-12-10,2024-11-10,2025-03-10,120,240,0,False,1,0.0,0.0,0.0,0.0,0.0,0.0,0.0,0.0,0.0,0.0,1,2,2.0,870.17,435.085,0.0,0.0,0.0,870.17,0.0,0,0,0,2,0,M,39,0.0,1.0,0.0,0,0,0,0,Europe
CUST_00219,2024-06-27,2024-12-10,2024-10-25,2025-03-10,136,256,0,False,1,0.0,0.0,0.0,0.0,0.0,0.0,0.0,0.0,0.0,0.0,1,2,2.0,137.12,68.56,0.0,137.12,0.0,0.0,0.0,0,2,0,0,0,M,34,0.0,1.0,0.0,0,0,0,0,Europe
CUST_00220,2024-06-30,2024-12-10,2024-10-28,2025-03-10,133,253,0,False,1,0.0,0.0,0.0,0.0,0.0,0.0,0.0,0.0,0.0,0.0,2,3,1.5,1660.82,622.935,0.0,829.9,0.0,0.0,830.92,0,2,0,0,1,M,32,0.0,1.0,0.0,0,0,0,0,Europe
CUST_00225,2024-08-09,2024-12-10,2024-12-07,2025-03-10,93,213,0,False,1,0.0,0.0,0.0,0.0,0.0,0.0,0.0,0.0,0.0,0.0,2,3,1.5,2777.35,1096.29,2777.35,0.0,0.0,0.0,0.0,3,0,0,0,0,F,44,0.0,1.0,0.0,0,0,0,0,Europe
CUST_00231,2024-07-30,2024-12-10,2024-11-27,2025-03-10,103,223,0,False,1,0.0,0.0,0.0,0.0,0.0,0.0,0.0,0.0,0.0,0.0,2,4,2.0,1407.5700000000002,351.89250000000004,0.0,659.08,0.0,0.0,748.49,0,2,0,0,2,Other,24,1.0,0.0,0.0,0,0,0,0,Asia
CUST_00238,2024-06-20,2024-12-10,2024-10-18,2025-03-10,143,263,0,False,1,0.0,0.0,0.0,0.0,0.0,0.0,0.0,0.0,0.0,0.0,1,1,1.0,1381.81,1381.81,0.0,1381.81,0.0,0.0,0.0,0,1,0,0,0,F,27,0.0,1.0,0.0,0,0,0,0,Europe
CUST_00248,2024-07-03,2024-12-10,2024-10-31,2025-03-10,130,250,0,False,1,0.0,0.0,0.0,0.0,0.0,0.0,0.0,0.0,0.0,0.0,1,2,2.0,619.2,309.6,0.0,619.2,0.0,0.0,0.0,0,2,0,0,0,M,43,0.0,1.0,0.0,0,0,0,0,Europe
CUST_00253,2024-07-09,2024-12-10,2024-11-06,2025-03-10,124,244,0,False,1,0.0,0.0,0.0,0.0,0.0,0.0,0.0,0.0,0.0,0.0,1,2,2.0,1391.38,695.69,1391.38,0.0,0.0,0.0,0.0,2,0,0,0,0,F,32,1.0,0.0,0.0,0,0,0,0,Asia
CUST_00267,2024-07-20,2024-12-10,2024-11-17,2025-03-10,113,233,0,False,1,0.0,0.0,0.0,0.0,0.0,0.0,0.0,0.0,0.0,0.0,1,1,1.0,470.16,470.16,0.0,0.0,0.0,0.0,470.16,0,0,0,0,1,F,42,0.0,1.0,0.0,0,0,0,0,Europe
CUST_00270,2024-06-27,2024-12-10,2024-10-25,2025-03-10,136,256,0,False,1,0.0,0.0,0.0,0.0,0.0,0.0,0.0,0.0,0.0,0.0,1,3,3.0,1660.27,553.4233333333333,1660.27,0.0,0.0,0.0,0.0,3,0,0,0,0,M,65,1.0,0.0,0.0,0,0,0,0,Asia
CUST_00273,2024-07-17,2024-12-10,2024-11-14,2025-03-10,116,236,0,False,1,0.0,0.0,0.0,0.0,0.0,0.0,0.0,0.0,0.0,0.0,1,2,2.0,1945.57,972.785,0.0,0.0,0.0,0.0,1945.57,0,0,0,0,2,M,43,0.0,0.0,1.0,0,0,0,0,North America
CUST_00274,2024-06-16,2024-12-10,2024-10-14,2024-12-14,61,181,1,True,1,0.0,0.0,0.0,0.0,0.0,0.0,0.0,0.0,0.0,0.0,2,2,1.0,1129.29,564.645,0.0,934.76,0.0,194.53,0.0,0,1,0,1,0,F,67,1.0,0.0,0.0,0,0,0,0,Asia
CUST_00280,2024-06-26,2024-12-10,2024-10-24,2025-03-10,137,257,0,False,1,0.0,0.0,0.0,0.0,0.0,0.0,0.0,0.0,0.0,0.0,1,4,4.0,1205.82,301.455,0.0,0.0,0.0,0.0,1205.82,0,0,0,0,4,M,40,0.0,0.0,1.0,0,0,0,0,North America
CUST_00282,2024-07-29,2024-12-10,2024-11-26,2025-03-10,104,224,0,False,1,0.0,0.0,0.0,0.0,0.0,0.0,0.0,0.0,0.0,0.0,2,4,2.0,2491.42,873.2033333333334,0.0,0.0,0.0,1117.52,1373.9,0,0,0,3,1,M,50,0.0,1.0,0.0,0,0,0,0,Europe
CUST_00284,2024-07-24,2024-12-10,2024-11-21,2025-03-10,109,229,0,False,1,0.0,0.0,0.0,0.0,0.0,0.0,0.0,0.0,0.0,0.0,1,1,1.0,1826.65,1826.65,1826.65,0.0,0.0,0.0,0.0,1,0,0,0,0,F,57,0.0,1.0,0.0,0,0,0,0,Europe
CUST_00305,2024-08-03,2024-12-10,2024-12-01,2025-03-10,99,219,0,False,1,0.0,0.0,0.0,0.0,0.0,0.0,0.0,0.0,0.0,0.0,1,1,1.0,1954.91,1954.91,0.0,0.0,1954.91,0.0,0.0,0,0,1,0,0,F,69,1.0,0.0,0.0,0,0,0,0,Asia
CUST_00316,2024-06-04,2024-12-10,2024-10-02,2025-03-10,159,279,0,False,1,0.0,0.0,0.0,0.0,0.0,0.0,0.0,0.0,0.0,0.0,1,3,3.0,657.32,219.10666666666668,0.0,0.0,0.0,0.0,657.32,0,0,0,0,3,F,39,0.0,1.0,0.0,0,0,0,0,Europe
CUST_00338,2024-07-03,2024-12-10,2024-10-31,2025-03-10,130,250,0,False,1,0.0,0.0,0.0,0.0,0.0,0.0,0.0,0.0,0.0,0.0,1,1,1.0,1817.81,1817.81,0.0,0.0,0.0,0.0,1817.81,0,0,0,0,1,M,56,0.0,1.0,0.0,0,0,0,0,Europe
CUST_00346,2024-06-10,2024-12-10,2024-10-08,2025-03-10,153,273,0,False,1,0.0,0.0,0.0,0.0,0.0,0.0,0.0,0.0,0.0,0.0,1,2,2.0,1368.84,684.42,0.0,0.0,0.0,0.0,1368.84,0,0,0,0,2,M,30,1.0,0.0,0.0,0,0,0,0,Asia
CUST_00347,2024-07-02,2024-12-10,2024-10-30,2025-03-10,131,251,0,False,1,0.0,0.0,0.0,0.0,0.0,0.0,0.0,0.0,0.0,0.0,1,2,2.0,174.38,87.19,0.0,0.0,0.0,0.0,174.38,0,0,0,0,2,M,58,0.0,1.0,0.0,0,0,0,0,Europe
CUST_00351,2024-08-03,2024-12-10,2024-12-01,2025-03-10,99,219,0,False,0,0.0,0.0,0.0,0.0,0.0,0.0,0.0,0.0,0.0,0.0,1,2,2.0,136.0,68.0,0.0,0.0,0.0,0.0,136.0,0,0,0,0,2,F,60,0.0,1.0,0.0,0,0,0,0,Europe
CUST_00358,2024-06-28,2024-12-10,2024-10-26,2025-03-10,135,255,0,False,1,0.0,0.0,0.0,0.0,0.0,0.0,0.0,0.0,0.0,0.0,1,1,1.0,364.16,364.16,0.0,0.0,364.16,0.0,0.0,0,0,1,0,0,M,55,0.0,1.0,0.0,0,0,0,0,Europe
CUST_00362,2024-06-17,2024-12-10,2024-10-15,2025-03-10,146,266,0,False,1,0.0,0.0,0.0,0.0,0.0,0.0,0.0,0.0,0.0,0.0,1,2,2.0,1051.89,525.945,0.0,1051.89,0.0,0.0,0.0,0,2,0,0,0,M,69,0.0,1.0,0.0,0,0,0,0,Europe
CUST_00378,2024-06-22,2024-12-10,2024-10-20,2025-03-10,141,261,0,False,1,0.0,0.0,0.0,0.0,0.0,0.0,0.0,0.0,0.0,0.0,1,1,1.0,258.7,258.7,0.0,0.0,258.7,0.0,0.0,0,0,1,0,0,M,22,0.0,0.0,1.0,0,0,0,0,North America
CUST_00381,2024-07-15,2024-12-10,2024-11-12,2025-03-10,118,238,0,False,0,0.0,0.0,0.0,0.0,0.0,0.0,0.0,0.0,0.0,0.0,2,6,3.0,2476.36,412.7266666666667,0.0,0.0,0.0,0.0,2476.36,0,0,0,0,6,M,49,0.0,0.0,1.0,0,0,0,0,North America
CUST_00383,2024-06-07,2024-12-10,2024-10-05,2024-12-18,74,194,1,True,1,0.0,1.0,0.0,0.0,1.0,0.0,0.0,0.0,0.0,0.0,2,3,1.5,1337.63,445.96500000000003,0.0,0.0,0.0,891.4,446.23,0,0,0,2,1,M,55,1.0,0.0,0.0,0,0,0,0,Asia
CUST_00395,2024-07-16,2024-12-10,2024-11-13,2025-03-10,117,237,0,False,1,0.0,0.0,0.0,0.0,0.0,0.0,0.0,0.0,0.0,0.0,1,2,2.0,1941.86,970.93,0.0,0.0,0.0,1941.86,0.0,0,0,0,2,0,Other,59,0.0,1.0,0.0,0,0,0,0,Europe
CUST_00398,2024-07-27,2024-12-10,2024-11-24,2025-03-10,106,226,0,False,1,0.0,0.0,0.0,0.0,0.0,0.0,0.0,0.0,0.0,0.0,1,1,1.0,916.73,916.73,0.0,0.0,916.73,0.0,0.0,0,0,1,0,0,M,46,0.0,0.0,1.0,0,0,0,0,North America
CUST_00400,2024-06-10,2024-12-10,2024-10-08,2024-12-12,65,185,1,True,1,0.0,0.0,0.0,1.0,1.0,0.0,0.0,0.0,0.0,0.0,2,4,2.0,2799.5600000000004,699.8900000000001,0.0,0.0,2799.5600000000004,0.0,0.0,0,0,4,0,0,M,30,0.0,1.0,0.0,0,0,0,0,Europe
CUST_00406,2024-06-13,2024-12-10,2024-10-11,2025-03-10,150,270,0,False,1,0.0,0.0,0.0,0.0,0.0,0.0,0.0,0.0,0.0,0.0,1,1,1.0,1297.4,1297.4,0.0,0.0,1297.4,0.0,0.0,0,0,1,0,0,M,52,0.0,1.0,0.0,0,0,0,0,Europe
CUST_00411,2024-07-25,2024-12-10,2024-11-22,2025-03-10,108,228,0,False,1,0.0,0.0,0.0,0.0,0.0,0.0,0.0,0.0,0.0,0.0,1,3,3.0,529.31,176.43666666666664,0.0,0.0,0.0,0.0,529.31,0,0,0,0,3,F,45,0.0,0.0,1.0,0,0,0,0,North America
CUST_00424,2024-06-29,2024-12-10,2024-10-27,2025-03-10,134,254,0,False,1,0.0,0.0,0.0,0.0,0.0,0.0,0.0,0.0,0.0,0.0,2,3,1.5,1404.1000000000001,392.88,1236.68,0.0,0.0,167.42,0.0,2,0,0,1,0,F,22,0.0,1.0,0.0,0,0,0,0,Europe
CUST_00426,2024-08-07,2024-12-10,2024-12-05,2025-03-10,95,215,0,False,0,0.0,0.0,0.0,0.0,0.0,0.0,0.0,0.0,0.0,0.0,2,3,1.5,1438.73,616.7875,0.0,0.0,0.0,0.0,1438.73,0,0,0,0,3,F,36,1.0,0.0,0.0,0,0,0,0,Asia
CUST_00429,2024-06-19,2024-12-10,2024-10-17,2025-03-10,144,264,0,False,1,0.0,0.0,0.0,0.0,0.0,0.0,0.0,0.0,0.0,0.0,1,4,4.0,1061.88,265.47,0.0,1061.88,0.0,0.0,0.0,0,4,0,0,0,M,26,0.0,1.0,0.0,0,0,0,0,Europe
CUST_00438,2024-07-15,2024-12-10,2024-11-12,2025-03-10,118,238,0,False,1,0.0,0.0,0.0,0.0,0.0,0.0,0.0,0.0,0.0,0.0,3,8,2.6666666666666665,2922.19,674.1894444444445,0.0,0.0,2922.19,0.0,0.0,0,0,8,0,0,F,50,1.0,0.0,0.0,0,0,0,0,Asia
CUST_00443,2024-07-30,2024-12-10,2024-11-27,2025-03-10,103,223,0,False,0,0.0,0.0,0.0,0.0,0.0,0.0,0.0,0.0,0.0,0.0,2,5,2.5,845.48,170.06083333333333,0.0,495.71,349.77,0.0,0.0,0,3,2,0,0,F,33,0.0,1.0,0.0,0,0,0,0,Europe
CUST_00447,2024-07-10,2024-12-10,2024-11-07,2025-03-10,123,243,0,False,1,0.0,0.0,0.0,0.0,0.0,0.0,0.0,0.0,0.0,0.0,1,1,1.0,1871.34,1871.34,1871.34,0.0,0.0,0.0,0.0,1,0,0,0,0,M,47,1.0,0.0,0.0,0,0,0,0,Asia
CUST_00455,2024-08-11,2024-12-10,2024-12-09,2024-12-20,11,131,1,True,1,0.0,1.0,0.0,0.0,1.0,0.0,0.0,0.0,0.0,0.0,3,7,2.3333333333333335,3646.88,613.7041666666667,1561.87,0.0,816.28,0.0,1268.73,4,0,1,0,2,F,63,0.0,0.0,1.0,0,0,0,0,North America
CUST_00469,2024-08-11,2024-12-10,2024-12-09,2025-03-10,91,211,0,False,1,0.0,0.0,0.0,0.0,0.0,0.0,0.0,0.0,0.0,0.0,2,4,2.0,3003.92,750.98,1300.23,0.0,0.0,1703.69,0.0,2,0,0,2,0,M,48,1.0,0.0,0.0,0,0,0,0,Asia
CUST_00472,2024-07-08,2024-12-10,2024-11-05,2025-03-10,125,245,0,False,1,0.0,0.0,0.0,0.0,0.0,0.0,0.0,0.0,0.0,0.0,1,2,2.0,1336.53,668.265,0.0,0.0,0.0,1336.53,0.0,0,0,0,2,0,Other,44,1.0,0.0,0.0,0,0,0,0,Asia
CUST_00475,2024-08-01,2024-12-10,2024-11-29,2025-03-10,101,221,0,False,0,0.0,0.0,0.0,0.0,0.0,0.0,0.0,0.0,0.0,0.0,4,10,2.5,3931.5099999999998,409.6116666666667,0.0,950.71,0.0,2980.8,0.0,0,5,0,5,0,F,25,0.0,1.0,0.0,0,0,0,0,Europe
CUST_00490,2024-07-06,2024-12-10,2024-11-03,2025-03-10,127,247,0,False,1,0.0,0.0,0.0,0.0,0.0,0.0,0.0,0.0,0.0,0.0,2,5,2.5,2163.75,525.05,0.0,0.0,2163.75,0.0,0.0,0,0,5,0,0,M,32,0.0,1.0,0.0,0,0,0,0,Europe
CUST_00495,2024-08-10,2024-12-10,2024-12-08,2025-03-10,92,212,0,False,1,0.0,0.0,0.0,0.0,0.0,0.0,0.0,0.0,0.0,0.0,1,3,3.0,1085.18,361.7266666666667,0.0,0.0,1085.18,0.0,0.0,0,0,3,0,0,M,70,0.0,1.0,0.0,0,0,0,0,Europe
CUST_00498,2024-06-04,2024-12-10,2024-10-02,2025-03-10,159,279,0,False,1,0.0,0.0,0.0,0.0,0.0,0.0,0.0,0.0,0.0,0.0,1,1,1.0,1978.45,1978.45,1978.45,0.0,0.0,0.0,0.0,1,0,0,0,0,F,24,0.0,1.0,0.0,0,0,0,0,Europe
CUST_00501,2024-08-04,2024-12-10,2024-12-02,2025-03-10,98,218,0,False,0,0.0,0.0,0.0,0.0,0.0,0.0,0.0,0.0,0.0,0.0,2,4,2.0,2395.1000000000004,598.7750000000001,0.0,1481.64,0.0,913.46,0.0,0,2,0,2,0,F,41,0.0,0.0,1.0,0,0,0,0,North America
CUST_00503,2024-06-10,2024-12-10,2024-10-08,2025-03-10,153,273,0,False,1,0.0,0.0,0.0,0.0,0.0,0.0,0.0,0.0,0.0,0.0,1,2,2.0,1492.62,746.31,0.0,0.0,1492.62,0.0,0.0,0,0,2,0,0,M,36,0.0,1.0,0.0,0,0,0,0,Europe
CUST_00506,2024-06-14,2024-12-10,2024-10-12,2025-03-10,149,269,0,False,1,0.0,0.0,0.0,0.0,0.0,0.0,0.0,0.0,0.0,0.0,1,1,1.0,975.02,975.02,0.0,0.0,0.0,975.02,0.0,0,0,0,1,0,F,63,1.0,0.0,0.0,0,0,0,0,Asia
CUST_00511,2024-08-10,2024-12-10,2024-12-08,2025-03-10,92,212,0,False,1,0.0,0.0,0.0,0.0,0.0,0.0,0.0,0.0,0.0,0.0,3,9,3.0,4898.67,544.2966666666667,1861.82,0.0,1978.65,0.0,1058.2,3,0,3,0,3,F,59,1.0,0.0,0.0,0,0,0,0,Asia
CUST_00514,2024-07-24,2024-12-10,2024-11-21,2025-03-10,109,229,0,False,1,0.0,0.0,0.0,0.0,0.0,0.0,0.0,0.0,0.0,0.0,1,3,3.0,481.11,160.37,0.0,0.0,481.11,0.0,0.0,0,0,3,0,0,M,21,0.0,1.0,0.0,0,0,0,0,Europe
CUST_00523,2024-07-17,2024-12-10,2024-11-14,2025-03-10,116,236,0,False,1,0.0,0.0,0.0,0.0,0.0,0.0,0.0,0.0,0.0,0.0,1,2,2.0,184.54,92.27,0.0,0.0,0.0,184.54,0.0,0,0,0,2,0,F,75,0.0,1.0,0.0,0,0,0,0,Europe
CUST_00536,2024-07-21,2024-12-10,2024-11-18,2025-03-10,112,232,0,False,1,0.0,0.0,0.0,0.0,0.0,0.0,0.0,0.0,0.0,0.0,1,2,2.0,1391.15,695.575,0.0,0.0,0.0,1391.15,0.0,0,0,0,2,0,M,37,0.0,1.0,0.0,0,0,0,0,Europe
CUST_00539,2024-06-29,2024-12-10,2024-10-27,2025-03-10,134,254,0,False,1,0.0,0.0,0.0,0.0,0.0,0.0,0.0,0.0,0.0,0.0,1,2,2.0,1368.57,684.285,1368.57,0.0,0.0,0.0,0.0,2,0,0,0,0,M,47,0.0,1.0,0.0,0,0,0,0,Europe
CUST_00545,2024-08-09,2024-12-10,2024-12-07,2025-03-10,93,213,0,False,1,0.0,0.0,0.0,0.0,0.0,0.0,0.0,0.0,0.0,0.0,2,4,2.0,1582.23,304.0783333333333,121.12,1461.11,0.0,0.0,0.0,1,3,0,0,0,F,25,1.0,0.0,0.0,0,0,0,0,Asia
CUST_00552,2024-07-09,2024-12-10,2024-11-06,2024-12-21,45,165,1,True,1,1.0,2.0,2.0,0.0,5.0,0.0,0.0,0.0,0.0,0.0,3,7,2.3333333333333335,2710.5899999999997,510.8233333333333,0.0,2206.7,0.0,0.0,503.89,0,4,0,0,3,M,29,1.0,0.0,0.0,0,0,0,0,Asia
CUST_00557,2024-06-22,2024-12-10,2024-10-20,2025-03-10,141,261,0,False,0,0.0,0.0,0.0,0.0,0.0,0.0,0.0,0.0,0.0,0.0,1,4,4.0,1497.37,374.3425,0.0,0.0,1497.37,0.0,0.0,0,0,4,0,0,F,71,1.0,0.0,0.0,0,0,0,0,Asia
CUST_00559,2024-07-28,2024-12-10,2024-11-25,2025-03-10,105,225,0,False,1,0.0,0.0,0.0,0.0,0.0,0.0,0.0,0.0,0.0,0.0,2,5,2.5,2572.23,724.68,0.0,1497.16,1075.07,0.0,0.0,0,4,1,0,0,F,60,0.0,1.0,0.0,0,0,0,0,Europe
CUST_00568,2024-07-27,2024-12-10,2024-11-24,2025-03-10,106,226,0,False,1,0.0,0.0,0.0,0.0,0.0,0.0,0.0,0.0,0.0,0.0,2,6,3.0,2429.46,404.90999999999997,1622.74,0.0,0.0,806.72,0.0,3,0,0,3,0,F,39,0.0,1.0,0.0,0,0,0,0,Europe
CUST_00569,2024-06-27,2024-12-10,2024-10-25,2025-03-10,136,256,0,False,1,0.0,0.0,0.0,0.0,0.0,0.0,0.0,0.0,0.0,0.0,1,1,1.0,765.78,765.78,0.0,765.78,0.0,0.0,0.0,0,1,0,0,0,M,53,0.0,1.0,0.0,0,0,0,0,Europe
CUST_00578,2024-06-25,2024-12-10,2024-10-23,2025-03-10,138,258,0,False,1,0.0,0.0,0.0,0.0,0.0,0.0,0.0,0.0,0.0,0.0,1,4,4.0,853.63,213.4075,0.0,0.0,853.63,0.0,0.0,0,0,4,0,0,F,57,0.0,1.0,0.0,0,0,0,0,Europe
CUST_00579,2024-06-21,2024-12-10,2024-10-19,2025-03-10,142,262,0,False,1,0.0,0.0,0.0,0.0,0.0,0.0,0.0,0.0,0.0,0.0,1,2,2.0,1087.25,543.625,0.0,0.0,1087.25,0.0,0.0,0,0,2,0,0,F,44,0.0,1.0,0.0,0,0,0,0,Europe
CUST_00582,2024-08-02,2024-12-10,2024-11-30,2025-03-10,100,220,0,False,1,0.0,0.0,0.0,0.0,0.0,0.0,0.0,0.0,0.0,0.0,1,1,1.0,969.44,969.44,0.0,0.0,0.0,969.44,0.0,0,0,0,1,0,M,31,0.0,1.0,0.0,0,0,0,0,Europe
CUST_00624,2024-06-02,2024-12-10,2024-09-30,2025-03-10,161,281,0,False,1,0.0,0.0,0.0,0.0,0.0,0.0,0.0,0.0,0.0,0.0,1,2,2.0,1458.08,729.04,0.0,0.0,0.0,0.0,1458.08,0,0,0,0,2,M,47,1.0,0.0,0.0,0,0,0,0,Asia
CUST_00628,2024-07-01,2024-12-10,2024-10-29,2025-03-10,132,252,0,False,0,0.0,0.0,0.0,0.0,0.0,0.0,0.0,0.0,0.0,0.0,2,6,3.0,2806.51,467.75166666666667,0.0,887.06,0.0,1919.45,0.0,0,3,0,3,0,Other,42,0.0,1.0,0.0,0,0,0,0,Europe
CUST_00636,2024-06-23,2024-12-10,2024-10-21,2025-03-10,140,260,0,False,0,0.0,0.0,0.0,0.0,0.0,0.0,0.0,0.0,0.0,0.0,1,1,1.0,1794.84,1794.84,0.0,1794.84,0.0,0.0,0.0,0,1,0,0,0,F,65,1.0,0.0,0.0,0,0,0,0,Asia
CUST_00637,2024-06-22,2024-12-10,2024-10-20,2025-03-10,141,261,0,False,1,0.0,0.0,0.0,0.0,0.0,0.0,0.0,0.0,0.0,0.0,1,3,3.0,1231.09,410.3633333333333,0.0,0.0,0.0,1231.09,0.0,0,0,0,3,0,F,47,1.0,0.0,0.0,0,0,0,0,Asia
CUST_00641,2024-07-20,2024-12-10,2024-11-17,2025-03-10,113,233,0,False,1,0.0,0.0,0.0,0.0,0.0,0.0,0.0,0.0,0.0,0.0,1,2,2.0,1462.37,731.185,0.0,0.0,0.0,1462.37,0.0,0,0,0,2,0,M,40,0.0,1.0,0.0,0,0,0,0,Europe
CUST_00645,2024-06-23,2024-12-10,2024-10-21,2025-03-10,140,260,0,False,1,0.0,0.0,0.0,0.0,0.0,0.0,0.0,0.0,0.0,0.0,1,3,3.0,661.55,220.51666666666665,0.0,661.55,0.0,0.0,0.0,0,3,0,0,0,F,52,0.0,0.0,1.0,0,0,0,0,North America
CUST_00648,2024-06-26,2024-12-10,2024-10-24,2025-03-10,137,257,0,False,1,0.0,0.0,0.0,0.0,0.0,0.0,0.0,0.0,0.0,0.0,1,2,2.0,1861.15,930.575,1861.15,0.0,0.0,0.0,0.0,2,0,0,0,0,M,41,1.0,0.0,0.0,0,0,0,0,Asia
CUST_00650,2024-06-16,2024-12-10,2024-10-14,2024-12-29,76,196,1,True,1,0.0,0.0,0.0,0.0,0.0,0.0,0.0,0.0,0.0,0.0,2,4,2.0,2398.61,1036.8216666666667,2398.61,0.0,0.0,0.0,0.0,4,0,0,0,0,M,40,0.0,1.0,0.0,0,0,0,0,Europe
CUST_00654,2024-06-25,2024-12-10,2024-10-23,2025-03-10,138,258,0,False,0,0.0,0.0,0.0,0.0,0.0,0.0,0.0,0.0,0.0,0.0,1,2,2.0,812.59,406.295,812.59,0.0,0.0,0.0,0.0,2,0,0,0,0,M,44,0.0,0.0,1.0,0,0,0,0,North America
CUST_00660,2024-07-07,2024-12-10,2024-11-04,2025-03-10,126,246,0,False,0,0.0,0.0,0.0,0.0,0.0,0.0,0.0,0.0,0.0,0.0,2,3,1.5,2267.35,845.0325,0.0,0.0,0.0,0.0,2267.35,0,0,0,0,3,F,27,1.0,0.0,0.0,0,0,0,0,Asia
CUST_00662,2024-06-18,2024-12-10,2024-10-16,2025-03-10,145,265,0,False,1,0.0,0.0,0.0,0.0,0.0,0.0,0.0,0.0,0.0,0.0,1,1,1.0,1883.89,1883.89,0.0,1883.89,0.0,0.0,0.0,0,1,0,0,0,M,63,1.0,0.0,0.0,0,0,0,0,Asia
CUST_00665,2024-07-08,2024-12-10,2024-11-05,2025-03-10,125,245,0,False,1,0.0,0.0,0.0,0.0,0.0,0.0,0.0,0.0,0.0,0.0,1,6,6.0,646.89,107.815,0.0,0.0,646.89,0.0,0.0,0,0,6,0,0,M,41,0.0,1.0,0.0,0,0,0,0,Europe
CUST_00669,2024-07-16,2024-12-10,2024-11-13,2025-03-10,117,237,0,False,1,0.0,0.0,0.0,0.0,0.0,0.0,0.0,0.0,0.0,0.0,1,1,1.0,817.4,817.4,817.4,0.0,0.0,0.0,0.0,1,0,0,0,0,F,27,0.0,1.0,0.0,0,0,0,0,Europe
CUST_00675,2024-08-10,2024-12-10,2024-12-08,2025-03-10,92,212,0,False,1,0.0,0.0,0.0,0.0,0.0,0.0,0.0,0.0,0.0,0.0,1,3,3.0,1872.62,624.2066666666666,1872.62,0.0,0.0,0.0,0.0,3,0,0,0,0,F,57,0.0,0.0,1.0,0,0,0,0,North America
CUST_00678,2024-06-20,2024-12-10,2024-10-18,2025-03-10,143,263,0,False,1,0.0,0.0,0.0,0.0,0.0,0.0,0.0,0.0,0.0,0.0,1,2,2.0,1485.94,742.97,0.0,0.0,0.0,1485.94,0.0,0,0,0,2,0,F,64,0.0,1.0,0.0,0,0,0,0,Europe
CUST_00680,2024-06-03,2024-12-10,2024-10-01,2025-03-10,160,280,0,False,0,0.0,0.0,0.0,0.0,0.0,0.0,0.0,0.0,0.0,0.0,1,2,2.0,1846.56,923.28,1846.56,0.0,0.0,0.0,0.0,2,0,0,0,0,F,57,0.0,1.0,0.0,0,0,0,0,Europe
CUST_00681,2024-07-21,2024-12-10,2024-11-18,2025-03-10,112,232,0,False,1,0.0,0.0,0.0,0.0,0.0,0.0,0.0,0.0,0.0,0.0,1,2,2.0,788.01,394.005,0.0,0.0,0.0,788.01,0.0,0,0,0,2,0,M,64,0.0,1.0,0.0,0,0,0,0,Europe
CUST_00689,2024-06-01,2024-12-10,2024-09-29,2024-12-17,79,199,1,True,1,0.0,1.0,1.0,0.0,2.0,0.0,0.0,1.0,0.0,1.0,2,5,2.5,2422.41,561.9525,0.0,0.0,523.8,1898.61,0.0,0,0,3,2,0,M,29,1.0,0.0,0.0,0,0,0,0,Asia
CUST_00702,2024-06-26,2024-12-10,2024-10-24,2025-03-10,137,257,0,False,1,0.0,0.0,0.0,0.0,0.0,0.0,0.0,0.0,0.0,0.0,2,7,3.5,2729.6400000000003,526.4970000000001,0.0,1039.42,0.0,1690.22,0.0,0,5,0,2,0,F,37,0.0,1.0,0.0,0,0,0,0,Europe
CUST_00710,2024-07-22,2024-12-10,2024-11-19,2025-03-10,111,231,0,False,1,0.0,0.0,0.0,0.0,0.0,0.0,0.0,0.0,0.0,0.0,1,2,2.0,1370.46,685.23,0.0,0.0,1370.46,0.0,0.0,0,0,2,0,0,F,41,0.0,0.0,1.0,0,0,0,0,North America
CUST_00717,2024-06-30,2024-12-10,2024-10-28,2025-03-10,133,253,0,False,0,0.0,0.0,0.0,0.0,0.0,0.0,0.0,0.0,0.0,0.0,3,7,2.3333333333333335,1136.35,210.91,0.0,101.16,380.92,0.0,654.27,0,3,1,0,3,F,64,1.0,0.0,0.0,0,0,0,0,Asia
CUST_00721,2024-07-21,2024-12-10,2024-11-18,2024-12-17,29,149,1,True,1,0.0,0.0,0.0,0.0,0.0,0.0,0.0,0.0,0.0,0.0,2,5,2.5,1073.1,203.89749999999998,0.0,1073.1,0.0,0.0,0.0,0,5,0,0,0,M,59,0.0,1.0,0.0,0,0,0,0,Europe
CUST_00722,2024-08-07,2024-12-10,2024-12-05,2025-03-10,95,215,0,False,1,0.0,0.0,0.0,0.0,0.0,0.0,0.0,0.0,0.0,0.0,2,6,3.0,1229.69,240.79,1229.69,0.0,0.0,0.0,0.0,6,0,0,0,0,M,38,1.0,0.0,0.0,0,0,0,0,Asia
CUST_00731,2024-07-12,2024-12-10,2024-11-09,2025-03-10,121,241,0,False,1,0.0,0.0,0.0,0.0,0.0,0.0,0.0,0.0,0.0,0.0,1,3,3.0,1576.73,525.5766666666667,0.0,1576.73,0.0,0.0,0.0,0,3,0,0,0,F,74,0.0,0.0,1.0,0,0,0,0,North America
CUST_00732,2024-07-21,2024-12-10,2024-11-18,2025-03-10,112,232,0,False,1,0.0,0.0,0.0,0.0,0.0,0.0,0.0,0.0,0.0,0.0,2,7,3.5,1440.6599999999999,204.33416666666665,858.62,0.0,0.0,582.04,0.0,4,0,0,3,0,F,71,0.0,0.0,1.0,0,0,0,0,North America
CUST_00735,2024-07-28,2024-12-10,2024-11-25,2025-03-10,105,225,0,False,1,0.0,0.0,0.0,0.0,0.0,0.0,0.0,0.0,0.0,0.0,2,6,3.0,2293.06,324.83500000000004,0.0,0.0,0.0,305.62,1987.44,0,0,0,2,4,F,38,0.0,0.0,1.0,0,0,0,0,North America
CUST_00744,2024-07-20,2024-12-10,2024-11-17,2025-03-10,113,233,0,False,1,0.0,0.0,0.0,0.0,0.0,0.0,0.0,0.0,0.0,0.0,1,2,2.0,500.81,250.405,0.0,500.81,0.0,0.0,0.0,0,2,0,0,0,F,69,0.0,1.0,0.0,0,0,0,0,Europe
CUST_00747,2024-06-04,2024-12-10,2024-10-02,2025-03-10,159,279,0,False,1,0.0,0.0,0.0,0.0,0.0,0.0,0.0,0.0,0.0,0.0,1,1,1.0,1002.44,1002.44,0.0,0.0,1002.44,0.0,0.0,0,0,1,0,0,F,72,0.0,0.0,1.0,0,0,0,0,North America
CUST_00761,2024-07-27,2024-12-10,2024-11-24,2025-03-10,106,226,0,False,1,0.0,0.0,0.0,0.0,0.0,0.0,0.0,0.0,0.0,0.0,1,1,1.0,1175.26,1175.26,0.0,1175.26,0.0,0.0,0.0,0,1,0,0,0,F,31,1.0,0.0,0.0,0,0,0,0,Asia
CUST_00766,2024-08-03,2024-12-10,2024-12-01,2025-03-10,99,219,0,False,1,0.0,0.0,0.0,0.0,0.0,0.0,0.0,0.0,0.0,0.0,1,1,1.0,698.98,698.98,0.0,698.98,0.0,0.0,0.0,0,1,0,0,0,F,48,1.0,0.0,0.0,0,0,0,0,Asia
CUST_00768,2024-06-28,2024-12-10,2024-10-26,2025-03-10,135,255,0,False,1,0.0,0.0,0.0,0.0,0.0,0.0,0.0,0.0,0.0,0.0,1,2,2.0,349.59,174.795,0.0,349.59,0.0,0.0,0.0,0,2,0,0,0,M,35,1.0,0.0,0.0,0,0,0,0,Asia
CUST_00780,2024-06-28,2024-12-10,2024-10-26,2025-03-10,135,255,0,False,1,0.0,0.0,0.0,0.0,0.0,0.0,0.0,0.0,0.0,0.0,1,2,2.0,1453.41,726.705,0.0,0.0,1453.41,0.0,0.0,0,0,2,0,0,F,32,0.0,0.0,1.0,0,0,0,0,North America
CUST_00782,2024-06-29,2024-12-10,2024-10-27,2025-03-10,134,254,0,False,0,0.0,0.0,0.0,0.0,0.0,0.0,0.0,0.0,0.0,0.0,2,6,3.0,1815.69,281.07124999999996,1382.81,432.88,0.0,0.0,0.0,4,2,0,0,0,F,44,0.0,1.0,0.0,0,0,0,0,Europe
CUST_00785,2024-06-24,2024-12-10,2024-10-22,2025-03-10,139,259,0,False,1,0.0,0.0,0.0,0.0,0.0,0.0,0.0,0.0,0.0,0.0,1,1,1.0,1698.58,1698.58,0.0,0.0,0.0,0.0,1698.58,0,0,0,0,1,F,55,0.0,1.0,0.0,0,0,0,0,Europe
CUST_00798,2024-07-14,2024-12-10,2024-11-11,2025-03-10,119,239,0,False,1,0.0,0.0,0.0,0.0,0.0,0.0,0.0,0.0,0.0,0.0,1,2,2.0,182.16,91.08,0.0,0.0,182.16,0.0,0.0,0,0,2,0,0,F,27,0.0,1.0,0.0,0,0,0,0,Europe
CUST_00799,2024-07-07,2024-12-10,2024-11-04,2025-03-10,126,246,0,False,1,0.0,0.0,0.0,0.0,0.0,0.0,0.0,0.0,0.0,0.0,2,5,2.5,1555.25,277.0175,0.0,0.0,1341.54,0.0,213.71,0,0,3,0,2,M,62,1.0,0.0,0.0,0,0,0,0,Asia
CUST_00801,2024-07-22,2024-12-10,2024-11-19,2025-03-10,111,231,0,False,1,0.0,0.0,0.0,0.0,0.0,0.0,0.0,0.0,0.0,0.0,1,2,2.0,1654.91,827.455,0.0,0.0,1654.91,0.0,0.0,0,0,2,0,0,M,45,0.0,0.0,1.0,0,0,0,0,North America
CUST_00809,2024-06-26,2024-12-10,2024-10-24,2025-03-10,137,257,0,False,1,0.0,0.0,0.0,0.0,0.0,0.0,0.0,0.0,0.0,0.0,1,2,2.0,1674.12,837.06,0.0,0.0,0.0,0.0,1674.12,0,0,0,0,2,F,65,0.0,1.0,0.0,0,0,0,0,Europe
CUST_00810,2024-06-22,2024-12-10,2024-10-20,2025-03-10,141,261,0,False,1,0.0,0.0,0.0,0.0,0.0,0.0,0.0,0.0,0.0,0.0,1,3,3.0,707.52,235.84,0.0,0.0,0.0,0.0,707.52,0,0,0,0,3,F,64,1.0,0.0,0.0,0,0,0,0,Asia
CUST_00812,2024-07-21,2024-12-10,2024-11-18,2025-03-10,112,232,0,False,1,0.0,0.0,0.0,0.0,0.0,0.0,0.0,0.0,0.0,0.0,1,1,1.0,600.14,600.14,600.14,0.0,0.0,0.0,0.0,1,0,0,0,0,Other,44,1.0,0.0,0.0,0,0,0,0,Asia
CUST_00823,2024-07-03,2024-12-10,2024-10-31,2025-03-10,130,250,0,False,1,0.0,0.0,0.0,0.0,0.0,0.0,0.0,0.0,0.0,0.0,1,3,3.0,1483.16,494.3866666666667,0.0,0.0,0.0,0.0,1483.16,0,0,0,0,3,F,50,0.0,0.0,1.0,0,0,0,0,North America
CUST_00824,2024-06-16,2024-12-10,2024-10-14,2025-03-10,147,267,0,False,1,0.0,0.0,0.0,0.0,0.0,0.0,0.0,0.0,0.0,0.0,1,3,3.0,1589.48,529.8266666666667,0.0,0.0,1589.48,0.0,0.0,0,0,3,0,0,M,68,0.0,1.0,0.0,0,0,0,0,Europe
CUST_00834,2024-07-06,2024-12-10,2024-11-03,2024-12-18,45,165,1,True,1,0.0,0.0,0.0,0.0,0.0,0.0,0.0,0.0,0.0,0.0,3,6,2.0,3152.1400000000003,553.3738888888889,0.0,0.0,2043.3500000000001,0.0,1108.79,0,0,3,0,3,F,67,1.0,0.0,0.0,0,0,0,0,Asia
CUST_00839,2024-07-26,2024-12-10,2024-11-23,2025-03-10,107,227,0,False,0,0.0,0.0,0.0,0.0,0.0,0.0,0.0,0.0,0.0,0.0,1,1,1.0,182.08,182.08,0.0,0.0,182.08,0.0,0.0,0,0,1,0,0,F,48,0.0,1.0,0.0,0,0,0,0,Europe
CUST_00848,2024-07-18,2024-12-10,2024-11-15,2025-03-10,115,235,0,False,1,0.0,0.0,0.0,0.0,0.0,0.0,0.0,0.0,0.0,0.0,2,3,1.5,2615.94,1053.21,1019.04,0.0,0.0,0.0,1596.9,2,0,0,0,1,M,71,1.0,0.0,0.0,0,0,0,0,Asia
CUST_00849,2024-07-26,2024-12-10,2024-11-23,2025-03-10,107,227,0,False,1,0.0,0.0,0.0,0.0,0.0,0.0,0.0,0.0,0.0,0.0,2,5,2.5,2993.1400000000003,621.3758333333334,1470.23,1522.91,0.0,0.0,0.0,2,3,0,0,0,F,29,0.0,1.0,0.0,0,0,0,0,Europe
CUST_00856,2024-07-29,2024-12-10,2024-11-26,2025-03-10,104,224,0,False,0,0.0,0.0,0.0,0.0,0.0,0.0,0.0,0.0,0.0,0.0,1,1,1.0,1022.93,1022.93,0.0,0.0,0.0,0.0,1022.93,0,0,0,0,1,M,71,0.0,1.0,0.0,0,0,0,0,Europe
CUST_00857,2024-06-02,2024-12-10,2024-09-30,2025-03-10,161,281,0,False,1,0.0,0.0,0.0,0.0,0.0,0.0,0.0,0.0,0.0,0.0,1,2,2.0,489.29,244.645,0.0,0.0,489.29,0.0,0.0,0,0,2,0,0,F,21,1.0,0.0,0.0,0,0,0,0,Asia
CUST_00872,2024-06-10,2024-12-10,2024-10-08,2025-03-10,153,273,0,False,1,0.0,0.0,0.0,0.0,0.0,0.0,0.0,0.0,0.0,0.0,1,1,1.0,991.85,991.85,0.0,0.0,0.0,0.0,991.85,0,0,0,0,1,M,63,0.0,0.0,1.0,0,0,0,0,North America
CUST_00879,2024-06-26,2024-12-10,2024-10-24,2025-03-10,137,257,0,False,0,0.0,0.0,0.0,0.0,0.0,0.0,0.0,0.0,0.0,0.0,1,1,1.0,254.9,254.9,0.0,0.0,0.0,254.9,0.0,0,0,0,1,0,F,28,1.0,0.0,0.0,0,0,0,0,Asia
CUST_00893,2024-07-04,2024-12-10,2024-11-01,2025-03-10,129,249,0,False,1,0.0,0.0,0.0,0.0,0.0,0.0,0.0,0.0,0.0,0.0,1,4,4.0,1036.06,259.015,0.0,1036.06,0.0,0.0,0.0,0,4,0,0,0,M,39,1.0,0.0,0.0,0,0,0,0,Asia
CUST_00900,2024-07-22,2024-12-10,2024-11-19,2025-03-10,111,231,0,False,1,0.0,0.0,0.0,0.0,0.0,0.0,0.0,0.0,0.0,0.0,1,2,2.0,262.52,131.26,0.0,0.0,0.0,262.52,0.0,0,0,0,2,0,F,67,0.0,0.0,1.0,0,0,0,0,North America
CUST_00922,2024-07-15,2024-12-10,2024-11-12,2025-03-10,118,238,0,False,1,0.0,0.0,0.0,0.0,0.0,0.0,0.0,0.0,0.0,0.0,2,4,2.0,2487.71,621.9275,1307.28,0.0,0.0,0.0,1180.43,2,0,0,0,2,M,64,0.0,1.0,0.0,0,0,0,0,Europe
CUST_00923,2024-07-18,2024-12-10,2024-11-15,2025-03-10,115,235,0,False,0,0.0,0.0,0.0,0.0,0.0,0.0,0.0,0.0,0.0,0.0,1,2,2.0,455.78,227.89,0.0,0.0,455.78,0.0,0.0,0,0,2,0,0,M,75,0.0,1.0,0.0,0,0,0,0,Europe
CUST_00937,2024-08-07,2024-12-10,2024-12-05,2025-03-10,95,215,0,False,1,0.0,0.0,0.0,0.0,0.0,0.0,0.0,0.0,0.0,0.0,1,1,1.0,1060.98,1060.98,0.0,0.0,0.0,1060.98,0.0,0,0,0,1,0,F,74,1.0,0.0,0.0,0,0,0,0,Asia
CUST_00941,2024-06-23,2024-12-10,2024-10-21,2025-03-10,140,260,0,False,1,0.0,0.0,0.0,0.0,0.0,0.0,0.0,0.0,0.0,0.0,1,3,3.0,1119.58,373.1933333333333,0.0,0.0,0.0,1119.58,0.0,0,0,0,3,0,F,38,0.0,0.0,1.0,0,0,0,0,North America
CUST_00951,2024-06-24,2024-12-10,2024-10-22,2025-03-10,139,259,0,False,1,0.0,0.0,0.0,0.0,0.0,0.0,0.0,0.0,0.0,0.0,1,1,1.0,1604.51,1604.51,0.0,0.0,0.0,0.0,1604.51,0,0,0,0,1,F,42,0.0,1.0,0.0,0,0,0,0,Europe
CUST_00953,2024-06-06,2024-12-10,2024-10-04,2025-03-10,157,277,0,False,0,0.0,0.0,0.0,0.0,0.0,0.0,0.0,0.0,0.0,0.0,1,1,1.0,1049.42,1049.42,0.0,0.0,0.0,0.0,1049.42,0,0,0,0,1,F,38,1.0,0.0,0.0,0,0,0,0,Asia
CUST_00957,2024-06-20,2024-12-10,2024-10-18,2025-03-10,143,263,0,False,1,0.0,0.0,0.0,0.0,0.0,0.0,0.0,0.0,0.0,0.0,1,2,2.0,1283.38,641.69,0.0,0.0,1283.38,0.0,0.0,0,0,2,0,0,M,46,0.0,1.0,0.0,0,0,0,0,Europe
CUST_00959,2024-06-11,2024-12-10,2024-10-09,2025-03-10,152,272,0,False,1,0.0,0.0,0.0,0.0,0.0,0.0,0.0,0.0,0.0,0.0,1,3,3.0,1814.02,604.6733333333333,0.0,0.0,1814.02,0.0,0.0,0,0,3,0,0,F,34,0.0,1.0,0.0,0,0,0,0,Europe
CUST_00967,2024-06-29,2024-12-10,2024-10-27,2025-03-10,134,254,0,False,1,0.0,0.0,0.0,0.0,0.0,0.0,0.0,0.0,0.0,0.0,1,3,3.0,1828.39,609.4633333333334,0.0,0.0,0.0,0.0,1828.39,0,0,0,0,3,M,66,0.0,0.0,1.0,0,0,0,0,North America
CUST_00981,2024-06-15,2024-12-10,2024-10-13,2025-03-10,148,268,0,False,1,0.0,0.0,0.0,0.0,0.0,0.0,0.0,0.0,0.0,0.0,1,2,2.0,708.54,354.27,0.0,0.0,0.0,0.0,708.54,0,0,0,0,2,F,25,1.0,0.0,0.0,0,0,0,0,Asia
CUST_01002,2024-06-23,2024-12-10,2024-10-21,2025-03-10,140,260,0,False,1,0.0,0.0,0.0,0.0,0.0,0.0,0.0,0.0,0.0,0.0,2,3,1.5,1141.65,352.46000000000004,0.0,0.0,0.0,1141.65,0.0,0,0,0,3,0,F,25,0.0,1.0,0.0,0,0,0,0,Europe
CUST_01015,2024-07-31,2024-12-10,2024-11-28,2025-03-10,102,222,0,False,1,0.0,0.0,0.0,0.0,0.0,0.0,0.0,0.0,0.0,0.0,1,2,2.0,961.97,480.985,0.0,961.97,0.0,0.0,0.0,0,2,0,0,0,F,64,0.0,1.0,0.0,0,0,0,0,Europe
CUST_01024,2024-08-11,2024-12-10,2024-12-09,2025-03-10,91,211,0,False,1,0.0,0.0,0.0,0.0,0.0,0.0,0.0,0.0,0.0,0.0,6,16,2.6666666666666665,5699.22,456.8386111111111,0.0,2274.6800000000003,434.84,932.43,2057.27,0,3,3,2,8,F,67,0.0,1.0,0.0,0,0,0,0,Europe
CUST_01027,2024-06-26,2024-12-10,2024-10-24,2025-03-10,137,257,0,False,1,0.0,0.0,0.0,0.0,0.0,0.0,0.0,0.0,0.0,0.0,2,7,3.5,2694.48,393.5191666666667,0.0,0.0,1333.46,1361.02,0.0,0,0,4,3,0,F,54,0.0,1.0,0.0,0,0,0,0,Europe
CUST_01053,2024-07-03,2024-12-10,2024-10-31,2025-03-10,130,250,0,False,1,0.0,0.0,0.0,0.0,0.0,0.0,0.0,0.0,0.0,0.0,1,1,1.0,271.26,271.26,0.0,271.26,0.0,0.0,0.0,0,1,0,0,0,F,25,0.0,1.0,0.0,0,0,0,0,Europe
CUST_01055,2024-07-12,2024-12-10,2024-11-09,2025-03-10,121,241,0,False,1,0.0,0.0,0.0,0.0,0.0,0.0,0.0,0.0,0.0,0.0,2,5,2.5,2743.45,781.93625,1572.77,1170.68,0.0,0.0,0.0,4,1,0,0,0,F,73,1.0,0.0,0.0,0,0,0,0,Asia
CUST_01062,2024-07-04,2024-12-10,2024-11-01,2025-03-10,129,249,0,False,1,0.0,0.0,0.0,0.0,0.0,0.0,0.0,0.0,0.0,0.0,2,6,3.0,1672.98,278.83000000000004,0.0,1379.71,0.0,0.0,293.27,0,3,0,0,3,F,58,0.0,1.0,0.0,0,0,0,0,Europe
CUST_01084,2024-07-13,2024-12-10,2024-11-10,2025-03-10,120,240,0,False,1,0.0,0.0,0.0,0.0,0.0,0.0,0.0,0.0,0.0,0.0,2,4,2.0,2222.82,589.9200000000001,0.0,1564.47,0.0,658.35,0.0,0,3,0,1,0,F,66,0.0,1.0,0.0,0,0,0,0,Europe
CUST_01093,2024-06-08,2024-12-10,2024-10-06,2025-03-10,155,275,0,False,1,0.0,0.0,0.0,0.0,0.0,0.0,0.0,0.0,0.0,0.0,1,1,1.0,626.04,626.04,0.0,0.0,0.0,626.04,0.0,0,0,0,1,0,M,42,0.0,0.0,1.0,0,0,0,0,North America
CUST_01096,2024-07-09,2024-12-10,2024-11-06,2025-03-10,124,244,0,False,1,0.0,0.0,0.0,0.0,0.0,0.0,0.0,0.0,0.0,0.0,1,1,1.0,1585.89,1585.89,0.0,0.0,0.0,0.0,1585.89,0,0,0,0,1,Other,36,0.0,1.0,0.0,0,0,0,0,Europe
CUST_01105,2024-07-22,2024-12-10,2024-11-19,2024-12-25,36,156,1,True,1,2.0,0.0,0.0,0.0,2.0,1.0,0.0,0.0,0.0,1.0,4,9,2.25,4867.44,663.3579166666666,1653.51,774.12,0.0,2439.81,0.0,2,3,0,4,0,F,50,1.0,0.0,0.0,0,0,0,0,Asia
CUST_01107,2024-06-05,2024-12-10,2024-10-03,2025-03-10,158,278,0,False,1,0.0,0.0,0.0,0.0,0.0,0.0,0.0,0.0,0.0,0.0,1,1,1.0,416.64,416.64,0.0,0.0,0.0,416.64,0.0,0,0,0,1,0,F,31,0.0,1.0,0.0,0,0,0,0,Europe
CUST_01108,2024-08-08,2024-12-10,2024-12-06,2024-12-20,14,134,1,True,1,0.0,0.0,0.0,0.0,0.0,0.0,0.0,0.0,0.0,0.0,2,5,2.5,1075.67,234.37166666666667,414.55,0.0,661.12,0.0,0.0,3,0,2,0,0,M,70,0.0,1.0,0.0,0,0,0,0,Europe
CUST_01111,2024-07-30,2024-12-10,2024-11-27,2025-03-10,103,223,0,False,1,0.0,0.0,0.0,0.0,0.0,0.0,0.0,0.0,0.0,0.0,2,5,2.5,2089.7400000000002,958.30875,0.0,230.83,1858.91,0.0,0.0,0,4,1,0,0,F,23,1.0,0.0,0.0,0,0,0,0,Asia
CUST_01119,2024-08-09,2024-12-10,2024-12-07,2025-03-10,93,213,0,False,1,0.0,0.0,0.0,0.0,0.0,0.0,0.0,0.0,0.0,0.0,2,6,3.0,3071.54,511.9233333333333,1864.29,1207.25,0.0,0.0,0.0,3,3,0,0,0,F,46,0.0,1.0,0.0,0,0,0,0,Europe
CUST_01129,2024-07-22,2024-12-10,2024-11-19,2025-03-10,111,231,0,False,0,0.0,0.0,0.0,0.0,0.0,0.0,0.0,0.0,0.0,0.0,2,4,2.0,2180.83,545.2075,640.0,0.0,0.0,1540.83,0.0,2,0,0,2,0,M,45,0.0,1.0,0.0,0,0,0,0,Europe
CUST_01133,2024-06-14,2024-12-10,2024-10-12,2025-03-10,149,269,0,False,1,0.0,0.0,0.0,0.0,0.0,0.0,0.0,0.0,0.0,0.0,1,1,1.0,399.51,399.51,0.0,0.0,399.51,0.0,0.0,0,0,1,0,0,F,52,1.0,0.0,0.0,0,0,0,0,Asia
CUST_01137,2024-07-20,2024-12-10,2024-11-17,2025-03-10,113,233,0,False,1,0.0,0.0,0.0,0.0,0.0,0.0,0.0,0.0,0.0,0.0,2,3,1.5,2028.48,823.47,0.0,0.0,0.0,0.0,2028.48,0,0,0,0,3,F,56,0.0,1.0,0.0,0,0,0,0,Europe
CUST_01138,2024-07-29,2024-12-10,2024-11-26,2025-03-10,104,224,0,False,1,0.0,0.0,0.0,0.0,0.0,0.0,0.0,0.0,0.0,0.0,2,3,1.5,3384.82,1321.6200000000001,0.0,0.0,1901.66,1483.16,0.0,0,0,1,2,0,M,48,0.0,1.0,0.0,0,0,0,0,Europe
CUST_01143,2024-07-08,2024-12-10,2024-11-05,2025-03-10,125,245,0,False,1,0.0,0.0,0.0,0.0,0.0,0.0,0.0,0.0,0.0,0.0,2,2,1.0,1708.3600000000001,854.1800000000001,0.0,0.0,0.0,1421.69,286.67,0,0,0,1,1,F,22,1.0,0.0,0.0,0,0,0,0,Asia
CUST_01147,2024-07-16,2024-12-10,2024-11-13,2025-03-10,117,237,0,False,1,0.0,0.0,0.0,0.0,0.0,0.0,0.0,0.0,0.0,0.0,1,2,2.0,1563.36,781.68,0.0,1563.36,0.0,0.0,0.0,0,2,0,0,0,F,25,0.0,1.0,0.0,0,0,0,0,Europe
CUST_01159,2024-08-07,2024-12-10,2024-12-05,2025-03-10,95,215,0,False,0,0.0,0.0,0.0,0.0,0.0,0.0,0.0,0.0,0.0,0.0,1,1,1.0,1453.83,1453.83,0.0,0.0,0.0,0.0,1453.83,0,0,0,0,1,F,22,1.0,0.0,0.0,0,0,0,0,Asia
CUST_01160,2024-07-07,2024-12-10,2024-11-04,2025-03-10,126,246,0,False,1,0.0,0.0,0.0,0.0,0.0,0.0,0.0,0.0,0.0,0.0,1,1,1.0,1279.38,1279.38,1279.38,0.0,0.0,0.0,0.0,1,0,0,0,0,M,72,0.0,0.0,1.0,0,0,0,0,North America
CUST_01161,2024-08-11,2024-12-10,2024-12-09,2025-03-10,91,211,0,False,0,0.0,0.0,0.0,0.0,0.0,0.0,0.0,0.0,0.0,0.0,1,1,1.0,1870.21,1870.21,0.0,0.0,1870.21,0.0,0.0,0,0,1,0,0,F,57,1.0,0.0,0.0,0,0,0,0,Asia
CUST_01164,2024-07-15,2024-12-10,2024-11-12,2025-03-10,118,238,0,False,1,0.0,0.0,0.0,0.0,0.0,0.0,0.0,0.0,0.0,0.0,1,1,1.0,1058.77,1058.77,0.0,0.0,1058.77,0.0,0.0,0,0,1,0,0,M,56,0.0,1.0,0.0,0,0,0,0,Europe
CUST_01178,2024-08-07,2024-12-10,2024-12-05,2024-12-17,12,132,1,True,1,2.0,0.0,1.0,2.0,5.0,0.0,0.0,0.0,0.0,0.0,2,4,2.0,1398.71,349.6775,1398.71,0.0,0.0,0.0,0.0,4,0,0,0,0,F,43,0.0,1.0,0.0,0,0,0,0,Europe
CUST_01195,2024-07-19,2024-12-10,2024-11-16,2025-03-10,114,234,0,False,1,0.0,0.0,0.0,0.0,0.0,0.0,0.0,0.0,0.0,0.0,1,2,2.0,194.71,97.355,194.71,0.0,0.0,0.0,0.0,2,0,0,0,0,F,67,1.0,0.0,0.0,0,0,0,0,Asia
CUST_01197,2024-06-09,2024-12-10,2024-10-07,2025-03-10,154,274,0,False,1,0.0,0.0,0.0,0.0,0.0,0.0,0.0,0.0,0.0,0.0,1,1,1.0,1200.52,1200.52,0.0,1200.52,0.0,0.0,0.0,0,1,0,0,0,Other,61,0.0,0.0,1.0,0,0,0,0,North America
CUST_01203,2024-08-07,2024-12-10,2024-12-05,2025-03-10,95,215,0,False,1,0.0,0.0,0.0,0.0,0.0,0.0,0.0,0.0,0.0,0.0,1,2,2.0,1965.13,982.565,0.0,0.0,1965.13,0.0,0.0,0,0,2,0,0,F,45,0.0,0.0,1.0,0,0,0,0,North America
CUST_01204,2024-07-20,2024-12-10,2024-11-17,2025-03-10,113,233,0,False,1,0.0,0.0,0.0,0.0,0.0,0.0,0.0,0.0,0.0,0.0,2,4,2.0,2195.88,548.97,1910.71,0.0,0.0,0.0,285.17,2,0,0,0,2,M,27,1.0,0.0,0.0,0,0,0,0,Asia
CUST_01210,2024-07-12,2024-12-10,2024-11-09,2025-03-10,121,241,0,False,1,0.0,0.0,0.0,0.0,0.0,0.0,0.0,0.0,0.0,0.0,1,2,2.0,1310.19,655.095,1310.19,0.0,0.0,0.0,0.0,2,0,0,0,0,F,65,1.0,0.0,0.0,0,0,0,0,Asia
CUST_01217,2024-07-20,2024-12-10,2024-11-17,2025-03-10,113,233,0,False,1,0.0,0.0,0.0,0.0,0.0,0.0,0.0,0.0,0.0,0.0,1,2,2.0,740.1,370.05,0.0,0.0,0.0,0.0,740.1,0,0,0,0,2,F,36,0.0,1.0,0.0,0,0,0,0,Europe
CUST_01219,2024-07-31,2024-12-10,2024-11-28,2025-03-10,102,222,0,False,1,0.0,0.0,0.0,0.0,0.0,0.0,0.0,0.0,0.0,0.0,2,2,1.0,1518.8,759.4,358.83,0.0,1159.97,0.0,0.0,1,0,1,0,0,F,47,1.0,0.0,0.0,0,0,0,0,Asia
CUST_01226,2024-07-06,2024-12-10,2024-11-03,2025-03-10,127,247,0,False,1,0.0,0.0,0.0,0.0,0.0,0.0,0.0,0.0,0.0,0.0,1,1,1.0,846.59,846.59,0.0,0.0,0.0,846.59,0.0,0,0,0,1,0,F,41,0.0,1.0,0.0,0,0,0,0,Europe
CUST_01229,2024-06-19,2024-12-10,2024-10-17,2025-03-10,144,264,0,False,0,0.0,0.0,0.0,0.0,0.0,0.0,0.0,0.0,0.0,0.0,1,4,4.0,257.18,64.295,0.0,0.0,257.18,0.0,0.0,0,0,4,0,0,F,71,1.0,0.0,0.0,0,0,0,0,Asia
CUST_01236,2024-07-02,2024-12-10,2024-10-30,2025-03-10,131,251,0,False,1,0.0,0.0,0.0,0.0,0.0,0.0,0.0,0.0,0.0,0.0,1,2,2.0,843.57,421.785,843.57,0.0,0.0,0.0,0.0,2,0,0,0,0,M,34,1.0,0.0,0.0,0,0,0,0,Asia
CUST_01238,2024-08-10,2024-12-10,2024-12-08,2025-03-10,92,212,0,False,1,0.0,0.0,0.0,0.0,0.0,0.0,0.0,0.0,0.0,0.0,3,4,1.3333333333333333,3085.54,874.1233333333333,0.0,926.34,0.0,2159.2,0.0,0,2,0,2,0,F,58,0.0,1.0,0.0,0,0,0,0,Europe
CUST_01239,2024-07-17,2024-12-10,2024-11-14,2025-03-10,116,236,0,False,1,0.0,0.0,0.0,0.0,0.0,0.0,0.0,0.0,0.0,0.0,1,1,1.0,141.21,141.21,0.0,0.0,141.21,0.0,0.0,0,0,1,0,0,F,36,0.0,0.0,1.0,0,0,0,0,North America
CUST_01260,2024-06-21,2024-12-10,2024-10-19,2025-03-10,142,262,0,False,1,0.0,0.0,0.0,0.0,0.0,0.0,0.0,0.0,0.0,0.0,2,4,2.0,2400.0099999999998,648.2149999999999,0.0,1655.37,744.64,0.0,0.0,0,3,1,0,0,F,36,0.0,0.0,1.0,0,0,0,0,North America
CUST_01273,2024-07-15,2024-12-10,2024-11-12,2025-03-10,118,238,0,False,1,0.0,0.0,0.0,0.0,0.0,0.0,0.0,0.0,0.0,0.0,1,1,1.0,1249.51,1249.51,0.0,0.0,0.0,0.0,1249.51,0,0,0,0,1,F,29,0.0,1.0,0.0,0,0,0,0,Europe
CUST_01274,2024-08-11,2024-12-10,2024-12-09,2025-03-10,91,211,0,False,1,0.0,0.0,0.0,0.0,0.0,0.0,0.0,0.0,0.0,0.0,2,3,1.5,2751.0,887.6125,0.0,0.0,0.0,799.45,1951.55,0,0,0,1,2,F,47,0.0,0.0,1.0,0,0,0,0,North America
CUST_01283,2024-07-19,2024-12-10,2024-11-16,2025-03-10,114,234,0,False,1,0.0,0.0,0.0,0.0,0.0,0.0,0.0,0.0,0.0,0.0,1,5,5.0,1713.88,342.776,0.0,0.0,0.0,1713.88,0.0,0,0,0,5,0,F,43,0.0,1.0,0.0,0,0,0,0,Europe
CUST_01288,2024-06-25,2024-12-10,2024-10-23,2025-03-10,138,258,0,False,1,0.0,0.0,0.0,0.0,0.0,0.0,0.0,0.0,0.0,0.0,1,3,3.0,1328.52,442.84,0.0,0.0,0.0,0.0,1328.52,0,0,0,0,3,M,72,0.0,1.0,0.0,0,0,0,0,Europe
CUST_01295,2024-07-01,2024-12-10,2024-10-29,2025-03-10,132,252,0,False,1,0.0,0.0,0.0,0.0,0.0,0.0,0.0,0.0,0.0,0.0,1,3,3.0,158.65,52.88333333333333,0.0,0.0,0.0,158.65,0.0,0,0,0,3,0,M,22,1.0,0.0,0.0,0,0,0,0,Asia
CUST_01311,2024-07-07,2024-12-10,2024-11-04,2025-03-10,126,246,0,False,1,0.0,0.0,0.0,0.0,0.0,0.0,0.0,0.0,0.0,0.0,2,4,2.0,1268.63,317.1575,0.0,0.0,615.82,652.81,0.0,0,0,2,2,0,F,64,1.0,0.0,0.0,0,0,0,0,Asia
CUST_01324,2024-07-11,2024-12-10,2024-11-08,2024-12-22,44,164,1,True,1,0.0,1.0,0.0,0.0,1.0,0.0,0.0,0.0,0.0,0.0,2,7,3.5,2801.85,403.3245833333333,2801.85,0.0,0.0,0.0,0.0,7,0,0,0,0,M,56,0.0,1.0,0.0,0,0,0,0,Europe
CUST_01327,2024-07-28,2024-12-10,2024-11-25,2024-12-14,19,139,1,True,1,0.0,0.0,0.0,1.0,1.0,0.0,0.0,0.0,0.0,0.0,2,2,1.0,3095.6,1547.8,1367.79,0.0,0.0,1727.81,0.0,1,0,0,1,0,M,36,0.0,0.0,1.0,0,0,0,0,North America
CUST_01336,2024-07-29,2024-12-10,2024-11-26,2025-03-10,104,224,0,False,1,0.0,0.0,0.0,0.0,0.0,0.0,0.0,0.0,0.0,0.0,2,3,1.5,1905.49,872.9150000000001,319.32,0.0,0.0,1586.17,0.0,2,0,0,1,0,F,64,0.0,1.0,0.0,0,0,0,0,Europe
CUST_01337,2024-06-15,2024-12-10,2024-10-13,2025-03-10,148,268,0,False,1,0.0,0.0,0.0,0.0,0.0,0.0,0.0,0.0,0.0,0.0,1,1,1.0,1766.88,1766.88,0.0,0.0,0.0,0.0,1766.88,0,0,0,0,1,F,50,0.0,0.0,1.0,0,0,0,0,North America
CUST_01361,2024-07-15,2024-12-10,2024-11-12,2025-03-10,118,238,0,False,1,0.0,0.0,0.0,0.0,0.0,0.0,0.0,0.0,0.0,0.0,2,4,2.0,2189.02,547.255,1419.08,769.94,0.0,0.0,0.0,2,2,0,0,0,F,47,0.0,1.0,0.0,0,0,0,0,Europe
CUST_01367,2024-07-01,2024-12-10,2024-10-29,2024-12-17,49,169,1,True,1,0.0,0.0,0.0,0.0,0.0,0.0,0.0,0.0,0.0,0.0,2,6,3.0,2231.96,371.99333333333334,0.0,2231.96,0.0,0.0,0.0,0,6,0,0,0,F,53,0.0,1.0,0.0,0,0,0,0,Europe
CUST_01369,2024-06-06,2024-12-10,2024-10-04,2025-03-10,157,277,0,False,1,0.0,0.0,0.0,0.0,0.0,0.0,0.0,0.0,0.0,0.0,1,2,2.0,808.98,404.49,0.0,0.0,808.98,0.0,0.0,0,0,2,0,0,M,30,0.0,1.0,0.0,0,0,0,0,Europe
CUST_01374,2024-06-17,2024-12-10,2024-10-15,2025-03-10,146,266,0,False,1,0.0,0.0,0.0,0.0,0.0,0.0,0.0,0.0,0.0,0.0,1,2,2.0,509.28,254.64,0.0,0.0,0.0,0.0,509.28,0,0,0,0,2,M,40,0.0,1.0,0.0,0,0,0,0,Europe
CUST_01385,2024-06-27,2024-12-10,2024-10-25,2025-03-10,136,256,0,False,0,0.0,0.0,0.0,0.0,0.0,0.0,0.0,0.0,0.0,0.0,1,1,1.0,1559.57,1559.57,0.0,0.0,0.0,1559.57,0.0,0,0,0,1,0,F,67,0.0,0.0,1.0,0,0,0,0,North America
CUST_01395,2024-07-24,2024-12-10,2024-11-21,2025-03-10,109,229,0,False,1,0.0,0.0,0.0,0.0,0.0,0.0,0.0,0.0,0.0,0.0,1,1,1.0,845.22,845.22,0.0,0.0,0.0,0.0,845.22,0,0,0,0,1,F,51,1.0,0.0,0.0,0,0,0,0,Asia
CUST_01398,2024-08-10,2024-12-10,2024-12-08,2025-03-10,92,212,0,False,1,0.0,0.0,0.0,0.0,0.0,0.0,0.0,0.0,0.0,0.0,2,3,1.5,2937.13,1187.8525,0.0,0.0,0.0,0.0,2937.13,0,0,0,0,3,M,38,1.0,0.0,0.0,0,0,0,0,Asia
CUST_01402,2024-07-12,2024-12-10,2024-11-09,2025-03-10,121,241,0,False,1,0.0,0.0,0.0,0.0,0.0,0.0,0.0,0.0,0.0,0.0,2,3,1.5,1126.26,352.07500000000005,0.0,0.0,0.0,0.0,1126.26,0,0,0,0,3,M,49,0.0,1.0,0.0,0,0,0,0,Europe
CUST_01417,2024-06-19,2024-12-10,2024-10-17,2025-03-10,144,264,0,False,1,0.0,0.0,0.0,0.0,0.0,0.0,0.0,0.0,0.0,0.0,1,2,2.0,245.61,122.805,0.0,0.0,0.0,245.61,0.0,0,0,0,2,0,Other,43,0.0,1.0,0.0,0,0,0,0,Europe
CUST_01426,2024-07-24,2024-12-10,2024-11-21,2025-03-10,109,229,0,False,1,0.0,0.0,0.0,0.0,0.0,0.0,0.0,0.0,0.0,0.0,1,3,3.0,1178.06,392.68666666666667,0.0,0.0,1178.06,0.0,0.0,0,0,3,0,0,M,27,1.0,0.0,0.0,0,0,0,0,Asia
CUST_01429,2024-07-28,2024-12-10,2024-11-25,2024-12-15,20,140,1,True,1,1.0,0.0,1.0,0.0,2.0,0.0,0.0,0.0,0.0,0.0,3,9,3.0,5179.87,632.4325,3692.06,0.0,0.0,0.0,1487.81,5,0,0,0,4,F,56,0.0,1.0,0.0,0,0,0,0,Europe
CUST_01432,2024-07-27,2024-12-10,2024-11-24,2025-03-10,106,226,0,False,1,0.0,0.0,0.0,0.0,0.0,0.0,0.0,0.0,0.0,0.0,1,2,2.0,1331.42,665.71,0.0,0.0,1331.42,0.0,0.0,0,0,2,0,0,M,56,1.0,0.0,0.0,0,0,0,0,Asia
CUST_01439,2024-06-15,2024-12-10,2024-10-13,2025-03-10,148,268,0,False,1,0.0,0.0,0.0,0.0,0.0,0.0,0.0,0.0,0.0,0.0,1,1,1.0,1700.99,1700.99,0.0,0.0,1700.99,0.0,0.0,0,0,1,0,0,F,75,0.0,0.0,1.0,0,0,0,0,North America
CUST_01454,2024-07-15,2024-12-10,2024-11-12,2025-03-10,118,238,0,False,1,0.0,0.0,0.0,0.0,0.0,0.0,0.0,0.0,0.0,0.0,1,2,2.0,1354.33,677.165,0.0,0.0,1354.33,0.0,0.0,0,0,2,0,0,F,36,0.0,1.0,0.0,0,0,0,0,Europe
CUST_01457,2024-07-10,2024-12-10,2024-11-07,2025-03-10,123,243,0,False,1,0.0,0.0,0.0,0.0,0.0,0.0,0.0,0.0,0.0,0.0,1,1,1.0,698.33,698.33,0.0,0.0,698.33,0.0,0.0,0,0,1,0,0,M,75,0.0,1.0,0.0,0,0,0,0,Europe
CUST_01464,2024-07-12,2024-12-10,2024-11-09,2025-03-10,121,241,0,False,1,0.0,0.0,0.0,0.0,0.0,0.0,0.0,0.0,0.0,0.0,2,2,1.0,2290.47,1145.235,1283.12,0.0,0.0,0.0,1007.35,1,0,0,0,1,F,48,1.0,0.0,0.0,0,0,0,0,Asia
CUST_01494,2024-06-13,2024-12-10,2024-10-11,2025-03-10,150,270,0,False,1,0.0,0.0,0.0,0.0,0.0,0.0,0.0,0.0,0.0,0.0,1,2,2.0,1183.4,591.7,0.0,0.0,1183.4,0.0,0.0,0,0,2,0,0,F,73,1.0,0.0,0.0,0,0,0,0,Asia
CUST_01495,2024-06-29,2024-12-10,2024-10-27,2025-03-10,134,254,0,False,1,0.0,0.0,0.0,0.0,0.0,0.0,0.0,0.0,0.0,0.0,1,1,1.0,1308.21,1308.21,0.0,0.0,1308.21,0.0,0.0,0,0,1,0,0,M,52,0.0,0.0,1.0,0,0,0,0,North America
CUST_01505,2024-06-03,2024-12-10,2024-10-01,2025-03-10,160,280,0,False,1,0.0,0.0,0.0,0.0,0.0,0.0,0.0,0.0,0.0,0.0,1,1,1.0,356.49,356.49,356.49,0.0,0.0,0.0,0.0,1,0,0,0,0,M,29,0.0,0.0,1.0,0,0,0,0,North America
CUST_01517,2024-06-06,2024-12-10,2024-10-04,2024-12-26,83,203,1,True,1,0.0,0.0,2.0,2.0,4.0,0.0,0.0,0.0,0.0,0.0,2,4,2.0,1945.21,486.3025,0.0,937.67,0.0,0.0,1007.54,0,2,0,0,2,M,24,1.0,0.0,0.0,0,0,0,0,Asia
CUST_01521,2024-06-07,2024-12-10,2024-10-05,2025-03-10,156,276,0,False,1,0.0,0.0,0.0,0.0,0.0,0.0,0.0,0.0,0.0,0.0,1,2,2.0,1736.56,868.28,0.0,0.0,0.0,1736.56,0.0,0,0,0,2,0,M,62,1.0,0.0,0.0,0,0,0,0,Asia
CUST_01541,2024-07-27,2024-12-10,2024-11-24,2024-12-17,23,143,1,True,1,0.0,0.0,0.0,0.0,0.0,0.0,0.0,0.0,0.0,0.0,2,3,1.5,1569.54,517.0775,0.0,0.0,1569.54,0.0,0.0,0,0,3,0,0,M,71,0.0,1.0,0.0,0,0,0,0,Europe
CUST_01549,2024-06-02,2024-12-10,2024-09-30,2025-03-10,161,281,0,False,1,0.0,0.0,0.0,0.0,0.0,0.0,0.0,0.0,0.0,0.0,1,2,2.0,272.06,136.03,0.0,0.0,272.06,0.0,0.0,0,0,2,0,0,F,64,1.0,0.0,0.0,0,0,0,0,Asia
CUST_01559,2024-06-25,2024-12-10,2024-10-23,2025-03-10,138,258,0,False,1,0.0,0.0,0.0,0.0,0.0,0.0,0.0,0.0,0.0,0.0,2,6,3.0,1328.77,221.46166666666667,0.0,0.0,0.0,1328.77,0.0,0,0,0,6,0,M,41,1.0,0.0,0.0,0,0,0,0,Asia
CUST_01561,2024-07-08,2024-12-10,2024-11-05,2024-12-13,38,158,1,True,1,0.0,0.0,0.0,0.0,0.0,0.0,0.0,0.0,0.0,0.0,2,4,2.0,579.5,145.60666666666668,579.5,0.0,0.0,0.0,0.0,4,0,0,0,0,M,54,0.0,1.0,0.0,0,0,0,0,Europe
CUST_01578,2024-06-30,2024-12-10,2024-10-28,2025-03-10,133,253,0,False,1,0.0,0.0,0.0,0.0,0.0,0.0,0.0,0.0,0.0,0.0,2,3,1.5,2472.48,766.8199999999999,0.0,2472.48,0.0,0.0,0.0,0,3,0,0,0,Other,31,1.0,0.0,0.0,0,0,0,0,Asia
CUST_01579,2024-07-08,2024-12-10,2024-11-05,2025-03-10,125,245,0,False,1,0.0,0.0,0.0,0.0,0.0,0.0,0.0,0.0,0.0,0.0,2,4,2.0,1480.9,422.9,528.25,952.65,0.0,0.0,0.0,1,3,0,0,0,M,51,0.0,1.0,0.0,0,0,0,0,Europe
CUST_01583,2024-07-10,2024-12-10,2024-11-07,2025-03-10,123,243,0,False,1,0.0,0.0,0.0,0.0,0.0,0.0,0.0,0.0,0.0,0.0,1,3,3.0,1390.61,463.53666666666663,0.0,0.0,0.0,1390.61,0.0,0,0,0,3,0,F,54,0.0,0.0,1.0,0,0,0,0,North America
CUST_01594,2024-07-23,2024-12-10,2024-11-20,2025-03-10,110,230,0,False,1,0.0,0.0,0.0,0.0,0.0,0.0,0.0,0.0,0.0,0.0,1,1,1.0,1212.62,1212.62,0.0,0.0,1212.62,0.0,0.0,0,0,1,0,0,M,70,0.0,1.0,0.0,0,0,0,0,Europe
CUST_01595,2024-06-17,2024-12-10,2024-10-15,2025-03-10,146,266,0,False,0,0.0,0.0,0.0,0.0,0.0,0.0,0.0,0.0,0.0,0.0,1,2,2.0,412.25,206.125,412.25,0.0,0.0,0.0,0.0,2,0,0,0,0,F,58,0.0,1.0,0.0,0,0,0,0,Europe
CUST_01596,2024-07-18,2024-12-10,2024-11-15,2025-03-10,115,235,0,False,0,0.0,0.0,0.0,0.0,0.0,0.0,0.0,0.0,0.0,0.0,2,6,3.0,2061.13,441.57125,0.0,0.0,0.0,589.69,1471.44,0,0,0,4,2,F,55,0.0,1.0,0.0,0,0,0,0,Europe
CUST_01607,2024-07-28,2024-12-10,2024-11-25,2025-03-10,105,225,0,False,1,0.0,0.0,0.0,0.0,0.0,0.0,0.0,0.0,0.0,0.0,2,3,1.5,3222.63,1118.745,0.0,0.0,0.0,1252.35,1970.28,0,0,0,1,2,F,53,1.0,0.0,0.0,0,0,0,0,Asia
CUST_01608,2024-06-14,2024-12-10,2024-10-12,2025-03-10,149,269,0,False,1,0.0,0.0,0.0,0.0,0.0,0.0,0.0,0.0,0.0,0.0,1,1,1.0,624.49,624.49,0.0,0.0,0.0,0.0,624.49,0,0,0,0,1,F,23,1.0,0.0,0.0,0,0,0,0,Asia
CUST_01609,2024-07-16,2024-12-10,2024-11-13,2025-03-10,117,237,0,False,1,0.0,0.0,0.0,0.0,0.0,0.0,0.0,0.0,0.0,0.0,1,2,2.0,412.02,206.01,0.0,0.0,0.0,412.02,0.0,0,0,0,2,0,M,34,0.0,1.0,0.0,0,0,0,0,Europe
CUST_01610,2024-06-27,2024-12-10,2024-10-25,2025-03-10,136,256,0,False,1,0.0,0.0,0.0,0.0,0.0,0.0,0.0,0.0,0.0,0.0,1,3,3.0,500.17,166.72333333333333,0.0,0.0,0.0,0.0,500.17,0,0,0,0,3,F,54,1.0,0.0,0.0,0,0,0,0,Asia
CUST_01614,2024-07-05,2024-12-10,2024-11-02,2025-03-10,128,248,0,False,1,0.0,0.0,0.0,0.0,0.0,0.0,0.0,0.0,0.0,0.0,2,2,1.0,3222.09,1611.045,0.0,0.0,1243.99,1978.1,0.0,0,0,1,1,0,M,70,0.0,1.0,0.0,0,0,0,0,Europe
CUST_01644,2024-06-10,2024-12-10,2024-10-08,2025-03-10,153,273,0,False,1,0.0,0.0,0.0,0.0,0.0,0.0,0.0,0.0,0.0,0.0,1,2,2.0,454.36,227.18,0.0,454.36,0.0,0.0,0.0,0,2,0,0,0,F,27,1.0,0.0,0.0,0,0,0,0,Asia
CUST_01645,2024-07-02,2024-12-10,2024-10-30,2025-03-10,131,251,0,False,1,0.0,0.0,0.0,0.0,0.0,0.0,0.0,0.0,0.0,0.0,1,1,1.0,228.38,228.38,0.0,0.0,0.0,0.0,228.38,0,0,0,0,1,F,37,0.0,1.0,0.0,0,0,0,0,Europe
CUST_01648,2024-08-04,2024-12-10,2024-12-02,2025-03-10,98,218,0,False,1,0.0,0.0,0.0,0.0,0.0,0.0,0.0,0.0,0.0,0.0,2,2,1.0,1777.07,888.535,0.0,0.0,1059.59,0.0,717.48,0,0,1,0,1,F,22,0.0,1.0,0.0,0,0,0,0,Europe
CUST_01661,2024-07-01,2024-12-10,2024-10-29,2025-03-10,132,252,0,False,0,0.0,0.0,0.0,0.0,0.0,0.0,0.0,0.0,0.0,0.0,1,2,2.0,739.76,369.88,0.0,0.0,739.76,0.0,0.0,0,0,2,0,0,M,41,0.0,1.0,0.0,0,0,0,0,Europe
CUST_01665,2024-06-16,2024-12-10,2024-10-14,2025-03-10,147,267,0,False,1,0.0,0.0,0.0,0.0,0.0,0.0,0.0,0.0,0.0,0.0,1,2,2.0,1809.9,904.95,0.0,0.0,0.0,1809.9,0.0,0,0,0,2,0,M,31,0.0,0.0,1.0,0,0,0,0,North America
CUST_01667,2024-06-17,2024-12-10,2024-10-15,2025-03-10,146,266,0,False,1,0.0,0.0,0.0,0.0,0.0,0.0,0.0,0.0,0.0,0.0,2,2,1.0,1533.57,766.785,1323.31,210.26,0.0,0.0,0.0,1,1,0,0,0,M,42,0.0,1.0,0.0,0,0,0,0,Europe
CUST_01673,2024-06-08,2024-12-10,2024-10-06,2025-03-10,155,275,0,False,1,0.0,0.0,0.0,0.0,0.0,0.0,0.0,0.0,0.0,0.0,1,3,3.0,169.6,56.53333333333333,0.0,169.6,0.0,0.0,0.0,0,3,0,0,0,F,67,1.0,0.0,0.0,0,0,0,0,Asia
CUST_01689,2024-08-06,2024-12-10,2024-12-04,2025-03-10,96,216,0,False,0,0.0,0.0,0.0,0.0,0.0,0.0,0.0,0.0,0.0,0.0,2,2,1.0,2526.6099999999997,1263.3049999999998,0.0,0.0,2526.6099999999997,0.0,0.0,0,0,2,0,0,M,25,0.0,0.0,1.0,0,0,0,0,North America
CUST_01698,2024-07-15,2024-12-10,2024-11-12,2025-03-10,118,238,0,False,1,0.0,0.0,0.0,0.0,0.0,0.0,0.0,0.0,0.0,0.0,1,1,1.0,106.85,106.85,0.0,0.0,0.0,0.0,106.85,0,0,0,0,1,M,59,0.0,1.0,0.0,0,0,0,0,Europe
CUST_01704,2024-06-24,2024-12-10,2024-10-22,2024-12-28,67,187,1,True,1,0.0,0.0,0.0,1.0,1.0,0.0,0.0,0.0,0.0,0.0,2,4,2.0,2904.11,1046.4116666666666,0.0,0.0,0.0,2904.11,0.0,0,0,0,4,0,F,60,0.0,1.0,0.0,0,0,0,0,Europe
CUST_01709,2024-07-16,2024-12-10,2024-11-13,2025-03-10,117,237,0,False,1,0.0,0.0,0.0,0.0,0.0,0.0,0.0,0.0,0.0,0.0,1,3,3.0,765.41,255.13666666666666,0.0,0.0,0.0,765.41,0.0,0,0,0,3,0,F,55,0.0,1.0,0.0,0,0,0,0,Europe
CUST_01738,2024-06-23,2024-12-10,2024-10-21,2025-03-10,140,260,0,False,1,0.0,0.0,0.0,0.0,0.0,0.0,0.0,0.0,0.0,0.0,1,1,1.0,152.74,152.74,0.0,0.0,0.0,152.74,0.0,0,0,0,1,0,M,61,0.0,1.0,0.0,0,0,0,0,Europe
CUST_01741,2024-07-04,2024-12-10,2024-11-01,2025-03-10,129,249,0,False,1,0.0,0.0,0.0,0.0,0.0,0.0,0.0,0.0,0.0,0.0,2,5,2.5,3399.29,728.0616666666667,0.0,0.0,0.0,1461.13,1938.16,0,0,0,3,2,M,67,0.0,0.0,1.0,0,0,0,0,North America
CUST_01747,2024-08-02,2024-12-10,2024-11-30,2025-03-10,100,220,0,False,0,0.0,0.0,0.0,0.0,0.0,0.0,0.0,0.0,0.0,0.0,1,1,1.0,1046.22,1046.22,0.0,0.0,0.0,1046.22,0.0,0,0,0,1,0,M,47,0.0,1.0,0.0,0,0,0,0,Europe
CUST_01762,2024-07-31,2024-12-10,2024-11-28,2025-03-10,102,222,0,False,1,0.0,0.0,0.0,0.0,0.0,0.0,0.0,0.0,0.0,0.0,2,3,1.5,3435.98,1223.5575,1977.73,1458.25,0.0,0.0,0.0,2,1,0,0,0,F,32,0.0,1.0,0.0,0,0,0,0,Europe
CUST_01763,2024-07-01,2024-12-10,2024-10-29,2025-03-10,132,252,0,False,1,0.0,0.0,0.0,0.0,0.0,0.0,0.0,0.0,0.0,0.0,1,4,4.0,725.3,181.325,0.0,0.0,0.0,725.3,0.0,0,0,0,4,0,M,31,0.0,1.0,0.0,0,0,0,0,Europe
CUST_01789,2024-06-15,2024-12-10,2024-10-13,2024-12-20,68,188,1,True,1,0.0,1.0,2.0,0.0,3.0,0.0,0.0,1.0,0.0,1.0,2,5,2.5,2099.08,384.79166666666663,0.0,0.0,1679.74,0.0,419.34,0,0,3,0,2,M,41,0.0,1.0,0.0,0,0,0,0,Europe
CUST_01792,2024-07-30,2024-12-10,2024-11-27,2025-03-10,103,223,0,False,1,0.0,0.0,0.0,0.0,0.0,0.0,0.0,0.0,0.0,0.0,3,7,2.3333333333333335,3675.61,566.8188888888889,824.09,1098.85,0.0,1752.67,0.0,3,2,0,2,0,F,46,1.0,0.0,0.0,0,0,0,0,Asia
CUST_01796,2024-08-02,2024-12-10,2024-11-30,2025-03-10,100,220,0,False,1,0.0,0.0,0.0,0.0,0.0,0.0,0.0,0.0,0.0,0.0,1,2,2.0,1672.04,836.02,0.0,1672.04,0.0,0.0,0.0,0,2,0,0,0,F,58,1.0,0.0,0.0,0,0,0,0,Asia
CUST_01812,2024-06-19,2024-12-10,2024-10-17,2025-03-10,144,264,0,False,1,0.0,0.0,0.0,0.0,0.0,0.0,0.0,0.0,0.0,0.0,1,1,1.0,1648.89,1648.89,0.0,0.0,0.0,1648.89,0.0,0,0,0,1,0,M,46,1.0,0.0,0.0,0,0,0,0,Asia
CUST_01817,2024-07-07,2024-12-10,2024-11-04,2025-03-10,126,246,0,False,1,0.0,0.0,0.0,0.0,0.0,0.0,0.0,0.0,0.0,0.0,1,1,1.0,1514.83,1514.83,0.0,1514.83,0.0,0.0,0.0,0,1,0,0,0,F,75,1.0,0.0,0.0,0,0,0,0,Asia
CUST_01820,2024-06-22,2024-12-10,2024-10-20,2025-03-10,141,261,0,False,1,0.0,0.0,0.0,0.0,0.0,0.0,0.0,0.0,0.0,0.0,1,2,2.0,164.3,82.15,0.0,0.0,0.0,0.0,164.3,0,0,0,0,2,M,73,1.0,0.0,0.0,0,0,0,0,Asia
CUST_01822,2024-07-18,2024-12-10,2024-11-15,2025-03-10,115,235,0,False,1,0.0,0.0,0.0,0.0,0.0,0.0,0.0,0.0,0.0,0.0,1,3,3.0,760.54,253.51333333333332,0.0,0.0,760.54,0.0,0.0,0,0,3,0,0,Other,62,0.0,0.0,1.0,0,0,0,0,North America
CUST_01829,2024-07-05,2024-12-10,2024-11-02,2025-03-10,128,248,0,False,1,0.0,0.0,0.0,0.0,0.0,0.0,0.0,0.0,0.0,0.0,1,2,2.0,1010.72,505.36,0.0,1010.72,0.0,0.0,0.0,0,2,0,0,0,M,28,0.0,0.0,1.0,0,0,0,0,North America
CUST_01835,2024-06-28,2024-12-10,2024-10-26,2025-03-10,135,255,0,False,0,0.0,0.0,0.0,0.0,0.0,0.0,0.0,0.0,0.0,0.0,1,1,1.0,1321.99,1321.99,0.0,0.0,1321.99,0.0,0.0,0,0,1,0,0,F,61,1.0,0.0,0.0,0,0,0,0,Asia
CUST_01838,2024-07-11,2024-12-10,2024-11-08,2025-03-10,122,242,0,False,1,0.0,0.0,0.0,0.0,0.0,0.0,0.0,0.0,0.0,0.0,2,3,1.5,2334.4300000000003,923.2225000000001,2334.4300000000003,0.0,0.0,0.0,0.0,3,0,0,0,0,M,72,0.0,1.0,0.0,0,0,0,0,Europe
CUST_01855,2024-08-09,2024-12-10,2024-12-07,2025-03-10,93,213,0,False,1,0.0,0.0,0.0,0.0,0.0,0.0,0.0,0.0,0.0,0.0,1,2,2.0,1919.23,959.615,0.0,0.0,0.0,0.0,1919.23,0,0,0,0,2,F,56,1.0,0.0,0.0,0,0,0,0,Asia
CUST_01861,2024-06-26,2024-12-10,2024-10-24,2025-03-10,137,257,0,False,1,0.0,0.0,0.0,0.0,0.0,0.0,0.0,0.0,0.0,0.0,1,2,2.0,386.85,193.425,0.0,0.0,386.85,0.0,0.0,0,0,2,0,0,F,30,0.0,1.0,0.0,0,0,0,0,Europe
CUST_01868,2024-07-13,2024-12-10,2024-11-10,2024-12-19,39,159,1,True,0,1.0,0.0,0.0,0.0,1.0,0.0,0.0,0.0,0.0,0.0,2,8,4.0,1135.24,141.905,0.0,0.0,0.0,0.0,1135.24,0,0,0,0,8,F,73,1.0,0.0,0.0,0,0,0,0,Asia
CUST_01880,2024-07-27,2024-12-10,2024-11-24,2025-03-10,106,226,0,False,1,0.0,0.0,0.0,0.0,0.0,0.0,0.0,0.0,0.0,0.0,1,1,1.0,1290.75,1290.75,1290.75,0.0,0.0,0.0,0.0,1,0,0,0,0,M,34,0.0,0.0,1.0,0,0,0,0,North America
CUST_01881,2024-08-04,2024-12-10,2024-12-02,2025-03-10,98,218,0,False,1,0.0,0.0,0.0,0.0,0.0,0.0,0.0,0.0,0.0,0.0,1,1,1.0,1314.74,1314.74,0.0,0.0,1314.74,0.0,0.0,0,0,1,0,0,F,41,0.0,1.0,0.0,0,0,0,0,Europe
CUST_01895,2024-08-02,2024-12-10,2024-11-30,2025-03-10,100,220,0,False,1,0.0,0.0,0.0,0.0,0.0,0.0,0.0,0.0,0.0,0.0,3,7,2.3333333333333335,2252.41,357.32111111111107,0.0,1405.09,521.87,325.45,0.0,0,2,2,3,0,F,62,0.0,0.0,1.0,0,0,0,0,North America
CUST_01896,2024-07-24,2024-12-10,2024-11-21,2024-12-24,33,153,1,True,1,1.0,0.0,0.0,0.0,1.0,1.0,0.0,0.0,0.0,1.0,2,2,1.0,2117.04,1058.52,0.0,1656.99,0.0,0.0,460.05,0,1,0,0,1,M,39,0.0,1.0,0.0,0,0,0,0,Europe
CUST_01913,2024-07-14,2024-12-10,2024-11-11,2025-03-10,119,239,0,False,1,0.0,0.0,0.0,0.0,0.0,0.0,0.0,0.0,0.0,0.0,1,3,3.0,1962.19,654.0633333333334,0.0,0.0,0.0,1962.19,0.0,0,0,0,3,0,M,71,0.0,1.0,0.0,0,0,0,0,Europe
CUST_01915,2024-06-07,2024-12-10,2024-10-05,2025-03-10,156,276,0,False,1,0.0,0.0,0.0,0.0,0.0,0.0,0.0,0.0,0.0,0.0,1,3,3.0,1386.94,462.31333333333333,1386.94,0.0,0.0,0.0,0.0,3,0,0,0,0,M,42,1.0,0.0,0.0,0,0,0,0,Asia
CUST_01920,2024-08-02,2024-12-10,2024-11-30,2024-12-12,12,132,1,True,1,0.0,1.0,2.0,0.0,3.0,0.0,0.0,0.0,0.0,0.0,2,3,1.5,1251.15,417.925,0.0,0.0,830.6,0.0,420.55,0,0,2,0,1,F,71,0.0,1.0,0.0,0,0,0,0,Europe
CUST_01933,2024-07-05,2024-12-10,2024-11-02,2025-03-10,128,248,0,False,1,0.0,0.0,0.0,0.0,0.0,0.0,0.0,0.0,0.0,0.0,2,5,2.5,797.49,156.10416666666669,519.22,278.27,0.0,0.0,0.0,3,2,0,0,0,F,36,0.0,1.0,0.0,0,0,0,0,Europe
CUST_01940,2024-06-30,2024-12-10,2024-10-28,2024-12-31,64,184,1,True,1,0.0,0.0,0.0,0.0,0.0,0.0,0.0,0.0,0.0,0.0,2,4,2.0,777.83,229.02833333333336,0.0,479.66,298.17,0.0,0.0,0,3,1,0,0,M,42,1.0,0.0,0.0,0,0,0,0,Asia
CUST_01948,2024-06-01,2024-12-10,2024-09-29,2025-03-10,162,282,0,False,1,0.0,0.0,0.0,0.0,0.0,0.0,0.0,0.0,0.0,0.0,1,1,1.0,1781.29,1781.29,0.0,1781.29,0.0,0.0,0.0,0,1,0,0,0,M,57,0.0,1.0,0.0,0,0,0,0,Europe
CUST_01963,2024-07-24,2024-12-10,2024-11-21,2025-03-10,109,229,0,False,1,0.0,0.0,0.0,0.0,0.0,0.0,0.0,0.0,0.0,0.0,3,9,3.0,2201.1,295.72416666666663,0.0,0.0,0.0,1189.36,1011.74,0,0,0,2,7,F,38,0.0,1.0,0.0,0,0,0,0,Europe
CUST_01968,2024-07-22,2024-12-10,2024-11-19,2025-03-10,111,231,0,False,1,0.0,0.0,0.0,0.0,0.0,0.0,0.0,0.0,0.0,0.0,1,1,1.0,844.76,844.76,844.76,0.0,0.0,0.0,0.0,1,0,0,0,0,F,25,0.0,1.0,0.0,0,0,0,0,Europe
CUST_01970,2024-06-19,2024-12-10,2024-10-17,2024-12-24,68,188,1,True,1,0.0,0.0,0.0,0.0,0.0,0.0,0.0,0.0,0.0,0.0,2,2,1.0,1675.12,837.56,474.0,1201.12,0.0,0.0,0.0,1,1,0,0,0,M,53,1.0,0.0,0.0,0,0,0,0,Asia
CUST_01998,2024-06-02,2024-12-10,2024-09-30,2025-03-10,161,281,0,False,1,0.0,0.0,0.0,0.0,0.0,0.0,0.0,0.0,0.0,0.0,1,2,2.0,415.03,207.515,0.0,415.03,0.0,0.0,0.0,0,2,0,0,0,F,52,0.0,1.0,0.0,0,0,0,0,Europe
CUST_02003,2024-07-24,2024-12-10,2024-11-21,2025-03-10,109,229,0,False,1,0.0,0.0,0.0,0.0,0.0,0.0,0.0,0.0,0.0,0.0,1,2,2.0,1994.69,997.345,1994.69,0.0,0.0,0.0,0.0,2,0,0,0,0,M,57,0.0,1.0,0.0,0,0,0,0,Europe
CUST_02014,2024-06-18,2024-12-10,2024-10-16,2024-12-28,73,193,1,True,1,0.0,0.0,2.0,0.0,2.0,0.0,0.0,0.0,0.0,0.0,3,4,1.3333333333333333,2476.49,785.805,0.0,470.9,238.15,0.0,1767.44,0,1,2,0,1,F,47,0.0,0.0,1.0,0,0,0,0,North America
CUST_02016,2024-07-19,2024-12-10,2024-11-16,2025-03-10,114,234,0,False,1,0.0,0.0,0.0,0.0,0.0,0.0,0.0,0.0,0.0,0.0,1,2,2.0,1489.9,744.95,0.0,1489.9,0.0,0.0,0.0,0,2,0,0,0,M,72,0.0,1.0,0.0,0,0,0,0,Europe
CUST_02017,2024-06-07,2024-12-10,2024-10-05,2025-03-10,156,276,0,False,1,0.0,0.0,0.0,0.0,0.0,0.0,0.0,0.0,0.0,0.0,1,4,4.0,251.71,62.9275,0.0,0.0,0.0,251.71,0.0,0,0,0,4,0,F,56,0.0,1.0,0.0,0,0,0,0,Europe
CUST_02020,2024-06-18,2024-12-10,2024-10-16,2025-03-10,145,265,0,False,1,0.0,0.0,0.0,0.0,0.0,0.0,0.0,0.0,0.0,0.0,1,2,2.0,1968.49,984.245,0.0,0.0,0.0,0.0,1968.49,0,0,0,0,2,F,26,0.0,0.0,1.0,0,0,0,0,North America
CUST_02026,2024-06-16,2024-12-10,2024-10-14,2025-03-10,147,267,0,False,1,0.0,0.0,0.0,0.0,0.0,0.0,0.0,0.0,0.0,0.0,1,2,2.0,1674.7,837.35,0.0,0.0,1674.7,0.0,0.0,0,0,2,0,0,M,59,1.0,0.0,0.0,0,0,0,0,Asia
CUST_02032,2024-07-27,2024-12-10,2024-11-24,2025-03-10,106,226,0,False,1,0.0,0.0,0.0,0.0,0.0,0.0,0.0,0.0,0.0,0.0,1,3,3.0,877.83,292.61,877.83,0.0,0.0,0.0,0.0,3,0,0,0,0,F,58,0.0,1.0,0.0,0,0,0,0,Europe
CUST_02048,2024-06-24,2024-12-10,2024-10-22,2024-12-25,64,184,1,True,1,1.0,0.0,0.0,1.0,2.0,0.0,0.0,0.0,0.0,0.0,2,2,1.0,2113.66,1056.83,0.0,675.79,0.0,0.0,1437.87,0,1,0,0,1,M,61,0.0,1.0,0.0,0,0,0,0,Europe
CUST_02070,2024-06-06,2024-12-10,2024-10-04,2025-03-10,157,277,0,False,1,0.0,0.0,0.0,0.0,0.0,0.0,0.0,0.0,0.0,0.0,1,5,5.0,397.23,79.446,0.0,0.0,397.23,0.0,0.0,0,0,5,0,0,M,44,1.0,0.0,0.0,0,0,0,0,Asia
CUST_02073,2024-06-18,2024-12-10,2024-10-16,2025-03-10,145,265,0,False,1,0.0,0.0,0.0,0.0,0.0,0.0,0.0,0.0,0.0,0.0,1,2,2.0,1426.69,713.345,0.0,0.0,1426.69,0.0,0.0,0,0,2,0,0,M,62,0.0,0.0,1.0,0,0,0,0,North America
CUST_02080,2024-07-28,2024-12-10,2024-11-25,2025-03-10,105,225,0,False,1,0.0,0.0,0.0,0.0,0.0,0.0,0.0,0.0,0.0,0.0,3,4,1.3333333333333333,3987.56,1012.3916666666668,979.15,1107.64,0.0,0.0,1900.77,1,1,0,0,2,F,32,0.0,1.0,0.0,0,0,0,0,Europe
CUST_02083,2024-06-11,2024-12-10,2024-10-09,2025-03-10,152,272,0,False,1,0.0,0.0,0.0,0.0,0.0,0.0,0.0,0.0,0.0,0.0,1,1,1.0,1680.09,1680.09,0.0,0.0,0.0,1680.09,0.0,0,0,0,1,0,M,55,0.0,0.0,1.0,0,0,0,0,North America
CUST_02087,2024-07-26,2024-12-10,2024-11-23,2025-03-10,107,227,0,False,1,0.0,0.0,0.0,0.0,0.0,0.0,0.0,0.0,0.0,0.0,1,1,1.0,889.1,889.1,0.0,0.0,0.0,0.0,889.1,0,0,0,0,1,M,56,1.0,0.0,0.0,0,0,0,0,Asia
CUST_02091,2024-06-24,2024-12-10,2024-10-22,2025-03-10,139,259,0,False,0,0.0,0.0,0.0,0.0,0.0,0.0,0.0,0.0,0.0,0.0,2,3,1.5,2369.55,685.49,1997.14,0.0,0.0,372.41,0.0,2,0,0,1,0,M,73,0.0,0.0,1.0,0,0,0,0,North America
CUST_02092,2024-07-24,2024-12-10,2024-11-21,2025-03-10,109,229,0,False,1,0.0,0.0,0.0,0.0,0.0,0.0,0.0,0.0,0.0,0.0,1,2,2.0,1980.21,990.105,1980.21,0.0,0.0,0.0,0.0,2,0,0,0,0,M,75,0.0,1.0,0.0,0,0,0,0,Europe
CUST_02104,2024-07-29,2024-12-10,2024-11-26,2025-03-10,104,224,0,False,1,0.0,0.0,0.0,0.0,0.0,0.0,0.0,0.0,0.0,0.0,3,6,2.0,4826.860000000001,1005.4477777777778,0.0,1804.54,1796.14,1226.18,0.0,0,1,3,2,0,M,60,1.0,0.0,0.0,0,0,0,0,Asia
CUST_02117,2024-08-04,2024-12-10,2024-12-02,2025-03-10,98,218,0,False,1,0.0,0.0,0.0,0.0,0.0,0.0,0.0,0.0,0.0,0.0,1,4,4.0,1713.61,428.4025,0.0,0.0,0.0,1713.61,0.0,0,0,0,4,0,F,24,1.0,0.0,0.0,0,0,0,0,Asia
CUST_02126,2024-08-02,2024-12-10,2024-11-30,2024-12-17,17,137,1,True,1,1.0,1.0,0.0,0.0,2.0,0.0,0.0,0.0,0.0,0.0,2,3,1.5,2576.64,875.5025,0.0,0.0,925.37,1651.27,0.0,0,0,1,2,0,F,30,0.0,1.0,0.0,0,0,0,0,Europe
CUST_02140,2024-07-22,2024-12-10,2024-11-19,2025-03-10,111,231,0,False,1,0.0,0.0,0.0,0.0,0.0,0.0,0.0,0.0,0.0,0.0,1,1,1.0,563.87,563.87,0.0,563.87,0.0,0.0,0.0,0,1,0,0,0,F,22,0.0,1.0,0.0,0,0,0,0,Europe
CUST_02149,2024-07-24,2024-12-10,2024-11-21,2025-03-10,109,229,0,False,0,0.0,0.0,0.0,0.0,0.0,0.0,0.0,0.0,0.0,0.0,1,4,4.0,626.85,156.7125,0.0,0.0,626.85,0.0,0.0,0,0,4,0,0,F,68,1.0,0.0,0.0,0,0,0,0,Asia
CUST_02157,2024-07-27,2024-12-10,2024-11-24,2025-03-10,106,226,0,False,1,0.0,0.0,0.0,0.0,0.0,0.0,0.0,0.0,0.0,0.0,1,4,4.0,561.08,140.27,0.0,561.08,0.0,0.0,0.0,0,4,0,0,0,F,38,1.0,0.0,0.0,0,0,0,0,Asia
CUST_02158,2024-08-08,2024-12-10,2024-12-06,2025-03-10,94,214,0,False,1,0.0,0.0,0.0,0.0,0.0,0.0,0.0,0.0,0.0,0.0,3,6,2.0,3988.77,664.795,451.71,1845.29,0.0,0.0,1691.77,2,2,0,0,2,F,44,1.0,0.0,0.0,0,0,0,0,Asia
CUST_02164,2024-06-05,2024-12-10,2024-10-03,2025-03-10,158,278,0,False,0,0.0,0.0,0.0,0.0,0.0,0.0,0.0,0.0,0.0,0.0,1,2,2.0,468.6,234.3,0.0,0.0,0.0,468.6,0.0,0,0,0,2,0,M,35,1.0,0.0,0.0,0,0,0,0,Asia
CUST_02177,2024-06-29,2024-12-10,2024-10-27,2025-03-10,134,254,0,False,0,0.0,0.0,0.0,0.0,0.0,0.0,0.0,0.0,0.0,0.0,1,2,2.0,1344.32,672.16,0.0,0.0,0.0,0.0,1344.32,0,0,0,0,2,M,22,0.0,1.0,0.0,0,0,0,0,Europe
CUST_02180,2024-06-26,2024-12-10,2024-10-24,2025-03-10,137,257,0,False,1,0.0,0.0,0.0,0.0,0.0,0.0,0.0,0.0,0.0,0.0,1,1,1.0,968.96,968.96,0.0,968.96,0.0,0.0,0.0,0,1,0,0,0,M,56,1.0,0.0,0.0,0,0,0,0,Asia
CUST_02185,2024-06-02,2024-12-10,2024-09-30,2025-03-10,161,281,0,False,1,0.0,0.0,0.0,0.0,0.0,0.0,0.0,0.0,0.0,0.0,1,1,1.0,302.76,302.76,302.76,0.0,0.0,0.0,0.0,1,0,0,0,0,M,26,0.0,0.0,1.0,0,0,0,0,North America
CUST_02197,2024-07-22,2024-12-10,2024-11-19,2024-12-29,40,160,1,True,1,2.0,0.0,2.0,0.0,4.0,1.0,0.0,0.0,0.0,1.0,3,4,1.3333333333333333,1035.46,274.08,0.0,0.0,564.67,0.0,470.79,0,0,3,0,1,M,54,0.0,1.0,0.0,0,0,0,0,Europe
CUST_02202,2024-07-16,2024-12-10,2024-11-13,2024-12-21,38,158,1,True,1,1.0,1.0,1.0,0.0,3.0,0.0,0.0,0.0,0.0,0.0,3,5,1.6666666666666667,3102.2,781.6244444444443,1041.61,1135.99,924.6,0.0,0.0,1,3,1,0,0,M,50,0.0,1.0,0.0,0,0,0,0,Europe
CUST_02203,2024-08-02,2024-12-10,2024-11-30,2025-03-10,100,220,0,False,1,0.0,0.0,0.0,0.0,0.0,0.0,0.0,0.0,0.0,0.0,2,4,2.0,1923.1599999999999,480.78999999999996,0.0,0.0,0.0,1923.1599999999999,0.0,0,0,0,4,0,M,30,0.0,1.0,0.0,0,0,0,0,Europe
CUST_02207,2024-07-21,2024-12-10,2024-11-18,2025-03-10,112,232,0,False,1,0.0,0.0,0.0,0.0,0.0,0.0,0.0,0.0,0.0,0.0,2,6,3.0,3088.52,514.7533333333333,0.0,1094.0,0.0,1994.52,0.0,0,3,0,3,0,F,34,0.0,1.0,0.0,0,0,0,0,Europe
CUST_02210,2024-06-14,2024-12-10,2024-10-12,2025-03-10,149,269,0,False,1,0.0,0.0,0.0,0.0,0.0,0.0,0.0,0.0,0.0,0.0,1,2,2.0,977.7,488.85,0.0,0.0,977.7,0.0,0.0,0,0,2,0,0,M,27,0.0,1.0,0.0,0,0,0,0,Europe
CUST_02215,2024-08-09,2024-12-10,2024-12-07,2025-03-10,93,213,0,False,1,0.0,0.0,0.0,0.0,0.0,0.0,0.0,0.0,0.0,0.0,2,4,2.0,1836.04,459.01,1287.69,0.0,0.0,0.0,548.35,2,0,0,0,2,M,67,1.0,0.0,0.0,0,0,0,0,Asia
CUST_02219,2024-06-28,2024-12-10,2024-10-26,2025-03-10,135,255,0,False,1,0.0,0.0,0.0,0.0,0.0,0.0,0.0,0.0,0.0,0.0,1,1,1.0,1861.06,1861.06,1861.06,0.0,0.0,0.0,0.0,1,0,0,0,0,M,45,0.0,1.0,0.0,0,0,0,0,Europe
CUST_02226,2024-07-03,2024-12-10,2024-10-31,2025-03-10,130,250,0,False,1,0.0,0.0,0.0,0.0,0.0,0.0,0.0,0.0,0.0,0.0,1,1,1.0,1621.3,1621.3,1621.3,0.0,0.0,0.0,0.0,1,0,0,0,0,M,26,0.0,0.0,1.0,0,0,0,0,North America
CUST_02230,2024-06-13,2024-12-10,2024-10-11,2025-03-10,150,270,0,False,1,0.0,0.0,0.0,0.0,0.0,0.0,0.0,0.0,0.0,0.0,1,3,3.0,686.66,228.88666666666666,0.0,0.0,0.0,0.0,686.66,0,0,0,0,3,M,69,0.0,1.0,0.0,0,0,0,0,Europe
CUST_02232,2024-06-26,2024-12-10,2024-10-24,2025-03-10,137,257,0,False,1,0.0,0.0,0.0,0.0,0.0,0.0,0.0,0.0,0.0,0.0,1,1,1.0,296.68,296.68,0.0,0.0,0.0,296.68,0.0,0,0,0,1,0,M,56,0.0,0.0,1.0,0,0,0,0,North America
CUST_02238,2024-07-26,2024-12-10,2024-11-23,2025-03-10,107,227,0,False,1,0.0,0.0,0.0,0.0,0.0,0.0,0.0,0.0,0.0,0.0,1,1,1.0,231.7,231.7,0.0,0.0,0.0,231.7,0.0,0,0,0,1,0,F,73,1.0,0.0,0.0,0,0,0,0,Asia
CUST_02257,2024-07-23,2024-12-10,2024-11-20,2025-03-10,110,230,0,False,1,0.0,0.0,0.0,0.0,0.0,0.0,0.0,0.0,0.0,0.0,1,3,3.0,1493.43,497.81,0.0,0.0,0.0,1493.43,0.0,0,0,0,3,0,M,68,0.0,1.0,0.0,0,0,0,0,Europe
CUST_02271,2024-07-22,2024-12-10,2024-11-19,2025-03-10,111,231,0,False,1,0.0,0.0,0.0,0.0,0.0,0.0,0.0,0.0,0.0,0.0,1,2,2.0,1159.01,579.505,0.0,1159.01,0.0,0.0,0.0,0,2,0,0,0,M,44,0.0,1.0,0.0,0,0,0,0,Europe
CUST_02272,2024-06-11,2024-12-10,2024-10-09,2025-03-10,152,272,0,False,1,0.0,0.0,0.0,0.0,0.0,0.0,0.0,0.0,0.0,0.0,2,3,1.5,1294.25,350.15999999999997,0.0,0.0,0.0,106.39,1187.86,0,0,0,1,2,Other,35,0.0,1.0,0.0,0,0,0,0,Europe
CUST_02274,2024-08-11,2024-12-10,2024-12-09,2025-03-10,91,211,0,False,1,0.0,0.0,0.0,0.0,0.0,0.0,0.0,0.0,0.0,0.0,1,4,4.0,977.91,244.4775,0.0,0.0,977.91,0.0,0.0,0,0,4,0,0,M,48,0.0,1.0,0.0,0,0,0,0,Europe
CUST_02282,2024-06-16,2024-12-10,2024-10-14,2025-03-10,147,267,0,False,1,0.0,0.0,0.0,0.0,0.0,0.0,0.0,0.0,0.0,0.0,1,3,3.0,1396.91,465.6366666666667,1396.91,0.0,0.0,0.0,0.0,3,0,0,0,0,M,69,0.0,1.0,0.0,0,0,0,0,Europe
CUST_02298,2024-08-11,2024-12-10,2024-12-09,2025-03-10,91,211,0,False,1,0.0,0.0,0.0,0.0,0.0,0.0,0.0,0.0,0.0,0.0,3,5,1.6666666666666667,2804.7400000000002,515.1511111111112,0.0,0.0,537.34,1888.93,378.47,0,0,1,3,1,F,25,0.0,0.0,1.0,0,0,0,0,North America
CUST_02301,2024-06-17,2024-12-10,2024-10-15,2025-03-10,146,266,0,False,1,0.0,0.0,0.0,0.0,0.0,0.0,0.0,0.0,0.0,0.0,1,2,2.0,339.92,169.96,0.0,0.0,0.0,339.92,0.0,0,0,0,2,0,M,40,0.0,1.0,0.0,0,0,0,0,Europe
CUST_02315,2024-07-15,2024-12-10,2024-11-12,2025-03-10,118,238,0,False,1,0.0,0.0,0.0,0.0,0.0,0.0,0.0,0.0,0.0,0.0,1,2,2.0,849.59,424.795,849.59,0.0,0.0,0.0,0.0,2,0,0,0,0,M,64,0.0,0.0,1.0,0,0,0,0,North America
CUST_02327,2024-06-12,2024-12-10,2024-10-10,2025-03-10,151,271,0,False,1,0.0,0.0,0.0,0.0,0.0,0.0,0.0,0.0,0.0,0.0,1,2,2.0,1405.09,702.545,1405.09,0.0,0.0,0.0,0.0,2,0,0,0,0,M,28,0.0,1.0,0.0,0,0,0,0,Europe
CUST_02330,2024-07-24,2024-12-10,2024-11-21,2025-03-10,109,229,0,False,0,0.0,0.0,0.0,0.0,0.0,0.0,0.0,0.0,0.0,0.0,2,6,3.0,1376.91,314.02125,0.0,0.0,1135.26,241.65,0.0,0,0,2,4,0,F,34,0.0,1.0,0.0,0,0,0,0,Europe
CUST_02334,2024-08-04,2024-12-10,2024-12-02,2025-03-10,98,218,0,False,1,0.0,0.0,0.0,0.0,0.0,0.0,0.0,0.0,0.0,0.0,1,4,4.0,360.87,90.2175,360.87,0.0,0.0,0.0,0.0,4,0,0,0,0,F,74,0.0,1.0,0.0,0,0,0,0,Europe
CUST_02350,2024-06-02,2024-12-10,2024-09-30,2025-03-10,161,281,0,False,1,0.0,0.0,0.0,0.0,0.0,0.0,0.0,0.0,0.0,0.0,1,2,2.0,1285.34,642.67,0.0,0.0,0.0,1285.34,0.0,0,0,0,2,0,F,59,1.0,0.0,0.0,0,0,0,0,Asia
CUST_02352,2024-08-02,2024-12-10,2024-11-30,2025-03-10,100,220,0,False,1,0.0,0.0,0.0,0.0,0.0,0.0,0.0,0.0,0.0,0.0,3,5,1.6666666666666667,3053.59,977.3744444444443,182.2,1030.78,1840.61,0.0,0.0,3,1,1,0,0,M,48,0.0,1.0,0.0,0,0,0,0,Europe
CUST_02358,2024-07-14,2024-12-10,2024-11-11,2025-03-10,119,239,0,False,1,0.0,0.0,0.0,0.0,0.0,0.0,0.0,0.0,0.0,0.0,3,4,1.3333333333333333,4033.21,1016.1766666666667,178.72,1885.13,0.0,1969.36,0.0,1,1,0,2,0,F,36,0.0,1.0,0.0,0,0,0,0,Europe
CUST_02359,2024-06-22,2024-12-10,2024-10-20,2025-03-10,141,261,0,False,1,0.0,0.0,0.0,0.0,0.0,0.0,0.0,0.0,0.0,0.0,1,3,3.0,895.35,298.45,895.35,0.0,0.0,0.0,0.0,3,0,0,0,0,F,64,1.0,0.0,0.0,0,0,0,0,Asia
CUST_02384,2024-07-31,2024-12-10,2024-11-28,2025-03-10,102,222,0,False,1,0.0,0.0,0.0,0.0,0.0,0.0,0.0,0.0,0.0,0.0,2,4,2.0,1568.65,392.1625,0.0,658.17,910.48,0.0,0.0,0,2,2,0,0,F,22,1.0,0.0,0.0,0,0,0,0,Asia
CUST_02391,2024-06-02,2024-12-10,2024-09-30,2024-12-28,89,209,1,True,1,0.0,0.0,0.0,0.0,0.0,0.0,0.0,0.0,0.0,0.0,2,6,3.0,2110.14,460.30999999999995,0.0,1572.34,0.0,0.0,537.8,0,2,0,0,4,M,64,0.0,1.0,0.0,0,0,0,0,Europe
CUST_02408,2024-07-20,2024-12-10,2024-11-17,2025-03-10,113,233,0,False,1,0.0,0.0,0.0,0.0,0.0,0.0,0.0,0.0,0.0,0.0,2,4,2.0,2067.2799999999997,516.8199999999999,1752.57,0.0,314.71,0.0,0.0,2,0,2,0,0,M,50,0.0,0.0,1.0,0,0,0,0,North America
CUST_02409,2024-06-06,2024-12-10,2024-10-04,2025-03-10,157,277,0,False,1,0.0,0.0,0.0,0.0,0.0,0.0,0.0,0.0,0.0,0.0,1,1,1.0,636.01,636.01,0.0,636.01,0.0,0.0,0.0,0,1,0,0,0,F,47,0.0,1.0,0.0,0,0,0,0,Europe
CUST_02410,2024-07-03,2024-12-10,2024-10-31,2025-03-10,130,250,0,False,1,0.0,0.0,0.0,0.0,0.0,0.0,0.0,0.0,0.0,0.0,1,2,2.0,595.59,297.795,595.59,0.0,0.0,0.0,0.0,2,0,0,0,0,M,75,0.0,1.0,0.0,0,0,0,0,Europe
CUST_02411,2024-07-25,2024-12-10,2024-11-22,2025-03-10,108,228,0,False,1,0.0,0.0,0.0,0.0,0.0,0.0,0.0,0.0,0.0,0.0,1,3,3.0,579.77,193.25666666666666,0.0,0.0,0.0,579.77,0.0,0,0,0,3,0,F,21,0.0,1.0,0.0,0,0,0,0,Europe
CUST_02413,2024-06-12,2024-12-10,2024-10-10,2024-12-24,75,195,1,True,1,0.0,2.0,2.0,0.0,4.0,0.0,1.0,0.0,0.0,1.0,2,4,2.0,2482.28,684.74,0.0,0.0,0.0,813.08,1669.2,0,0,0,1,3,M,70,1.0,0.0,0.0,0,0,0,0,Asia
CUST_02414,2024-07-27,2024-12-10,2024-11-24,2025-03-10,106,226,0,False,1,0.0,0.0,0.0,0.0,0.0,0.0,0.0,0.0,0.0,0.0,1,1,1.0,1197.79,1197.79,0.0,0.0,1197.79,0.0,0.0,0,0,1,0,0,F,39,1.0,0.0,0.0,0,0,0,0,Asia
CUST_02420,2024-07-27,2024-12-10,2024-11-24,2025-03-10,106,226,0,False,1,0.0,0.0,0.0,0.0,0.0,0.0,0.0,0.0,0.0,0.0,2,3,1.5,1564.9,538.4925000000001,589.07,975.83,0.0,0.0,0.0,1,2,0,0,0,F,62,0.0,0.0,1.0,0,0,0,0,North America
CUST_02427,2024-08-06,2024-12-10,2024-12-04,2025-03-10,96,216,0,False,1,0.0,0.0,0.0,0.0,0.0,0.0,0.0,0.0,0.0,0.0,1,3,3.0,320.12,106.70666666666666,0.0,0.0,320.12,0.0,0.0,0,0,3,0,0,F,33,1.0,0.0,0.0,0,0,0,0,Asia
CUST_02429,2024-07-05,2024-12-10,2024-11-02,2025-03-10,128,248,0,False,1,0.0,0.0,0.0,0.0,0.0,0.0,0.0,0.0,0.0,0.0,1,2,2.0,976.23,488.115,0.0,0.0,0.0,976.23,0.0,0,0,0,2,0,M,51,0.0,0.0,1.0,0,0,0,0,North America
CUST_02432,2024-08-09,2024-12-10,2024-12-07,2025-03-10,93,213,0,False,1,0.0,0.0,0.0,0.0,0.0,0.0,0.0,0.0,0.0,0.0,1,1,1.0,198.04,198.04,0.0,0.0,0.0,198.04,0.0,0,0,0,1,0,M,37,0.0,0.0,1.0,0,0,0,0,North America
CUST_02435,2024-07-11,2024-12-10,2024-11-08,2025-03-10,122,242,0,False,1,0.0,0.0,0.0,0.0,0.0,0.0,0.0,0.0,0.0,0.0,1,2,2.0,509.44,254.72,509.44,0.0,0.0,0.0,0.0,2,0,0,0,0,F,33,0.0,1.0,0.0,0,0,0,0,Europe
CUST_02439,2024-06-28,2024-12-10,2024-10-26,2025-03-10,135,255,0,False,1,0.0,0.0,0.0,0.0,0.0,0.0,0.0,0.0,0.0,0.0,1,2,2.0,1511.02,755.51,0.0,0.0,0.0,1511.02,0.0,0,0,0,2,0,F,38,0.0,1.0,0.0,0,0,0,0,Europe
CUST_02442,2024-08-04,2024-12-10,2024-12-02,2025-03-10,98,218,0,False,1,0.0,0.0,0.0,0.0,0.0,0.0,0.0,0.0,0.0,0.0,1,2,2.0,1738.45,869.225,0.0,0.0,0.0,1738.45,0.0,0,0,0,2,0,M,31,1.0,0.0,0.0,0,0,0,0,Asia
CUST_02445,2024-06-14,2024-12-10,2024-10-12,2025-03-10,149,269,0,False,1,0.0,0.0,0.0,0.0,0.0,0.0,0.0,0.0,0.0,0.0,1,2,2.0,1609.86,804.93,0.0,0.0,0.0,0.0,1609.86,0,0,0,0,2,M,26,1.0,0.0,0.0,0,0,0,0,Asia
CUST_02484,2024-07-25,2024-12-10,2024-11-22,2025-03-10,108,228,0,False,1,0.0,0.0,0.0,0.0,0.0,0.0,0.0,0.0,0.0,0.0,2,4,2.0,2310.4700000000003,577.6175000000001,1406.44,0.0,0.0,904.03,0.0,2,0,0,2,0,F,75,0.0,1.0,0.0,0,0,0,0,Europe
CUST_02497,2024-07-31,2024-12-10,2024-11-28,2025-03-10,102,222,0,False,1,0.0,0.0,0.0,0.0,0.0,0.0,0.0,0.0,0.0,0.0,3,6,2.0,2065.77,463.96111111111117,0.0,547.48,600.22,0.0,918.07,0,2,3,0,1,M,70,0.0,1.0,0.0,0,0,0,0,Europe
CUST_02507,2024-08-10,2024-12-10,2024-12-08,2025-03-10,92,212,0,False,1,0.0,0.0,0.0,0.0,0.0,0.0,0.0,0.0,0.0,0.0,3,7,2.3333333333333335,4231.04,882.6933333333333,855.28,1883.0,0.0,1492.76,0.0,4,2,0,1,0,M,45,1.0,0.0,0.0,0,0,0,0,Asia
CUST_02508,2024-07-21,2024-12-10,2024-11-18,2025-03-10,112,232,0,False,1,0.0,0.0,0.0,0.0,0.0,0.0,0.0,0.0,0.0,0.0,2,2,1.0,3010.82,1505.41,0.0,0.0,0.0,3010.82,0.0,0,0,0,2,0,M,35,0.0,1.0,0.0,0,0,0,0,Europe
CUST_02509,2024-06-13,2024-12-10,2024-10-11,2025-03-10,150,270,0,False,1,0.0,0.0,0.0,0.0,0.0,0.0,0.0,0.0,0.0,0.0,1,4,4.0,624.21,156.0525,0.0,0.0,0.0,624.21,0.0,0,0,0,4,0,M,65,0.0,0.0,1.0,0,0,0,0,North America
CUST_02510,2024-07-02,2024-12-10,2024-10-30,2025-03-10,131,251,0,False,0,0.0,0.0,0.0,0.0,0.0,0.0,0.0,0.0,0.0,0.0,1,2,2.0,332.63,166.315,332.63,0.0,0.0,0.0,0.0,2,0,0,0,0,M,72,0.0,1.0,0.0,0,0,0,0,Europe
CUST_02511,2024-06-14,2024-12-10,2024-10-12,2025-03-10,149,269,0,False,1,0.0,0.0,0.0,0.0,0.0,0.0,0.0,0.0,0.0,0.0,1,1,1.0,1691.87,1691.87,1691.87,0.0,0.0,0.0,0.0,1,0,0,0,0,F,42,0.0,1.0,0.0,0,0,0,0,Europe
CUST_02524,2024-07-10,2024-12-10,2024-11-07,2025-03-10,123,243,0,False,1,0.0,0.0,0.0,0.0,0.0,0.0,0.0,0.0,0.0,0.0,3,8,2.6666666666666665,1809.37,214.16,0.0,639.44,1169.9299999999998,0.0,0.0,0,3,5,0,0,M,31,0.0,1.0,0.0,0,0,0,0,Europe
CUST_02526,2024-07-08,2024-12-10,2024-11-05,2025-03-10,125,245,0,False,1,0.0,0.0,0.0,0.0,0.0,0.0,0.0,0.0,0.0,0.0,1,3,3.0,595.98,198.66,0.0,595.98,0.0,0.0,0.0,0,3,0,0,0,F,75,1.0,0.0,0.0,0,0,0,0,Asia
CUST_02533,2024-06-12,2024-12-10,2024-10-10,2025-03-10,151,271,0,False,1,0.0,0.0,0.0,0.0,0.0,0.0,0.0,0.0,0.0,0.0,1,1,1.0,1037.8,1037.8,0.0,0.0,1037.8,0.0,0.0,0,0,1,0,0,F,75,0.0,0.0,1.0,0,0,0,0,North America
CUST_02548,2024-07-24,2024-12-10,2024-11-21,2025-03-10,109,229,0,False,1,0.0,0.0,0.0,0.0,0.0,0.0,0.0,0.0,0.0,0.0,1,1,1.0,1556.57,1556.57,0.0,1556.57,0.0,0.0,0.0,0,1,0,0,0,M,50,0.0,0.0,1.0,0,0,0,0,North America
CUST_02550,2024-07-18,2024-12-10,2024-11-15,2025-03-10,115,235,0,False,1,0.0,0.0,0.0,0.0,0.0,0.0,0.0,0.0,0.0,0.0,1,1,1.0,1661.5,1661.5,0.0,0.0,0.0,1661.5,0.0,0,0,0,1,0,F,41,0.0,1.0,0.0,0,0,0,0,Europe
CUST_02557,2024-06-03,2024-12-10,2024-10-01,2025-03-10,160,280,0,False,1,0.0,0.0,0.0,0.0,0.0,0.0,0.0,0.0,0.0,0.0,1,2,2.0,494.46,247.23,0.0,0.0,0.0,0.0,494.46,0,0,0,0,2,M,67,1.0,0.0,0.0,0,0,0,0,Asia
CUST_02559,2024-07-24,2024-12-10,2024-11-21,2025-03-10,109,229,0,False,1,0.0,0.0,0.0,0.0,0.0,0.0,0.0,0.0,0.0,0.0,1,4,4.0,1110.81,277.7025,0.0,0.0,0.0,0.0,1110.81,0,0,0,0,4,F,55,0.0,1.0,0.0,0,0,0,0,Europe
CUST_02565,2024-06-11,2024-12-10,2024-10-09,2025-03-10,152,272,0,False,1,0.0,0.0,0.0,0.0,0.0,0.0,0.0,0.0,0.0,0.0,1,3,3.0,1328.64,442.88000000000005,1328.64,0.0,0.0,0.0,0.0,3,0,0,0,0,M,48,0.0,1.0,0.0,0,0,0,0,Europe
CUST_02570,2024-06-19,2024-12-10,2024-10-17,2025-03-10,144,264,0,False,1,0.0,0.0,0.0,0.0,0.0,0.0,0.0,0.0,0.0,0.0,3,9,3.0,2656.3900000000003,436.1437777777778,0.0,778.96,0.0,722.54,1154.89,0,1,0,5,3,F,64,0.0,1.0,0.0,0,0,0,0,Europe
CUST_02571,2024-06-20,2024-12-10,2024-10-18,2025-03-10,143,263,0,False,1,0.0,0.0,0.0,0.0,0.0,0.0,0.0,0.0,0.0,0.0,1,2,2.0,1539.91,769.955,0.0,0.0,0.0,1539.91,0.0,0,0,0,2,0,M,71,0.0,1.0,0.0,0,0,0,0,Europe
CUST_02580,2024-06-02,2024-12-10,2024-09-30,2025-03-10,161,281,0,False,1,0.0,0.0,0.0,0.0,0.0,0.0,0.0,0.0,0.0,0.0,1,3,3.0,1170.44,390.1466666666667,1170.44,0.0,0.0,0.0,0.0,3,0,0,0,0,M,28,0.0,0.0,1.0,0,0,0,0,North America
CUST_02581,2024-07-01,2024-12-10,2024-10-29,2024-12-21,53,173,1,True,0,1.0,0.0,0.0,0.0,1.0,0.0,0.0,0.0,0.0,0.0,2,3,1.5,1898.5,549.47,0.0,1599.12,299.38,0.0,0.0,0,2,1,0,0,F,53,0.0,1.0,0.0,0,0,0,0,Europe
CUST_02586,2024-07-16,2024-12-10,2024-11-13,2025-03-10,117,237,0,False,1,0.0,0.0,0.0,0.0,0.0,0.0,0.0,0.0,0.0,0.0,1,2,2.0,1201.25,600.625,0.0,1201.25,0.0,0.0,0.0,0,2,0,0,0,F,33,0.0,1.0,0.0,0,0,0,0,Europe
CUST_02589,2024-06-13,2024-12-10,2024-10-11,2025-03-10,150,270,0,False,1,0.0,0.0,0.0,0.0,0.0,0.0,0.0,0.0,0.0,0.0,1,2,2.0,669.95,334.975,0.0,0.0,669.95,0.0,0.0,0,0,2,0,0,M,53,1.0,0.0,0.0,0,0,0,0,Asia
CUST_02591,2024-08-08,2024-12-10,2024-12-06,2025-03-10,94,214,0,False,0,0.0,0.0,0.0,0.0,0.0,0.0,0.0,0.0,0.0,0.0,1,1,1.0,180.46,180.46,0.0,0.0,0.0,180.46,0.0,0,0,0,1,0,M,21,1.0,0.0,0.0,0,0,0,0,Asia
CUST_02597,2024-07-23,2024-12-10,2024-11-20,2025-03-10,110,230,0,False,1,0.0,0.0,0.0,0.0,0.0,0.0,0.0,0.0,0.0,0.0,2,6,3.0,2754.73,459.12166666666667,0.0,0.0,0.0,1042.89,1711.84,0,0,0,3,3,F,40,0.0,0.0,1.0,0,0,0,0,North America
CUST_02600,2024-06-09,2024-12-10,2024-10-07,2025-03-10,154,274,0,False,1,0.0,0.0,0.0,0.0,0.0,0.0,0.0,0.0,0.0,0.0,1,1,1.0,273.37,273.37,0.0,0.0,273.37,0.0,0.0,0,0,1,0,0,F,61,1.0,0.0,0.0,0,0,0,0,Asia
CUST_02604,2024-07-22,2024-12-10,2024-11-19,2025-03-10,111,231,0,False,1,0.0,0.0,0.0,0.0,0.0,0.0,0.0,0.0,0.0,0.0,1,3,3.0,1977.3,659.1,0.0,1977.3,0.0,0.0,0.0,0,3,0,0,0,M,54,0.0,1.0,0.0,0,0,0,0,Europe
CUST_02606,2024-08-02,2024-12-10,2024-11-30,2025-03-10,100,220,0,False,1,0.0,0.0,0.0,0.0,0.0,0.0,0.0,0.0,0.0,0.0,1,3,3.0,1171.49,390.49666666666667,1171.49,0.0,0.0,0.0,0.0,3,0,0,0,0,F,42,0.0,1.0,0.0,0,0,0,0,Europe
CUST_02627,2024-07-20,2024-12-10,2024-11-17,2025-03-10,113,233,0,False,1,0.0,0.0,0.0,0.0,0.0,0.0,0.0,0.0,0.0,0.0,1,2,2.0,641.87,320.935,0.0,0.0,0.0,0.0,641.87,0,0,0,0,2,F,72,0.0,1.0,0.0,0,0,0,0,Europe
CUST_02632,2024-08-03,2024-12-10,2024-12-01,2025-03-10,99,219,0,False,1,0.0,0.0,0.0,0.0,0.0,0.0,0.0,0.0,0.0,0.0,1,3,3.0,1039.35,346.45,0.0,0.0,1039.35,0.0,0.0,0,0,3,0,0,F,69,0.0,1.0,0.0,0,0,0,0,Europe
CUST_02635,2024-07-22,2024-12-10,2024-11-19,2025-03-10,111,231,0,False,0,0.0,0.0,0.0,0.0,0.0,0.0,0.0,0.0,0.0,0.0,1,1,1.0,633.54,633.54,0.0,633.54,0.0,0.0,0.0,0,1,0,0,0,M,66,0.0,1.0,0.0,0,0,0,0,Europe
CUST_02639,2024-07-07,2024-12-10,2024-11-04,2025-03-10,126,246,0,False,1,0.0,0.0,0.0,0.0,0.0,0.0,0.0,0.0,0.0,0.0,1,1,1.0,302.08,302.08,0.0,0.0,0.0,0.0,302.08,0,0,0,0,1,F,69,0.0,1.0,0.0,0,0,0,0,Europe
CUST_02655,2024-06-17,2024-12-10,2024-10-15,2024-12-26,72,192,1,True,1,0.0,0.0,0.0,1.0,1.0,0.0,0.0,0.0,0.0,0.0,2,3,1.5,3602.49,1354.3925,0.0,1815.08,1787.41,0.0,0.0,0,1,2,0,0,M,21,0.0,0.0,1.0,0,0,0,0,North America
CUST_02664,2024-06-15,2024-12-10,2024-10-13,2025-03-10,148,268,0,False,0,0.0,0.0,0.0,0.0,0.0,0.0,0.0,0.0,0.0,0.0,1,2,2.0,1016.41,508.205,0.0,1016.41,0.0,0.0,0.0,0,2,0,0,0,M,61,0.0,1.0,0.0,0,0,0,0,Europe
CUST_02670,2024-07-24,2024-12-10,2024-11-21,2024-12-11,20,140,1,True,1,1.0,0.0,1.0,0.0,2.0,0.0,0.0,0.0,0.0,0.0,2,6,3.0,2803.26,467.21000000000004,1257.99,1545.27,0.0,0.0,0.0,3,3,0,0,0,M,60,0.0,0.0,1.0,0,0,0,0,North America
CUST_02673,2024-07-06,2024-12-10,2024-11-03,2025-03-10,127,247,0,False,1,0.0,0.0,0.0,0.0,0.0,0.0,0.0,0.0,0.0,0.0,1,1,1.0,880.49,880.49,0.0,0.0,0.0,0.0,880.49,0,0,0,0,1,F,49,1.0,0.0,0.0,0,0,0,0,Asia
CUST_02681,2024-06-23,2024-12-10,2024-10-21,2024-12-27,67,187,1,True,0,0.0,0.0,0.0,0.0,0.0,0.0,0.0,0.0,0.0,0.0,2,3,1.5,2933.92,1137.5375,0.0,0.0,2933.92,0.0,0.0,0,0,3,0,0,M,66,1.0,0.0,0.0,0,0,0,0,Asia
CUST_02682,2024-07-23,2024-12-10,2024-11-20,2025-03-10,110,230,0,False,1,0.0,0.0,0.0,0.0,0.0,0.0,0.0,0.0,0.0,0.0,2,4,2.0,3032.76,758.19,1554.67,1478.09,0.0,0.0,0.0,2,2,0,0,0,F,51,0.0,1.0,0.0,0,0,0,0,Europe
CUST_02690,2024-06-20,2024-12-10,2024-10-18,2025-03-10,143,263,0,False,1,0.0,0.0,0.0,0.0,0.0,0.0,0.0,0.0,0.0,0.0,1,2,2.0,395.99,197.995,395.99,0.0,0.0,0.0,0.0,2,0,0,0,0,F,71,1.0,0.0,0.0,0,0,0,0,Asia
CUST_02692,2024-07-04,2024-12-10,2024-11-01,2025-03-10,129,249,0,False,1,0.0,0.0,0.0,0.0,0.0,0.0,0.0,0.0,0.0,0.0,1,1,1.0,689.65,689.65,0.0,689.65,0.0,0.0,0.0,0,1,0,0,0,M,27,0.0,1.0,0.0,0,0,0,0,Europe
CUST_02699,2024-07-14,2024-12-10,2024-11-11,2025-03-10,119,239,0,False,1,0.0,0.0,0.0,0.0,0.0,0.0,0.0,0.0,0.0,0.0,2,3,1.5,2516.59,1065.7125,770.33,0.0,1746.26,0.0,0.0,2,0,1,0,0,M,59,1.0,0.0,0.0,0,0,0,0,Asia
CUST_02724,2024-07-12,2024-12-10,2024-11-09,2025-03-10,121,241,0,False,1,0.0,0.0,0.0,0.0,0.0,0.0,0.0,0.0,0.0,0.0,1,2,2.0,530.32,265.16,0.0,0.0,0.0,530.32,0.0,0,0,0,2,0,M,27,0.0,1.0,0.0,0,0,0,0,Europe
CUST_02740,2024-06-17,2024-12-10,2024-10-15,2025-03-10,146,266,0,False,1,0.0,0.0,0.0,0.0,0.0,0.0,0.0,0.0,0.0,0.0,1,1,1.0,220.5,220.5,0.0,220.5,0.0,0.0,0.0,0,1,0,0,0,M,39,0.0,1.0,0.0,0,0,0,0,Europe
CUST_02741,2024-06-24,2024-12-10,2024-10-22,2025-03-10,139,259,0,False,1,0.0,0.0,0.0,0.0,0.0,0.0,0.0,0.0,0.0,0.0,3,11,3.6666666666666665,2819.85,248.215,0.0,1779.91,476.19,0.0,563.75,0,4,3,0,4,M,43,0.0,0.0,1.0,0,0,0,0,North America
CUST_02753,2024-07-10,2024-12-10,2024-11-07,2024-12-16,39,159,1,True,1,0.0,0.0,0.0,0.0,0.0,0.0,0.0,0.0,0.0,0.0,3,5,1.6666666666666667,4128.96,960.3516666666668,1062.63,1633.15,0.0,1433.18,0.0,2,1,0,2,0,M,74,1.0,0.0,0.0,0,0,0,0,Asia
CUST_02756,2024-06-03,2024-12-10,2024-10-01,2024-12-12,72,192,1,True,1,1.0,0.0,0.0,1.0,2.0,0.0,0.0,0.0,0.0,0.0,2,4,2.0,1971.68,767.9100000000001,1971.68,0.0,0.0,0.0,0.0,4,0,0,0,0,F,49,0.0,1.0,0.0,0,0,0,0,Europe
CUST_02759,2024-06-28,2024-12-10,2024-10-26,2025-03-10,135,255,0,False,1,0.0,0.0,0.0,0.0,0.0,0.0,0.0,0.0,0.0,0.0,1,2,2.0,477.46,238.73,0.0,0.0,0.0,477.46,0.0,0,0,0,2,0,M,68,0.0,0.0,1.0,0,0,0,0,North America
CUST_02770,2024-06-25,2024-12-10,2024-10-23,2025-03-10,138,258,0,False,1,0.0,0.0,0.0,0.0,0.0,0.0,0.0,0.0,0.0,0.0,1,1,1.0,1251.72,1251.72,1251.72,0.0,0.0,0.0,0.0,1,0,0,0,0,F,53,0.0,1.0,0.0,0,0,0,0,Europe
CUST_02787,2024-08-10,2024-12-10,2024-12-08,2025-03-10,92,212,0,False,1,0.0,0.0,0.0,0.0,0.0,0.0,0.0,0.0,0.0,0.0,3,5,1.6666666666666667,2459.6,591.3000000000001,1088.2,0.0,0.0,576.67,794.73,1,0,0,2,2,M,45,1.0,0.0,0.0,0,0,0,0,Asia
CUST_02788,2024-07-04,2024-12-10,2024-11-01,2025-03-10,129,249,0,False,1,0.0,0.0,0.0,0.0,0.0,0.0,0.0,0.0,0.0,0.0,1,5,5.0,1535.97,307.194,0.0,0.0,0.0,1535.97,0.0,0,0,0,5,0,F,29,1.0,0.0,0.0,0,0,0,0,Asia
CUST_02790,2024-07-08,2024-12-10,2024-11-05,2025-03-10,125,245,0,False,1,0.0,0.0,0.0,0.0,0.0,0.0,0.0,0.0,0.0,0.0,1,4,4.0,1722.63,430.6575,0.0,1722.63,0.0,0.0,0.0,0,4,0,0,0,M,60,1.0,0.0,0.0,0,0,0,0,Asia
CUST_02797,2024-08-03,2024-12-10,2024-12-01,2025-03-10,99,219,0,False,1,0.0,0.0,0.0,0.0,0.0,0.0,0.0,0.0,0.0,0.0,2,3,1.5,1047.67,464.6675,0.0,236.67,811.0,0.0,0.0,0,2,1,0,0,F,60,0.0,1.0,0.0,0,0,0,0,Europe
CUST_02801,2024-07-24,2024-12-10,2024-11-21,2025-03-10,109,229,0,False,1,0.0,0.0,0.0,0.0,0.0,0.0,0.0,0.0,0.0,0.0,1,1,1.0,1004.43,1004.43,0.0,1004.43,0.0,0.0,0.0,0,1,0,0,0,F,73,0.0,1.0,0.0,0,0,0,0,Europe
CUST_02824,2024-06-30,2024-12-10,2024-10-28,2025-03-10,133,253,0,False,1,0.0,0.0,0.0,0.0,0.0,0.0,0.0,0.0,0.0,0.0,1,1,1.0,1392.38,1392.38,0.0,1392.38,0.0,0.0,0.0,0,1,0,0,0,F,43,1.0,0.0,0.0,0,0,0,0,Asia
CUST_02829,2024-07-31,2024-12-10,2024-11-28,2025-03-10,102,222,0,False,0,0.0,0.0,0.0,0.0,0.0,0.0,0.0,0.0,0.0,0.0,3,6,2.0,3313.27,844.6883333333334,3039.91,0.0,273.36,0.0,0.0,3,0,3,0,0,M,24,0.0,1.0,0.0,0,0,0,0,Europe
CUST_02832,2024-07-03,2024-12-10,2024-10-31,2025-03-10,130,250,0,False,1,0.0,0.0,0.0,0.0,0.0,0.0,0.0,0.0,0.0,0.0,1,1,1.0,446.0,446.0,0.0,0.0,0.0,0.0,446.0,0,0,0,0,1,F,40,0.0,0.0,1.0,0,0,0,0,North America
CUST_02835,2024-08-08,2024-12-10,2024-12-06,2025-03-10,94,214,0,False,1,0.0,0.0,0.0,0.0,0.0,0.0,0.0,0.0,0.0,0.0,1,1,1.0,959.46,959.46,0.0,0.0,0.0,0.0,959.46,0,0,0,0,1,F,26,0.0,0.0,1.0,0,0,0,0,North America
CUST_02836,2024-07-03,2024-12-10,2024-10-31,2025-03-10,130,250,0,False,1,0.0,0.0,0.0,0.0,0.0,0.0,0.0,0.0,0.0,0.0,1,2,2.0,1565.62,782.81,0.0,0.0,1565.62,0.0,0.0,0,0,2,0,0,F,31,0.0,1.0,0.0,0,0,0,0,Europe
CUST_02843,2024-07-04,2024-12-10,2024-11-01,2025-03-10,129,249,0,False,1,0.0,0.0,0.0,0.0,0.0,0.0,0.0,0.0,0.0,0.0,2,2,1.0,2841.45,1420.725,0.0,0.0,0.0,1895.81,945.64,0,0,0,1,1,F,75,0.0,1.0,0.0,0,0,0,0,Europe
CUST_02849,2024-07-03,2024-12-10,2024-10-31,2025-03-10,130,250,0,False,1,0.0,0.0,0.0,0.0,0.0,0.0,0.0,0.0,0.0,0.0,1,1,1.0,991.62,991.62,0.0,0.0,0.0,991.62,0.0,0,0,0,1,0,F,72,0.0,1.0,0.0,0,0,0,0,Europe
CUST_02850,2024-07-18,2024-12-10,2024-11-15,2025-03-10,115,235,0,False,1,0.0,0.0,0.0,0.0,0.0,0.0,0.0,0.0,0.0,0.0,1,1,1.0,379.03,379.03,0.0,379.03,0.0,0.0,0.0,0,1,0,0,0,F,58,0.0,1.0,0.0,0,0,0,0,Europe
CUST_02858,2024-06-29,2024-12-10,2024-10-27,2025-03-10,134,254,0,False,1,0.0,0.0,0.0,0.0,0.0,0.0,0.0,0.0,0.0,0.0,1,2,2.0,1953.85,976.925,0.0,0.0,0.0,0.0,1953.85,0,0,0,0,2,F,39,1.0,0.0,0.0,0,0,0,0,Asia
CUST_02861,2024-08-06,2024-12-10,2024-12-04,2025-03-10,96,216,0,False,1,0.0,0.0,0.0,0.0,0.0,0.0,0.0,0.0,0.0,0.0,2,2,1.0,281.21000000000004,140.60500000000002,0.0,0.0,144.1,0.0,137.11,0,0,1,0,1,F,64,0.0,1.0,0.0,0,0,0,0,Europe
CUST_02867,2024-08-11,2024-12-10,2024-12-09,2024-12-28,19,139,1,True,1,1.0,0.0,0.0,0.0,1.0,0.0,0.0,0.0,0.0,0.0,3,5,1.6666666666666667,2238.32,428.8833333333334,334.98,0.0,604.61,0.0,1298.73,1,0,2,0,2,M,31,0.0,1.0,0.0,0,0,0,0,Europe
CUST_02874,2024-07-23,2024-12-10,2024-11-20,2025-03-10,110,230,0,False,1,0.0,0.0,0.0,0.0,0.0,0.0,0.0,0.0,0.0,0.0,4,8,2.0,4637.52,822.58,0.0,0.0,2913.91,0.0,1723.61,0,0,5,0,3,F,70,1.0,0.0,0.0,0,0,0,0,Asia
CUST_02882,2024-06-20,2024-12-10,2024-10-18,2025-03-10,143,263,0,False,1,0.0,0.0,0.0,0.0,0.0,0.0,0.0,0.0,0.0,0.0,1,1,1.0,1077.86,1077.86,0.0,0.0,0.0,0.0,1077.86,0,0,0,0,1,M,55,1.0,0.0,0.0,0,0,0,0,Asia
CUST_02883,2024-06-25,2024-12-10,2024-10-23,2025-03-10,138,258,0,False,1,0.0,0.0,0.0,0.0,0.0,0.0,0.0,0.0,0.0,0.0,1,2,2.0,366.07,183.035,366.07,0.0,0.0,0.0,0.0,2,0,0,0,0,M,41,0.0,1.0,0.0,0,0,0,0,Europe
CUST_02885,2024-07-06,2024-12-10,2024-11-03,2025-03-10,127,247,0,False,0,0.0,0.0,0.0,0.0,0.0,0.0,0.0,0.0,0.0,0.0,1,1,1.0,1535.78,1535.78,0.0,0.0,1535.78,0.0,0.0,0,0,1,0,0,M,49,0.0,1.0,0.0,0,0,0,0,Europe
CUST_02887,2024-07-07,2024-12-10,2024-11-04,2025-03-10,126,246,0,False,1,0.0,0.0,0.0,0.0,0.0,0.0,0.0,0.0,0.0,0.0,2,6,3.0,1319.24,215.57625000000002,913.87,0.0,0.0,405.37,0.0,4,0,0,2,0,M,41,1.0,0.0,0.0,0,0,0,0,Asia
CUST_02888,2024-06-18,2024-12-10,2024-10-16,2025-03-10,145,265,0,False,1,0.0,0.0,0.0,0.0,0.0,0.0,0.0,0.0,0.0,0.0,1,2,2.0,1513.75,756.875,0.0,0.0,0.0,0.0,1513.75,0,0,0,0,2,F,58,0.0,1.0,0.0,0,0,0,0,Europe
CUST_02894,2024-06-13,2024-12-10,2024-10-11,2025-03-10,150,270,0,False,0,0.0,0.0,0.0,0.0,0.0,0.0,0.0,0.0,0.0,0.0,1,2,2.0,1089.08,544.54,0.0,0.0,0.0,1089.08,0.0,0,0,0,2,0,F,74,0.0,0.0,1.0,0,0,0,0,North America
CUST_02904,2024-07-02,2024-12-10,2024-10-30,2025-03-10,131,251,0,False,1,0.0,0.0,0.0,0.0,0.0,0.0,0.0,0.0,0.0,0.0,1,3,3.0,1645.04,548.3466666666667,0.0,0.0,0.0,1645.04,0.0,0,0,0,3,0,F,22,0.0,1.0,0.0,0,0,0,0,Europe
CUST_02906,2024-07-29,2024-12-10,2024-11-26,2024-12-16,20,140,1,True,1,0.0,0.0,0.0,0.0,0.0,0.0,0.0,0.0,0.0,0.0,3,7,2.3333333333333335,2503.16,515.5241666666667,0.0,0.0,372.93,1026.83,1103.4,0,0,2,4,1,F,24,0.0,0.0,1.0,0,0,0,0,North America
CUST_02922,2024-07-10,2024-12-10,2024-11-07,2025-03-10,123,243,0,False,1,0.0,0.0,0.0,0.0,0.0,0.0,0.0,0.0,0.0,0.0,3,7,2.3333333333333335,4237.33,943.3316666666666,0.0,0.0,3336.1099999999997,0.0,901.22,0,0,3,0,4,M,31,1.0,0.0,0.0,0,0,0,0,Asia
CUST_02934,2024-06-01,2024-12-10,2024-09-29,2025-03-10,162,282,0,False,1,0.0,0.0,0.0,0.0,0.0,0.0,0.0,0.0,0.0,0.0,1,2,2.0,784.29,392.145,0.0,0.0,0.0,0.0,784.29,0,0,0,0,2,F,44,0.0,0.0,1.0,0,0,0,0,North America
CUST_02941,2024-07-29,2024-12-10,2024-11-26,2025-03-10,104,224,0,False,1,0.0,0.0,0.0,0.0,0.0,0.0,0.0,0.0,0.0,0.0,1,3,3.0,1576.55,525.5166666666667,0.0,1576.55,0.0,0.0,0.0,0,3,0,0,0,M,25,1.0,0.0,0.0,0,0,0,0,Asia
CUST_02979,2024-06-08,2024-12-10,2024-10-06,2025-03-10,155,275,0,False,1,0.0,0.0,0.0,0.0,0.0,0.0,0.0,0.0,0.0,0.0,2,4,2.0,2384.9300000000003,719.4216666666666,0.0,965.8,1419.13,0.0,0.0,0,1,3,0,0,F,26,1.0,0.0,0.0,0,0,0,0,Asia
CUST_02983,2024-07-27,2024-12-10,2024-11-24,2025-03-10,106,226,0,False,1,0.0,0.0,0.0,0.0,0.0,0.0,0.0,0.0,0.0,0.0,2,3,1.5,3530.24,1334.745,0.0,1808.74,0.0,1721.5,0.0,0,1,0,2,0,M,69,0.0,1.0,0.0,0,0,0,0,Europe
CUST_02986,2024-07-15,2024-12-10,2024-11-12,2025-03-10,118,238,0,False,1,0.0,0.0,0.0,0.0,0.0,0.0,0.0,0.0,0.0,0.0,1,2,2.0,893.3,446.65,0.0,893.3,0.0,0.0,0.0,0,2,0,0,0,F,54,0.0,1.0,0.0,0,0,0,0,Europe
CUST_02993,2024-08-11,2024-12-10,2024-12-09,2024-12-26,17,137,1,True,1,0.0,0.0,1.0,0.0,1.0,0.0,0.0,0.0,0.0,0.0,2,2,1.0,1001.3900000000001,500.69500000000005,0.0,0.0,1001.3900000000001,0.0,0.0,0,0,2,0,0,F,74,0.0,1.0,0.0,0,0,0,0,Europe
CUST_02996,2024-06-19,2024-12-10,2024-10-17,2025-03-10,144,264,0,False,1,0.0,0.0,0.0,0.0,0.0,0.0,0.0,0.0,0.0,0.0,1,2,2.0,1180.45,590.225,0.0,0.0,0.0,1180.45,0.0,0,0,0,2,0,F,22,0.0,1.0,0.0,0,0,0,0,Europe
CUST_03013,2024-08-08,2024-12-10,2024-12-06,2025-03-10,94,214,0,False,1,0.0,0.0,0.0,0.0,0.0,0.0,0.0,0.0,0.0,0.0,3,4,1.3333333333333333,2597.91,616.995,957.9,0.0,0.0,146.16,1493.85,1,0,0,1,2,F,39,0.0,1.0,0.0,0,0,0,0,Europe
CUST_03019,2024-07-05,2024-12-10,2024-11-02,2025-03-10,128,248,0,False,1,0.0,0.0,0.0,0.0,0.0,0.0,0.0,0.0,0.0,0.0,2,4,2.0,2390.8,1054.8500000000001,0.0,0.0,421.65,1969.15,0.0,0,0,3,1,0,F,27,1.0,0.0,0.0,0,0,0,0,Asia
CUST_03030,2024-07-29,2024-12-10,2024-11-26,2025-03-10,104,224,0,False,1,0.0,0.0,0.0,0.0,0.0,0.0,0.0,0.0,0.0,0.0,1,1,1.0,737.7,737.7,0.0,737.7,0.0,0.0,0.0,0,1,0,0,0,M,58,0.0,0.0,1.0,0,0,0,0,North America
CUST_03043,2024-07-23,2024-12-10,2024-11-20,2025-03-10,110,230,0,False,1,0.0,0.0,0.0,0.0,0.0,0.0,0.0,0.0,0.0,0.0,2,5,2.5,2813.83,989.915,0.0,0.0,1701.83,0.0,1112.0,0,0,1,0,4,M,35,0.0,1.0,0.0,0,0,0,0,Europe
CUST_03045,2024-06-25,2024-12-10,2024-10-23,2025-03-10,138,258,0,False,1,0.0,0.0,0.0,0.0,0.0,0.0,0.0,0.0,0.0,0.0,1,1,1.0,995.54,995.54,0.0,0.0,0.0,995.54,0.0,0,0,0,1,0,M,67,0.0,0.0,1.0,0,0,0,0,North America
CUST_03046,2024-07-09,2024-12-10,2024-11-06,2025-03-10,124,244,0,False,1,0.0,0.0,0.0,0.0,0.0,0.0,0.0,0.0,0.0,0.0,1,2,2.0,1841.06,920.53,0.0,0.0,1841.06,0.0,0.0,0,0,2,0,0,Other,35,1.0,0.0,0.0,0,0,0,0,Asia
CUST_03052,2024-08-11,2024-12-10,2024-12-09,2025-03-10,91,211,0,False,1,0.0,0.0,0.0,0.0,0.0,0.0,0.0,0.0,0.0,0.0,2,4,2.0,3101.46,775.365,0.0,0.0,1311.19,0.0,1790.27,0,0,2,0,2,F,66,1.0,0.0,0.0,0,0,0,0,Asia
CUST_03067,2024-07-24,2024-12-10,2024-11-21,2025-03-10,109,229,0,False,0,0.0,0.0,0.0,0.0,0.0,0.0,0.0,0.0,0.0,0.0,2,2,1.0,2320.36,1160.18,0.0,0.0,0.0,2320.36,0.0,0,0,0,2,0,Other,52,0.0,0.0,1.0,0,0,0,0,North America
CUST_03078,2024-07-26,2024-12-10,2024-11-23,2025-03-10,107,227,0,False,1,0.0,0.0,0.0,0.0,0.0,0.0,0.0,0.0,0.0,0.0,1,3,3.0,543.82,181.27333333333334,0.0,0.0,0.0,543.82,0.0,0,0,0,3,0,M,68,0.0,1.0,0.0,0,0,0,0,Europe
CUST_03079,2024-08-04,2024-12-10,2024-12-02,2025-03-10,98,218,0,False,1,0.0,0.0,0.0,0.0,0.0,0.0,0.0,0.0,0.0,0.0,1,2,2.0,1625.32,812.66,0.0,0.0,0.0,0.0,1625.32,0,0,0,0,2,M,53,0.0,1.0,0.0,0,0,0,0,Europe
CUST_03080,2024-06-19,2024-12-10,2024-10-17,2025-03-10,144,264,0,False,1,0.0,0.0,0.0,0.0,0.0,0.0,0.0,0.0,0.0,0.0,2,3,1.5,2981.58,1206.0175,0.0,0.0,0.0,1139.09,1842.49,0,0,0,2,1,M,33,0.0,1.0,0.0,0,0,0,0,Europe
CUST_03082,2024-07-28,2024-12-10,2024-11-25,2025-03-10,105,225,0,False,1,0.0,0.0,0.0,0.0,0.0,0.0,0.0,0.0,0.0,0.0,2,2,1.0,2191.1800000000003,1095.5900000000001,2191.1800000000003,0.0,0.0,0.0,0.0,2,0,0,0,0,M,31,0.0,1.0,0.0,0,0,0,0,Europe
CUST_03088,2024-07-13,2024-12-10,2024-11-10,2025-03-10,120,240,0,False,1,0.0,0.0,0.0,0.0,0.0,0.0,0.0,0.0,0.0,0.0,1,1,1.0,220.43,220.43,0.0,0.0,0.0,220.43,0.0,0,0,0,1,0,F,71,0.0,1.0,0.0,0,0,0,0,Europe
CUST_03091,2024-06-25,2024-12-10,2024-10-23,2025-03-10,138,258,0,False,1,0.0,0.0,0.0,0.0,0.0,0.0,0.0,0.0,0.0,0.0,1,2,2.0,1326.77,663.385,1326.77,0.0,0.0,0.0,0.0,2,0,0,0,0,F,36,0.0,0.0,1.0,0,0,0,0,North America
CUST_03101,2024-07-08,2024-12-10,2024-11-05,2025-03-10,125,245,0,False,1,0.0,0.0,0.0,0.0,0.0,0.0,0.0,0.0,0.0,0.0,2,2,1.0,3294.2,1647.1,0.0,1538.17,1756.03,0.0,0.0,0,1,1,0,0,F,48,1.0,0.0,0.0,0,0,0,0,Asia
CUST_03109,2024-07-02,2024-12-10,2024-10-30,2025-03-10,131,251,0,False,1,0.0,0.0,0.0,0.0,0.0,0.0,0.0,0.0,0.0,0.0,1,2,2.0,1025.58,512.79,0.0,1025.58,0.0,0.0,0.0,0,2,0,0,0,F,68,0.0,1.0,0.0,0,0,0,0,Europe
CUST_03110,2024-06-10,2024-12-10,2024-10-08,2025-03-10,153,273,0,False,1,0.0,0.0,0.0,0.0,0.0,0.0,0.0,0.0,0.0,0.0,1,1,1.0,517.97,517.97,0.0,0.0,517.97,0.0,0.0,0,0,1,0,0,M,66,0.0,1.0,0.0,0,0,0,0,Europe
CUST_03129,2024-07-09,2024-12-10,2024-11-06,2025-03-10,124,244,0,False,1,0.0,0.0,0.0,0.0,0.0,0.0,0.0,0.0,0.0,0.0,1,1,1.0,624.81,624.81,0.0,0.0,0.0,0.0,624.81,0,0,0,0,1,F,62,1.0,0.0,0.0,0,0,0,0,Asia
CUST_03133,2024-06-25,2024-12-10,2024-10-23,2025-03-10,138,258,0,False,1,0.0,0.0,0.0,0.0,0.0,0.0,0.0,0.0,0.0,0.0,2,7,3.5,3701.18,537.9316666666666,0.0,0.0,1806.82,0.0,1894.36,0,0,3,0,4,M,21,1.0,0.0,0.0,0,0,0,0,Asia
CUST_03134,2024-06-06,2024-12-10,2024-10-04,2024-12-28,85,205,1,True,1,0.0,0.0,0.0,0.0,0.0,0.0,0.0,0.0,0.0,0.0,2,3,1.5,1382.36,665.155,0.0,1382.36,0.0,0.0,0.0,0,3,0,0,0,M,26,0.0,0.0,1.0,0,0,0,0,North America
CUST_03141,2024-07-14,2024-12-10,2024-11-11,2025-03-10,119,239,0,False,1,0.0,0.0,0.0,0.0,0.0,0.0,0.0,0.0,0.0,0.0,2,2,1.0,1794.69,897.345,220.75,1573.94,0.0,0.0,0.0,1,1,0,0,0,Other,74,0.0,1.0,0.0,0,0,0,0,Europe
CUST_03162,2024-07-06,2024-12-10,2024-11-03,2024-12-24,51,171,1,True,1,0.0,1.0,1.0,1.0,3.0,0.0,0.0,0.0,0.0,0.0,2,3,1.5,2758.5699999999997,911.52,0.0,0.0,1871.06,887.51,0.0,0,0,2,1,0,M,51,0.0,1.0,0.0,0,0,0,0,Europe
CUST_03171,2024-08-08,2024-12-10,2024-12-06,2025-03-10,94,214,0,False,1,0.0,0.0,0.0,0.0,0.0,0.0,0.0,0.0,0.0,0.0,1,4,4.0,1194.11,298.5275,0.0,0.0,0.0,0.0,1194.11,0,0,0,0,4,M,25,1.0,0.0,0.0,0,0,0,0,Asia
CUST_03176,2024-06-25,2024-12-10,2024-10-23,2025-03-10,138,258,0,False,1,0.0,0.0,0.0,0.0,0.0,0.0,0.0,0.0,0.0,0.0,1,1,1.0,1078.22,1078.22,1078.22,0.0,0.0,0.0,0.0,1,0,0,0,0,M,44,0.0,1.0,0.0,0,0,0,0,Europe
CUST_03191,2024-06-23,2024-12-10,2024-10-21,2025-03-10,140,260,0,False,1,0.0,0.0,0.0,0.0,0.0,0.0,0.0,0.0,0.0,0.0,2,5,2.5,1769.02,389.52000000000004,1136.2,0.0,0.0,632.82,0.0,2,0,0,3,0,M,30,1.0,0.0,0.0,0,0,0,0,Asia
CUST_03195,2024-07-25,2024-12-10,2024-11-22,2025-03-10,108,228,0,False,1,0.0,0.0,0.0,0.0,0.0,0.0,0.0,0.0,0.0,0.0,1,3,3.0,1135.08,378.35999999999996,0.0,0.0,1135.08,0.0,0.0,0,0,3,0,0,M,44,1.0,0.0,0.0,0,0,0,0,Asia
CUST_03196,2024-06-07,2024-12-10,2024-10-05,2025-03-10,156,276,0,False,0,0.0,0.0,0.0,0.0,0.0,0.0,0.0,0.0,0.0,0.0,1,4,4.0,153.94,38.485,153.94,0.0,0.0,0.0,0.0,4,0,0,0,0,F,65,1.0,0.0,0.0,0,0,0,0,Asia
CUST_03204,2024-08-02,2024-12-10,2024-11-30,2025-03-10,100,220,0,False,1,0.0,0.0,0.0,0.0,0.0,0.0,0.0,0.0,0.0,0.0,1,2,2.0,835.98,417.99,0.0,0.0,0.0,0.0,835.98,0,0,0,0,2,F,63,1.0,0.0,0.0,0,0,0,0,Asia
CUST_03206,2024-07-03,2024-12-10,2024-10-31,2025-03-10,130,250,0,False,1,0.0,0.0,0.0,0.0,0.0,0.0,0.0,0.0,0.0,0.0,1,4,4.0,897.92,224.48,897.92,0.0,0.0,0.0,0.0,4,0,0,0,0,M,74,0.0,1.0,0.0,0,0,0,0,Europe
CUST_03223,2024-08-11,2024-12-10,2024-12-09,2025-03-10,91,211,0,False,1,0.0,0.0,0.0,0.0,0.0,0.0,0.0,0.0,0.0,0.0,2,5,2.5,2645.94,982.4399999999999,0.0,0.0,1737.86,0.0,908.08,0,0,1,0,4,M,43,0.0,1.0,0.0,0,0,0,0,Europe
CUST_03225,2024-07-28,2024-12-10,2024-11-25,2025-03-10,105,225,0,False,1,0.0,0.0,0.0,0.0,0.0,0.0,0.0,0.0,0.0,0.0,1,2,2.0,1509.65,754.825,0.0,1509.65,0.0,0.0,0.0,0,2,0,0,0,F,22,0.0,1.0,0.0,0,0,0,0,Europe
CUST_03230,2024-06-14,2024-12-10,2024-10-12,2025-03-10,149,269,0,False,1,0.0,0.0,0.0,0.0,0.0,0.0,0.0,0.0,0.0,0.0,1,2,2.0,1090.41,545.205,1090.41,0.0,0.0,0.0,0.0,2,0,0,0,0,F,37,0.0,1.0,0.0,0,0,0,0,Europe
CUST_03232,2024-06-01,2024-12-10,2024-09-29,2025-03-10,162,282,0,False,1,0.0,0.0,0.0,0.0,0.0,0.0,0.0,0.0,0.0,0.0,1,2,2.0,401.13,200.565,0.0,0.0,401.13,0.0,0.0,0,0,2,0,0,Other,29,0.0,1.0,0.0,0,0,0,0,Europe
CUST_03243,2024-06-28,2024-12-10,2024-10-26,2024-12-25,60,180,1,True,1,1.0,0.0,0.0,0.0,1.0,0.0,0.0,0.0,0.0,0.0,2,6,3.0,2632.56,438.76,0.0,0.0,0.0,729.38,1903.18,0,0,0,3,3,M,73,0.0,1.0,0.0,0,0,0,0,Europe
CUST_03250,2024-06-10,2024-12-10,2024-10-08,2025-03-10,153,273,0,False,1,0.0,0.0,0.0,0.0,0.0,0.0,0.0,0.0,0.0,0.0,1,2,2.0,1859.83,929.915,1859.83,0.0,0.0,0.0,0.0,2,0,0,0,0,F,42,0.0,0.0,1.0,0,0,0,0,North America
CUST_03256,2024-07-19,2024-12-10,2024-11-16,2025-03-10,114,234,0,False,1,0.0,0.0,0.0,0.0,0.0,0.0,0.0,0.0,0.0,0.0,2,7,3.5,1981.04,258.72208333333333,0.0,0.0,1714.83,266.21,0.0,0,0,4,3,0,F,37,1.0,0.0,0.0,0,0,0,0,Asia
CUST_03262,2024-06-30,2024-12-10,2024-10-28,2025-03-10,133,253,0,False,1,0.0,0.0,0.0,0.0,0.0,0.0,0.0,0.0,0.0,0.0,1,4,4.0,1474.25,368.5625,0.0,0.0,0.0,1474.25,0.0,0,0,0,4,0,F,63,0.0,1.0,0.0,0,0,0,0,Europe
CUST_03285,2024-08-08,2024-12-10,2024-12-06,2025-03-10,94,214,0,False,1,0.0,0.0,0.0,0.0,0.0,0.0,0.0,0.0,0.0,0.0,1,2,2.0,1501.68,750.84,1501.68,0.0,0.0,0.0,0.0,2,0,0,0,0,M,72,0.0,0.0,1.0,0,0,0,0,North America
CUST_03293,2024-06-19,2024-12-10,2024-10-17,2025-03-10,144,264,0,False,1,0.0,0.0,0.0,0.0,0.0,0.0,0.0,0.0,0.0,0.0,1,4,4.0,410.38,102.595,0.0,0.0,410.38,0.0,0.0,0,0,4,0,0,F,50,0.0,1.0,0.0,0,0,0,0,Europe
CUST_03294,2024-07-31,2024-12-10,2024-11-28,2025-03-10,102,222,0,False,1,0.0,0.0,0.0,0.0,0.0,0.0,0.0,0.0,0.0,0.0,1,2,2.0,1304.77,652.385,0.0,0.0,0.0,0.0,1304.77,0,0,0,0,2,M,39,0.0,1.0,0.0,0,0,0,0,Europe
CUST_03299,2024-07-25,2024-12-10,2024-11-22,2024-12-26,34,154,1,True,1,2.0,0.0,1.0,0.0,3.0,0.0,0.0,0.0,0.0,0.0,2,4,2.0,674.67,168.6675,0.0,0.0,171.17,0.0,503.5,0,0,2,0,2,F,37,0.0,1.0,0.0,0,0,0,0,Europe
CUST_03304,2024-07-19,2024-12-10,2024-11-16,2025-03-10,114,234,0,False,1,0.0,0.0,0.0,0.0,0.0,0.0,0.0,0.0,0.0,0.0,1,1,1.0,536.01,536.01,0.0,0.0,0.0,0.0,536.01,0,0,0,0,1,F,72,1.0,0.0,0.0,0,0,0,0,Asia
CUST_03305,2024-06-17,2024-12-10,2024-10-15,2025-03-10,146,266,0,False,1,0.0,0.0,0.0,0.0,0.0,0.0,0.0,0.0,0.0,0.0,1,1,1.0,1945.04,1945.04,0.0,1945.04,0.0,0.0,0.0,0,1,0,0,0,M,31,1.0,0.0,0.0,0,0,0,0,Asia
CUST_03310,2024-06-07,2024-12-10,2024-10-05,2025-03-10,156,276,0,False,0,0.0,0.0,0.0,0.0,0.0,0.0,0.0,0.0,0.0,0.0,1,2,2.0,1100.4,550.2,0.0,0.0,0.0,0.0,1100.4,0,0,0,0,2,F,72,1.0,0.0,0.0,0,0,0,0,Asia
CUST_03312,2024-07-20,2024-12-10,2024-11-17,2025-03-10,113,233,0,False,1,0.0,0.0,0.0,0.0,0.0,0.0,0.0,0.0,0.0,0.0,2,2,1.0,2070.05,1035.025,0.0,0.0,2070.05,0.0,0.0,0,0,2,0,0,M,62,1.0,0.0,0.0,0,0,0,0,Asia
CUST_03321,2024-07-03,2024-12-10,2024-10-31,2024-12-17,47,167,1,True,1,1.0,0.0,0.0,1.0,2.0,0.0,0.0,0.0,0.0,0.0,2,5,2.5,1490.18,272.8358333333333,1196.51,293.67,0.0,0.0,0.0,3,2,0,0,0,M,42,1.0,0.0,0.0,0,0,0,0,Asia
CUST_03333,2024-07-23,2024-12-10,2024-11-20,2025-03-10,110,230,0,False,1,0.0,0.0,0.0,0.0,0.0,0.0,0.0,0.0,0.0,0.0,1,4,4.0,1545.58,386.395,1545.58,0.0,0.0,0.0,0.0,4,0,0,0,0,M,64,0.0,1.0,0.0,0,0,0,0,Europe
CUST_03335,2024-06-26,2024-12-10,2024-10-24,2025-03-10,137,257,0,False,1,0.0,0.0,0.0,0.0,0.0,0.0,0.0,0.0,0.0,0.0,1,4,4.0,989.36,247.34,0.0,989.36,0.0,0.0,0.0,0,4,0,0,0,F,38,1.0,0.0,0.0,0,0,0,0,Asia
CUST_03337,2024-07-19,2024-12-10,2024-11-16,2025-03-10,114,234,0,False,1,0.0,0.0,0.0,0.0,0.0,0.0,0.0,0.0,0.0,0.0,2,4,2.0,3096.71,1080.295,3096.71,0.0,0.0,0.0,0.0,4,0,0,0,0,F,45,1.0,0.0,0.0,0,0,0,0,Asia
CUST_03345,2024-07-28,2024-12-10,2024-11-25,2025-03-10,105,225,0,False,1,0.0,0.0,0.0,0.0,0.0,0.0,0.0,0.0,0.0,0.0,1,3,3.0,1031.78,343.9266666666667,0.0,0.0,0.0,1031.78,0.0,0,0,0,3,0,F,27,0.0,1.0,0.0,0,0,0,0,Europe
CUST_03346,2024-07-29,2024-12-10,2024-11-26,2024-12-17,21,141,1,True,0,0.0,0.0,1.0,0.0,1.0,0.0,0.0,0.0,0.0,0.0,2,3,1.5,2441.11,842.1275,0.0,0.0,0.0,927.4,1513.71,0,0,0,1,2,M,21,0.0,0.0,1.0,0,0,0,0,North America
CUST_03347,2024-07-01,2024-12-10,2024-10-29,2025-03-10,132,252,0,False,1,0.0,0.0,0.0,0.0,0.0,0.0,0.0,0.0,0.0,0.0,1,1,1.0,1273.71,1273.71,0.0,0.0,0.0,1273.71,0.0,0,0,0,1,0,F,43,1.0,0.0,0.0,0,0,0,0,Asia
CUST_03357,2024-08-07,2024-12-10,2024-12-05,2025-03-10,95,215,0,False,1,0.0,0.0,0.0,0.0,0.0,0.0,0.0,0.0,0.0,0.0,2,3,1.5,3259.8100000000004,1203.74,0.0,0.0,0.0,0.0,3259.8100000000004,0,0,0,0,3,F,59,1.0,0.0,0.0,0,0,0,0,Asia
CUST_03363,2024-06-15,2024-12-10,2024-10-13,2025-03-10,148,268,0,False,1,0.0,0.0,0.0,0.0,0.0,0.0,0.0,0.0,0.0,0.0,1,1,1.0,707.14,707.14,0.0,0.0,0.0,0.0,707.14,0,0,0,0,1,F,49,0.0,1.0,0.0,0,0,0,0,Europe
CUST_03369,2024-07-12,2024-12-10,2024-11-09,2025-03-10,121,241,0,False,1,0.0,0.0,0.0,0.0,0.0,0.0,0.0,0.0,0.0,0.0,1,1,1.0,1356.55,1356.55,0.0,0.0,1356.55,0.0,0.0,0,0,1,0,0,M,37,1.0,0.0,0.0,0,0,0,0,Asia
CUST_03371,2024-06-23,2024-12-10,2024-10-21,2025-03-10,140,260,0,False,0,0.0,0.0,0.0,0.0,0.0,0.0,0.0,0.0,0.0,0.0,1,1,1.0,1798.48,1798.48,0.0,0.0,1798.48,0.0,0.0,0,0,1,0,0,M,50,0.0,1.0,0.0,0,0,0,0,Europe
CUST_03373,2024-07-21,2024-12-10,2024-11-18,2025-03-10,112,232,0,False,1,0.0,0.0,0.0,0.0,0.0,0.0,0.0,0.0,0.0,0.0,2,5,2.5,1971.41,330.505,224.21,0.0,0.0,1747.2,0.0,1,0,0,4,0,F,71,1.0,0.0,0.0,0,0,0,0,Asia
CUST_03386,2024-07-09,2024-12-10,2024-11-06,2025-03-10,124,244,0,False,1,0.0,0.0,0.0,0.0,0.0,0.0,0.0,0.0,0.0,0.0,2,3,1.5,1759.27,585.96,584.57,0.0,0.0,0.0,1174.7,1,0,0,0,2,M,31,0.0,1.0,0.0,0,0,0,0,Europe
CUST_03391,2024-07-01,2024-12-10,2024-10-29,2024-12-16,48,168,1,True,1,0.0,0.0,0.0,0.0,0.0,0.0,0.0,0.0,0.0,0.0,2,4,2.0,3282.14,976.06,3282.14,0.0,0.0,0.0,0.0,4,0,0,0,0,M,41,0.0,0.0,1.0,0,0,0,0,North America
CUST_03411,2024-07-13,2024-12-10,2024-11-10,2025-03-10,120,240,0,False,1,0.0,0.0,0.0,0.0,0.0,0.0,0.0,0.0,0.0,0.0,1,2,2.0,867.02,433.51,0.0,0.0,0.0,867.02,0.0,0,0,0,2,0,F,75,1.0,0.0,0.0,0,0,0,0,Asia
CUST_03415,2024-07-11,2024-12-10,2024-11-08,2025-03-10,122,242,0,False,1,0.0,0.0,0.0,0.0,0.0,0.0,0.0,0.0,0.0,0.0,1,3,3.0,1522.9,507.6333333333334,0.0,0.0,0.0,1522.9,0.0,0,0,0,3,0,M,35,0.0,1.0,0.0,0,0,0,0,Europe
CUST_03416,2024-07-12,2024-12-10,2024-11-09,2025-03-10,121,241,0,False,1,0.0,0.0,0.0,0.0,0.0,0.0,0.0,0.0,0.0,0.0,1,1,1.0,1068.85,1068.85,1068.85,0.0,0.0,0.0,0.0,1,0,0,0,0,F,22,0.0,0.0,1.0,0,0,0,0,North America
CUST_03433,2024-08-05,2024-12-10,2024-12-03,2025-03-10,97,217,0,False,1,0.0,0.0,0.0,0.0,0.0,0.0,0.0,0.0,0.0,0.0,1,2,2.0,1068.74,534.37,1068.74,0.0,0.0,0.0,0.0,2,0,0,0,0,F,41,0.0,1.0,0.0,0,0,0,0,Europe
CUST_03451,2024-07-13,2024-12-10,2024-11-10,2025-03-10,120,240,0,False,1,0.0,0.0,0.0,0.0,0.0,0.0,0.0,0.0,0.0,0.0,1,2,2.0,1813.17,906.585,0.0,0.0,0.0,0.0,1813.17,0,0,0,0,2,F,56,0.0,0.0,1.0,0,0,0,0,North America
CUST_03455,2024-08-02,2024-12-10,2024-11-30,2025-03-10,100,220,0,False,1,0.0,0.0,0.0,0.0,0.0,0.0,0.0,0.0,0.0,0.0,3,7,2.3333333333333335,2627.8599999999997,416.65777777777777,0.0,383.74,1822.58,0.0,421.54,0,3,2,0,2,F,72,1.0,0.0,0.0,0,0,0,0,Asia
CUST_03467,2024-06-23,2024-12-10,2024-10-21,2025-03-10,140,260,0,False,1,0.0,0.0,0.0,0.0,0.0,0.0,0.0,0.0,0.0,0.0,1,1,1.0,620.85,620.85,0.0,0.0,0.0,0.0,620.85,0,0,0,0,1,M,61,0.0,1.0,0.0,0,0,0,0,Europe
CUST_03472,2024-07-03,2024-12-10,2024-10-31,2025-03-10,130,250,0,False,1,0.0,0.0,0.0,0.0,0.0,0.0,0.0,0.0,0.0,0.0,1,3,3.0,1120.44,373.48,0.0,1120.44,0.0,0.0,0.0,0,3,0,0,0,M,50,0.0,1.0,0.0,0,0,0,0,Europe
CUST_03479,2024-07-16,2024-12-10,2024-11-13,2025-03-10,117,237,0,False,1,0.0,0.0,0.0,0.0,0.0,0.0,0.0,0.0,0.0,0.0,1,3,3.0,1830.32,610.1066666666667,0.0,0.0,0.0,0.0,1830.32,0,0,0,0,3,F,73,0.0,1.0,0.0,0,0,0,0,Europe
CUST_03489,2024-07-29,2024-12-10,2024-11-26,2025-03-10,104,224,0,False,1,0.0,0.0,0.0,0.0,0.0,0.0,0.0,0.0,0.0,0.0,2,3,1.5,2390.92,989.325,0.0,824.54,0.0,1566.38,0.0,0,2,0,1,0,M,64,1.0,0.0,0.0,0,0,0,0,Asia
CUST_03500,2024-07-11,2024-12-10,2024-11-08,2025-03-10,122,242,0,False,0,0.0,0.0,0.0,0.0,0.0,0.0,0.0,0.0,0.0,0.0,1,1,1.0,1748.13,1748.13,0.0,0.0,0.0,0.0,1748.13,0,0,0,0,1,M,59,0.0,0.0,1.0,0,0,0,0,North America
CUST_00007,2024-06-25,2024-12-17,2024-10-23,2025-03-17,145,265,0,False,1,0.0,0.0,0.0,0.0,0.0,0.0,0.0,0.0,0.0,0.0,1,2,2.0,1767.18,883.59,1767.18,0.0,0.0,0.0,0.0,2,0,0,0,0,F,55,1.0,0.0,0.0,0,0,0,0,Asia
CUST_00012,2024-07-18,2024-12-17,2024-11-15,2025-03-17,122,242,0,False,1,0.0,0.0,0.0,0.0,0.0,0.0,0.0,0.0,0.0,0.0,1,2,2.0,1573.35,786.675,0.0,0.0,0.0,0.0,1573.35,0,0,0,0,2,F,65,0.0,1.0,0.0,0,0,0,0,Europe
CUST_00017,2024-06-28,2024-12-17,2024-10-26,2025-03-17,142,262,0,False,1,0.0,0.0,0.0,0.0,0.0,0.0,0.0,0.0,0.0,0.0,1,1,1.0,223.06,223.06,0.0,0.0,0.0,223.06,0.0,0,0,0,1,0,F,52,1.0,0.0,0.0,0,0,0,0,Asia
CUST_00033,2024-07-10,2024-12-17,2024-11-07,2025-03-17,130,250,0,False,1,0.0,0.0,0.0,0.0,0.0,0.0,0.0,0.0,0.0,0.0,1,2,2.0,1292.32,646.16,1292.32,0.0,0.0,0.0,0.0,2,0,0,0,0,M,27,1.0,0.0,0.0,0,0,0,0,Asia
CUST_00037,2024-06-11,2024-12-17,2024-10-09,2025-03-17,159,279,0,False,1,0.0,0.0,0.0,0.0,0.0,0.0,0.0,0.0,0.0,0.0,1,3,3.0,916.71,305.57,0.0,0.0,0.0,0.0,916.71,0,0,0,0,3,F,60,0.0,1.0,0.0,0,0,0,0,Europe
CUST_00039,2024-06-16,2024-12-17,2024-10-14,2025-03-17,154,274,0,False,1,0.0,0.0,0.0,0.0,0.0,0.0,0.0,0.0,0.0,0.0,2,2,1.0,3353.9700000000003,1676.9850000000001,0.0,3353.9700000000003,0.0,0.0,0.0,0,2,0,0,0,F,29,1.0,0.0,0.0,0,0,0,0,Asia
CUST_00042,2024-07-29,2024-12-17,2024-11-26,2025-03-17,111,231,0,False,1,0.0,0.0,0.0,0.0,0.0,0.0,0.0,0.0,0.0,0.0,1,2,2.0,214.17,107.085,0.0,0.0,0.0,214.17,0.0,0,0,0,2,0,M,21,0.0,1.0,0.0,0,0,0,0,Europe
CUST_00070,2024-07-02,2024-12-17,2024-10-30,2025-03-17,138,258,0,False,1,0.0,0.0,0.0,0.0,0.0,0.0,0.0,0.0,0.0,0.0,1,1,1.0,1837.47,1837.47,1837.47,0.0,0.0,0.0,0.0,1,0,0,0,0,M,40,1.0,0.0,0.0,0,0,0,0,Asia
CUST_00078,2024-06-09,2024-12-17,2024-10-07,2025-03-17,161,281,0,False,1,0.0,0.0,0.0,0.0,0.0,0.0,0.0,0.0,0.0,0.0,1,1,1.0,1558.27,1558.27,1558.27,0.0,0.0,0.0,0.0,1,0,0,0,0,M,72,1.0,0.0,0.0,0,0,0,0,Asia
CUST_00086,2024-07-12,2024-12-17,2024-11-09,2024-12-30,51,171,1,True,1,0.0,0.0,0.0,0.0,0.0,0.0,0.0,0.0,0.0,0.0,2,2,1.0,2907.5699999999997,1453.7849999999999,0.0,1943.29,964.28,0.0,0.0,0,1,1,0,0,Other,40,1.0,0.0,0.0,0,0,0,0,Asia
CUST_00090,2024-07-08,2024-12-17,2024-11-05,2025-03-17,132,252,0,False,1,0.0,0.0,0.0,0.0,0.0,0.0,0.0,0.0,0.0,0.0,1,4,4.0,715.48,178.87,0.0,0.0,0.0,0.0,715.48,0,0,0,0,4,F,61,0.0,0.0,1.0,0,0,0,0,North America
CUST_00114,2024-07-20,2024-12-17,2024-11-17,2024-12-22,35,155,1,True,1,0.0,0.0,1.0,1.0,2.0,0.0,0.0,0.0,0.0,0.0,2,4,2.0,2873.4,718.35,0.0,1108.41,0.0,0.0,1764.99,0,2,0,0,2,M,75,0.0,1.0,0.0,0,0,0,0,Europe
CUST_00117,2024-07-01,2024-12-17,2024-10-29,2025-03-17,139,259,0,False,1,0.0,0.0,0.0,0.0,0.0,0.0,0.0,0.0,0.0,0.0,1,3,3.0,1670.35,556.7833333333333,0.0,1670.35,0.0,0.0,0.0,0,3,0,0,0,M,52,1.0,0.0,0.0,0,0,0,0,Asia
CUST_00120,2024-06-24,2024-12-17,2024-10-22,2025-03-17,146,266,0,False,1,0.0,0.0,0.0,0.0,0.0,0.0,0.0,0.0,0.0,0.0,1,4,4.0,878.86,219.715,0.0,0.0,878.86,0.0,0.0,0,0,4,0,0,F,59,1.0,0.0,0.0,0,0,0,0,Asia
CUST_00124,2024-07-08,2024-12-17,2024-11-05,2025-03-17,132,252,0,False,1,0.0,0.0,0.0,0.0,0.0,0.0,0.0,0.0,0.0,0.0,1,1,1.0,1025.97,1025.97,0.0,1025.97,0.0,0.0,0.0,0,1,0,0,0,M,43,0.0,1.0,0.0,0,0,0,0,Europe
CUST_00135,2024-07-16,2024-12-17,2024-11-13,2025-03-17,124,244,0,False,1,0.0,0.0,0.0,0.0,0.0,0.0,0.0,0.0,0.0,0.0,1,3,3.0,927.68,309.22666666666663,0.0,0.0,0.0,0.0,927.68,0,0,0,0,3,M,43,1.0,0.0,0.0,0,0,0,0,Asia
CUST_00154,2024-08-14,2024-12-17,2024-12-12,2025-03-17,95,215,0,False,1,0.0,0.0,0.0,0.0,0.0,0.0,0.0,0.0,0.0,0.0,2,2,1.0,453.43,226.715,105.24,348.19,0.0,0.0,0.0,1,1,0,0,0,M,71,0.0,1.0,0.0,0,0,0,0,Europe
CUST_00156,2024-06-23,2024-12-17,2024-10-21,2024-12-31,71,191,1,True,0,1.0,0.0,0.0,0.0,1.0,0.0,0.0,0.0,0.0,0.0,2,6,3.0,3324.51,993.7270000000001,1671.32,0.0,0.0,1653.19,0.0,5,0,0,1,0,M,21,0.0,1.0,0.0,0,0,0,0,Europe
CUST_00160,2024-06-28,2024-12-17,2024-10-26,2025-03-17,142,262,0,False,1,0.0,0.0,0.0,0.0,0.0,0.0,0.0,0.0,0.0,0.0,1,4,4.0,1258.15,314.5375,1258.15,0.0,0.0,0.0,0.0,4,0,0,0,0,M,67,1.0,0.0,0.0,0,0,0,0,Asia
CUST_00164,2024-07-10,2024-12-17,2024-11-07,2025-03-17,130,250,0,False,1,0.0,0.0,0.0,0.0,0.0,0.0,0.0,0.0,0.0,0.0,2,5,2.5,1746.44,345.25083333333333,0.0,1096.31,0.0,650.13,0.0,0,3,0,2,0,Other,34,0.0,1.0,0.0,0,0,0,0,Europe
CUST_00165,2024-07-30,2024-12-17,2024-11-27,2025-03-17,110,230,0,False,1,0.0,0.0,0.0,0.0,0.0,0.0,0.0,0.0,0.0,0.0,3,6,2.0,1781.05,324.03444444444443,0.0,0.0,0.0,410.56,1370.49,0,0,0,2,4,M,63,0.0,1.0,0.0,0,0,0,0,Europe
CUST_00167,2024-07-27,2024-12-17,2024-11-24,2025-03-17,113,233,0,False,1,0.0,0.0,0.0,0.0,0.0,0.0,0.0,0.0,0.0,0.0,1,1,1.0,1976.69,1976.69,0.0,0.0,0.0,1976.69,0.0,0,0,0,1,0,Other,44,1.0,0.0,0.0,0,0,0,0,Asia
CUST_00179,2024-08-05,2024-12-17,2024-12-03,2025-03-17,104,224,0,False,1,0.0,0.0,0.0,0.0,0.0,0.0,0.0,0.0,0.0,0.0,1,4,4.0,261.82,65.455,0.0,0.0,261.82,0.0,0.0,0,0,4,0,0,M,33,1.0,0.0,0.0,0,0,0,0,Asia
CUST_00182,2024-07-28,2024-12-17,2024-11-25,2025-03-17,112,232,0,False,1,0.0,0.0,0.0,0.0,0.0,0.0,0.0,0.0,0.0,0.0,3,6,2.0,3144.5,524.0833333333334,0.0,1012.97,482.76,1648.77,0.0,0,2,2,2,0,M,63,1.0,0.0,0.0,0,0,0,0,Asia
CUST_00185,2024-07-03,2024-12-17,2024-10-31,2025-03-17,137,257,0,False,1,0.0,0.0,0.0,0.0,0.0,0.0,0.0,0.0,0.0,0.0,1,4,4.0,265.26,66.315,0.0,265.26,0.0,0.0,0.0,0,4,0,0,0,F,25,1.0,0.0,0.0,0,0,0,0,Asia
CUST_00191,2024-06-11,2024-12-17,2024-10-09,2025-03-17,159,279,0,False,1,0.0,0.0,0.0,0.0,0.0,0.0,0.0,0.0,0.0,0.0,1,1,1.0,520.35,520.35,0.0,520.35,0.0,0.0,0.0,0,1,0,0,0,F,23,0.0,0.0,1.0,0,0,0,0,North America
CUST_00192,2024-08-10,2024-12-17,2024-12-08,2025-03-17,99,219,0,False,1,0.0,0.0,0.0,0.0,0.0,0.0,0.0,0.0,0.0,0.0,1,3,3.0,1720.53,573.51,0.0,0.0,0.0,1720.53,0.0,0,0,0,3,0,F,70,1.0,0.0,0.0,0,0,0,0,Asia
CUST_00197,2024-08-17,2024-12-17,2024-12-15,2025-03-17,92,212,0,False,1,0.0,0.0,0.0,0.0,0.0,0.0,0.0,0.0,0.0,0.0,2,5,2.5,881.97,198.42666666666665,617.18,0.0,0.0,264.79,0.0,2,0,0,3,0,F,56,0.0,1.0,0.0,0,0,0,0,Europe
CUST_00205,2024-08-04,2024-12-17,2024-12-02,2025-03-17,105,225,0,False,1,0.0,0.0,0.0,0.0,0.0,0.0,0.0,0.0,0.0,0.0,2,5,2.5,2079.96,689.45625,0.0,1145.23,934.73,0.0,0.0,0,1,4,0,0,M,75,0.0,1.0,0.0,0,0,0,0,Europe
CUST_00208,2024-07-14,2024-12-17,2024-11-11,2025-03-17,126,246,0,False,1,0.0,0.0,0.0,0.0,0.0,0.0,0.0,0.0,0.0,0.0,2,2,1.0,2146.73,1073.365,880.01,0.0,0.0,0.0,1266.72,1,0,0,0,1,F,63,0.0,1.0,0.0,0,0,0,0,Europe
CUST_00216,2024-07-13,2024-12-17,2024-11-10,2025-03-17,127,247,0,False,1,0.0,0.0,0.0,0.0,0.0,0.0,0.0,0.0,0.0,0.0,1,2,2.0,870.17,435.085,0.0,0.0,0.0,870.17,0.0,0,0,0,2,0,M,39,0.0,1.0,0.0,0,0,0,0,Europe
CUST_00219,2024-06-27,2024-12-17,2024-10-25,2025-03-17,143,263,0,False,1,0.0,0.0,0.0,0.0,0.0,0.0,0.0,0.0,0.0,0.0,1,2,2.0,137.12,68.56,0.0,137.12,0.0,0.0,0.0,0,2,0,0,0,M,34,0.0,1.0,0.0,0,0,0,0,Europe
CUST_00220,2024-06-30,2024-12-17,2024-10-28,2025-03-17,140,260,0,False,1,0.0,0.0,0.0,0.0,0.0,0.0,0.0,0.0,0.0,0.0,2,3,1.5,1660.82,622.935,0.0,829.9,0.0,0.0,830.92,0,2,0,0,1,M,32,0.0,1.0,0.0,0,0,0,0,Europe
CUST_00225,2024-08-09,2024-12-17,2024-12-07,2025-03-17,100,220,0,False,1,0.0,0.0,0.0,0.0,0.0,0.0,0.0,0.0,0.0,0.0,2,3,1.5,2777.35,1096.29,2777.35,0.0,0.0,0.0,0.0,3,0,0,0,0,F,44,0.0,1.0,0.0,0,0,0,0,Europe
CUST_00231,2024-07-30,2024-12-17,2024-11-27,2025-03-17,110,230,0,False,1,0.0,0.0,0.0,0.0,0.0,0.0,0.0,0.0,0.0,0.0,2,4,2.0,1407.5700000000002,351.89250000000004,0.0,659.08,0.0,0.0,748.49,0,2,0,0,2,Other,24,1.0,0.0,0.0,0,0,0,0,Asia
CUST_00238,2024-06-20,2024-12-17,2024-10-18,2025-03-17,150,270,0,False,1,0.0,0.0,0.0,0.0,0.0,0.0,0.0,0.0,0.0,0.0,1,1,1.0,1381.81,1381.81,0.0,1381.81,0.0,0.0,0.0,0,1,0,0,0,F,27,0.0,1.0,0.0,0,0,0,0,Europe
CUST_00248,2024-07-03,2024-12-17,2024-10-31,2025-03-17,137,257,0,False,1,0.0,0.0,0.0,0.0,0.0,0.0,0.0,0.0,0.0,0.0,1,2,2.0,619.2,309.6,0.0,619.2,0.0,0.0,0.0,0,2,0,0,0,M,43,0.0,1.0,0.0,0,0,0,0,Europe
CUST_00253,2024-07-09,2024-12-17,2024-11-06,2025-03-17,131,251,0,False,1,0.0,0.0,0.0,0.0,0.0,0.0,0.0,0.0,0.0,0.0,1,2,2.0,1391.38,695.69,1391.38,0.0,0.0,0.0,0.0,2,0,0,0,0,F,32,1.0,0.0,0.0,0,0,0,0,Asia
CUST_00267,2024-07-20,2024-12-17,2024-11-17,2025-03-17,120,240,0,False,1,0.0,0.0,0.0,0.0,0.0,0.0,0.0,0.0,0.0,0.0,1,1,1.0,470.16,470.16,0.0,0.0,0.0,0.0,470.16,0,0,0,0,1,F,42,0.0,1.0,0.0,0,0,0,0,Europe
CUST_00270,2024-06-27,2024-12-17,2024-10-25,2025-03-17,143,263,0,False,1,0.0,0.0,0.0,0.0,0.0,0.0,0.0,0.0,0.0,0.0,1,3,3.0,1660.27,553.4233333333333,1660.27,0.0,0.0,0.0,0.0,3,0,0,0,0,M,65,1.0,0.0,0.0,0,0,0,0,Asia
CUST_00273,2024-07-17,2024-12-17,2024-11-14,2025-03-17,123,243,0,False,1,0.0,0.0,0.0,0.0,0.0,0.0,0.0,0.0,0.0,0.0,1,2,2.0,1945.57,972.785,0.0,0.0,0.0,0.0,1945.57,0,0,0,0,2,M,43,0.0,0.0,1.0,0,0,0,0,North America
CUST_00280,2024-06-26,2024-12-17,2024-10-24,2025-03-17,144,264,0,False,1,0.0,0.0,0.0,0.0,0.0,0.0,0.0,0.0,0.0,0.0,1,4,4.0,1205.82,301.455,0.0,0.0,0.0,0.0,1205.82,0,0,0,0,4,M,40,0.0,0.0,1.0,0,0,0,0,North America
CUST_00282,2024-07-29,2024-12-17,2024-11-26,2025-03-17,111,231,0,False,1,0.0,0.0,0.0,0.0,0.0,0.0,0.0,0.0,0.0,0.0,2,4,2.0,2491.42,873.2033333333334,0.0,0.0,0.0,1117.52,1373.9,0,0,0,3,1,M,50,0.0,1.0,0.0,0,0,0,0,Europe
CUST_00284,2024-07-24,2024-12-17,2024-11-21,2025-03-17,116,236,0,False,1,0.0,0.0,0.0,0.0,0.0,0.0,0.0,0.0,0.0,0.0,1,1,1.0,1826.65,1826.65,1826.65,0.0,0.0,0.0,0.0,1,0,0,0,0,F,57,0.0,1.0,0.0,0,0,0,0,Europe
CUST_00305,2024-08-03,2024-12-17,2024-12-01,2025-03-17,106,226,0,False,1,0.0,0.0,0.0,0.0,0.0,0.0,0.0,0.0,0.0,0.0,1,1,1.0,1954.91,1954.91,0.0,0.0,1954.91,0.0,0.0,0,0,1,0,0,F,69,1.0,0.0,0.0,0,0,0,0,Asia
CUST_00316,2024-06-04,2024-12-17,2024-10-02,2025-03-17,166,286,0,False,1,0.0,0.0,0.0,0.0,0.0,0.0,0.0,0.0,0.0,0.0,1,3,3.0,657.32,219.10666666666668,0.0,0.0,0.0,0.0,657.32,0,0,0,0,3,F,39,0.0,1.0,0.0,0,0,0,0,Europe
CUST_00338,2024-07-03,2024-12-17,2024-10-31,2025-03-17,137,257,0,False,1,0.0,0.0,0.0,0.0,0.0,0.0,0.0,0.0,0.0,0.0,1,1,1.0,1817.81,1817.81,0.0,0.0,0.0,0.0,1817.81,0,0,0,0,1,M,56,0.0,1.0,0.0,0,0,0,0,Europe
CUST_00346,2024-06-10,2024-12-17,2024-10-08,2025-03-17,160,280,0,False,1,0.0,0.0,0.0,0.0,0.0,0.0,0.0,0.0,0.0,0.0,1,2,2.0,1368.84,684.42,0.0,0.0,0.0,0.0,1368.84,0,0,0,0,2,M,30,1.0,0.0,0.0,0,0,0,0,Asia
CUST_00347,2024-07-02,2024-12-17,2024-10-30,2025-03-17,138,258,0,False,1,0.0,0.0,0.0,0.0,0.0,0.0,0.0,0.0,0.0,0.0,1,2,2.0,174.38,87.19,0.0,0.0,0.0,0.0,174.38,0,0,0,0,2,M,58,0.0,1.0,0.0,0,0,0,0,Europe
CUST_00351,2024-08-03,2024-12-17,2024-12-01,2025-03-17,106,226,0,False,0,0.0,0.0,0.0,0.0,0.0,0.0,0.0,0.0,0.0,0.0,1,2,2.0,136.0,68.0,0.0,0.0,0.0,0.0,136.0,0,0,0,0,2,F,60,0.0,1.0,0.0,0,0,0,0,Europe
CUST_00358,2024-06-28,2024-12-17,2024-10-26,2025-03-17,142,262,0,False,1,0.0,0.0,0.0,0.0,0.0,0.0,0.0,0.0,0.0,0.0,1,1,1.0,364.16,364.16,0.0,0.0,364.16,0.0,0.0,0,0,1,0,0,M,55,0.0,1.0,0.0,0,0,0,0,Europe
CUST_00362,2024-06-17,2024-12-17,2024-10-15,2025-03-17,153,273,0,False,1,0.0,0.0,0.0,0.0,0.0,0.0,0.0,0.0,0.0,0.0,1,2,2.0,1051.89,525.945,0.0,1051.89,0.0,0.0,0.0,0,2,0,0,0,M,69,0.0,1.0,0.0,0,0,0,0,Europe
CUST_00378,2024-06-22,2024-12-17,2024-10-20,2025-03-17,148,268,0,False,1,0.0,0.0,0.0,0.0,0.0,0.0,0.0,0.0,0.0,0.0,1,1,1.0,258.7,258.7,0.0,0.0,258.7,0.0,0.0,0,0,1,0,0,M,22,0.0,0.0,1.0,0,0,0,0,North America
CUST_00381,2024-07-15,2024-12-17,2024-11-12,2025-03-17,125,245,0,False,0,0.0,0.0,0.0,0.0,0.0,0.0,0.0,0.0,0.0,0.0,2,6,3.0,2476.36,412.7266666666667,0.0,0.0,0.0,0.0,2476.36,0,0,0,0,6,M,49,0.0,0.0,1.0,0,0,0,0,North America
CUST_00383,2024-06-07,2024-12-17,2024-10-05,2024-12-18,74,194,1,True,1,0.0,1.0,0.0,0.0,1.0,0.0,0.0,0.0,0.0,0.0,2,3,1.5,1337.63,445.96500000000003,0.0,0.0,0.0,891.4,446.23,0,0,0,2,1,M,55,1.0,0.0,0.0,0,0,0,0,Asia
CUST_00395,2024-07-16,2024-12-17,2024-11-13,2025-03-17,124,244,0,False,1,0.0,0.0,0.0,0.0,0.0,0.0,0.0,0.0,0.0,0.0,1,2,2.0,1941.86,970.93,0.0,0.0,0.0,1941.86,0.0,0,0,0,2,0,Other,59,0.0,1.0,0.0,0,0,0,0,Europe
CUST_00398,2024-07-27,2024-12-17,2024-11-24,2025-03-17,113,233,0,False,1,0.0,0.0,0.0,0.0,0.0,0.0,0.0,0.0,0.0,0.0,1,1,1.0,916.73,916.73,0.0,0.0,916.73,0.0,0.0,0,0,1,0,0,M,46,0.0,0.0,1.0,0,0,0,0,North America
CUST_00406,2024-06-13,2024-12-17,2024-10-11,2025-03-17,157,277,0,False,1,0.0,0.0,0.0,0.0,0.0,0.0,0.0,0.0,0.0,0.0,1,1,1.0,1297.4,1297.4,0.0,0.0,1297.4,0.0,0.0,0,0,1,0,0,M,52,0.0,1.0,0.0,0,0,0,0,Europe
CUST_00411,2024-07-25,2024-12-17,2024-11-22,2025-03-17,115,235,0,False,1,0.0,0.0,0.0,0.0,0.0,0.0,0.0,0.0,0.0,0.0,1,3,3.0,529.31,176.43666666666664,0.0,0.0,0.0,0.0,529.31,0,0,0,0,3,F,45,0.0,0.0,1.0,0,0,0,0,North America
CUST_00419,2024-08-12,2024-12-17,2024-12-10,2025-03-17,97,217,0,False,1,0.0,0.0,0.0,0.0,0.0,0.0,0.0,0.0,0.0,0.0,2,5,2.5,1112.49,239.82083333333333,0.0,459.62,0.0,0.0,652.87,0,3,0,0,2,F,73,1.0,0.0,0.0,0,0,0,0,Asia
CUST_00424,2024-06-29,2024-12-17,2024-10-27,2025-03-17,141,261,0,False,1,0.0,0.0,0.0,0.0,0.0,0.0,0.0,0.0,0.0,0.0,2,3,1.5,1404.1000000000001,392.88,1236.68,0.0,0.0,167.42,0.0,2,0,0,1,0,F,22,0.0,1.0,0.0,0,0,0,0,Europe
CUST_00426,2024-08-07,2024-12-17,2024-12-05,2025-03-17,102,222,0,False,0,0.0,0.0,0.0,0.0,0.0,0.0,0.0,0.0,0.0,0.0,2,3,1.5,1438.73,616.7875,0.0,0.0,0.0,0.0,1438.73,0,0,0,0,3,F,36,1.0,0.0,0.0,0,0,0,0,Asia
CUST_00429,2024-06-19,2024-12-17,2024-10-17,2025-03-17,151,271,0,False,1,0.0,0.0,0.0,0.0,0.0,0.0,0.0,0.0,0.0,0.0,1,4,4.0,1061.88,265.47,0.0,1061.88,0.0,0.0,0.0,0,4,0,0,0,M,26,0.0,1.0,0.0,0,0,0,0,Europe
CUST_00438,2024-07-15,2024-12-17,2024-11-12,2025-03-17,125,245,0,False,1,0.0,0.0,0.0,0.0,0.0,0.0,0.0,0.0,0.0,0.0,3,8,2.6666666666666665,2922.19,674.1894444444445,0.0,0.0,2922.19,0.0,0.0,0,0,8,0,0,F,50,1.0,0.0,0.0,0,0,0,0,Asia
CUST_00443,2024-07-30,2024-12-17,2024-11-27,2025-03-17,110,230,0,False,0,0.0,0.0,0.0,0.0,0.0,0.0,0.0,0.0,0.0,0.0,2,5,2.5,845.48,170.06083333333333,0.0,495.71,349.77,0.0,0.0,0,3,2,0,0,F,33,0.0,1.0,0.0,0,0,0,0,Europe
CUST_00447,2024-07-10,2024-12-17,2024-11-07,2025-03-17,130,250,0,False,1,0.0,0.0,0.0,0.0,0.0,0.0,0.0,0.0,0.0,0.0,1,1,1.0,1871.34,1871.34,1871.34,0.0,0.0,0.0,0.0,1,0,0,0,0,M,47,1.0,0.0,0.0,0,0,0,0,Asia
CUST_00455,2024-08-11,2024-12-17,2024-12-09,2024-12-20,11,131,1,True,1,0.0,1.0,0.0,0.0,1.0,0.0,0.0,0.0,0.0,0.0,3,7,2.3333333333333335,3646.88,613.7041666666667,1561.87,0.0,816.28,0.0,1268.73,4,0,1,0,2,F,63,0.0,0.0,1.0,0,0,0,0,North America
CUST_00469,2024-08-11,2024-12-17,2024-12-09,2025-03-17,98,218,0,False,1,0.0,0.0,0.0,0.0,0.0,0.0,0.0,0.0,0.0,0.0,2,4,2.0,3003.92,750.98,1300.23,0.0,0.0,1703.69,0.0,2,0,0,2,0,M,48,1.0,0.0,0.0,0,0,0,0,Asia
CUST_00472,2024-07-08,2024-12-17,2024-11-05,2025-03-17,132,252,0,False,1,0.0,0.0,0.0,0.0,0.0,0.0,0.0,0.0,0.0,0.0,1,2,2.0,1336.53,668.265,0.0,0.0,0.0,1336.53,0.0,0,0,0,2,0,Other,44,1.0,0.0,0.0,0,0,0,0,Asia
CUST_00475,2024-08-01,2024-12-17,2024-11-29,2025-03-17,108,228,0,False,0,0.0,0.0,0.0,0.0,0.0,0.0,0.0,0.0,0.0,0.0,4,10,2.5,3931.5099999999998,409.6116666666667,0.0,950.71,0.0,2980.8,0.0,0,5,0,5,0,F,25,0.0,1.0,0.0,0,0,0,0,Europe
CUST_00483,2024-08-12,2024-12-17,2024-12-10,2025-03-17,97,217,0,False,1,0.0,0.0,0.0,0.0,0.0,0.0,0.0,0.0,0.0,0.0,1,1,1.0,1054.36,1054.36,1054.36,0.0,0.0,0.0,0.0,1,0,0,0,0,M,61,0.0,1.0,0.0,0,0,0,0,Europe
CUST_00485,2024-08-18,2024-12-17,2024-12-16,2025-03-17,91,211,0,False,1,0.0,0.0,0.0,0.0,0.0,0.0,0.0,0.0,0.0,0.0,1,2,2.0,792.62,396.31,0.0,0.0,792.62,0.0,0.0,0,0,2,0,0,F,33,0.0,1.0,0.0,0,0,0,0,Europe
CUST_00490,2024-07-06,2024-12-17,2024-11-03,2025-03-17,134,254,0,False,1,0.0,0.0,0.0,0.0,0.0,0.0,0.0,0.0,0.0,0.0,2,5,2.5,2163.75,525.05,0.0,0.0,2163.75,0.0,0.0,0,0,5,0,0,M,32,0.0,1.0,0.0,0,0,0,0,Europe
CUST_00495,2024-08-10,2024-12-17,2024-12-08,2025-03-17,99,219,0,False,1,0.0,0.0,0.0,0.0,0.0,0.0,0.0,0.0,0.0,0.0,1,3,3.0,1085.18,361.7266666666667,0.0,0.0,1085.18,0.0,0.0,0,0,3,0,0,M,70,0.0,1.0,0.0,0,0,0,0,Europe
CUST_00498,2024-06-04,2024-12-17,2024-10-02,2025-03-17,166,286,0,False,1,0.0,0.0,0.0,0.0,0.0,0.0,0.0,0.0,0.0,0.0,1,1,1.0,1978.45,1978.45,1978.45,0.0,0.0,0.0,0.0,1,0,0,0,0,F,24,0.0,1.0,0.0,0,0,0,0,Europe
CUST_00501,2024-08-04,2024-12-17,2024-12-02,2025-03-17,105,225,0,False,0,0.0,0.0,0.0,0.0,0.0,0.0,0.0,0.0,0.0,0.0,2,4,2.0,2395.1000000000004,598.7750000000001,0.0,1481.64,0.0,913.46,0.0,0,2,0,2,0,F,41,0.0,0.0,1.0,0,0,0,0,North America
CUST_00503,2024-06-10,2024-12-17,2024-10-08,2025-03-17,160,280,0,False,1,0.0,0.0,0.0,0.0,0.0,0.0,0.0,0.0,0.0,0.0,1,2,2.0,1492.62,746.31,0.0,0.0,1492.62,0.0,0.0,0,0,2,0,0,M,36,0.0,1.0,0.0,0,0,0,0,Europe
CUST_00506,2024-06-14,2024-12-17,2024-10-12,2025-03-17,156,276,0,False,1,0.0,0.0,0.0,0.0,0.0,0.0,0.0,0.0,0.0,0.0,1,1,1.0,975.02,975.02,0.0,0.0,0.0,975.02,0.0,0,0,0,1,0,F,63,1.0,0.0,0.0,0,0,0,0,Asia
CUST_00511,2024-08-10,2024-12-17,2024-12-08,2025-03-17,99,219,0,False,1,0.0,0.0,0.0,0.0,0.0,0.0,0.0,0.0,0.0,0.0,3,9,3.0,4898.67,544.2966666666667,1861.82,0.0,1978.65,0.0,1058.2,3,0,3,0,3,F,59,1.0,0.0,0.0,0,0,0,0,Asia
CUST_00514,2024-07-24,2024-12-17,2024-11-21,2025-03-17,116,236,0,False,1,0.0,0.0,0.0,0.0,0.0,0.0,0.0,0.0,0.0,0.0,1,3,3.0,481.11,160.37,0.0,0.0,481.11,0.0,0.0,0,0,3,0,0,M,21,0.0,1.0,0.0,0,0,0,0,Europe
CUST_00523,2024-07-17,2024-12-17,2024-11-14,2025-03-17,123,243,0,False,1,0.0,0.0,0.0,0.0,0.0,0.0,0.0,0.0,0.0,0.0,1,2,2.0,184.54,92.27,0.0,0.0,0.0,184.54,0.0,0,0,0,2,0,F,75,0.0,1.0,0.0,0,0,0,0,Europe
CUST_00526,2024-08-18,2024-12-17,2024-12-16,2025-03-17,91,211,0,False,0,0.0,0.0,0.0,0.0,0.0,0.0,0.0,0.0,0.0,0.0,1,2,2.0,421.02,210.51,421.02,0.0,0.0,0.0,0.0,2,0,0,0,0,M,42,0.0,1.0,0.0,0,0,0,0,Europe
CUST_00536,2024-07-21,2024-12-17,2024-11-18,2025-03-17,119,239,0,False,1,0.0,0.0,0.0,0.0,0.0,0.0,0.0,0.0,0.0,0.0,1,2,2.0,1391.15,695.575,0.0,0.0,0.0,1391.15,0.0,0,0,0,2,0,M,37,0.0,1.0,0.0,0,0,0,0,Europe
CUST_00539,2024-06-29,2024-12-17,2024-10-27,2025-03-17,141,261,0,False,1,0.0,0.0,0.0,0.0,0.0,0.0,0.0,0.0,0.0,0.0,1,2,2.0,1368.57,684.285,1368.57,0.0,0.0,0.0,0.0,2,0,0,0,0,M,47,0.0,1.0,0.0,0,0,0,0,Europe
CUST_00545,2024-08-09,2024-12-17,2024-12-07,2025-03-17,100,220,0,False,1,0.0,0.0,0.0,0.0,0.0,0.0,0.0,0.0,0.0,0.0,2,4,2.0,1582.23,304.0783333333333,121.12,1461.11,0.0,0.0,0.0,1,3,0,0,0,F,25,1.0,0.0,0.0,0,0,0,0,Asia
CUST_00552,2024-07-09,2024-12-17,2024-11-06,2024-12-21,45,165,1,True,1,1.0,2.0,2.0,0.0,5.0,0.0,0.0,0.0,0.0,0.0,3,7,2.3333333333333335,2710.5899999999997,510.8233333333333,0.0,2206.7,0.0,0.0,503.89,0,4,0,0,3,M,29,1.0,0.0,0.0,0,0,0,0,Asia
CUST_00557,2024-06-22,2024-12-17,2024-10-20,2025-03-17,148,268,0,False,0,0.0,0.0,0.0,0.0,0.0,0.0,0.0,0.0,0.0,0.0,1,4,4.0,1497.37,374.3425,0.0,0.0,1497.37,0.0,0.0,0,0,4,0,0,F,71,1.0,0.0,0.0,0,0,0,0,Asia
CUST_00559,2024-07-28,2024-12-17,2024-11-25,2025-03-17,112,232,0,False,1,0.0,0.0,0.0,0.0,0.0,0.0,0.0,0.0,0.0,0.0,2,5,2.5,2572.23,724.68,0.0,1497.16,1075.07,0.0,0.0,0,4,1,0,0,F,60,0.0,1.0,0.0,0,0,0,0,Europe
CUST_00568,2024-07-27,2024-12-17,2024-11-24,2025-03-17,113,233,0,False,1,0.0,0.0,0.0,0.0,0.0,0.0,0.0,0.0,0.0,0.0,2,6,3.0,2429.46,404.90999999999997,1622.74,0.0,0.0,806.72,0.0,3,0,0,3,0,F,39,0.0,1.0,0.0,0,0,0,0,Europe
CUST_00569,2024-06-27,2024-12-17,2024-10-25,2025-03-17,143,263,0,False,1,0.0,0.0,0.0,0.0,0.0,0.0,0.0,0.0,0.0,0.0,1,1,1.0,765.78,765.78,0.0,765.78,0.0,0.0,0.0,0,1,0,0,0,M,53,0.0,1.0,0.0,0,0,0,0,Europe
CUST_00578,2024-06-25,2024-12-17,2024-10-23,2025-03-17,145,265,0,False,1,0.0,0.0,0.0,0.0,0.0,0.0,0.0,0.0,0.0,0.0,1,4,4.0,853.63,213.4075,0.0,0.0,853.63,0.0,0.0,0,0,4,0,0,F,57,0.0,1.0,0.0,0,0,0,0,Europe
CUST_00579,2024-06-21,2024-12-17,2024-10-19,2025-03-17,149,269,0,False,1,0.0,0.0,0.0,0.0,0.0,0.0,0.0,0.0,0.0,0.0,1,2,2.0,1087.25,543.625,0.0,0.0,1087.25,0.0,0.0,0,0,2,0,0,F,44,0.0,1.0,0.0,0,0,0,0,Europe
CUST_00582,2024-08-02,2024-12-17,2024-11-30,2025-03-17,107,227,0,False,1,0.0,0.0,0.0,0.0,0.0,0.0,0.0,0.0,0.0,0.0,1,1,1.0,969.44,969.44,0.0,0.0,0.0,969.44,0.0,0,0,0,1,0,M,31,0.0,1.0,0.0,0,0,0,0,Europe
CUST_00592,2024-08-13,2024-12-17,2024-12-11,2025-03-17,96,216,0,False,1,0.0,0.0,0.0,0.0,0.0,0.0,0.0,0.0,0.0,0.0,2,6,3.0,2036.1,339.35,0.0,1149.06,887.04,0.0,0.0,0,3,3,0,0,M,49,0.0,1.0,0.0,0,0,0,0,Europe
CUST_00594,2024-08-18,2024-12-17,2024-12-16,2025-03-17,91,211,0,False,1,0.0,0.0,0.0,0.0,0.0,0.0,0.0,0.0,0.0,0.0,3,6,2.0,3385.58,564.2633333333333,0.0,409.52,1533.59,0.0,1442.47,0,2,2,0,2,M,52,0.0,0.0,1.0,0,0,0,0,North America
CUST_00624,2024-06-02,2024-12-17,2024-09-30,2025-03-17,168,288,0,False,1,0.0,0.0,0.0,0.0,0.0,0.0,0.0,0.0,0.0,0.0,1,2,2.0,1458.08,729.04,0.0,0.0,0.0,0.0,1458.08,0,0,0,0,2,M,47,1.0,0.0,0.0,0,0,0,0,Asia
CUST_00628,2024-07-01,2024-12-17,2024-10-29,2025-03-17,139,259,0,False,0,0.0,0.0,0.0,0.0,0.0,0.0,0.0,0.0,0.0,0.0,2,6,3.0,2806.51,467.75166666666667,0.0,887.06,0.0,1919.45,0.0,0,3,0,3,0,Other,42,0.0,1.0,0.0,0,0,0,0,Europe
CUST_00636,2024-06-23,2024-12-17,2024-10-21,2025-03-17,147,267,0,False,0,0.0,0.0,0.0,0.0,0.0,0.0,0.0,0.0,0.0,0.0,1,1,1.0,1794.84,1794.84,0.0,1794.84,0.0,0.0,0.0,0,1,0,0,0,F,65,1.0,0.0,0.0,0,0,0,0,Asia
CUST_00637,2024-06-22,2024-12-17,2024-10-20,2025-03-17,148,268,0,False,1,0.0,0.0,0.0,0.0,0.0,0.0,0.0,0.0,0.0,0.0,1,3,3.0,1231.09,410.3633333333333,0.0,0.0,0.0,1231.09,0.0,0,0,0,3,0,F,47,1.0,0.0,0.0,0,0,0,0,Asia
CUST_00641,2024-07-20,2024-12-17,2024-11-17,2025-03-17,120,240,0,False,1,0.0,0.0,0.0,0.0,0.0,0.0,0.0,0.0,0.0,0.0,1,2,2.0,1462.37,731.185,0.0,0.0,0.0,1462.37,0.0,0,0,0,2,0,M,40,0.0,1.0,0.0,0,0,0,0,Europe
CUST_00645,2024-06-23,2024-12-17,2024-10-21,2025-03-17,147,267,0,False,1,0.0,0.0,0.0,0.0,0.0,0.0,0.0,0.0,0.0,0.0,1,3,3.0,661.55,220.51666666666665,0.0,661.55,0.0,0.0,0.0,0,3,0,0,0,F,52,0.0,0.0,1.0,0,0,0,0,North America
CUST_00648,2024-06-26,2024-12-17,2024-10-24,2025-03-17,144,264,0,False,1,0.0,0.0,0.0,0.0,0.0,0.0,0.0,0.0,0.0,0.0,1,2,2.0,1861.15,930.575,1861.15,0.0,0.0,0.0,0.0,2,0,0,0,0,M,41,1.0,0.0,0.0,0,0,0,0,Asia
CUST_00650,2024-06-16,2024-12-17,2024-10-14,2024-12-29,76,196,1,True,1,0.0,0.0,0.0,0.0,0.0,0.0,0.0,0.0,0.0,0.0,2,4,2.0,2398.61,1036.8216666666667,2398.61,0.0,0.0,0.0,0.0,4,0,0,0,0,M,40,0.0,1.0,0.0,0,0,0,0,Europe
CUST_00654,2024-06-25,2024-12-17,2024-10-23,2025-03-17,145,265,0,False,0,0.0,0.0,0.0,0.0,0.0,0.0,0.0,0.0,0.0,0.0,1,2,2.0,812.59,406.295,812.59,0.0,0.0,0.0,0.0,2,0,0,0,0,M,44,0.0,0.0,1.0,0,0,0,0,North America
CUST_00660,2024-07-07,2024-12-17,2024-11-04,2025-03-17,133,253,0,False,0,0.0,0.0,0.0,0.0,0.0,0.0,0.0,0.0,0.0,0.0,2,3,1.5,2267.35,845.0325,0.0,0.0,0.0,0.0,2267.35,0,0,0,0,3,F,27,1.0,0.0,0.0,0,0,0,0,Asia
CUST_00662,2024-06-18,2024-12-17,2024-10-16,2025-03-17,152,272,0,False,1,0.0,0.0,0.0,0.0,0.0,0.0,0.0,0.0,0.0,0.0,1,1,1.0,1883.89,1883.89,0.0,1883.89,0.0,0.0,0.0,0,1,0,0,0,M,63,1.0,0.0,0.0,0,0,0,0,Asia
CUST_00665,2024-07-08,2024-12-17,2024-11-05,2025-03-17,132,252,0,False,1,0.0,0.0,0.0,0.0,0.0,0.0,0.0,0.0,0.0,0.0,1,6,6.0,646.89,107.815,0.0,0.0,646.89,0.0,0.0,0,0,6,0,0,M,41,0.0,1.0,0.0,0,0,0,0,Europe
CUST_00669,2024-07-16,2024-12-17,2024-11-13,2025-03-17,124,244,0,False,1,0.0,0.0,0.0,0.0,0.0,0.0,0.0,0.0,0.0,0.0,1,1,1.0,817.4,817.4,817.4,0.0,0.0,0.0,0.0,1,0,0,0,0,F,27,0.0,1.0,0.0,0,0,0,0,Europe
CUST_00675,2024-08-10,2024-12-17,2024-12-08,2025-03-17,99,219,0,False,1,0.0,0.0,0.0,0.0,0.0,0.0,0.0,0.0,0.0,0.0,1,3,3.0,1872.62,624.2066666666666,1872.62,0.0,0.0,0.0,0.0,3,0,0,0,0,F,57,0.0,0.0,1.0,0,0,0,0,North America
CUST_00678,2024-06-20,2024-12-17,2024-10-18,2025-03-17,150,270,0,False,1,0.0,0.0,0.0,0.0,0.0,0.0,0.0,0.0,0.0,0.0,1,2,2.0,1485.94,742.97,0.0,0.0,0.0,1485.94,0.0,0,0,0,2,0,F,64,0.0,1.0,0.0,0,0,0,0,Europe
CUST_00680,2024-06-03,2024-12-17,2024-10-01,2025-03-17,167,287,0,False,0,0.0,0.0,0.0,0.0,0.0,0.0,0.0,0.0,0.0,0.0,1,2,2.0,1846.56,923.28,1846.56,0.0,0.0,0.0,0.0,2,0,0,0,0,F,57,0.0,1.0,0.0,0,0,0,0,Europe
CUST_00681,2024-07-21,2024-12-17,2024-11-18,2025-03-17,119,239,0,False,1,0.0,0.0,0.0,0.0,0.0,0.0,0.0,0.0,0.0,0.0,1,2,2.0,788.01,394.005,0.0,0.0,0.0,788.01,0.0,0,0,0,2,0,M,64,0.0,1.0,0.0,0,0,0,0,Europe
CUST_00702,2024-06-26,2024-12-17,2024-10-24,2025-03-17,144,264,0,False,1,0.0,0.0,0.0,0.0,0.0,0.0,0.0,0.0,0.0,0.0,2,7,3.5,2729.6400000000003,526.4970000000001,0.0,1039.42,0.0,1690.22,0.0,0,5,0,2,0,F,37,0.0,1.0,0.0,0,0,0,0,Europe
CUST_00710,2024-07-22,2024-12-17,2024-11-19,2025-03-17,118,238,0,False,1,0.0,0.0,0.0,0.0,0.0,0.0,0.0,0.0,0.0,0.0,1,2,2.0,1370.46,685.23,0.0,0.0,1370.46,0.0,0.0,0,0,2,0,0,F,41,0.0,0.0,1.0,0,0,0,0,North America
CUST_00717,2024-06-30,2024-12-17,2024-10-28,2025-03-17,140,260,0,False,0,0.0,0.0,0.0,0.0,0.0,0.0,0.0,0.0,0.0,0.0,3,7,2.3333333333333335,1136.35,210.91,0.0,101.16,380.92,0.0,654.27,0,3,1,0,3,F,64,1.0,0.0,0.0,0,0,0,0,Asia
CUST_00722,2024-08-07,2024-12-17,2024-12-05,2025-03-17,102,222,0,False,1,0.0,0.0,0.0,0.0,0.0,0.0,0.0,0.0,0.0,0.0,2,6,3.0,1229.69,240.79,1229.69,0.0,0.0,0.0,0.0,6,0,0,0,0,M,38,1.0,0.0,0.0,0,0,0,0,Asia
CUST_00731,2024-07-12,2024-12-17,2024-11-09,2025-03-17,128,248,0,False,1,0.0,0.0,0.0,0.0,0.0,0.0,0.0,0.0,0.0,0.0,1,3,3.0,1576.73,525.5766666666667,0.0,1576.73,0.0,0.0,0.0,0,3,0,0,0,F,74,0.0,0.0,1.0,0,0,0,0,North America
CUST_00732,2024-07-21,2024-12-17,2024-11-18,2025-03-17,119,239,0,False,1,0.0,0.0,0.0,0.0,0.0,0.0,0.0,0.0,0.0,0.0,2,7,3.5,1440.6599999999999,204.33416666666665,858.62,0.0,0.0,582.04,0.0,4,0,0,3,0,F,71,0.0,0.0,1.0,0,0,0,0,North America
CUST_00735,2024-07-28,2024-12-17,2024-11-25,2025-03-17,112,232,0,False,1,0.0,0.0,0.0,0.0,0.0,0.0,0.0,0.0,0.0,0.0,2,6,3.0,2293.06,324.83500000000004,0.0,0.0,0.0,305.62,1987.44,0,0,0,2,4,F,38,0.0,0.0,1.0,0,0,0,0,North America
CUST_00742,2024-08-15,2024-12-17,2024-12-13,2025-03-17,94,214,0,False,1,0.0,0.0,0.0,0.0,0.0,0.0,0.0,0.0,0.0,0.0,1,2,2.0,816.29,408.145,816.29,0.0,0.0,0.0,0.0,2,0,0,0,0,F,24,0.0,0.0,1.0,0,0,0,0,North America
CUST_00744,2024-07-20,2024-12-17,2024-11-17,2025-03-17,120,240,0,False,1,0.0,0.0,0.0,0.0,0.0,0.0,0.0,0.0,0.0,0.0,1,2,2.0,500.81,250.405,0.0,500.81,0.0,0.0,0.0,0,2,0,0,0,F,69,0.0,1.0,0.0,0,0,0,0,Europe
CUST_00747,2024-06-04,2024-12-17,2024-10-02,2025-03-17,166,286,0,False,1,0.0,0.0,0.0,0.0,0.0,0.0,0.0,0.0,0.0,0.0,1,1,1.0,1002.44,1002.44,0.0,0.0,1002.44,0.0,0.0,0,0,1,0,0,F,72,0.0,0.0,1.0,0,0,0,0,North America
CUST_00761,2024-07-27,2024-12-17,2024-11-24,2025-03-17,113,233,0,False,1,0.0,0.0,0.0,0.0,0.0,0.0,0.0,0.0,0.0,0.0,1,1,1.0,1175.26,1175.26,0.0,1175.26,0.0,0.0,0.0,0,1,0,0,0,F,31,1.0,0.0,0.0,0,0,0,0,Asia
CUST_00766,2024-08-03,2024-12-17,2024-12-01,2025-03-17,106,226,0,False,1,0.0,0.0,0.0,0.0,0.0,0.0,0.0,0.0,0.0,0.0,1,1,1.0,698.98,698.98,0.0,698.98,0.0,0.0,0.0,0,1,0,0,0,F,48,1.0,0.0,0.0,0,0,0,0,Asia
CUST_00768,2024-06-28,2024-12-17,2024-10-26,2025-03-17,142,262,0,False,1,0.0,0.0,0.0,0.0,0.0,0.0,0.0,0.0,0.0,0.0,1,2,2.0,349.59,174.795,0.0,349.59,0.0,0.0,0.0,0,2,0,0,0,M,35,1.0,0.0,0.0,0,0,0,0,Asia
CUST_00780,2024-06-28,2024-12-17,2024-10-26,2025-03-17,142,262,0,False,1,0.0,0.0,0.0,0.0,0.0,0.0,0.0,0.0,0.0,0.0,1,2,2.0,1453.41,726.705,0.0,0.0,1453.41,0.0,0.0,0,0,2,0,0,F,32,0.0,0.0,1.0,0,0,0,0,North America
CUST_00782,2024-06-29,2024-12-17,2024-10-27,2025-03-17,141,261,0,False,0,0.0,0.0,0.0,0.0,0.0,0.0,0.0,0.0,0.0,0.0,2,6,3.0,1815.69,281.07124999999996,1382.81,432.88,0.0,0.0,0.0,4,2,0,0,0,F,44,0.0,1.0,0.0,0,0,0,0,Europe
CUST_00785,2024-06-24,2024-12-17,2024-10-22,2025-03-17,146,266,0,False,1,0.0,0.0,0.0,0.0,0.0,0.0,0.0,0.0,0.0,0.0,1,1,1.0,1698.58,1698.58,0.0,0.0,0.0,0.0,1698.58,0,0,0,0,1,F,55,0.0,1.0,0.0,0,0,0,0,Europe
CUST_00798,2024-07-14,2024-12-17,2024-11-11,2025-03-17,126,246,0,False,1,0.0,0.0,0.0,0.0,0.0,0.0,0.0,0.0,0.0,0.0,1,2,2.0,182.16,91.08,0.0,0.0,182.16,0.0,0.0,0,0,2,0,0,F,27,0.0,1.0,0.0,0,0,0,0,Europe
CUST_00799,2024-07-07,2024-12-17,2024-11-04,2025-03-17,133,253,0,False,1,0.0,0.0,0.0,0.0,0.0,0.0,0.0,0.0,0.0,0.0,2,5,2.5,1555.25,277.0175,0.0,0.0,1341.54,0.0,213.71,0,0,3,0,2,M,62,1.0,0.0,0.0,0,0,0,0,Asia
CUST_00801,2024-07-22,2024-12-17,2024-11-19,2025-03-17,118,238,0,False,1,0.0,0.0,0.0,0.0,0.0,0.0,0.0,0.0,0.0,0.0,1,2,2.0,1654.91,827.455,0.0,0.0,1654.91,0.0,0.0,0,0,2,0,0,M,45,0.0,0.0,1.0,0,0,0,0,North America
CUST_00809,2024-06-26,2024-12-17,2024-10-24,2025-03-17,144,264,0,False,1,0.0,0.0,0.0,0.0,0.0,0.0,0.0,0.0,0.0,0.0,1,2,2.0,1674.12,837.06,0.0,0.0,0.0,0.0,1674.12,0,0,0,0,2,F,65,0.0,1.0,0.0,0,0,0,0,Europe
CUST_00810,2024-06-22,2024-12-17,2024-10-20,2025-03-17,148,268,0,False,1,0.0,0.0,0.0,0.0,0.0,0.0,0.0,0.0,0.0,0.0,1,3,3.0,707.52,235.84,0.0,0.0,0.0,0.0,707.52,0,0,0,0,3,F,64,1.0,0.0,0.0,0,0,0,0,Asia
CUST_00812,2024-07-21,2024-12-17,2024-11-18,2025-03-17,119,239,0,False,1,0.0,0.0,0.0,0.0,0.0,0.0,0.0,0.0,0.0,0.0,1,1,1.0,600.14,600.14,600.14,0.0,0.0,0.0,0.0,1,0,0,0,0,Other,44,1.0,0.0,0.0,0,0,0,0,Asia
CUST_00823,2024-07-03,2024-12-17,2024-10-31,2025-03-17,137,257,0,False,1,0.0,0.0,0.0,0.0,0.0,0.0,0.0,0.0,0.0,0.0,1,3,3.0,1483.16,494.3866666666667,0.0,0.0,0.0,0.0,1483.16,0,0,0,0,3,F,50,0.0,0.0,1.0,0,0,0,0,North America
CUST_00824,2024-06-16,2024-12-17,2024-10-14,2025-03-17,154,274,0,False,1,0.0,0.0,0.0,0.0,0.0,0.0,0.0,0.0,0.0,0.0,1,3,3.0,1589.48,529.8266666666667,0.0,0.0,1589.48,0.0,0.0,0,0,3,0,0,M,68,0.0,1.0,0.0,0,0,0,0,Europe
CUST_00828,2024-08-15,2024-12-17,2024-12-13,2025-03-17,94,214,0,False,1,0.0,0.0,0.0,0.0,0.0,0.0,0.0,0.0,0.0,0.0,4,5,1.25,3835.0099999999998,933.1837499999999,0.0,1522.3799999999999,0.0,2312.63,0.0,0,3,0,2,0,M,39,0.0,0.0,1.0,0,0,0,0,North America
CUST_00834,2024-07-06,2024-12-17,2024-11-03,2024-12-18,45,165,1,True,1,0.0,0.0,0.0,0.0,0.0,0.0,0.0,0.0,0.0,0.0,3,6,2.0,3152.1400000000003,553.3738888888889,0.0,0.0,2043.3500000000001,0.0,1108.79,0,0,3,0,3,F,67,1.0,0.0,0.0,0,0,0,0,Asia
CUST_00839,2024-07-26,2024-12-17,2024-11-23,2025-03-17,114,234,0,False,0,0.0,0.0,0.0,0.0,0.0,0.0,0.0,0.0,0.0,0.0,1,1,1.0,182.08,182.08,0.0,0.0,182.08,0.0,0.0,0,0,1,0,0,F,48,0.0,1.0,0.0,0,0,0,0,Europe
CUST_00848,2024-07-18,2024-12-17,2024-11-15,2025-03-17,122,242,0,False,1,0.0,0.0,0.0,0.0,0.0,0.0,0.0,0.0,0.0,0.0,2,3,1.5,2615.94,1053.21,1019.04,0.0,0.0,0.0,1596.9,2,0,0,0,1,M,71,1.0,0.0,0.0,0,0,0,0,Asia
CUST_00849,2024-07-26,2024-12-17,2024-11-23,2025-03-17,114,234,0,False,1,0.0,0.0,0.0,0.0,0.0,0.0,0.0,0.0,0.0,0.0,2,5,2.5,2993.1400000000003,621.3758333333334,1470.23,1522.91,0.0,0.0,0.0,2,3,0,0,0,F,29,0.0,1.0,0.0,0,0,0,0,Europe
CUST_00856,2024-07-29,2024-12-17,2024-11-26,2025-03-17,111,231,0,False,0,0.0,0.0,0.0,0.0,0.0,0.0,0.0,0.0,0.0,0.0,1,1,1.0,1022.93,1022.93,0.0,0.0,0.0,0.0,1022.93,0,0,0,0,1,M,71,0.0,1.0,0.0,0,0,0,0,Europe
CUST_00857,2024-06-02,2024-12-17,2024-09-30,2025-03-17,168,288,0,False,1,0.0,0.0,0.0,0.0,0.0,0.0,0.0,0.0,0.0,0.0,1,2,2.0,489.29,244.645,0.0,0.0,489.29,0.0,0.0,0,0,2,0,0,F,21,1.0,0.0,0.0,0,0,0,0,Asia
CUST_00869,2024-08-13,2024-12-17,2024-12-11,2025-03-17,96,216,0,False,1,0.0,0.0,0.0,0.0,0.0,0.0,0.0,0.0,0.0,0.0,2,4,2.0,2135.36,533.84,0.0,1562.42,0.0,572.94,0.0,0,2,0,2,0,F,54,1.0,0.0,0.0,0,0,0,0,Asia
CUST_00872,2024-06-10,2024-12-17,2024-10-08,2025-03-17,160,280,0,False,1,0.0,0.0,0.0,0.0,0.0,0.0,0.0,0.0,0.0,0.0,1,1,1.0,991.85,991.85,0.0,0.0,0.0,0.0,991.85,0,0,0,0,1,M,63,0.0,0.0,1.0,0,0,0,0,North America
CUST_00874,2024-08-18,2024-12-17,2024-12-16,2025-03-17,91,211,0,False,1,0.0,0.0,0.0,0.0,0.0,0.0,0.0,0.0,0.0,0.0,1,1,1.0,1367.01,1367.01,0.0,0.0,0.0,0.0,1367.01,0,0,0,0,1,F,42,0.0,0.0,1.0,0,0,0,0,North America
CUST_00879,2024-06-26,2024-12-17,2024-10-24,2025-03-17,144,264,0,False,0,0.0,0.0,0.0,0.0,0.0,0.0,0.0,0.0,0.0,0.0,1,1,1.0,254.9,254.9,0.0,0.0,0.0,254.9,0.0,0,0,0,1,0,F,28,1.0,0.0,0.0,0,0,0,0,Asia
CUST_00893,2024-07-04,2024-12-17,2024-11-01,2025-03-17,136,256,0,False,1,0.0,0.0,0.0,0.0,0.0,0.0,0.0,0.0,0.0,0.0,1,4,4.0,1036.06,259.015,0.0,1036.06,0.0,0.0,0.0,0,4,0,0,0,M,39,1.0,0.0,0.0,0,0,0,0,Asia
CUST_00900,2024-07-22,2024-12-17,2024-11-19,2025-03-17,118,238,0,False,1,0.0,0.0,0.0,0.0,0.0,0.0,0.0,0.0,0.0,0.0,1,2,2.0,262.52,131.26,0.0,0.0,0.0,262.52,0.0,0,0,0,2,0,F,67,0.0,0.0,1.0,0,0,0,0,North America
CUST_00922,2024-07-15,2024-12-17,2024-11-12,2025-03-17,125,245,0,False,1,0.0,0.0,0.0,0.0,0.0,0.0,0.0,0.0,0.0,0.0,2,4,2.0,2487.71,621.9275,1307.28,0.0,0.0,0.0,1180.43,2,0,0,0,2,M,64,0.0,1.0,0.0,0,0,0,0,Europe
CUST_00923,2024-07-18,2024-12-17,2024-11-15,2025-03-17,122,242,0,False,0,0.0,0.0,0.0,0.0,0.0,0.0,0.0,0.0,0.0,0.0,1,2,2.0,455.78,227.89,0.0,0.0,455.78,0.0,0.0,0,0,2,0,0,M,75,0.0,1.0,0.0,0,0,0,0,Europe
CUST_00937,2024-08-07,2024-12-17,2024-12-05,2025-03-17,102,222,0,False,1,0.0,0.0,0.0,0.0,0.0,0.0,0.0,0.0,0.0,0.0,1,1,1.0,1060.98,1060.98,0.0,0.0,0.0,1060.98,0.0,0,0,0,1,0,F,74,1.0,0.0,0.0,0,0,0,0,Asia
CUST_00941,2024-06-23,2024-12-17,2024-10-21,2025-03-17,147,267,0,False,1,0.0,0.0,0.0,0.0,0.0,0.0,0.0,0.0,0.0,0.0,1,3,3.0,1119.58,373.1933333333333,0.0,0.0,0.0,1119.58,0.0,0,0,0,3,0,F,38,0.0,0.0,1.0,0,0,0,0,North America
CUST_00945,2024-08-18,2024-12-17,2024-12-16,2025-03-17,91,211,0,False,1,0.0,0.0,0.0,0.0,0.0,0.0,0.0,0.0,0.0,0.0,2,4,2.0,2808.6499999999996,702.1624999999999,0.0,0.0,0.0,0.0,2808.6499999999996,0,0,0,0,4,M,42,0.0,0.0,1.0,0,0,0,0,North America
CUST_00951,2024-06-24,2024-12-17,2024-10-22,2025-03-17,146,266,0,False,1,0.0,0.0,0.0,0.0,0.0,0.0,0.0,0.0,0.0,0.0,1,1,1.0,1604.51,1604.51,0.0,0.0,0.0,0.0,1604.51,0,0,0,0,1,F,42,0.0,1.0,0.0,0,0,0,0,Europe
CUST_00952,2024-08-16,2024-12-17,2024-12-14,2025-03-17,93,213,0,False,1,0.0,0.0,0.0,0.0,0.0,0.0,0.0,0.0,0.0,0.0,2,3,1.5,1812.1599999999999,719.4449999999999,746.54,0.0,0.0,1065.62,0.0,2,0,0,1,0,M,24,1.0,0.0,0.0,0,0,0,0,Asia
CUST_00953,2024-06-06,2024-12-17,2024-10-04,2025-03-17,164,284,0,False,0,0.0,0.0,0.0,0.0,0.0,0.0,0.0,0.0,0.0,0.0,1,1,1.0,1049.42,1049.42,0.0,0.0,0.0,0.0,1049.42,0,0,0,0,1,F,38,1.0,0.0,0.0,0,0,0,0,Asia
CUST_00957,2024-06-20,2024-12-17,2024-10-18,2025-03-17,150,270,0,False,1,0.0,0.0,0.0,0.0,0.0,0.0,0.0,0.0,0.0,0.0,1,2,2.0,1283.38,641.69,0.0,0.0,1283.38,0.0,0.0,0,0,2,0,0,M,46,0.0,1.0,0.0,0,0,0,0,Europe
CUST_00959,2024-06-11,2024-12-17,2024-10-09,2025-03-17,159,279,0,False,1,0.0,0.0,0.0,0.0,0.0,0.0,0.0,0.0,0.0,0.0,1,3,3.0,1814.02,604.6733333333333,0.0,0.0,1814.02,0.0,0.0,0,0,3,0,0,F,34,0.0,1.0,0.0,0,0,0,0,Europe
CUST_00967,2024-06-29,2024-12-17,2024-10-27,2025-03-17,141,261,0,False,1,0.0,0.0,0.0,0.0,0.0,0.0,0.0,0.0,0.0,0.0,1,3,3.0,1828.39,609.4633333333334,0.0,0.0,0.0,0.0,1828.39,0,0,0,0,3,M,66,0.0,0.0,1.0,0,0,0,0,North America
CUST_00970,2024-08-14,2024-12-17,2024-12-12,2025-03-17,95,215,0,False,1,0.0,0.0,0.0,0.0,0.0,0.0,0.0,0.0,0.0,0.0,1,4,4.0,578.31,144.5775,0.0,578.31,0.0,0.0,0.0,0,4,0,0,0,M,52,0.0,1.0,0.0,0,0,0,0,Europe
CUST_00981,2024-06-15,2024-12-17,2024-10-13,2025-03-17,155,275,0,False,1,0.0,0.0,0.0,0.0,0.0,0.0,0.0,0.0,0.0,0.0,1,2,2.0,708.54,354.27,0.0,0.0,0.0,0.0,708.54,0,0,0,0,2,F,25,1.0,0.0,0.0,0,0,0,0,Asia
CUST_00982,2024-08-12,2024-12-17,2024-12-10,2025-03-17,97,217,0,False,1,0.0,0.0,0.0,0.0,0.0,0.0,0.0,0.0,0.0,0.0,3,10,3.3333333333333335,3978.79,491.672,0.0,2057.62,1921.17,0.0,0.0,0,7,3,0,0,M,29,0.0,1.0,0.0,0,0,0,0,Europe
CUST_01002,2024-06-23,2024-12-17,2024-10-21,2025-03-17,147,267,0,False,1,0.0,0.0,0.0,0.0,0.0,0.0,0.0,0.0,0.0,0.0,2,3,1.5,1141.65,352.46000000000004,0.0,0.0,0.0,1141.65,0.0,0,0,0,3,0,F,25,0.0,1.0,0.0,0,0,0,0,Europe
CUST_01015,2024-07-31,2024-12-17,2024-11-28,2025-03-17,109,229,0,False,1,0.0,0.0,0.0,0.0,0.0,0.0,0.0,0.0,0.0,0.0,1,2,2.0,961.97,480.985,0.0,961.97,0.0,0.0,0.0,0,2,0,0,0,F,64,0.0,1.0,0.0,0,0,0,0,Europe
CUST_01018,2024-08-16,2024-12-17,2024-12-14,2025-03-17,93,213,0,False,1,0.0,0.0,0.0,0.0,0.0,0.0,0.0,0.0,0.0,0.0,1,3,3.0,685.44,228.48000000000002,685.44,0.0,0.0,0.0,0.0,3,0,0,0,0,M,42,1.0,0.0,0.0,0,0,0,0,Asia
CUST_01024,2024-08-11,2024-12-17,2024-12-09,2025-03-17,98,218,0,False,1,0.0,0.0,0.0,0.0,0.0,0.0,0.0,0.0,0.0,0.0,6,16,2.6666666666666665,5699.22,456.8386111111111,0.0,2274.6800000000003,434.84,932.43,2057.27,0,3,3,2,8,F,67,0.0,1.0,0.0,0,0,0,0,Europe
CUST_01027,2024-06-26,2024-12-17,2024-10-24,2025-03-17,144,264,0,False,1,0.0,0.0,0.0,0.0,0.0,0.0,0.0,0.0,0.0,0.0,2,7,3.5,2694.48,393.5191666666667,0.0,0.0,1333.46,1361.02,0.0,0,0,4,3,0,F,54,0.0,1.0,0.0,0,0,0,0,Europe
CUST_01053,2024-07-03,2024-12-17,2024-10-31,2025-03-17,137,257,0,False,1,0.0,0.0,0.0,0.0,0.0,0.0,0.0,0.0,0.0,0.0,1,1,1.0,271.26,271.26,0.0,271.26,0.0,0.0,0.0,0,1,0,0,0,F,25,0.0,1.0,0.0,0,0,0,0,Europe
CUST_01055,2024-07-12,2024-12-17,2024-11-09,2025-03-17,128,248,0,False,1,0.0,0.0,0.0,0.0,0.0,0.0,0.0,0.0,0.0,0.0,2,5,2.5,2743.45,781.93625,1572.77,1170.68,0.0,0.0,0.0,4,1,0,0,0,F,73,1.0,0.0,0.0,0,0,0,0,Asia
CUST_01061,2024-08-17,2024-12-17,2024-12-15,2025-03-17,92,212,0,False,1,0.0,0.0,0.0,0.0,0.0,0.0,0.0,0.0,0.0,0.0,1,1,1.0,574.74,574.74,0.0,0.0,574.74,0.0,0.0,0,0,1,0,0,F,31,0.0,1.0,0.0,0,0,0,0,Europe
CUST_01062,2024-07-04,2024-12-17,2024-11-01,2025-03-17,136,256,0,False,1,0.0,0.0,0.0,0.0,0.0,0.0,0.0,0.0,0.0,0.0,2,6,3.0,1672.98,278.83000000000004,0.0,1379.71,0.0,0.0,293.27,0,3,0,0,3,F,58,0.0,1.0,0.0,0,0,0,0,Europe
CUST_01069,2024-08-17,2024-12-17,2024-12-15,2025-03-17,92,212,0,False,1,0.0,0.0,0.0,0.0,0.0,0.0,0.0,0.0,0.0,0.0,4,8,2.0,3021.29,533.8854166666666,1662.54,870.48,0.0,0.0,488.27,3,2,0,0,3,F,39,1.0,0.0,0.0,0,0,0,0,Asia
CUST_01084,2024-07-13,2024-12-17,2024-11-10,2025-03-17,127,247,0,False,1,0.0,0.0,0.0,0.0,0.0,0.0,0.0,0.0,0.0,0.0,2,4,2.0,2222.82,589.9200000000001,0.0,1564.47,0.0,658.35,0.0,0,3,0,1,0,F,66,0.0,1.0,0.0,0,0,0,0,Europe
CUST_01093,2024-06-08,2024-12-17,2024-10-06,2025-03-17,162,282,0,False,1,0.0,0.0,0.0,0.0,0.0,0.0,0.0,0.0,0.0,0.0,1,1,1.0,626.04,626.04,0.0,0.0,0.0,626.04,0.0,0,0,0,1,0,M,42,0.0,0.0,1.0,0,0,0,0,North America
CUST_01096,2024-07-09,2024-12-17,2024-11-06,2025-03-17,131,251,0,False,1,0.0,0.0,0.0,0.0,0.0,0.0,0.0,0.0,0.0,0.0,1,1,1.0,1585.89,1585.89,0.0,0.0,0.0,0.0,1585.89,0,0,0,0,1,Other,36,0.0,1.0,0.0,0,0,0,0,Europe
CUST_01105,2024-07-22,2024-12-17,2024-11-19,2024-12-25,36,156,1,True,1,2.0,0.0,0.0,0.0,2.0,1.0,0.0,0.0,0.0,1.0,4,9,2.25,4867.44,663.3579166666666,1653.51,774.12,0.0,2439.81,0.0,2,3,0,4,0,F,50,1.0,0.0,0.0,0,0,0,0,Asia
CUST_01107,2024-06-05,2024-12-17,2024-10-03,2025-03-17,165,285,0,False,1,0.0,0.0,0.0,0.0,0.0,0.0,0.0,0.0,0.0,0.0,1,1,1.0,416.64,416.64,0.0,0.0,0.0,416.64,0.0,0,0,0,1,0,F,31,0.0,1.0,0.0,0,0,0,0,Europe
CUST_01108,2024-08-08,2024-12-17,2024-12-06,2024-12-20,14,134,1,True,1,0.0,0.0,0.0,0.0,0.0,0.0,0.0,0.0,0.0,0.0,2,5,2.5,1075.67,234.37166666666667,414.55,0.0,661.12,0.0,0.0,3,0,2,0,0,M,70,0.0,1.0,0.0,0,0,0,0,Europe
CUST_01111,2024-07-30,2024-12-17,2024-11-27,2025-03-17,110,230,0,False,1,0.0,0.0,0.0,0.0,0.0,0.0,0.0,0.0,0.0,0.0,2,5,2.5,2089.7400000000002,958.30875,0.0,230.83,1858.91,0.0,0.0,0,4,1,0,0,F,23,1.0,0.0,0.0,0,0,0,0,Asia
CUST_01119,2024-08-09,2024-12-17,2024-12-07,2025-03-17,100,220,0,False,1,0.0,0.0,0.0,0.0,0.0,0.0,0.0,0.0,0.0,0.0,2,6,3.0,3071.54,511.9233333333333,1864.29,1207.25,0.0,0.0,0.0,3,3,0,0,0,F,46,0.0,1.0,0.0,0,0,0,0,Europe
CUST_01129,2024-07-22,2024-12-17,2024-11-19,2025-03-17,118,238,0,False,0,0.0,0.0,0.0,0.0,0.0,0.0,0.0,0.0,0.0,0.0,2,4,2.0,2180.83,545.2075,640.0,0.0,0.0,1540.83,0.0,2,0,0,2,0,M,45,0.0,1.0,0.0,0,0,0,0,Europe
CUST_01133,2024-06-14,2024-12-17,2024-10-12,2025-03-17,156,276,0,False,1,0.0,0.0,0.0,0.0,0.0,0.0,0.0,0.0,0.0,0.0,1,1,1.0,399.51,399.51,0.0,0.0,399.51,0.0,0.0,0,0,1,0,0,F,52,1.0,0.0,0.0,0,0,0,0,Asia
CUST_01137,2024-07-20,2024-12-17,2024-11-17,2025-03-17,120,240,0,False,1,0.0,0.0,0.0,0.0,0.0,0.0,0.0,0.0,0.0,0.0,2,3,1.5,2028.48,823.47,0.0,0.0,0.0,0.0,2028.48,0,0,0,0,3,F,56,0.0,1.0,0.0,0,0,0,0,Europe
CUST_01138,2024-07-29,2024-12-17,2024-11-26,2025-03-17,111,231,0,False,1,0.0,0.0,0.0,0.0,0.0,0.0,0.0,0.0,0.0,0.0,2,3,1.5,3384.82,1321.6200000000001,0.0,0.0,1901.66,1483.16,0.0,0,0,1,2,0,M,48,0.0,1.0,0.0,0,0,0,0,Europe
CUST_01143,2024-07-08,2024-12-17,2024-11-05,2025-03-17,132,252,0,False,1,0.0,0.0,0.0,0.0,0.0,0.0,0.0,0.0,0.0,0.0,2,2,1.0,1708.3600000000001,854.1800000000001,0.0,0.0,0.0,1421.69,286.67,0,0,0,1,1,F,22,1.0,0.0,0.0,0,0,0,0,Asia
CUST_01147,2024-07-16,2024-12-17,2024-11-13,2025-03-17,124,244,0,False,1,0.0,0.0,0.0,0.0,0.0,0.0,0.0,0.0,0.0,0.0,1,2,2.0,1563.36,781.68,0.0,1563.36,0.0,0.0,0.0,0,2,0,0,0,F,25,0.0,1.0,0.0,0,0,0,0,Europe
CUST_01159,2024-08-07,2024-12-17,2024-12-05,2025-03-17,102,222,0,False,0,0.0,0.0,0.0,0.0,0.0,0.0,0.0,0.0,0.0,0.0,1,1,1.0,1453.83,1453.83,0.0,0.0,0.0,0.0,1453.83,0,0,0,0,1,F,22,1.0,0.0,0.0,0,0,0,0,Asia
CUST_01160,2024-07-07,2024-12-17,2024-11-04,2025-03-17,133,253,0,False,1,0.0,0.0,0.0,0.0,0.0,0.0,0.0,0.0,0.0,0.0,1,1,1.0,1279.38,1279.38,1279.38,0.0,0.0,0.0,0.0,1,0,0,0,0,M,72,0.0,0.0,1.0,0,0,0,0,North America
CUST_01161,2024-08-11,2024-12-17,2024-12-09,2025-03-17,98,218,0,False,0,0.0,0.0,0.0,0.0,0.0,0.0,0.0,0.0,0.0,0.0,1,1,1.0,1870.21,1870.21,0.0,0.0,1870.21,0.0,0.0,0,0,1,0,0,F,57,1.0,0.0,0.0,0,0,0,0,Asia
CUST_01164,2024-07-15,2024-12-17,2024-11-12,2025-03-17,125,245,0,False,1,0.0,0.0,0.0,0.0,0.0,0.0,0.0,0.0,0.0,0.0,1,1,1.0,1058.77,1058.77,0.0,0.0,1058.77,0.0,0.0,0,0,1,0,0,M,56,0.0,1.0,0.0,0,0,0,0,Europe
CUST_01187,2024-08-17,2024-12-17,2024-12-15,2025-03-17,92,212,0,False,1,0.0,0.0,0.0,0.0,0.0,0.0,0.0,0.0,0.0,0.0,3,5,1.6666666666666667,4867.12,1135.2233333333334,1997.75,0.0,0.0,0.0,2869.37,2,0,0,0,3,F,63,0.0,1.0,0.0,0,0,0,0,Europe
CUST_01189,2024-08-16,2024-12-17,2024-12-14,2025-03-17,93,213,0,False,1,0.0,0.0,0.0,0.0,0.0,0.0,0.0,0.0,0.0,0.0,3,4,1.3333333333333333,4176.33,1261.2983333333334,0.0,0.0,2266.11,1910.22,0.0,0,0,3,1,0,M,74,0.0,1.0,0.0,0,0,0,0,Europe
CUST_01195,2024-07-19,2024-12-17,2024-11-16,2025-03-17,121,241,0,False,1,0.0,0.0,0.0,0.0,0.0,0.0,0.0,0.0,0.0,0.0,1,2,2.0,194.71,97.355,194.71,0.0,0.0,0.0,0.0,2,0,0,0,0,F,67,1.0,0.0,0.0,0,0,0,0,Asia
CUST_01197,2024-06-09,2024-12-17,2024-10-07,2025-03-17,161,281,0,False,1,0.0,0.0,0.0,0.0,0.0,0.0,0.0,0.0,0.0,0.0,1,1,1.0,1200.52,1200.52,0.0,1200.52,0.0,0.0,0.0,0,1,0,0,0,Other,61,0.0,0.0,1.0,0,0,0,0,North America
CUST_01203,2024-08-07,2024-12-17,2024-12-05,2025-03-17,102,222,0,False,1,0.0,0.0,0.0,0.0,0.0,0.0,0.0,0.0,0.0,0.0,1,2,2.0,1965.13,982.565,0.0,0.0,1965.13,0.0,0.0,0,0,2,0,0,F,45,0.0,0.0,1.0,0,0,0,0,North America
CUST_01204,2024-07-20,2024-12-17,2024-11-17,2025-03-17,120,240,0,False,1,0.0,0.0,0.0,0.0,0.0,0.0,0.0,0.0,0.0,0.0,2,4,2.0,2195.88,548.97,1910.71,0.0,0.0,0.0,285.17,2,0,0,0,2,M,27,1.0,0.0,0.0,0,0,0,0,Asia
CUST_01210,2024-07-12,2024-12-17,2024-11-09,2025-03-17,128,248,0,False,1,0.0,0.0,0.0,0.0,0.0,0.0,0.0,0.0,0.0,0.0,1,2,2.0,1310.19,655.095,1310.19,0.0,0.0,0.0,0.0,2,0,0,0,0,F,65,1.0,0.0,0.0,0,0,0,0,Asia
CUST_01217,2024-07-20,2024-12-17,2024-11-17,2025-03-17,120,240,0,False,1,0.0,0.0,0.0,0.0,0.0,0.0,0.0,0.0,0.0,0.0,1,2,2.0,740.1,370.05,0.0,0.0,0.0,0.0,740.1,0,0,0,0,2,F,36,0.0,1.0,0.0,0,0,0,0,Europe
CUST_01219,2024-07-31,2024-12-17,2024-11-28,2025-03-17,109,229,0,False,1,0.0,0.0,0.0,0.0,0.0,0.0,0.0,0.0,0.0,0.0,2,2,1.0,1518.8,759.4,358.83,0.0,1159.97,0.0,0.0,1,0,1,0,0,F,47,1.0,0.0,0.0,0,0,0,0,Asia
CUST_01226,2024-07-06,2024-12-17,2024-11-03,2025-03-17,134,254,0,False,1,0.0,0.0,0.0,0.0,0.0,0.0,0.0,0.0,0.0,0.0,1,1,1.0,846.59,846.59,0.0,0.0,0.0,846.59,0.0,0,0,0,1,0,F,41,0.0,1.0,0.0,0,0,0,0,Europe
CUST_01229,2024-06-19,2024-12-17,2024-10-17,2025-03-17,151,271,0,False,0,0.0,0.0,0.0,0.0,0.0,0.0,0.0,0.0,0.0,0.0,1,4,4.0,257.18,64.295,0.0,0.0,257.18,0.0,0.0,0,0,4,0,0,F,71,1.0,0.0,0.0,0,0,0,0,Asia
CUST_01236,2024-07-02,2024-12-17,2024-10-30,2025-03-17,138,258,0,False,1,0.0,0.0,0.0,0.0,0.0,0.0,0.0,0.0,0.0,0.0,1,2,2.0,843.57,421.785,843.57,0.0,0.0,0.0,0.0,2,0,0,0,0,M,34,1.0,0.0,0.0,0,0,0,0,Asia
CUST_01238,2024-08-10,2024-12-17,2024-12-08,2025-03-17,99,219,0,False,1,0.0,0.0,0.0,0.0,0.0,0.0,0.0,0.0,0.0,0.0,3,4,1.3333333333333333,3085.54,874.1233333333333,0.0,926.34,0.0,2159.2,0.0,0,2,0,2,0,F,58,0.0,1.0,0.0,0,0,0,0,Europe
CUST_01239,2024-07-17,2024-12-17,2024-11-14,2025-03-17,123,243,0,False,1,0.0,0.0,0.0,0.0,0.0,0.0,0.0,0.0,0.0,0.0,1,1,1.0,141.21,141.21,0.0,0.0,141.21,0.0,0.0,0,0,1,0,0,F,36,0.0,0.0,1.0,0,0,0,0,North America
CUST_01260,2024-06-21,2024-12-17,2024-10-19,2025-03-17,149,269,0,False,1,0.0,0.0,0.0,0.0,0.0,0.0,0.0,0.0,0.0,0.0,2,4,2.0,2400.0099999999998,648.2149999999999,0.0,1655.37,744.64,0.0,0.0,0,3,1,0,0,F,36,0.0,0.0,1.0,0,0,0,0,North America
CUST_01273,2024-07-15,2024-12-17,2024-11-12,2025-03-17,125,245,0,False,1,0.0,0.0,0.0,0.0,0.0,0.0,0.0,0.0,0.0,0.0,1,1,1.0,1249.51,1249.51,0.0,0.0,0.0,0.0,1249.51,0,0,0,0,1,F,29,0.0,1.0,0.0,0,0,0,0,Europe
CUST_01274,2024-08-11,2024-12-17,2024-12-09,2025-03-17,98,218,0,False,1,0.0,0.0,0.0,0.0,0.0,0.0,0.0,0.0,0.0,0.0,2,3,1.5,2751.0,887.6125,0.0,0.0,0.0,799.45,1951.55,0,0,0,1,2,F,47,0.0,0.0,1.0,0,0,0,0,North America
CUST_01283,2024-07-19,2024-12-17,2024-11-16,2025-03-17,121,241,0,False,1,0.0,0.0,0.0,0.0,0.0,0.0,0.0,0.0,0.0,0.0,1,5,5.0,1713.88,342.776,0.0,0.0,0.0,1713.88,0.0,0,0,0,5,0,F,43,0.0,1.0,0.0,0,0,0,0,Europe
CUST_01288,2024-06-25,2024-12-17,2024-10-23,2025-03-17,145,265,0,False,1,0.0,0.0,0.0,0.0,0.0,0.0,0.0,0.0,0.0,0.0,1,3,3.0,1328.52,442.84,0.0,0.0,0.0,0.0,1328.52,0,0,0,0,3,M,72,0.0,1.0,0.0,0,0,0,0,Europe
CUST_01295,2024-07-01,2024-12-17,2024-10-29,2025-03-17,139,259,0,False,1,0.0,0.0,0.0,0.0,0.0,0.0,0.0,0.0,0.0,0.0,1,3,3.0,158.65,52.88333333333333,0.0,0.0,0.0,158.65,0.0,0,0,0,3,0,M,22,1.0,0.0,0.0,0,0,0,0,Asia
CUST_01311,2024-07-07,2024-12-17,2024-11-04,2025-03-17,133,253,0,False,1,0.0,0.0,0.0,0.0,0.0,0.0,0.0,0.0,0.0,0.0,2,4,2.0,1268.63,317.1575,0.0,0.0,615.82,652.81,0.0,0,0,2,2,0,F,64,1.0,0.0,0.0,0,0,0,0,Asia
CUST_01324,2024-07-11,2024-12-17,2024-11-08,2024-12-22,44,164,1,True,1,0.0,1.0,0.0,0.0,1.0,0.0,0.0,0.0,0.0,0.0,2,7,3.5,2801.85,403.3245833333333,2801.85,0.0,0.0,0.0,0.0,7,0,0,0,0,M,56,0.0,1.0,0.0,0,0,0,0,Europe
CUST_01336,2024-07-29,2024-12-17,2024-11-26,2025-03-17,111,231,0,False,1,0.0,0.0,0.0,0.0,0.0,0.0,0.0,0.0,0.0,0.0,2,3,1.5,1905.49,872.9150000000001,319.32,0.0,0.0,1586.17,0.0,2,0,0,1,0,F,64,0.0,1.0,0.0,0,0,0,0,Europe
CUST_01337,2024-06-15,2024-12-17,2024-10-13,2025-03-17,155,275,0,False,1,0.0,0.0,0.0,0.0,0.0,0.0,0.0,0.0,0.0,0.0,1,1,1.0,1766.88,1766.88,0.0,0.0,0.0,0.0,1766.88,0,0,0,0,1,F,50,0.0,0.0,1.0,0,0,0,0,North America
CUST_01361,2024-07-15,2024-12-17,2024-11-12,2025-03-17,125,245,0,False,1,0.0,0.0,0.0,0.0,0.0,0.0,0.0,0.0,0.0,0.0,2,4,2.0,2189.02,547.255,1419.08,769.94,0.0,0.0,0.0,2,2,0,0,0,F,47,0.0,1.0,0.0,0,0,0,0,Europe
CUST_01369,2024-06-06,2024-12-17,2024-10-04,2025-03-17,164,284,0,False,1,0.0,0.0,0.0,0.0,0.0,0.0,0.0,0.0,0.0,0.0,1,2,2.0,808.98,404.49,0.0,0.0,808.98,0.0,0.0,0,0,2,0,0,M,30,0.0,1.0,0.0,0,0,0,0,Europe
CUST_01374,2024-06-17,2024-12-17,2024-10-15,2025-03-17,153,273,0,False,1,0.0,0.0,0.0,0.0,0.0,0.0,0.0,0.0,0.0,0.0,1,2,2.0,509.28,254.64,0.0,0.0,0.0,0.0,509.28,0,0,0,0,2,M,40,0.0,1.0,0.0,0,0,0,0,Europe
CUST_01385,2024-06-27,2024-12-17,2024-10-25,2025-03-17,143,263,0,False,0,0.0,0.0,0.0,0.0,0.0,0.0,0.0,0.0,0.0,0.0,1,1,1.0,1559.57,1559.57,0.0,0.0,0.0,1559.57,0.0,0,0,0,1,0,F,67,0.0,0.0,1.0,0,0,0,0,North America
CUST_01395,2024-07-24,2024-12-17,2024-11-21,2025-03-17,116,236,0,False,1,0.0,0.0,0.0,0.0,0.0,0.0,0.0,0.0,0.0,0.0,1,1,1.0,845.22,845.22,0.0,0.0,0.0,0.0,845.22,0,0,0,0,1,F,51,1.0,0.0,0.0,0,0,0,0,Asia
CUST_01398,2024-08-10,2024-12-17,2024-12-08,2025-03-17,99,219,0,False,1,0.0,0.0,0.0,0.0,0.0,0.0,0.0,0.0,0.0,0.0,2,3,1.5,2937.13,1187.8525,0.0,0.0,0.0,0.0,2937.13,0,0,0,0,3,M,38,1.0,0.0,0.0,0,0,0,0,Asia
CUST_01402,2024-07-12,2024-12-17,2024-11-09,2025-03-17,128,248,0,False,1,0.0,0.0,0.0,0.0,0.0,0.0,0.0,0.0,0.0,0.0,2,3,1.5,1126.26,352.07500000000005,0.0,0.0,0.0,0.0,1126.26,0,0,0,0,3,M,49,0.0,1.0,0.0,0,0,0,0,Europe
CUST_01417,2024-06-19,2024-12-17,2024-10-17,2025-03-17,151,271,0,False,1,0.0,0.0,0.0,0.0,0.0,0.0,0.0,0.0,0.0,0.0,1,2,2.0,245.61,122.805,0.0,0.0,0.0,245.61,0.0,0,0,0,2,0,Other,43,0.0,1.0,0.0,0,0,0,0,Europe
CUST_01426,2024-07-24,2024-12-17,2024-11-21,2025-03-17,116,236,0,False,1,0.0,0.0,0.0,0.0,0.0,0.0,0.0,0.0,0.0,0.0,1,3,3.0,1178.06,392.68666666666667,0.0,0.0,1178.06,0.0,0.0,0,0,3,0,0,M,27,1.0,0.0,0.0,0,0,0,0,Asia
CUST_01432,2024-07-27,2024-12-17,2024-11-24,2025-03-17,113,233,0,False,1,0.0,0.0,0.0,0.0,0.0,0.0,0.0,0.0,0.0,0.0,1,2,2.0,1331.42,665.71,0.0,0.0,1331.42,0.0,0.0,0,0,2,0,0,M,56,1.0,0.0,0.0,0,0,0,0,Asia
CUST_01439,2024-06-15,2024-12-17,2024-10-13,2025-03-17,155,275,0,False,1,0.0,0.0,0.0,0.0,0.0,0.0,0.0,0.0,0.0,0.0,1,1,1.0,1700.99,1700.99,0.0,0.0,1700.99,0.0,0.0,0,0,1,0,0,F,75,0.0,0.0,1.0,0,0,0,0,North America
CUST_01454,2024-07-15,2024-12-17,2024-11-12,2025-03-17,125,245,0,False,1,0.0,0.0,0.0,0.0,0.0,0.0,0.0,0.0,0.0,0.0,1,2,2.0,1354.33,677.165,0.0,0.0,1354.33,0.0,0.0,0,0,2,0,0,F,36,0.0,1.0,0.0,0,0,0,0,Europe
CUST_01457,2024-07-10,2024-12-17,2024-11-07,2025-03-17,130,250,0,False,1,0.0,0.0,0.0,0.0,0.0,0.0,0.0,0.0,0.0,0.0,1,1,1.0,698.33,698.33,0.0,0.0,698.33,0.0,0.0,0,0,1,0,0,M,75,0.0,1.0,0.0,0,0,0,0,Europe
CUST_01464,2024-07-12,2024-12-17,2024-11-09,2025-03-17,128,248,0,False,1,0.0,0.0,0.0,0.0,0.0,0.0,0.0,0.0,0.0,0.0,2,2,1.0,2290.47,1145.235,1283.12,0.0,0.0,0.0,1007.35,1,0,0,0,1,F,48,1.0,0.0,0.0,0,0,0,0,Asia
CUST_01494,2024-06-13,2024-12-17,2024-10-11,2025-03-17,157,277,0,False,1,0.0,0.0,0.0,0.0,0.0,0.0,0.0,0.0,0.0,0.0,1,2,2.0,1183.4,591.7,0.0,0.0,1183.4,0.0,0.0,0,0,2,0,0,F,73,1.0,0.0,0.0,0,0,0,0,Asia
CUST_01495,2024-06-29,2024-12-17,2024-10-27,2025-03-17,141,261,0,False,1,0.0,0.0,0.0,0.0,0.0,0.0,0.0,0.0,0.0,0.0,1,1,1.0,1308.21,1308.21,0.0,0.0,1308.21,0.0,0.0,0,0,1,0,0,M,52,0.0,0.0,1.0,0,0,0,0,North America
CUST_01505,2024-06-03,2024-12-17,2024-10-01,2025-03-17,167,287,0,False,1,0.0,0.0,0.0,0.0,0.0,0.0,0.0,0.0,0.0,0.0,1,1,1.0,356.49,356.49,356.49,0.0,0.0,0.0,0.0,1,0,0,0,0,M,29,0.0,0.0,1.0,0,0,0,0,North America
CUST_01506,2024-08-16,2024-12-17,2024-12-14,2025-03-17,93,213,0,False,1,0.0,0.0,0.0,0.0,0.0,0.0,0.0,0.0,0.0,0.0,2,3,1.5,3305.84,1202.2125,1802.83,0.0,0.0,1503.01,0.0,2,0,0,1,0,F,68,0.0,1.0,0.0,0,0,0,0,Europe
CUST_01517,2024-06-06,2024-12-17,2024-10-04,2024-12-26,83,203,1,True,1,0.0,0.0,2.0,2.0,4.0,0.0,0.0,0.0,0.0,0.0,2,4,2.0,1945.21,486.3025,0.0,937.67,0.0,0.0,1007.54,0,2,0,0,2,M,24,1.0,0.0,0.0,0,0,0,0,Asia
CUST_01521,2024-06-07,2024-12-17,2024-10-05,2025-03-17,163,283,0,False,1,0.0,0.0,0.0,0.0,0.0,0.0,0.0,0.0,0.0,0.0,1,2,2.0,1736.56,868.28,0.0,0.0,0.0,1736.56,0.0,0,0,0,2,0,M,62,1.0,0.0,0.0,0,0,0,0,Asia
CUST_01524,2024-08-12,2024-12-17,2024-12-10,2025-03-17,97,217,0,False,1,0.0,0.0,0.0,0.0,0.0,0.0,0.0,0.0,0.0,0.0,2,3,1.5,2761.77,1004.745,0.0,1257.21,0.0,1504.56,0.0,0,1,0,2,0,M,28,0.0,1.0,0.0,0,0,0,0,Europe
CUST_01546,2024-08-18,2024-12-17,2024-12-16,2024-12-31,15,135,1,True,1,0.0,1.0,0.0,0.0,1.0,0.0,0.0,0.0,0.0,0.0,2,4,2.0,1402.53,350.6325,0.0,0.0,0.0,465.84,936.69,0,0,0,2,2,F,73,0.0,0.0,1.0,0,0,0,0,North America
CUST_01549,2024-06-02,2024-12-17,2024-09-30,2025-03-17,168,288,0,False,1,0.0,0.0,0.0,0.0,0.0,0.0,0.0,0.0,0.0,0.0,1,2,2.0,272.06,136.03,0.0,0.0,272.06,0.0,0.0,0,0,2,0,0,F,64,1.0,0.0,0.0,0,0,0,0,Asia
CUST_01550,2024-08-18,2024-12-17,2024-12-16,2025-03-17,91,211,0,False,1,0.0,0.0,0.0,0.0,0.0,0.0,0.0,0.0,0.0,0.0,1,1,1.0,308.29,308.29,0.0,308.29,0.0,0.0,0.0,0,1,0,0,0,F,56,1.0,0.0,0.0,0,0,0,0,Asia
CUST_01559,2024-06-25,2024-12-17,2024-10-23,2025-03-17,145,265,0,False,1,0.0,0.0,0.0,0.0,0.0,0.0,0.0,0.0,0.0,0.0,2,6,3.0,1328.77,221.46166666666667,0.0,0.0,0.0,1328.77,0.0,0,0,0,6,0,M,41,1.0,0.0,0.0,0,0,0,0,Asia
CUST_01578,2024-06-30,2024-12-17,2024-10-28,2025-03-17,140,260,0,False,1,0.0,0.0,0.0,0.0,0.0,0.0,0.0,0.0,0.0,0.0,2,3,1.5,2472.48,766.8199999999999,0.0,2472.48,0.0,0.0,0.0,0,3,0,0,0,Other,31,1.0,0.0,0.0,0,0,0,0,Asia
CUST_01579,2024-07-08,2024-12-17,2024-11-05,2025-03-17,132,252,0,False,1,0.0,0.0,0.0,0.0,0.0,0.0,0.0,0.0,0.0,0.0,2,4,2.0,1480.9,422.9,528.25,952.65,0.0,0.0,0.0,1,3,0,0,0,M,51,0.0,1.0,0.0,0,0,0,0,Europe
CUST_01583,2024-07-10,2024-12-17,2024-11-07,2025-03-17,130,250,0,False,1,0.0,0.0,0.0,0.0,0.0,0.0,0.0,0.0,0.0,0.0,1,3,3.0,1390.61,463.53666666666663,0.0,0.0,0.0,1390.61,0.0,0,0,0,3,0,F,54,0.0,0.0,1.0,0,0,0,0,North America
CUST_01594,2024-07-23,2024-12-17,2024-11-20,2025-03-17,117,237,0,False,1,0.0,0.0,0.0,0.0,0.0,0.0,0.0,0.0,0.0,0.0,1,1,1.0,1212.62,1212.62,0.0,0.0,1212.62,0.0,0.0,0,0,1,0,0,M,70,0.0,1.0,0.0,0,0,0,0,Europe
CUST_01595,2024-06-17,2024-12-17,2024-10-15,2025-03-17,153,273,0,False,0,0.0,0.0,0.0,0.0,0.0,0.0,0.0,0.0,0.0,0.0,1,2,2.0,412.25,206.125,412.25,0.0,0.0,0.0,0.0,2,0,0,0,0,F,58,0.0,1.0,0.0,0,0,0,0,Europe
CUST_01596,2024-07-18,2024-12-17,2024-11-15,2025-03-17,122,242,0,False,0,0.0,0.0,0.0,0.0,0.0,0.0,0.0,0.0,0.0,0.0,2,6,3.0,2061.13,441.57125,0.0,0.0,0.0,589.69,1471.44,0,0,0,4,2,F,55,0.0,1.0,0.0,0,0,0,0,Europe
CUST_01607,2024-07-28,2024-12-17,2024-11-25,2025-03-17,112,232,0,False,1,0.0,0.0,0.0,0.0,0.0,0.0,0.0,0.0,0.0,0.0,2,3,1.5,3222.63,1118.745,0.0,0.0,0.0,1252.35,1970.28,0,0,0,1,2,F,53,1.0,0.0,0.0,0,0,0,0,Asia
CUST_01608,2024-06-14,2024-12-17,2024-10-12,2025-03-17,156,276,0,False,1,0.0,0.0,0.0,0.0,0.0,0.0,0.0,0.0,0.0,0.0,1,1,1.0,624.49,624.49,0.0,0.0,0.0,0.0,624.49,0,0,0,0,1,F,23,1.0,0.0,0.0,0,0,0,0,Asia
CUST_01609,2024-07-16,2024-12-17,2024-11-13,2025-03-17,124,244,0,False,1,0.0,0.0,0.0,0.0,0.0,0.0,0.0,0.0,0.0,0.0,1,2,2.0,412.02,206.01,0.0,0.0,0.0,412.02,0.0,0,0,0,2,0,M,34,0.0,1.0,0.0,0,0,0,0,Europe
CUST_01610,2024-06-27,2024-12-17,2024-10-25,2025-03-17,143,263,0,False,1,0.0,0.0,0.0,0.0,0.0,0.0,0.0,0.0,0.0,0.0,1,3,3.0,500.17,166.72333333333333,0.0,0.0,0.0,0.0,500.17,0,0,0,0,3,F,54,1.0,0.0,0.0,0,0,0,0,Asia
CUST_01614,2024-07-05,2024-12-17,2024-11-02,2025-03-17,135,255,0,False,1,0.0,0.0,0.0,0.0,0.0,0.0,0.0,0.0,0.0,0.0,2,2,1.0,3222.09,1611.045,0.0,0.0,1243.99,1978.1,0.0,0,0,1,1,0,M,70,0.0,1.0,0.0,0,0,0,0,Europe
CUST_01644,2024-06-10,2024-12-17,2024-10-08,2025-03-17,160,280,0,False,1,0.0,0.0,0.0,0.0,0.0,0.0,0.0,0.0,0.0,0.0,1,2,2.0,454.36,227.18,0.0,454.36,0.0,0.0,0.0,0,2,0,0,0,F,27,1.0,0.0,0.0,0,0,0,0,Asia
CUST_01645,2024-07-02,2024-12-17,2024-10-30,2025-03-17,138,258,0,False,1,0.0,0.0,0.0,0.0,0.0,0.0,0.0,0.0,0.0,0.0,1,1,1.0,228.38,228.38,0.0,0.0,0.0,0.0,228.38,0,0,0,0,1,F,37,0.0,1.0,0.0,0,0,0,0,Europe
CUST_01648,2024-08-04,2024-12-17,2024-12-02,2025-03-17,105,225,0,False,1,0.0,0.0,0.0,0.0,0.0,0.0,0.0,0.0,0.0,0.0,2,2,1.0,1777.07,888.535,0.0,0.0,1059.59,0.0,717.48,0,0,1,0,1,F,22,0.0,1.0,0.0,0,0,0,0,Europe
CUST_01661,2024-07-01,2024-12-17,2024-10-29,2025-03-17,139,259,0,False,0,0.0,0.0,0.0,0.0,0.0,0.0,0.0,0.0,0.0,0.0,1,2,2.0,739.76,369.88,0.0,0.0,739.76,0.0,0.0,0,0,2,0,0,M,41,0.0,1.0,0.0,0,0,0,0,Europe
CUST_01665,2024-06-16,2024-12-17,2024-10-14,2025-03-17,154,274,0,False,1,0.0,0.0,0.0,0.0,0.0,0.0,0.0,0.0,0.0,0.0,1,2,2.0,1809.9,904.95,0.0,0.0,0.0,1809.9,0.0,0,0,0,2,0,M,31,0.0,0.0,1.0,0,0,0,0,North America
CUST_01667,2024-06-17,2024-12-17,2024-10-15,2025-03-17,153,273,0,False,1,0.0,0.0,0.0,0.0,0.0,0.0,0.0,0.0,0.0,0.0,2,2,1.0,1533.57,766.785,1323.31,210.26,0.0,0.0,0.0,1,1,0,0,0,M,42,0.0,1.0,0.0,0,0,0,0,Europe
CUST_01673,2024-06-08,2024-12-17,2024-10-06,2025-03-17,162,282,0,False,1,0.0,0.0,0.0,0.0,0.0,0.0,0.0,0.0,0.0,0.0,1,3,3.0,169.6,56.53333333333333,0.0,169.6,0.0,0.0,0.0,0,3,0,0,0,F,67,1.0,0.0,0.0,0,0,0,0,Asia
CUST_01684,2024-08-17,2024-12-17,2024-12-15,2025-03-17,92,212,0,False,1,0.0,0.0,0.0,0.0,0.0,0.0,0.0,0.0,0.0,0.0,1,2,2.0,890.1,445.05,0.0,0.0,0.0,0.0,890.1,0,0,0,0,2,M,73,1.0,0.0,0.0,0,0,0,0,Asia
CUST_01689,2024-08-06,2024-12-17,2024-12-04,2025-03-17,103,223,0,False,0,0.0,0.0,0.0,0.0,0.0,0.0,0.0,0.0,0.0,0.0,2,2,1.0,2526.6099999999997,1263.3049999999998,0.0,0.0,2526.6099999999997,0.0,0.0,0,0,2,0,0,M,25,0.0,0.0,1.0,0,0,0,0,North America
CUST_01698,2024-07-15,2024-12-17,2024-11-12,2025-03-17,125,245,0,False,1,0.0,0.0,0.0,0.0,0.0,0.0,0.0,0.0,0.0,0.0,1,1,1.0,106.85,106.85,0.0,0.0,0.0,0.0,106.85,0,0,0,0,1,M,59,0.0,1.0,0.0,0,0,0,0,Europe
CUST_01704,2024-06-24,2024-12-17,2024-10-22,2024-12-28,67,187,1,True,1,0.0,0.0,0.0,1.0,1.0,0.0,0.0,0.0,0.0,0.0,2,4,2.0,2904.11,1046.4116666666666,0.0,0.0,0.0,2904.11,0.0,0,0,0,4,0,F,60,0.0,1.0,0.0,0,0,0,0,Europe
CUST_01709,2024-07-16,2024-12-17,2024-11-13,2025-03-17,124,244,0,False,1,0.0,0.0,0.0,0.0,0.0,0.0,0.0,0.0,0.0,0.0,1,3,3.0,765.41,255.13666666666666,0.0,0.0,0.0,765.41,0.0,0,0,0,3,0,F,55,0.0,1.0,0.0,0,0,0,0,Europe
CUST_01738,2024-06-23,2024-12-17,2024-10-21,2025-03-17,147,267,0,False,1,0.0,0.0,0.0,0.0,0.0,0.0,0.0,0.0,0.0,0.0,1,1,1.0,152.74,152.74,0.0,0.0,0.0,152.74,0.0,0,0,0,1,0,M,61,0.0,1.0,0.0,0,0,0,0,Europe
CUST_01741,2024-07-04,2024-12-17,2024-11-01,2025-03-17,136,256,0,False,1,0.0,0.0,0.0,0.0,0.0,0.0,0.0,0.0,0.0,0.0,2,5,2.5,3399.29,728.0616666666667,0.0,0.0,0.0,1461.13,1938.16,0,0,0,3,2,M,67,0.0,0.0,1.0,0,0,0,0,North America
CUST_01747,2024-08-02,2024-12-17,2024-11-30,2025-03-17,107,227,0,False,0,0.0,0.0,0.0,0.0,0.0,0.0,0.0,0.0,0.0,0.0,1,1,1.0,1046.22,1046.22,0.0,0.0,0.0,1046.22,0.0,0,0,0,1,0,M,47,0.0,1.0,0.0,0,0,0,0,Europe
CUST_01762,2024-07-31,2024-12-17,2024-11-28,2025-03-17,109,229,0,False,1,0.0,0.0,0.0,0.0,0.0,0.0,0.0,0.0,0.0,0.0,2,3,1.5,3435.98,1223.5575,1977.73,1458.25,0.0,0.0,0.0,2,1,0,0,0,F,32,0.0,1.0,0.0,0,0,0,0,Europe
CUST_01763,2024-07-01,2024-12-17,2024-10-29,2025-03-17,139,259,0,False,1,0.0,0.0,0.0,0.0,0.0,0.0,0.0,0.0,0.0,0.0,1,4,4.0,725.3,181.325,0.0,0.0,0.0,725.3,0.0,0,0,0,4,0,M,31,0.0,1.0,0.0,0,0,0,0,Europe
CUST_01789,2024-06-15,2024-12-17,2024-10-13,2024-12-20,68,188,1,True,1,0.0,1.0,2.0,0.0,3.0,0.0,0.0,1.0,0.0,1.0,2,5,2.5,2099.08,384.79166666666663,0.0,0.0,1679.74,0.0,419.34,0,0,3,0,2,M,41,0.0,1.0,0.0,0,0,0,0,Europe
CUST_01792,2024-07-30,2024-12-17,2024-11-27,2025-03-17,110,230,0,False,1,0.0,0.0,0.0,0.0,0.0,0.0,0.0,0.0,0.0,0.0,3,7,2.3333333333333335,3675.61,566.8188888888889,824.09,1098.85,0.0,1752.67,0.0,3,2,0,2,0,F,46,1.0,0.0,0.0,0,0,0,0,Asia
CUST_01796,2024-08-02,2024-12-17,2024-11-30,2025-03-17,107,227,0,False,1,0.0,0.0,0.0,0.0,0.0,0.0,0.0,0.0,0.0,0.0,1,2,2.0,1672.04,836.02,0.0,1672.04,0.0,0.0,0.0,0,2,0,0,0,F,58,1.0,0.0,0.0,0,0,0,0,Asia
CUST_01810,2024-08-18,2024-12-17,2024-12-16,2025-03-17,91,211,0,False,1,0.0,0.0,0.0,0.0,0.0,0.0,0.0,0.0,0.0,0.0,1,3,3.0,1443.29,481.09666666666664,0.0,1443.29,0.0,0.0,0.0,0,3,0,0,0,F,29,0.0,1.0,0.0,0,0,0,0,Europe
CUST_01812,2024-06-19,2024-12-17,2024-10-17,2025-03-17,151,271,0,False,1,0.0,0.0,0.0,0.0,0.0,0.0,0.0,0.0,0.0,0.0,1,1,1.0,1648.89,1648.89,0.0,0.0,0.0,1648.89,0.0,0,0,0,1,0,M,46,1.0,0.0,0.0,0,0,0,0,Asia
CUST_01817,2024-07-07,2024-12-17,2024-11-04,2025-03-17,133,253,0,False,1,0.0,0.0,0.0,0.0,0.0,0.0,0.0,0.0,0.0,0.0,1,1,1.0,1514.83,1514.83,0.0,1514.83,0.0,0.0,0.0,0,1,0,0,0,F,75,1.0,0.0,0.0,0,0,0,0,Asia
CUST_01820,2024-06-22,2024-12-17,2024-10-20,2025-03-17,148,268,0,False,1,0.0,0.0,0.0,0.0,0.0,0.0,0.0,0.0,0.0,0.0,1,2,2.0,164.3,82.15,0.0,0.0,0.0,0.0,164.3,0,0,0,0,2,M,73,1.0,0.0,0.0,0,0,0,0,Asia
CUST_01822,2024-07-18,2024-12-17,2024-11-15,2025-03-17,122,242,0,False,1,0.0,0.0,0.0,0.0,0.0,0.0,0.0,0.0,0.0,0.0,1,3,3.0,760.54,253.51333333333332,0.0,0.0,760.54,0.0,0.0,0,0,3,0,0,Other,62,0.0,0.0,1.0,0,0,0,0,North America
CUST_01829,2024-07-05,2024-12-17,2024-11-02,2025-03-17,135,255,0,False,1,0.0,0.0,0.0,0.0,0.0,0.0,0.0,0.0,0.0,0.0,1,2,2.0,1010.72,505.36,0.0,1010.72,0.0,0.0,0.0,0,2,0,0,0,M,28,0.0,0.0,1.0,0,0,0,0,North America
CUST_01835,2024-06-28,2024-12-17,2024-10-26,2025-03-17,142,262,0,False,0,0.0,0.0,0.0,0.0,0.0,0.0,0.0,0.0,0.0,0.0,1,1,1.0,1321.99,1321.99,0.0,0.0,1321.99,0.0,0.0,0,0,1,0,0,F,61,1.0,0.0,0.0,0,0,0,0,Asia
CUST_01838,2024-07-11,2024-12-17,2024-11-08,2025-03-17,129,249,0,False,1,0.0,0.0,0.0,0.0,0.0,0.0,0.0,0.0,0.0,0.0,2,3,1.5,2334.4300000000003,923.2225000000001,2334.4300000000003,0.0,0.0,0.0,0.0,3,0,0,0,0,M,72,0.0,1.0,0.0,0,0,0,0,Europe
CUST_01855,2024-08-09,2024-12-17,2024-12-07,2025-03-17,100,220,0,False,1,0.0,0.0,0.0,0.0,0.0,0.0,0.0,0.0,0.0,0.0,1,2,2.0,1919.23,959.615,0.0,0.0,0.0,0.0,1919.23,0,0,0,0,2,F,56,1.0,0.0,0.0,0,0,0,0,Asia
CUST_01861,2024-06-26,2024-12-17,2024-10-24,2025-03-17,144,264,0,False,1,0.0,0.0,0.0,0.0,0.0,0.0,0.0,0.0,0.0,0.0,1,2,2.0,386.85,193.425,0.0,0.0,386.85,0.0,0.0,0,0,2,0,0,F,30,0.0,1.0,0.0,0,0,0,0,Europe
CUST_01868,2024-07-13,2024-12-17,2024-11-10,2024-12-19,39,159,1,True,0,1.0,0.0,0.0,0.0,1.0,0.0,0.0,0.0,0.0,0.0,2,8,4.0,1135.24,141.905,0.0,0.0,0.0,0.0,1135.24,0,0,0,0,8,F,73,1.0,0.0,0.0,0,0,0,0,Asia
CUST_01880,2024-07-27,2024-12-17,2024-11-24,2025-03-17,113,233,0,False,1,0.0,0.0,0.0,0.0,0.0,0.0,0.0,0.0,0.0,0.0,1,1,1.0,1290.75,1290.75,1290.75,0.0,0.0,0.0,0.0,1,0,0,0,0,M,34,0.0,0.0,1.0,0,0,0,0,North America
CUST_01881,2024-08-04,2024-12-17,2024-12-02,2025-03-17,105,225,0,False,1,0.0,0.0,0.0,0.0,0.0,0.0,0.0,0.0,0.0,0.0,1,1,1.0,1314.74,1314.74,0.0,0.0,1314.74,0.0,0.0,0,0,1,0,0,F,41,0.0,1.0,0.0,0,0,0,0,Europe
CUST_01895,2024-08-02,2024-12-17,2024-11-30,2025-03-17,107,227,0,False,1,0.0,0.0,0.0,0.0,0.0,0.0,0.0,0.0,0.0,0.0,3,7,2.3333333333333335,2252.41,357.32111111111107,0.0,1405.09,521.87,325.45,0.0,0,2,2,3,0,F,62,0.0,0.0,1.0,0,0,0,0,North America
CUST_01896,2024-07-24,2024-12-17,2024-11-21,2024-12-24,33,153,1,True,1,1.0,0.0,0.0,0.0,1.0,1.0,0.0,0.0,0.0,1.0,2,2,1.0,2117.04,1058.52,0.0,1656.99,0.0,0.0,460.05,0,1,0,0,1,M,39,0.0,1.0,0.0,0,0,0,0,Europe
CUST_01913,2024-07-14,2024-12-17,2024-11-11,2025-03-17,126,246,0,False,1,0.0,0.0,0.0,0.0,0.0,0.0,0.0,0.0,0.0,0.0,1,3,3.0,1962.19,654.0633333333334,0.0,0.0,0.0,1962.19,0.0,0,0,0,3,0,M,71,0.0,1.0,0.0,0,0,0,0,Europe
CUST_01915,2024-06-07,2024-12-17,2024-10-05,2025-03-17,163,283,0,False,1,0.0,0.0,0.0,0.0,0.0,0.0,0.0,0.0,0.0,0.0,1,3,3.0,1386.94,462.31333333333333,1386.94,0.0,0.0,0.0,0.0,3,0,0,0,0,M,42,1.0,0.0,0.0,0,0,0,0,Asia
CUST_01928,2024-08-15,2024-12-17,2024-12-13,2025-03-17,94,214,0,False,0,0.0,0.0,0.0,0.0,0.0,0.0,0.0,0.0,0.0,0.0,3,5,1.6666666666666667,3978.2,1178.2266666666667,0.0,0.0,1964.95,0.0,2013.25,0,0,1,0,4,F,48,0.0,1.0,0.0,0,0,0,0,Europe
CUST_01933,2024-07-05,2024-12-17,2024-11-02,2025-03-17,135,255,0,False,1,0.0,0.0,0.0,0.0,0.0,0.0,0.0,0.0,0.0,0.0,2,5,2.5,797.49,156.10416666666669,519.22,278.27,0.0,0.0,0.0,3,2,0,0,0,F,36,0.0,1.0,0.0,0,0,0,0,Europe
CUST_01940,2024-06-30,2024-12-17,2024-10-28,2024-12-31,64,184,1,True,1,0.0,0.0,0.0,0.0,0.0,0.0,0.0,0.0,0.0,0.0,2,4,2.0,777.83,229.02833333333336,0.0,479.66,298.17,0.0,0.0,0,3,1,0,0,M,42,1.0,0.0,0.0,0,0,0,0,Asia
CUST_01948,2024-06-01,2024-12-17,2024-09-29,2025-03-17,169,289,0,False,1,0.0,0.0,0.0,0.0,0.0,0.0,0.0,0.0,0.0,0.0,1,1,1.0,1781.29,1781.29,0.0,1781.29,0.0,0.0,0.0,0,1,0,0,0,M,57,0.0,1.0,0.0,0,0,0,0,Europe
CUST_01963,2024-07-24,2024-12-17,2024-11-21,2025-03-17,116,236,0,False,1,0.0,0.0,0.0,0.0,0.0,0.0,0.0,0.0,0.0,0.0,3,9,3.0,2201.1,295.72416666666663,0.0,0.0,0.0,1189.36,1011.74,0,0,0,2,7,F,38,0.0,1.0,0.0,0,0,0,0,Europe
CUST_01968,2024-07-22,2024-12-17,2024-11-19,2025-03-17,118,238,0,False,1,0.0,0.0,0.0,0.0,0.0,0.0,0.0,0.0,0.0,0.0,1,1,1.0,844.76,844.76,844.76,0.0,0.0,0.0,0.0,1,0,0,0,0,F,25,0.0,1.0,0.0,0,0,0,0,Europe
CUST_01970,2024-06-19,2024-12-17,2024-10-17,2024-12-24,68,188,1,True,1,0.0,0.0,0.0,0.0,0.0,0.0,0.0,0.0,0.0,0.0,2,2,1.0,1675.12,837.56,474.0,1201.12,0.0,0.0,0.0,1,1,0,0,0,M,53,1.0,0.0,0.0,0,0,0,0,Asia
CUST_01971,2024-08-15,2024-12-17,2024-12-13,2025-03-17,94,214,0,False,1,0.0,0.0,0.0,0.0,0.0,0.0,0.0,0.0,0.0,0.0,1,2,2.0,1199.15,599.575,1199.15,0.0,0.0,0.0,0.0,2,0,0,0,0,F,34,1.0,0.0,0.0,0,0,0,0,Asia
CUST_01996,2024-08-16,2024-12-17,2024-12-14,2025-03-17,93,213,0,False,1,0.0,0.0,0.0,0.0,0.0,0.0,0.0,0.0,0.0,0.0,2,5,2.5,1828.33,330.75416666666666,0.0,0.0,0.0,0.0,1828.33,0,0,0,0,5,M,45,0.0,1.0,0.0,0,0,0,0,Europe
CUST_01998,2024-06-02,2024-12-17,2024-09-30,2025-03-17,168,288,0,False,1,0.0,0.0,0.0,0.0,0.0,0.0,0.0,0.0,0.0,0.0,1,2,2.0,415.03,207.515,0.0,415.03,0.0,0.0,0.0,0,2,0,0,0,F,52,0.0,1.0,0.0,0,0,0,0,Europe
CUST_02003,2024-07-24,2024-12-17,2024-11-21,2025-03-17,116,236,0,False,1,0.0,0.0,0.0,0.0,0.0,0.0,0.0,0.0,0.0,0.0,1,2,2.0,1994.69,997.345,1994.69,0.0,0.0,0.0,0.0,2,0,0,0,0,M,57,0.0,1.0,0.0,0,0,0,0,Europe
CUST_02014,2024-06-18,2024-12-17,2024-10-16,2024-12-28,73,193,1,True,1,0.0,0.0,2.0,0.0,2.0,0.0,0.0,0.0,0.0,0.0,3,4,1.3333333333333333,2476.49,785.805,0.0,470.9,238.15,0.0,1767.44,0,1,2,0,1,F,47,0.0,0.0,1.0,0,0,0,0,North America
CUST_02016,2024-07-19,2024-12-17,2024-11-16,2025-03-17,121,241,0,False,1,0.0,0.0,0.0,0.0,0.0,0.0,0.0,0.0,0.0,0.0,1,2,2.0,1489.9,744.95,0.0,1489.9,0.0,0.0,0.0,0,2,0,0,0,M,72,0.0,1.0,0.0,0,0,0,0,Europe
CUST_02017,2024-06-07,2024-12-17,2024-10-05,2025-03-17,163,283,0,False,1,0.0,0.0,0.0,0.0,0.0,0.0,0.0,0.0,0.0,0.0,1,4,4.0,251.71,62.9275,0.0,0.0,0.0,251.71,0.0,0,0,0,4,0,F,56,0.0,1.0,0.0,0,0,0,0,Europe
CUST_02020,2024-06-18,2024-12-17,2024-10-16,2025-03-17,152,272,0,False,1,0.0,0.0,0.0,0.0,0.0,0.0,0.0,0.0,0.0,0.0,1,2,2.0,1968.49,984.245,0.0,0.0,0.0,0.0,1968.49,0,0,0,0,2,F,26,0.0,0.0,1.0,0,0,0,0,North America
CUST_02026,2024-06-16,2024-12-17,2024-10-14,2025-03-17,154,274,0,False,1,0.0,0.0,0.0,0.0,0.0,0.0,0.0,0.0,0.0,0.0,1,2,2.0,1674.7,837.35,0.0,0.0,1674.7,0.0,0.0,0,0,2,0,0,M,59,1.0,0.0,0.0,0,0,0,0,Asia
CUST_02032,2024-07-27,2024-12-17,2024-11-24,2025-03-17,113,233,0,False,1,0.0,0.0,0.0,0.0,0.0,0.0,0.0,0.0,0.0,0.0,1,3,3.0,877.83,292.61,877.83,0.0,0.0,0.0,0.0,3,0,0,0,0,F,58,0.0,1.0,0.0,0,0,0,0,Europe
CUST_02041,2024-08-18,2024-12-17,2024-12-16,2025-03-17,91,211,0,False,1,0.0,0.0,0.0,0.0,0.0,0.0,0.0,0.0,0.0,0.0,2,5,2.5,2508.54,537.3291666666667,0.0,1077.67,0.0,0.0,1430.87,0,3,0,0,2,F,64,0.0,1.0,0.0,0,0,0,0,Europe
CUST_02048,2024-06-24,2024-12-17,2024-10-22,2024-12-25,64,184,1,True,1,1.0,0.0,0.0,1.0,2.0,0.0,0.0,0.0,0.0,0.0,2,2,1.0,2113.66,1056.83,0.0,675.79,0.0,0.0,1437.87,0,1,0,0,1,M,61,0.0,1.0,0.0,0,0,0,0,Europe
CUST_02070,2024-06-06,2024-12-17,2024-10-04,2025-03-17,164,284,0,False,1,0.0,0.0,0.0,0.0,0.0,0.0,0.0,0.0,0.0,0.0,1,5,5.0,397.23,79.446,0.0,0.0,397.23,0.0,0.0,0,0,5,0,0,M,44,1.0,0.0,0.0,0,0,0,0,Asia
CUST_02073,2024-06-18,2024-12-17,2024-10-16,2025-03-17,152,272,0,False,1,0.0,0.0,0.0,0.0,0.0,0.0,0.0,0.0,0.0,0.0,1,2,2.0,1426.69,713.345,0.0,0.0,1426.69,0.0,0.0,0,0,2,0,0,M,62,0.0,0.0,1.0,0,0,0,0,North America
CUST_02080,2024-07-28,2024-12-17,2024-11-25,2025-03-17,112,232,0,False,1,0.0,0.0,0.0,0.0,0.0,0.0,0.0,0.0,0.0,0.0,3,4,1.3333333333333333,3987.56,1012.3916666666668,979.15,1107.64,0.0,0.0,1900.77,1,1,0,0,2,F,32,0.0,1.0,0.0,0,0,0,0,Europe
CUST_02083,2024-06-11,2024-12-17,2024-10-09,2025-03-17,159,279,0,False,1,0.0,0.0,0.0,0.0,0.0,0.0,0.0,0.0,0.0,0.0,1,1,1.0,1680.09,1680.09,0.0,0.0,0.0,1680.09,0.0,0,0,0,1,0,M,55,0.0,0.0,1.0,0,0,0,0,North America
CUST_02085,2024-08-18,2024-12-17,2024-12-16,2025-03-17,91,211,0,False,1,0.0,0.0,0.0,0.0,0.0,0.0,0.0,0.0,0.0,0.0,2,5,2.5,1768.5,378.62083333333334,762.05,1006.45,0.0,0.0,0.0,3,2,0,0,0,F,60,0.0,0.0,1.0,0,0,0,0,North America
CUST_02087,2024-07-26,2024-12-17,2024-11-23,2025-03-17,114,234,0,False,1,0.0,0.0,0.0,0.0,0.0,0.0,0.0,0.0,0.0,0.0,1,1,1.0,889.1,889.1,0.0,0.0,0.0,0.0,889.1,0,0,0,0,1,M,56,1.0,0.0,0.0,0,0,0,0,Asia
CUST_02091,2024-06-24,2024-12-17,2024-10-22,2025-03-17,146,266,0,False,0,0.0,0.0,0.0,0.0,0.0,0.0,0.0,0.0,0.0,0.0,2,3,1.5,2369.55,685.49,1997.14,0.0,0.0,372.41,0.0,2,0,0,1,0,M,73,0.0,0.0,1.0,0,0,0,0,North America
CUST_02092,2024-07-24,2024-12-17,2024-11-21,2025-03-17,116,236,0,False,1,0.0,0.0,0.0,0.0,0.0,0.0,0.0,0.0,0.0,0.0,1,2,2.0,1980.21,990.105,1980.21,0.0,0.0,0.0,0.0,2,0,0,0,0,M,75,0.0,1.0,0.0,0,0,0,0,Europe
CUST_02104,2024-07-29,2024-12-17,2024-11-26,2025-03-17,111,231,0,False,1,0.0,0.0,0.0,0.0,0.0,0.0,0.0,0.0,0.0,0.0,3,6,2.0,4826.860000000001,1005.4477777777778,0.0,1804.54,1796.14,1226.18,0.0,0,1,3,2,0,M,60,1.0,0.0,0.0,0,0,0,0,Asia
CUST_02117,2024-08-04,2024-12-17,2024-12-02,2025-03-17,105,225,0,False,1,0.0,0.0,0.0,0.0,0.0,0.0,0.0,0.0,0.0,0.0,1,4,4.0,1713.61,428.4025,0.0,0.0,0.0,1713.61,0.0,0,0,0,4,0,F,24,1.0,0.0,0.0,0,0,0,0,Asia
CUST_02140,2024-07-22,2024-12-17,2024-11-19,2025-03-17,118,238,0,False,1,0.0,0.0,0.0,0.0,0.0,0.0,0.0,0.0,0.0,0.0,1,1,1.0,563.87,563.87,0.0,563.87,0.0,0.0,0.0,0,1,0,0,0,F,22,0.0,1.0,0.0,0,0,0,0,Europe
CUST_02149,2024-07-24,2024-12-17,2024-11-21,2025-03-17,116,236,0,False,0,0.0,0.0,0.0,0.0,0.0,0.0,0.0,0.0,0.0,0.0,1,4,4.0,626.85,156.7125,0.0,0.0,626.85,0.0,0.0,0,0,4,0,0,F,68,1.0,0.0,0.0,0,0,0,0,Asia
CUST_02157,2024-07-27,2024-12-17,2024-11-24,2025-03-17,113,233,0,False,1,0.0,0.0,0.0,0.0,0.0,0.0,0.0,0.0,0.0,0.0,1,4,4.0,561.08,140.27,0.0,561.08,0.0,0.0,0.0,0,4,0,0,0,F,38,1.0,0.0,0.0,0,0,0,0,Asia
CUST_02158,2024-08-08,2024-12-17,2024-12-06,2025-03-17,101,221,0,False,1,0.0,0.0,0.0,0.0,0.0,0.0,0.0,0.0,0.0,0.0,3,6,2.0,3988.77,664.795,451.71,1845.29,0.0,0.0,1691.77,2,2,0,0,2,F,44,1.0,0.0,0.0,0,0,0,0,Asia
CUST_02164,2024-06-05,2024-12-17,2024-10-03,2025-03-17,165,285,0,False,0,0.0,0.0,0.0,0.0,0.0,0.0,0.0,0.0,0.0,0.0,1,2,2.0,468.6,234.3,0.0,0.0,0.0,468.6,0.0,0,0,0,2,0,M,35,1.0,0.0,0.0,0,0,0,0,Asia
CUST_02171,2024-08-16,2024-12-17,2024-12-14,2025-03-17,93,213,0,False,1,0.0,0.0,0.0,0.0,0.0,0.0,0.0,0.0,0.0,0.0,1,2,2.0,837.54,418.77,0.0,0.0,0.0,837.54,0.0,0,0,0,2,0,M,59,0.0,1.0,0.0,0,0,0,0,Europe
CUST_02177,2024-06-29,2024-12-17,2024-10-27,2025-03-17,141,261,0,False,0,0.0,0.0,0.0,0.0,0.0,0.0,0.0,0.0,0.0,0.0,1,2,2.0,1344.32,672.16,0.0,0.0,0.0,0.0,1344.32,0,0,0,0,2,M,22,0.0,1.0,0.0,0,0,0,0,Europe
CUST_02180,2024-06-26,2024-12-17,2024-10-24,2025-03-17,144,264,0,False,1,0.0,0.0,0.0,0.0,0.0,0.0,0.0,0.0,0.0,0.0,1,1,1.0,968.96,968.96,0.0,968.96,0.0,0.0,0.0,0,1,0,0,0,M,56,1.0,0.0,0.0,0,0,0,0,Asia
CUST_02185,2024-06-02,2024-12-17,2024-09-30,2025-03-17,168,288,0,False,1,0.0,0.0,0.0,0.0,0.0,0.0,0.0,0.0,0.0,0.0,1,1,1.0,302.76,302.76,302.76,0.0,0.0,0.0,0.0,1,0,0,0,0,M,26,0.0,0.0,1.0,0,0,0,0,North America
CUST_02197,2024-07-22,2024-12-17,2024-11-19,2024-12-29,40,160,1,True,1,2.0,0.0,2.0,0.0,4.0,1.0,0.0,0.0,0.0,1.0,3,4,1.3333333333333333,1035.46,274.08,0.0,0.0,564.67,0.0,470.79,0,0,3,0,1,M,54,0.0,1.0,0.0,0,0,0,0,Europe
CUST_02202,2024-07-16,2024-12-17,2024-11-13,2024-12-21,38,158,1,True,1,1.0,1.0,1.0,0.0,3.0,0.0,0.0,0.0,0.0,0.0,3,5,1.6666666666666667,3102.2,781.6244444444443,1041.61,1135.99,924.6,0.0,0.0,1,3,1,0,0,M,50,0.0,1.0,0.0,0,0,0,0,Europe
CUST_02203,2024-08-02,2024-12-17,2024-11-30,2025-03-17,107,227,0,False,1,0.0,0.0,0.0,0.0,0.0,0.0,0.0,0.0,0.0,0.0,2,4,2.0,1923.1599999999999,480.78999999999996,0.0,0.0,0.0,1923.1599999999999,0.0,0,0,0,4,0,M,30,0.0,1.0,0.0,0,0,0,0,Europe
CUST_02207,2024-07-21,2024-12-17,2024-11-18,2025-03-17,119,239,0,False,1,0.0,0.0,0.0,0.0,0.0,0.0,0.0,0.0,0.0,0.0,2,6,3.0,3088.52,514.7533333333333,0.0,1094.0,0.0,1994.52,0.0,0,3,0,3,0,F,34,0.0,1.0,0.0,0,0,0,0,Europe
CUST_02210,2024-06-14,2024-12-17,2024-10-12,2025-03-17,156,276,0,False,1,0.0,0.0,0.0,0.0,0.0,0.0,0.0,0.0,0.0,0.0,1,2,2.0,977.7,488.85,0.0,0.0,977.7,0.0,0.0,0,0,2,0,0,M,27,0.0,1.0,0.0,0,0,0,0,Europe
CUST_02215,2024-08-09,2024-12-17,2024-12-07,2025-03-17,100,220,0,False,1,0.0,0.0,0.0,0.0,0.0,0.0,0.0,0.0,0.0,0.0,2,4,2.0,1836.04,459.01,1287.69,0.0,0.0,0.0,548.35,2,0,0,0,2,M,67,1.0,0.0,0.0,0,0,0,0,Asia
CUST_02219,2024-06-28,2024-12-17,2024-10-26,2025-03-17,142,262,0,False,1,0.0,0.0,0.0,0.0,0.0,0.0,0.0,0.0,0.0,0.0,1,1,1.0,1861.06,1861.06,1861.06,0.0,0.0,0.0,0.0,1,0,0,0,0,M,45,0.0,1.0,0.0,0,0,0,0,Europe
CUST_02226,2024-07-03,2024-12-17,2024-10-31,2025-03-17,137,257,0,False,1,0.0,0.0,0.0,0.0,0.0,0.0,0.0,0.0,0.0,0.0,1,1,1.0,1621.3,1621.3,1621.3,0.0,0.0,0.0,0.0,1,0,0,0,0,M,26,0.0,0.0,1.0,0,0,0,0,North America
CUST_02230,2024-06-13,2024-12-17,2024-10-11,2025-03-17,157,277,0,False,1,0.0,0.0,0.0,0.0,0.0,0.0,0.0,0.0,0.0,0.0,1,3,3.0,686.66,228.88666666666666,0.0,0.0,0.0,0.0,686.66,0,0,0,0,3,M,69,0.0,1.0,0.0,0,0,0,0,Europe
CUST_02232,2024-06-26,2024-12-17,2024-10-24,2025-03-17,144,264,0,False,1,0.0,0.0,0.0,0.0,0.0,0.0,0.0,0.0,0.0,0.0,1,1,1.0,296.68,296.68,0.0,0.0,0.0,296.68,0.0,0,0,0,1,0,M,56,0.0,0.0,1.0,0,0,0,0,North America
CUST_02238,2024-07-26,2024-12-17,2024-11-23,2025-03-17,114,234,0,False,1,0.0,0.0,0.0,0.0,0.0,0.0,0.0,0.0,0.0,0.0,1,1,1.0,231.7,231.7,0.0,0.0,0.0,231.7,0.0,0,0,0,1,0,F,73,1.0,0.0,0.0,0,0,0,0,Asia
CUST_02257,2024-07-23,2024-12-17,2024-11-20,2025-03-17,117,237,0,False,1,0.0,0.0,0.0,0.0,0.0,0.0,0.0,0.0,0.0,0.0,1,3,3.0,1493.43,497.81,0.0,0.0,0.0,1493.43,0.0,0,0,0,3,0,M,68,0.0,1.0,0.0,0,0,0,0,Europe
CUST_02271,2024-07-22,2024-12-17,2024-11-19,2025-03-17,118,238,0,False,1,0.0,0.0,0.0,0.0,0.0,0.0,0.0,0.0,0.0,0.0,1,2,2.0,1159.01,579.505,0.0,1159.01,0.0,0.0,0.0,0,2,0,0,0,M,44,0.0,1.0,0.0,0,0,0,0,Europe
CUST_02272,2024-06-11,2024-12-17,2024-10-09,2025-03-17,159,279,0,False,1,0.0,0.0,0.0,0.0,0.0,0.0,0.0,0.0,0.0,0.0,2,3,1.5,1294.25,350.15999999999997,0.0,0.0,0.0,106.39,1187.86,0,0,0,1,2,Other,35,0.0,1.0,0.0,0,0,0,0,Europe
CUST_02274,2024-08-11,2024-12-17,2024-12-09,2025-03-17,98,218,0,False,1,0.0,0.0,0.0,0.0,0.0,0.0,0.0,0.0,0.0,0.0,1,4,4.0,977.91,244.4775,0.0,0.0,977.91,0.0,0.0,0,0,4,0,0,M,48,0.0,1.0,0.0,0,0,0,0,Europe
CUST_02282,2024-06-16,2024-12-17,2024-10-14,2025-03-17,154,274,0,False,1,0.0,0.0,0.0,0.0,0.0,0.0,0.0,0.0,0.0,0.0,1,3,3.0,1396.91,465.6366666666667,1396.91,0.0,0.0,0.0,0.0,3,0,0,0,0,M,69,0.0,1.0,0.0,0,0,0,0,Europe
CUST_02298,2024-08-11,2024-12-17,2024-12-09,2025-03-17,98,218,0,False,1,0.0,0.0,0.0,0.0,0.0,0.0,0.0,0.0,0.0,0.0,3,5,1.6666666666666667,2804.7400000000002,515.1511111111112,0.0,0.0,537.34,1888.93,378.47,0,0,1,3,1,F,25,0.0,0.0,1.0,0,0,0,0,North America
CUST_02301,2024-06-17,2024-12-17,2024-10-15,2025-03-17,153,273,0,False,1,0.0,0.0,0.0,0.0,0.0,0.0,0.0,0.0,0.0,0.0,1,2,2.0,339.92,169.96,0.0,0.0,0.0,339.92,0.0,0,0,0,2,0,M,40,0.0,1.0,0.0,0,0,0,0,Europe
CUST_02315,2024-07-15,2024-12-17,2024-11-12,2025-03-17,125,245,0,False,1,0.0,0.0,0.0,0.0,0.0,0.0,0.0,0.0,0.0,0.0,1,2,2.0,849.59,424.795,849.59,0.0,0.0,0.0,0.0,2,0,0,0,0,M,64,0.0,0.0,1.0,0,0,0,0,North America
CUST_02327,2024-06-12,2024-12-17,2024-10-10,2025-03-17,158,278,0,False,1,0.0,0.0,0.0,0.0,0.0,0.0,0.0,0.0,0.0,0.0,1,2,2.0,1405.09,702.545,1405.09,0.0,0.0,0.0,0.0,2,0,0,0,0,M,28,0.0,1.0,0.0,0,0,0,0,Europe
CUST_02330,2024-07-24,2024-12-17,2024-11-21,2025-03-17,116,236,0,False,0,0.0,0.0,0.0,0.0,0.0,0.0,0.0,0.0,0.0,0.0,2,6,3.0,1376.91,314.02125,0.0,0.0,1135.26,241.65,0.0,0,0,2,4,0,F,34,0.0,1.0,0.0,0,0,0,0,Europe
CUST_02334,2024-08-04,2024-12-17,2024-12-02,2025-03-17,105,225,0,False,1,0.0,0.0,0.0,0.0,0.0,0.0,0.0,0.0,0.0,0.0,1,4,4.0,360.87,90.2175,360.87,0.0,0.0,0.0,0.0,4,0,0,0,0,F,74,0.0,1.0,0.0,0,0,0,0,Europe
CUST_02350,2024-06-02,2024-12-17,2024-09-30,2025-03-17,168,288,0,False,1,0.0,0.0,0.0,0.0,0.0,0.0,0.0,0.0,0.0,0.0,1,2,2.0,1285.34,642.67,0.0,0.0,0.0,1285.34,0.0,0,0,0,2,0,F,59,1.0,0.0,0.0,0,0,0,0,Asia
CUST_02352,2024-08-02,2024-12-17,2024-11-30,2025-03-17,107,227,0,False,1,0.0,0.0,0.0,0.0,0.0,0.0,0.0,0.0,0.0,0.0,3,5,1.6666666666666667,3053.59,977.3744444444443,182.2,1030.78,1840.61,0.0,0.0,3,1,1,0,0,M,48,0.0,1.0,0.0,0,0,0,0,Europe
CUST_02358,2024-07-14,2024-12-17,2024-11-11,2025-03-17,126,246,0,False,1,0.0,0.0,0.0,0.0,0.0,0.0,0.0,0.0,0.0,0.0,3,4,1.3333333333333333,4033.21,1016.1766666666667,178.72,1885.13,0.0,1969.36,0.0,1,1,0,2,0,F,36,0.0,1.0,0.0,0,0,0,0,Europe
CUST_02359,2024-06-22,2024-12-17,2024-10-20,2025-03-17,148,268,0,False,1,0.0,0.0,0.0,0.0,0.0,0.0,0.0,0.0,0.0,0.0,1,3,3.0,895.35,298.45,895.35,0.0,0.0,0.0,0.0,3,0,0,0,0,F,64,1.0,0.0,0.0,0,0,0,0,Asia
CUST_02384,2024-07-31,2024-12-17,2024-11-28,2025-03-17,109,229,0,False,1,0.0,0.0,0.0,0.0,0.0,0.0,0.0,0.0,0.0,0.0,2,4,2.0,1568.65,392.1625,0.0,658.17,910.48,0.0,0.0,0,2,2,0,0,F,22,1.0,0.0,0.0,0,0,0,0,Asia
CUST_02391,2024-06-02,2024-12-17,2024-09-30,2024-12-28,89,209,1,True,1,0.0,0.0,0.0,0.0,0.0,0.0,0.0,0.0,0.0,0.0,2,6,3.0,2110.14,460.30999999999995,0.0,1572.34,0.0,0.0,537.8,0,2,0,0,4,M,64,0.0,1.0,0.0,0,0,0,0,Europe
CUST_02408,2024-07-20,2024-12-17,2024-11-17,2025-03-17,120,240,0,False,1,0.0,0.0,0.0,0.0,0.0,0.0,0.0,0.0,0.0,0.0,2,4,2.0,2067.2799999999997,516.8199999999999,1752.57,0.0,314.71,0.0,0.0,2,0,2,0,0,M,50,0.0,0.0,1.0,0,0,0,0,North America
CUST_02409,2024-06-06,2024-12-17,2024-10-04,2025-03-17,164,284,0,False,1,0.0,0.0,0.0,0.0,0.0,0.0,0.0,0.0,0.0,0.0,1,1,1.0,636.01,636.01,0.0,636.01,0.0,0.0,0.0,0,1,0,0,0,F,47,0.0,1.0,0.0,0,0,0,0,Europe
CUST_02410,2024-07-03,2024-12-17,2024-10-31,2025-03-17,137,257,0,False,1,0.0,0.0,0.0,0.0,0.0,0.0,0.0,0.0,0.0,0.0,1,2,2.0,595.59,297.795,595.59,0.0,0.0,0.0,0.0,2,0,0,0,0,M,75,0.0,1.0,0.0,0,0,0,0,Europe
CUST_02411,2024-07-25,2024-12-17,2024-11-22,2025-03-17,115,235,0,False,1,0.0,0.0,0.0,0.0,0.0,0.0,0.0,0.0,0.0,0.0,1,3,3.0,579.77,193.25666666666666,0.0,0.0,0.0,579.77,0.0,0,0,0,3,0,F,21,0.0,1.0,0.0,0,0,0,0,Europe
CUST_02413,2024-06-12,2024-12-17,2024-10-10,2024-12-24,75,195,1,True,1,0.0,2.0,2.0,0.0,4.0,0.0,1.0,0.0,0.0,1.0,2,4,2.0,2482.28,684.74,0.0,0.0,0.0,813.08,1669.2,0,0,0,1,3,M,70,1.0,0.0,0.0,0,0,0,0,Asia
CUST_02414,2024-07-27,2024-12-17,2024-11-24,2025-03-17,113,233,0,False,1,0.0,0.0,0.0,0.0,0.0,0.0,0.0,0.0,0.0,0.0,1,1,1.0,1197.79,1197.79,0.0,0.0,1197.79,0.0,0.0,0,0,1,0,0,F,39,1.0,0.0,0.0,0,0,0,0,Asia
CUST_02420,2024-07-27,2024-12-17,2024-11-24,2025-03-17,113,233,0,False,1,0.0,0.0,0.0,0.0,0.0,0.0,0.0,0.0,0.0,0.0,2,3,1.5,1564.9,538.4925000000001,589.07,975.83,0.0,0.0,0.0,1,2,0,0,0,F,62,0.0,0.0,1.0,0,0,0,0,North America
CUST_02427,2024-08-06,2024-12-17,2024-12-04,2025-03-17,103,223,0,False,1,0.0,0.0,0.0,0.0,0.0,0.0,0.0,0.0,0.0,0.0,1,3,3.0,320.12,106.70666666666666,0.0,0.0,320.12,0.0,0.0,0,0,3,0,0,F,33,1.0,0.0,0.0,0,0,0,0,Asia
CUST_02429,2024-07-05,2024-12-17,2024-11-02,2025-03-17,135,255,0,False,1,0.0,0.0,0.0,0.0,0.0,0.0,0.0,0.0,0.0,0.0,1,2,2.0,976.23,488.115,0.0,0.0,0.0,976.23,0.0,0,0,0,2,0,M,51,0.0,0.0,1.0,0,0,0,0,North America
CUST_02432,2024-08-09,2024-12-17,2024-12-07,2025-03-17,100,220,0,False,1,0.0,0.0,0.0,0.0,0.0,0.0,0.0,0.0,0.0,0.0,1,1,1.0,198.04,198.04,0.0,0.0,0.0,198.04,0.0,0,0,0,1,0,M,37,0.0,0.0,1.0,0,0,0,0,North America
CUST_02435,2024-07-11,2024-12-17,2024-11-08,2025-03-17,129,249,0,False,1,0.0,0.0,0.0,0.0,0.0,0.0,0.0,0.0,0.0,0.0,1,2,2.0,509.44,254.72,509.44,0.0,0.0,0.0,0.0,2,0,0,0,0,F,33,0.0,1.0,0.0,0,0,0,0,Europe
CUST_02439,2024-06-28,2024-12-17,2024-10-26,2025-03-17,142,262,0,False,1,0.0,0.0,0.0,0.0,0.0,0.0,0.0,0.0,0.0,0.0,1,2,2.0,1511.02,755.51,0.0,0.0,0.0,1511.02,0.0,0,0,0,2,0,F,38,0.0,1.0,0.0,0,0,0,0,Europe
CUST_02442,2024-08-04,2024-12-17,2024-12-02,2025-03-17,105,225,0,False,1,0.0,0.0,0.0,0.0,0.0,0.0,0.0,0.0,0.0,0.0,1,2,2.0,1738.45,869.225,0.0,0.0,0.0,1738.45,0.0,0,0,0,2,0,M,31,1.0,0.0,0.0,0,0,0,0,Asia
CUST_02445,2024-06-14,2024-12-17,2024-10-12,2025-03-17,156,276,0,False,1,0.0,0.0,0.0,0.0,0.0,0.0,0.0,0.0,0.0,0.0,1,2,2.0,1609.86,804.93,0.0,0.0,0.0,0.0,1609.86,0,0,0,0,2,M,26,1.0,0.0,0.0,0,0,0,0,Asia
CUST_02484,2024-07-25,2024-12-17,2024-11-22,2025-03-17,115,235,0,False,1,0.0,0.0,0.0,0.0,0.0,0.0,0.0,0.0,0.0,0.0,2,4,2.0,2310.4700000000003,577.6175000000001,1406.44,0.0,0.0,904.03,0.0,2,0,0,2,0,F,75,0.0,1.0,0.0,0,0,0,0,Europe
CUST_02497,2024-07-31,2024-12-17,2024-11-28,2025-03-17,109,229,0,False,1,0.0,0.0,0.0,0.0,0.0,0.0,0.0,0.0,0.0,0.0,3,6,2.0,2065.77,463.96111111111117,0.0,547.48,600.22,0.0,918.07,0,2,3,0,1,M,70,0.0,1.0,0.0,0,0,0,0,Europe
CUST_02507,2024-08-10,2024-12-17,2024-12-08,2025-03-17,99,219,0,False,1,0.0,0.0,0.0,0.0,0.0,0.0,0.0,0.0,0.0,0.0,3,7,2.3333333333333335,4231.04,882.6933333333333,855.28,1883.0,0.0,1492.76,0.0,4,2,0,1,0,M,45,1.0,0.0,0.0,0,0,0,0,Asia
CUST_02508,2024-07-21,2024-12-17,2024-11-18,2025-03-17,119,239,0,False,1,0.0,0.0,0.0,0.0,0.0,0.0,0.0,0.0,0.0,0.0,2,2,1.0,3010.82,1505.41,0.0,0.0,0.0,3010.82,0.0,0,0,0,2,0,M,35,0.0,1.0,0.0,0,0,0,0,Europe
CUST_02509,2024-06-13,2024-12-17,2024-10-11,2025-03-17,157,277,0,False,1,0.0,0.0,0.0,0.0,0.0,0.0,0.0,0.0,0.0,0.0,1,4,4.0,624.21,156.0525,0.0,0.0,0.0,624.21,0.0,0,0,0,4,0,M,65,0.0,0.0,1.0,0,0,0,0,North America
CUST_02510,2024-07-02,2024-12-17,2024-10-30,2025-03-17,138,258,0,False,0,0.0,0.0,0.0,0.0,0.0,0.0,0.0,0.0,0.0,0.0,1,2,2.0,332.63,166.315,332.63,0.0,0.0,0.0,0.0,2,0,0,0,0,M,72,0.0,1.0,0.0,0,0,0,0,Europe
CUST_02511,2024-06-14,2024-12-17,2024-10-12,2025-03-17,156,276,0,False,1,0.0,0.0,0.0,0.0,0.0,0.0,0.0,0.0,0.0,0.0,1,1,1.0,1691.87,1691.87,1691.87,0.0,0.0,0.0,0.0,1,0,0,0,0,F,42,0.0,1.0,0.0,0,0,0,0,Europe
CUST_02520,2024-08-17,2024-12-17,2024-12-15,2025-03-17,92,212,0,False,1,0.0,0.0,0.0,0.0,0.0,0.0,0.0,0.0,0.0,0.0,2,3,1.5,3842.88,1422.6725,1847.81,0.0,1995.07,0.0,0.0,1,0,2,0,0,M,63,1.0,0.0,0.0,0,0,0,0,Asia
CUST_02524,2024-07-10,2024-12-17,2024-11-07,2025-03-17,130,250,0,False,1,0.0,0.0,0.0,0.0,0.0,0.0,0.0,0.0,0.0,0.0,3,8,2.6666666666666665,1809.37,214.16,0.0,639.44,1169.9299999999998,0.0,0.0,0,3,5,0,0,M,31,0.0,1.0,0.0,0,0,0,0,Europe
CUST_02526,2024-07-08,2024-12-17,2024-11-05,2025-03-17,132,252,0,False,1,0.0,0.0,0.0,0.0,0.0,0.0,0.0,0.0,0.0,0.0,1,3,3.0,595.98,198.66,0.0,595.98,0.0,0.0,0.0,0,3,0,0,0,F,75,1.0,0.0,0.0,0,0,0,0,Asia
CUST_02533,2024-06-12,2024-12-17,2024-10-10,2025-03-17,158,278,0,False,1,0.0,0.0,0.0,0.0,0.0,0.0,0.0,0.0,0.0,0.0,1,1,1.0,1037.8,1037.8,0.0,0.0,1037.8,0.0,0.0,0,0,1,0,0,F,75,0.0,0.0,1.0,0,0,0,0,North America
CUST_02548,2024-07-24,2024-12-17,2024-11-21,2025-03-17,116,236,0,False,1,0.0,0.0,0.0,0.0,0.0,0.0,0.0,0.0,0.0,0.0,1,1,1.0,1556.57,1556.57,0.0,1556.57,0.0,0.0,0.0,0,1,0,0,0,M,50,0.0,0.0,1.0,0,0,0,0,North America
CUST_02550,2024-07-18,2024-12-17,2024-11-15,2025-03-17,122,242,0,False,1,0.0,0.0,0.0,0.0,0.0,0.0,0.0,0.0,0.0,0.0,1,1,1.0,1661.5,1661.5,0.0,0.0,0.0,1661.5,0.0,0,0,0,1,0,F,41,0.0,1.0,0.0,0,0,0,0,Europe
CUST_02557,2024-06-03,2024-12-17,2024-10-01,2025-03-17,167,287,0,False,1,0.0,0.0,0.0,0.0,0.0,0.0,0.0,0.0,0.0,0.0,1,2,2.0,494.46,247.23,0.0,0.0,0.0,0.0,494.46,0,0,0,0,2,M,67,1.0,0.0,0.0,0,0,0,0,Asia
CUST_02559,2024-07-24,2024-12-17,2024-11-21,2025-03-17,116,236,0,False,1,0.0,0.0,0.0,0.0,0.0,0.0,0.0,0.0,0.0,0.0,1,4,4.0,1110.81,277.7025,0.0,0.0,0.0,0.0,1110.81,0,0,0,0,4,F,55,0.0,1.0,0.0,0,0,0,0,Europe
CUST_02561,2024-08-17,2024-12-17,2024-12-15,2025-03-17,92,212,0,False,0,0.0,0.0,0.0,0.0,0.0,0.0,0.0,0.0,0.0,0.0,1,1,1.0,1952.0,1952.0,0.0,0.0,1952.0,0.0,0.0,0,0,1,0,0,F,68,1.0,0.0,0.0,0,0,0,0,Asia
CUST_02565,2024-06-11,2024-12-17,2024-10-09,2025-03-17,159,279,0,False,1,0.0,0.0,0.0,0.0,0.0,0.0,0.0,0.0,0.0,0.0,1,3,3.0,1328.64,442.88000000000005,1328.64,0.0,0.0,0.0,0.0,3,0,0,0,0,M,48,0.0,1.0,0.0,0,0,0,0,Europe
CUST_02570,2024-06-19,2024-12-17,2024-10-17,2025-03-17,151,271,0,False,1,0.0,0.0,0.0,0.0,0.0,0.0,0.0,0.0,0.0,0.0,3,9,3.0,2656.3900000000003,436.1437777777778,0.0,778.96,0.0,722.54,1154.89,0,1,0,5,3,F,64,0.0,1.0,0.0,0,0,0,0,Europe
CUST_02571,2024-06-20,2024-12-17,2024-10-18,2025-03-17,150,270,0,False,1,0.0,0.0,0.0,0.0,0.0,0.0,0.0,0.0,0.0,0.0,1,2,2.0,1539.91,769.955,0.0,0.0,0.0,1539.91,0.0,0,0,0,2,0,M,71,0.0,1.0,0.0,0,0,0,0,Europe
CUST_02574,2024-08-18,2024-12-17,2024-12-16,2025-03-17,91,211,0,False,1,0.0,0.0,0.0,0.0,0.0,0.0,0.0,0.0,0.0,0.0,2,2,1.0,1428.02,714.01,419.4,1008.62,0.0,0.0,0.0,1,1,0,0,0,F,39,1.0,0.0,0.0,0,0,0,0,Asia
CUST_02580,2024-06-02,2024-12-17,2024-09-30,2025-03-17,168,288,0,False,1,0.0,0.0,0.0,0.0,0.0,0.0,0.0,0.0,0.0,0.0,1,3,3.0,1170.44,390.1466666666667,1170.44,0.0,0.0,0.0,0.0,3,0,0,0,0,M,28,0.0,0.0,1.0,0,0,0,0,North America
CUST_02581,2024-07-01,2024-12-17,2024-10-29,2024-12-21,53,173,1,True,0,1.0,0.0,0.0,0.0,1.0,0.0,0.0,0.0,0.0,0.0,2,3,1.5,1898.5,549.47,0.0,1599.12,299.38,0.0,0.0,0,2,1,0,0,F,53,0.0,1.0,0.0,0,0,0,0,Europe
CUST_02586,2024-07-16,2024-12-17,2024-11-13,2025-03-17,124,244,0,False,1,0.0,0.0,0.0,0.0,0.0,0.0,0.0,0.0,0.0,0.0,1,2,2.0,1201.25,600.625,0.0,1201.25,0.0,0.0,0.0,0,2,0,0,0,F,33,0.0,1.0,0.0,0,0,0,0,Europe
CUST_02589,2024-06-13,2024-12-17,2024-10-11,2025-03-17,157,277,0,False,1,0.0,0.0,0.0,0.0,0.0,0.0,0.0,0.0,0.0,0.0,1,2,2.0,669.95,334.975,0.0,0.0,669.95,0.0,0.0,0,0,2,0,0,M,53,1.0,0.0,0.0,0,0,0,0,Asia
CUST_02591,2024-08-08,2024-12-17,2024-12-06,2025-03-17,101,221,0,False,0,0.0,0.0,0.0,0.0,0.0,0.0,0.0,0.0,0.0,0.0,1,1,1.0,180.46,180.46,0.0,0.0,0.0,180.46,0.0,0,0,0,1,0,M,21,1.0,0.0,0.0,0,0,0,0,Asia
CUST_02597,2024-07-23,2024-12-17,2024-11-20,2025-03-17,117,237,0,False,1,0.0,0.0,0.0,0.0,0.0,0.0,0.0,0.0,0.0,0.0,2,6,3.0,2754.73,459.12166666666667,0.0,0.0,0.0,1042.89,1711.84,0,0,0,3,3,F,40,0.0,0.0,1.0,0,0,0,0,North America
CUST_02600,2024-06-09,2024-12-17,2024-10-07,2025-03-17,161,281,0,False,1,0.0,0.0,0.0,0.0,0.0,0.0,0.0,0.0,0.0,0.0,1,1,1.0,273.37,273.37,0.0,0.0,273.37,0.0,0.0,0,0,1,0,0,F,61,1.0,0.0,0.0,0,0,0,0,Asia
CUST_02604,2024-07-22,2024-12-17,2024-11-19,2025-03-17,118,238,0,False,1,0.0,0.0,0.0,0.0,0.0,0.0,0.0,0.0,0.0,0.0,1,3,3.0,1977.3,659.1,0.0,1977.3,0.0,0.0,0.0,0,3,0,0,0,M,54,0.0,1.0,0.0,0,0,0,0,Europe
CUST_02606,2024-08-02,2024-12-17,2024-11-30,2025-03-17,107,227,0,False,1,0.0,0.0,0.0,0.0,0.0,0.0,0.0,0.0,0.0,0.0,1,3,3.0,1171.49,390.49666666666667,1171.49,0.0,0.0,0.0,0.0,3,0,0,0,0,F,42,0.0,1.0,0.0,0,0,0,0,Europe
CUST_02612,2024-08-17,2024-12-17,2024-12-15,2025-03-17,92,212,0,False,1,0.0,0.0,0.0,0.0,0.0,0.0,0.0,0.0,0.0,0.0,1,2,2.0,554.15,277.075,0.0,0.0,0.0,0.0,554.15,0,0,0,0,2,M,30,0.0,1.0,0.0,0,0,0,0,Europe
CUST_02615,2024-08-14,2024-12-17,2024-12-12,2025-03-17,95,215,0,False,1,0.0,0.0,0.0,0.0,0.0,0.0,0.0,0.0,0.0,0.0,1,1,1.0,748.94,748.94,748.94,0.0,0.0,0.0,0.0,1,0,0,0,0,F,29,1.0,0.0,0.0,0,0,0,0,Asia
CUST_02616,2024-08-16,2024-12-17,2024-12-14,2025-03-17,93,213,0,False,1,0.0,0.0,0.0,0.0,0.0,0.0,0.0,0.0,0.0,0.0,3,4,1.3333333333333333,3130.4,1024.5433333333333,0.0,0.0,1659.37,0.0,1471.03,0,0,3,0,1,F,48,0.0,1.0,0.0,0,0,0,0,Europe
CUST_02618,2024-08-17,2024-12-17,2024-12-15,2025-03-17,92,212,0,False,1,0.0,0.0,0.0,0.0,0.0,0.0,0.0,0.0,0.0,0.0,3,7,2.3333333333333335,3285.2799999999997,456.57,2356.6,0.0,0.0,0.0,928.68,5,0,0,0,2,F,68,1.0,0.0,0.0,0,0,0,0,Asia
CUST_02627,2024-07-20,2024-12-17,2024-11-17,2025-03-17,120,240,0,False,1,0.0,0.0,0.0,0.0,0.0,0.0,0.0,0.0,0.0,0.0,1,2,2.0,641.87,320.935,0.0,0.0,0.0,0.0,641.87,0,0,0,0,2,F,72,0.0,1.0,0.0,0,0,0,0,Europe
CUST_02632,2024-08-03,2024-12-17,2024-12-01,2025-03-17,106,226,0,False,1,0.0,0.0,0.0,0.0,0.0,0.0,0.0,0.0,0.0,0.0,1,3,3.0,1039.35,346.45,0.0,0.0,1039.35,0.0,0.0,0,0,3,0,0,F,69,0.0,1.0,0.0,0,0,0,0,Europe
CUST_02635,2024-07-22,2024-12-17,2024-11-19,2025-03-17,118,238,0,False,0,0.0,0.0,0.0,0.0,0.0,0.0,0.0,0.0,0.0,0.0,1,1,1.0,633.54,633.54,0.0,633.54,0.0,0.0,0.0,0,1,0,0,0,M,66,0.0,1.0,0.0,0,0,0,0,Europe
CUST_02637,2024-08-12,2024-12-17,2024-12-10,2024-12-19,9,129,1,True,1,0.0,0.0,0.0,1.0,1.0,0.0,0.0,0.0,0.0,0.0,3,7,2.3333333333333335,2442.4399999999996,343.2558333333333,1018.15,126.17,0.0,0.0,1298.12,4,1,0,0,2,F,63,0.0,1.0,0.0,0,0,0,0,Europe
CUST_02639,2024-07-07,2024-12-17,2024-11-04,2025-03-17,133,253,0,False,1,0.0,0.0,0.0,0.0,0.0,0.0,0.0,0.0,0.0,0.0,1,1,1.0,302.08,302.08,0.0,0.0,0.0,0.0,302.08,0,0,0,0,1,F,69,0.0,1.0,0.0,0,0,0,0,Europe
CUST_02645,2024-08-14,2024-12-17,2024-12-12,2025-03-17,95,215,0,False,1,0.0,0.0,0.0,0.0,0.0,0.0,0.0,0.0,0.0,0.0,1,1,1.0,889.82,889.82,0.0,889.82,0.0,0.0,0.0,0,1,0,0,0,Other,72,0.0,1.0,0.0,0,0,0,0,Europe
CUST_02655,2024-06-17,2024-12-17,2024-10-15,2024-12-26,72,192,1,True,1,0.0,0.0,0.0,1.0,1.0,0.0,0.0,0.0,0.0,0.0,2,3,1.5,3602.49,1354.3925,0.0,1815.08,1787.41,0.0,0.0,0,1,2,0,0,M,21,0.0,0.0,1.0,0,0,0,0,North America
CUST_02664,2024-06-15,2024-12-17,2024-10-13,2025-03-17,155,275,0,False,0,0.0,0.0,0.0,0.0,0.0,0.0,0.0,0.0,0.0,0.0,1,2,2.0,1016.41,508.205,0.0,1016.41,0.0,0.0,0.0,0,2,0,0,0,M,61,0.0,1.0,0.0,0,0,0,0,Europe
CUST_02673,2024-07-06,2024-12-17,2024-11-03,2025-03-17,134,254,0,False,1,0.0,0.0,0.0,0.0,0.0,0.0,0.0,0.0,0.0,0.0,1,1,1.0,880.49,880.49,0.0,0.0,0.0,0.0,880.49,0,0,0,0,1,F,49,1.0,0.0,0.0,0,0,0,0,Asia
CUST_02675,2024-08-14,2024-12-17,2024-12-12,2025-03-17,95,215,0,False,0,0.0,0.0,0.0,0.0,0.0,0.0,0.0,0.0,0.0,0.0,2,2,1.0,1759.81,879.905,1198.28,561.53,0.0,0.0,0.0,1,1,0,0,0,M,72,0.0,1.0,0.0,0,0,0,0,Europe
CUST_02681,2024-06-23,2024-12-17,2024-10-21,2024-12-27,67,187,1,True,0,0.0,0.0,0.0,0.0,0.0,0.0,0.0,0.0,0.0,0.0,2,3,1.5,2933.92,1137.5375,0.0,0.0,2933.92,0.0,0.0,0,0,3,0,0,M,66,1.0,0.0,0.0,0,0,0,0,Asia
CUST_02682,2024-07-23,2024-12-17,2024-11-20,2025-03-17,117,237,0,False,1,0.0,0.0,0.0,0.0,0.0,0.0,0.0,0.0,0.0,0.0,2,4,2.0,3032.76,758.19,1554.67,1478.09,0.0,0.0,0.0,2,2,0,0,0,F,51,0.0,1.0,0.0,0,0,0,0,Europe
CUST_02690,2024-06-20,2024-12-17,2024-10-18,2025-03-17,150,270,0,False,1,0.0,0.0,0.0,0.0,0.0,0.0,0.0,0.0,0.0,0.0,1,2,2.0,395.99,197.995,395.99,0.0,0.0,0.0,0.0,2,0,0,0,0,F,71,1.0,0.0,0.0,0,0,0,0,Asia
CUST_02692,2024-07-04,2024-12-17,2024-11-01,2025-03-17,136,256,0,False,1,0.0,0.0,0.0,0.0,0.0,0.0,0.0,0.0,0.0,0.0,1,1,1.0,689.65,689.65,0.0,689.65,0.0,0.0,0.0,0,1,0,0,0,M,27,0.0,1.0,0.0,0,0,0,0,Europe
CUST_02699,2024-07-14,2024-12-17,2024-11-11,2025-03-17,126,246,0,False,1,0.0,0.0,0.0,0.0,0.0,0.0,0.0,0.0,0.0,0.0,2,3,1.5,2516.59,1065.7125,770.33,0.0,1746.26,0.0,0.0,2,0,1,0,0,M,59,1.0,0.0,0.0,0,0,0,0,Asia
CUST_02724,2024-07-12,2024-12-17,2024-11-09,2025-03-17,128,248,0,False,1,0.0,0.0,0.0,0.0,0.0,0.0,0.0,0.0,0.0,0.0,1,2,2.0,530.32,265.16,0.0,0.0,0.0,530.32,0.0,0,0,0,2,0,M,27,0.0,1.0,0.0,0,0,0,0,Europe
CUST_02740,2024-06-17,2024-12-17,2024-10-15,2025-03-17,153,273,0,False,1,0.0,0.0,0.0,0.0,0.0,0.0,0.0,0.0,0.0,0.0,1,1,1.0,220.5,220.5,0.0,220.5,0.0,0.0,0.0,0,1,0,0,0,M,39,0.0,1.0,0.0,0,0,0,0,Europe
CUST_02741,2024-06-24,2024-12-17,2024-10-22,2025-03-17,146,266,0,False,1,0.0,0.0,0.0,0.0,0.0,0.0,0.0,0.0,0.0,0.0,3,11,3.6666666666666665,2819.85,248.215,0.0,1779.91,476.19,0.0,563.75,0,4,3,0,4,M,43,0.0,0.0,1.0,0,0,0,0,North America
CUST_02758,2024-08-15,2024-12-17,2024-12-13,2025-03-17,94,214,0,False,1,0.0,0.0,0.0,0.0,0.0,0.0,0.0,0.0,0.0,0.0,3,5,1.6666666666666667,2288.39,613.0583333333333,1389.96,0.0,315.4,0.0,583.03,1,0,2,0,2,M,55,0.0,1.0,0.0,0,0,0,0,Europe
CUST_02759,2024-06-28,2024-12-17,2024-10-26,2025-03-17,142,262,0,False,1,0.0,0.0,0.0,0.0,0.0,0.0,0.0,0.0,0.0,0.0,1,2,2.0,477.46,238.73,0.0,0.0,0.0,477.46,0.0,0,0,0,2,0,M,68,0.0,0.0,1.0,0,0,0,0,North America
CUST_02770,2024-06-25,2024-12-17,2024-10-23,2025-03-17,145,265,0,False,1,0.0,0.0,0.0,0.0,0.0,0.0,0.0,0.0,0.0,0.0,1,1,1.0,1251.72,1251.72,1251.72,0.0,0.0,0.0,0.0,1,0,0,0,0,F,53,0.0,1.0,0.0,0,0,0,0,Europe
CUST_02781,2024-08-13,2024-12-17,2024-12-11,2025-03-17,96,216,0,False,1,0.0,0.0,0.0,0.0,0.0,0.0,0.0,0.0,0.0,0.0,1,2,2.0,1696.44,848.22,0.0,0.0,1696.44,0.0,0.0,0,0,2,0,0,F,54,0.0,1.0,0.0,0,0,0,0,Europe
CUST_02787,2024-08-10,2024-12-17,2024-12-08,2025-03-17,99,219,0,False,1,0.0,0.0,0.0,0.0,0.0,0.0,0.0,0.0,0.0,0.0,3,5,1.6666666666666667,2459.6,591.3000000000001,1088.2,0.0,0.0,576.67,794.73,1,0,0,2,2,M,45,1.0,0.0,0.0,0,0,0,0,Asia
CUST_02788,2024-07-04,2024-12-17,2024-11-01,2025-03-17,136,256,0,False,1,0.0,0.0,0.0,0.0,0.0,0.0,0.0,0.0,0.0,0.0,1,5,5.0,1535.97,307.194,0.0,0.0,0.0,1535.97,0.0,0,0,0,5,0,F,29,1.0,0.0,0.0,0,0,0,0,Asia
CUST_02790,2024-07-08,2024-12-17,2024-11-05,2025-03-17,132,252,0,False,1,0.0,0.0,0.0,0.0,0.0,0.0,0.0,0.0,0.0,0.0,1,4,4.0,1722.63,430.6575,0.0,1722.63,0.0,0.0,0.0,0,4,0,0,0,M,60,1.0,0.0,0.0,0,0,0,0,Asia
CUST_02797,2024-08-03,2024-12-17,2024-12-01,2025-03-17,106,226,0,False,1,0.0,0.0,0.0,0.0,0.0,0.0,0.0,0.0,0.0,0.0,2,3,1.5,1047.67,464.6675,0.0,236.67,811.0,0.0,0.0,0,2,1,0,0,F,60,0.0,1.0,0.0,0,0,0,0,Europe
CUST_02801,2024-07-24,2024-12-17,2024-11-21,2025-03-17,116,236,0,False,1,0.0,0.0,0.0,0.0,0.0,0.0,0.0,0.0,0.0,0.0,1,1,1.0,1004.43,1004.43,0.0,1004.43,0.0,0.0,0.0,0,1,0,0,0,F,73,0.0,1.0,0.0,0,0,0,0,Europe
CUST_02803,2024-08-16,2024-12-17,2024-12-14,2025-03-17,93,213,0,False,1,0.0,0.0,0.0,0.0,0.0,0.0,0.0,0.0,0.0,0.0,3,6,2.0,4151.92,1237.1458333333333,1884.69,0.0,1679.92,0.0,587.31,1,0,1,0,4,F,46,0.0,1.0,0.0,0,0,0,0,Europe
CUST_02824,2024-06-30,2024-12-17,2024-10-28,2025-03-17,140,260,0,False,1,0.0,0.0,0.0,0.0,0.0,0.0,0.0,0.0,0.0,0.0,1,1,1.0,1392.38,1392.38,0.0,1392.38,0.0,0.0,0.0,0,1,0,0,0,F,43,1.0,0.0,0.0,0,0,0,0,Asia
CUST_02829,2024-07-31,2024-12-17,2024-11-28,2025-03-17,109,229,0,False,0,0.0,0.0,0.0,0.0,0.0,0.0,0.0,0.0,0.0,0.0,3,6,2.0,3313.27,844.6883333333334,3039.91,0.0,273.36,0.0,0.0,3,0,3,0,0,M,24,0.0,1.0,0.0,0,0,0,0,Europe
CUST_02832,2024-07-03,2024-12-17,2024-10-31,2025-03-17,137,257,0,False,1,0.0,0.0,0.0,0.0,0.0,0.0,0.0,0.0,0.0,0.0,1,1,1.0,446.0,446.0,0.0,0.0,0.0,0.0,446.0,0,0,0,0,1,F,40,0.0,0.0,1.0,0,0,0,0,North America
CUST_02835,2024-08-08,2024-12-17,2024-12-06,2025-03-17,101,221,0,False,1,0.0,0.0,0.0,0.0,0.0,0.0,0.0,0.0,0.0,0.0,1,1,1.0,959.46,959.46,0.0,0.0,0.0,0.0,959.46,0,0,0,0,1,F,26,0.0,0.0,1.0,0,0,0,0,North America
CUST_02836,2024-07-03,2024-12-17,2024-10-31,2025-03-17,137,257,0,False,1,0.0,0.0,0.0,0.0,0.0,0.0,0.0,0.0,0.0,0.0,1,2,2.0,1565.62,782.81,0.0,0.0,1565.62,0.0,0.0,0,0,2,0,0,F,31,0.0,1.0,0.0,0,0,0,0,Europe
CUST_02843,2024-07-04,2024-12-17,2024-11-01,2025-03-17,136,256,0,False,1,0.0,0.0,0.0,0.0,0.0,0.0,0.0,0.0,0.0,0.0,2,2,1.0,2841.45,1420.725,0.0,0.0,0.0,1895.81,945.64,0,0,0,1,1,F,75,0.0,1.0,0.0,0,0,0,0,Europe
CUST_02849,2024-07-03,2024-12-17,2024-10-31,2025-03-17,137,257,0,False,1,0.0,0.0,0.0,0.0,0.0,0.0,0.0,0.0,0.0,0.0,1,1,1.0,991.62,991.62,0.0,0.0,0.0,991.62,0.0,0,0,0,1,0,F,72,0.0,1.0,0.0,0,0,0,0,Europe
CUST_02850,2024-07-18,2024-12-17,2024-11-15,2025-03-17,122,242,0,False,1,0.0,0.0,0.0,0.0,0.0,0.0,0.0,0.0,0.0,0.0,1,1,1.0,379.03,379.03,0.0,379.03,0.0,0.0,0.0,0,1,0,0,0,F,58,0.0,1.0,0.0,0,0,0,0,Europe
CUST_02858,2024-06-29,2024-12-17,2024-10-27,2025-03-17,141,261,0,False,1,0.0,0.0,0.0,0.0,0.0,0.0,0.0,0.0,0.0,0.0,1,2,2.0,1953.85,976.925,0.0,0.0,0.0,0.0,1953.85,0,0,0,0,2,F,39,1.0,0.0,0.0,0,0,0,0,Asia
CUST_02861,2024-08-06,2024-12-17,2024-12-04,2025-03-17,103,223,0,False,1,0.0,0.0,0.0,0.0,0.0,0.0,0.0,0.0,0.0,0.0,2,2,1.0,281.21000000000004,140.60500000000002,0.0,0.0,144.1,0.0,137.11,0,0,1,0,1,F,64,0.0,1.0,0.0,0,0,0,0,Europe
CUST_02864,2024-08-18,2024-12-17,2024-12-16,2025-03-17,91,211,0,False,0,0.0,0.0,0.0,0.0,0.0,0.0,0.0,0.0,0.0,0.0,1,1,1.0,1479.41,1479.41,1479.41,0.0,0.0,0.0,0.0,1,0,0,0,0,F,34,1.0,0.0,0.0,0,0,0,0,Asia
CUST_02867,2024-08-11,2024-12-17,2024-12-09,2024-12-28,19,139,1,True,1,1.0,0.0,0.0,0.0,1.0,0.0,0.0,0.0,0.0,0.0,3,5,1.6666666666666667,2238.32,428.8833333333334,334.98,0.0,604.61,0.0,1298.73,1,0,2,0,2,M,31,0.0,1.0,0.0,0,0,0,0,Europe
CUST_02874,2024-07-23,2024-12-17,2024-11-20,2025-03-17,117,237,0,False,1,0.0,0.0,0.0,0.0,0.0,0.0,0.0,0.0,0.0,0.0,4,8,2.0,4637.52,822.58,0.0,0.0,2913.91,0.0,1723.61,0,0,5,0,3,F,70,1.0,0.0,0.0,0,0,0,0,Asia
CUST_02882,2024-06-20,2024-12-17,2024-10-18,2025-03-17,150,270,0,False,1,0.0,0.0,0.0,0.0,0.0,0.0,0.0,0.0,0.0,0.0,1,1,1.0,1077.86,1077.86,0.0,0.0,0.0,0.0,1077.86,0,0,0,0,1,M,55,1.0,0.0,0.0,0,0,0,0,Asia
CUST_02883,2024-06-25,2024-12-17,2024-10-23,2025-03-17,145,265,0,False,1,0.0,0.0,0.0,0.0,0.0,0.0,0.0,0.0,0.0,0.0,1,2,2.0,366.07,183.035,366.07,0.0,0.0,0.0,0.0,2,0,0,0,0,M,41,0.0,1.0,0.0,0,0,0,0,Europe
CUST_02885,2024-07-06,2024-12-17,2024-11-03,2025-03-17,134,254,0,False,0,0.0,0.0,0.0,0.0,0.0,0.0,0.0,0.0,0.0,0.0,1,1,1.0,1535.78,1535.78,0.0,0.0,1535.78,0.0,0.0,0,0,1,0,0,M,49,0.0,1.0,0.0,0,0,0,0,Europe
CUST_02887,2024-07-07,2024-12-17,2024-11-04,2025-03-17,133,253,0,False,1,0.0,0.0,0.0,0.0,0.0,0.0,0.0,0.0,0.0,0.0,2,6,3.0,1319.24,215.57625000000002,913.87,0.0,0.0,405.37,0.0,4,0,0,2,0,M,41,1.0,0.0,0.0,0,0,0,0,Asia
CUST_02888,2024-06-18,2024-12-17,2024-10-16,2025-03-17,152,272,0,False,1,0.0,0.0,0.0,0.0,0.0,0.0,0.0,0.0,0.0,0.0,1,2,2.0,1513.75,756.875,0.0,0.0,0.0,0.0,1513.75,0,0,0,0,2,F,58,0.0,1.0,0.0,0,0,0,0,Europe
CUST_02892,2024-08-13,2024-12-17,2024-12-11,2025-03-17,96,216,0,False,1,0.0,0.0,0.0,0.0,0.0,0.0,0.0,0.0,0.0,0.0,1,3,3.0,1808.0,602.6666666666666,0.0,0.0,1808.0,0.0,0.0,0,0,3,0,0,F,66,0.0,1.0,0.0,0,0,0,0,Europe
CUST_02894,2024-06-13,2024-12-17,2024-10-11,2025-03-17,157,277,0,False,0,0.0,0.0,0.0,0.0,0.0,0.0,0.0,0.0,0.0,0.0,1,2,2.0,1089.08,544.54,0.0,0.0,0.0,1089.08,0.0,0,0,0,2,0,F,74,0.0,0.0,1.0,0,0,0,0,North America
CUST_02904,2024-07-02,2024-12-17,2024-10-30,2025-03-17,138,258,0,False,1,0.0,0.0,0.0,0.0,0.0,0.0,0.0,0.0,0.0,0.0,1,3,3.0,1645.04,548.3466666666667,0.0,0.0,0.0,1645.04,0.0,0,0,0,3,0,F,22,0.0,1.0,0.0,0,0,0,0,Europe
CUST_02922,2024-07-10,2024-12-17,2024-11-07,2025-03-17,130,250,0,False,1,0.0,0.0,0.0,0.0,0.0,0.0,0.0,0.0,0.0,0.0,3,7,2.3333333333333335,4237.33,943.3316666666666,0.0,0.0,3336.1099999999997,0.0,901.22,0,0,3,0,4,M,31,1.0,0.0,0.0,0,0,0,0,Asia
CUST_02934,2024-06-01,2024-12-17,2024-09-29,2025-03-17,169,289,0,False,1,0.0,0.0,0.0,0.0,0.0,0.0,0.0,0.0,0.0,0.0,1,2,2.0,784.29,392.145,0.0,0.0,0.0,0.0,784.29,0,0,0,0,2,F,44,0.0,0.0,1.0,0,0,0,0,North America
CUST_02941,2024-07-29,2024-12-17,2024-11-26,2025-03-17,111,231,0,False,1,0.0,0.0,0.0,0.0,0.0,0.0,0.0,0.0,0.0,0.0,1,3,3.0,1576.55,525.5166666666667,0.0,1576.55,0.0,0.0,0.0,0,3,0,0,0,M,25,1.0,0.0,0.0,0,0,0,0,Asia
CUST_02947,2024-08-14,2024-12-17,2024-12-12,2025-03-17,95,215,0,False,1,0.0,0.0,0.0,0.0,0.0,0.0,0.0,0.0,0.0,0.0,1,2,2.0,1469.96,734.98,0.0,0.0,0.0,1469.96,0.0,0,0,0,2,0,F,74,1.0,0.0,0.0,0,0,0,0,Asia
CUST_02979,2024-06-08,2024-12-17,2024-10-06,2025-03-17,162,282,0,False,1,0.0,0.0,0.0,0.0,0.0,0.0,0.0,0.0,0.0,0.0,2,4,2.0,2384.9300000000003,719.4216666666666,0.0,965.8,1419.13,0.0,0.0,0,1,3,0,0,F,26,1.0,0.0,0.0,0,0,0,0,Asia
CUST_02983,2024-07-27,2024-12-17,2024-11-24,2025-03-17,113,233,0,False,1,0.0,0.0,0.0,0.0,0.0,0.0,0.0,0.0,0.0,0.0,2,3,1.5,3530.24,1334.745,0.0,1808.74,0.0,1721.5,0.0,0,1,0,2,0,M,69,0.0,1.0,0.0,0,0,0,0,Europe
CUST_02986,2024-07-15,2024-12-17,2024-11-12,2025-03-17,125,245,0,False,1,0.0,0.0,0.0,0.0,0.0,0.0,0.0,0.0,0.0,0.0,1,2,2.0,893.3,446.65,0.0,893.3,0.0,0.0,0.0,0,2,0,0,0,F,54,0.0,1.0,0.0,0,0,0,0,Europe
CUST_02993,2024-08-11,2024-12-17,2024-12-09,2024-12-26,17,137,1,True,1,0.0,0.0,1.0,0.0,1.0,0.0,0.0,0.0,0.0,0.0,2,2,1.0,1001.3900000000001,500.69500000000005,0.0,0.0,1001.3900000000001,0.0,0.0,0,0,2,0,0,F,74,0.0,1.0,0.0,0,0,0,0,Europe
CUST_02996,2024-06-19,2024-12-17,2024-10-17,2025-03-17,151,271,0,False,1,0.0,0.0,0.0,0.0,0.0,0.0,0.0,0.0,0.0,0.0,1,2,2.0,1180.45,590.225,0.0,0.0,0.0,1180.45,0.0,0,0,0,2,0,F,22,0.0,1.0,0.0,0,0,0,0,Europe
CUST_03013,2024-08-08,2024-12-17,2024-12-06,2025-03-17,101,221,0,False,1,0.0,0.0,0.0,0.0,0.0,0.0,0.0,0.0,0.0,0.0,3,4,1.3333333333333333,2597.91,616.995,957.9,0.0,0.0,146.16,1493.85,1,0,0,1,2,F,39,0.0,1.0,0.0,0,0,0,0,Europe
CUST_03019,2024-07-05,2024-12-17,2024-11-02,2025-03-17,135,255,0,False,1,0.0,0.0,0.0,0.0,0.0,0.0,0.0,0.0,0.0,0.0,2,4,2.0,2390.8,1054.8500000000001,0.0,0.0,421.65,1969.15,0.0,0,0,3,1,0,F,27,1.0,0.0,0.0,0,0,0,0,Asia
CUST_03030,2024-07-29,2024-12-17,2024-11-26,2025-03-17,111,231,0,False,1,0.0,0.0,0.0,0.0,0.0,0.0,0.0,0.0,0.0,0.0,1,1,1.0,737.7,737.7,0.0,737.7,0.0,0.0,0.0,0,1,0,0,0,M,58,0.0,0.0,1.0,0,0,0,0,North America
CUST_03043,2024-07-23,2024-12-17,2024-11-20,2025-03-17,117,237,0,False,1,0.0,0.0,0.0,0.0,0.0,0.0,0.0,0.0,0.0,0.0,2,5,2.5,2813.83,989.915,0.0,0.0,1701.83,0.0,1112.0,0,0,1,0,4,M,35,0.0,1.0,0.0,0,0,0,0,Europe
CUST_03045,2024-06-25,2024-12-17,2024-10-23,2025-03-17,145,265,0,False,1,0.0,0.0,0.0,0.0,0.0,0.0,0.0,0.0,0.0,0.0,1,1,1.0,995.54,995.54,0.0,0.0,0.0,995.54,0.0,0,0,0,1,0,M,67,0.0,0.0,1.0,0,0,0,0,North America
CUST_03046,2024-07-09,2024-12-17,2024-11-06,2025-03-17,131,251,0,False,1,0.0,0.0,0.0,0.0,0.0,0.0,0.0,0.0,0.0,0.0,1,2,2.0,1841.06,920.53,0.0,0.0,1841.06,0.0,0.0,0,0,2,0,0,Other,35,1.0,0.0,0.0,0,0,0,0,Asia
CUST_03052,2024-08-11,2024-12-17,2024-12-09,2025-03-17,98,218,0,False,1,0.0,0.0,0.0,0.0,0.0,0.0,0.0,0.0,0.0,0.0,2,4,2.0,3101.46,775.365,0.0,0.0,1311.19,0.0,1790.27,0,0,2,0,2,F,66,1.0,0.0,0.0,0,0,0,0,Asia
CUST_03067,2024-07-24,2024-12-17,2024-11-21,2025-03-17,116,236,0,False,0,0.0,0.0,0.0,0.0,0.0,0.0,0.0,0.0,0.0,0.0,2,2,1.0,2320.36,1160.18,0.0,0.0,0.0,2320.36,0.0,0,0,0,2,0,Other,52,0.0,0.0,1.0,0,0,0,0,North America
CUST_03074,2024-08-17,2024-12-17,2024-12-15,2025-03-17,92,212,0,False,1,0.0,0.0,0.0,0.0,0.0,0.0,0.0,0.0,0.0,0.0,3,10,3.3333333333333335,3847.23,372.29138888888883,0.0,1986.43,0.0,1655.58,205.22,0,4,0,3,3,F,53,0.0,1.0,0.0,0,0,0,0,Europe
CUST_03078,2024-07-26,2024-12-17,2024-11-23,2025-03-17,114,234,0,False,1,0.0,0.0,0.0,0.0,0.0,0.0,0.0,0.0,0.0,0.0,1,3,3.0,543.82,181.27333333333334,0.0,0.0,0.0,543.82,0.0,0,0,0,3,0,M,68,0.0,1.0,0.0,0,0,0,0,Europe
CUST_03079,2024-08-04,2024-12-17,2024-12-02,2025-03-17,105,225,0,False,1,0.0,0.0,0.0,0.0,0.0,0.0,0.0,0.0,0.0,0.0,1,2,2.0,1625.32,812.66,0.0,0.0,0.0,0.0,1625.32,0,0,0,0,2,M,53,0.0,1.0,0.0,0,0,0,0,Europe
CUST_03080,2024-06-19,2024-12-17,2024-10-17,2025-03-17,151,271,0,False,1,0.0,0.0,0.0,0.0,0.0,0.0,0.0,0.0,0.0,0.0,2,3,1.5,2981.58,1206.0175,0.0,0.0,0.0,1139.09,1842.49,0,0,0,2,1,M,33,0.0,1.0,0.0,0,0,0,0,Europe
CUST_03082,2024-07-28,2024-12-17,2024-11-25,2025-03-17,112,232,0,False,1,0.0,0.0,0.0,0.0,0.0,0.0,0.0,0.0,0.0,0.0,2,2,1.0,2191.1800000000003,1095.5900000000001,2191.1800000000003,0.0,0.0,0.0,0.0,2,0,0,0,0,M,31,0.0,1.0,0.0,0,0,0,0,Europe
CUST_03088,2024-07-13,2024-12-17,2024-11-10,2025-03-17,127,247,0,False,1,0.0,0.0,0.0,0.0,0.0,0.0,0.0,0.0,0.0,0.0,1,1,1.0,220.43,220.43,0.0,0.0,0.0,220.43,0.0,0,0,0,1,0,F,71,0.0,1.0,0.0,0,0,0,0,Europe
CUST_03091,2024-06-25,2024-12-17,2024-10-23,2025-03-17,145,265,0,False,1,0.0,0.0,0.0,0.0,0.0,0.0,0.0,0.0,0.0,0.0,1,2,2.0,1326.77,663.385,1326.77,0.0,0.0,0.0,0.0,2,0,0,0,0,F,36,0.0,0.0,1.0,0,0,0,0,North America
CUST_03101,2024-07-08,2024-12-17,2024-11-05,2025-03-17,132,252,0,False,1,0.0,0.0,0.0,0.0,0.0,0.0,0.0,0.0,0.0,0.0,2,2,1.0,3294.2,1647.1,0.0,1538.17,1756.03,0.0,0.0,0,1,1,0,0,F,48,1.0,0.0,0.0,0,0,0,0,Asia
CUST_03109,2024-07-02,2024-12-17,2024-10-30,2025-03-17,138,258,0,False,1,0.0,0.0,0.0,0.0,0.0,0.0,0.0,0.0,0.0,0.0,1,2,2.0,1025.58,512.79,0.0,1025.58,0.0,0.0,0.0,0,2,0,0,0,F,68,0.0,1.0,0.0,0,0,0,0,Europe
CUST_03110,2024-06-10,2024-12-17,2024-10-08,2025-03-17,160,280,0,False,1,0.0,0.0,0.0,0.0,0.0,0.0,0.0,0.0,0.0,0.0,1,1,1.0,517.97,517.97,0.0,0.0,517.97,0.0,0.0,0,0,1,0,0,M,66,0.0,1.0,0.0,0,0,0,0,Europe
CUST_03129,2024-07-09,2024-12-17,2024-11-06,2025-03-17,131,251,0,False,1,0.0,0.0,0.0,0.0,0.0,0.0,0.0,0.0,0.0,0.0,1,1,1.0,624.81,624.81,0.0,0.0,0.0,0.0,624.81,0,0,0,0,1,F,62,1.0,0.0,0.0,0,0,0,0,Asia
CUST_03133,2024-06-25,2024-12-17,2024-10-23,2025-03-17,145,265,0,False,1,0.0,0.0,0.0,0.0,0.0,0.0,0.0,0.0,0.0,0.0,2,7,3.5,3701.18,537.9316666666666,0.0,0.0,1806.82,0.0,1894.36,0,0,3,0,4,M,21,1.0,0.0,0.0,0,0,0,0,Asia
CUST_03134,2024-06-06,2024-12-17,2024-10-04,2024-12-28,85,205,1,True,1,0.0,0.0,0.0,0.0,0.0,0.0,0.0,0.0,0.0,0.0,2,3,1.5,1382.36,665.155,0.0,1382.36,0.0,0.0,0.0,0,3,0,0,0,M,26,0.0,0.0,1.0,0,0,0,0,North America
CUST_03141,2024-07-14,2024-12-17,2024-11-11,2025-03-17,126,246,0,False,1,0.0,0.0,0.0,0.0,0.0,0.0,0.0,0.0,0.0,0.0,2,2,1.0,1794.69,897.345,220.75,1573.94,0.0,0.0,0.0,1,1,0,0,0,Other,74,0.0,1.0,0.0,0,0,0,0,Europe
CUST_03162,2024-07-06,2024-12-17,2024-11-03,2024-12-24,51,171,1,True,1,0.0,1.0,1.0,1.0,3.0,0.0,0.0,0.0,0.0,0.0,2,3,1.5,2758.5699999999997,911.52,0.0,0.0,1871.06,887.51,0.0,0,0,2,1,0,M,51,0.0,1.0,0.0,0,0,0,0,Europe
CUST_03171,2024-08-08,2024-12-17,2024-12-06,2025-03-17,101,221,0,False,1,0.0,0.0,0.0,0.0,0.0,0.0,0.0,0.0,0.0,0.0,1,4,4.0,1194.11,298.5275,0.0,0.0,0.0,0.0,1194.11,0,0,0,0,4,M,25,1.0,0.0,0.0,0,0,0,0,Asia
CUST_03176,2024-06-25,2024-12-17,2024-10-23,2025-03-17,145,265,0,False,1,0.0,0.0,0.0,0.0,0.0,0.0,0.0,0.0,0.0,0.0,1,1,1.0,1078.22,1078.22,1078.22,0.0,0.0,0.0,0.0,1,0,0,0,0,M,44,0.0,1.0,0.0,0,0,0,0,Europe
CUST_03191,2024-06-23,2024-12-17,2024-10-21,2025-03-17,147,267,0,False,1,0.0,0.0,0.0,0.0,0.0,0.0,0.0,0.0,0.0,0.0,2,5,2.5,1769.02,389.52000000000004,1136.2,0.0,0.0,632.82,0.0,2,0,0,3,0,M,30,1.0,0.0,0.0,0,0,0,0,Asia
CUST_03195,2024-07-25,2024-12-17,2024-11-22,2025-03-17,115,235,0,False,1,0.0,0.0,0.0,0.0,0.0,0.0,0.0,0.0,0.0,0.0,1,3,3.0,1135.08,378.35999999999996,0.0,0.0,1135.08,0.0,0.0,0,0,3,0,0,M,44,1.0,0.0,0.0,0,0,0,0,Asia
CUST_03196,2024-06-07,2024-12-17,2024-10-05,2025-03-17,163,283,0,False,0,0.0,0.0,0.0,0.0,0.0,0.0,0.0,0.0,0.0,0.0,1,4,4.0,153.94,38.485,153.94,0.0,0.0,0.0,0.0,4,0,0,0,0,F,65,1.0,0.0,0.0,0,0,0,0,Asia
CUST_03204,2024-08-02,2024-12-17,2024-11-30,2025-03-17,107,227,0,False,1,0.0,0.0,0.0,0.0,0.0,0.0,0.0,0.0,0.0,0.0,1,2,2.0,835.98,417.99,0.0,0.0,0.0,0.0,835.98,0,0,0,0,2,F,63,1.0,0.0,0.0,0,0,0,0,Asia
CUST_03206,2024-07-03,2024-12-17,2024-10-31,2025-03-17,137,257,0,False,1,0.0,0.0,0.0,0.0,0.0,0.0,0.0,0.0,0.0,0.0,1,4,4.0,897.92,224.48,897.92,0.0,0.0,0.0,0.0,4,0,0,0,0,M,74,0.0,1.0,0.0,0,0,0,0,Europe
CUST_03219,2024-08-13,2024-12-17,2024-12-11,2025-03-17,96,216,0,False,1,0.0,0.0,0.0,0.0,0.0,0.0,0.0,0.0,0.0,0.0,4,7,1.75,2149.63,373.05916666666667,0.0,174.0,1120.04,0.0,855.59,0,2,2,0,3,M,63,1.0,0.0,0.0,0,0,0,0,Asia
CUST_03223,2024-08-11,2024-12-17,2024-12-09,2025-03-17,98,218,0,False,1,0.0,0.0,0.0,0.0,0.0,0.0,0.0,0.0,0.0,0.0,2,5,2.5,2645.94,982.4399999999999,0.0,0.0,1737.86,0.0,908.08,0,0,1,0,4,M,43,0.0,1.0,0.0,0,0,0,0,Europe
CUST_03225,2024-07-28,2024-12-17,2024-11-25,2025-03-17,112,232,0,False,1,0.0,0.0,0.0,0.0,0.0,0.0,0.0,0.0,0.0,0.0,1,2,2.0,1509.65,754.825,0.0,1509.65,0.0,0.0,0.0,0,2,0,0,0,F,22,0.0,1.0,0.0,0,0,0,0,Europe
CUST_03230,2024-06-14,2024-12-17,2024-10-12,2025-03-17,156,276,0,False,1,0.0,0.0,0.0,0.0,0.0,0.0,0.0,0.0,0.0,0.0,1,2,2.0,1090.41,545.205,1090.41,0.0,0.0,0.0,0.0,2,0,0,0,0,F,37,0.0,1.0,0.0,0,0,0,0,Europe
CUST_03232,2024-06-01,2024-12-17,2024-09-29,2025-03-17,169,289,0,False,1,0.0,0.0,0.0,0.0,0.0,0.0,0.0,0.0,0.0,0.0,1,2,2.0,401.13,200.565,0.0,0.0,401.13,0.0,0.0,0,0,2,0,0,Other,29,0.0,1.0,0.0,0,0,0,0,Europe
CUST_03243,2024-06-28,2024-12-17,2024-10-26,2024-12-25,60,180,1,True,1,1.0,0.0,0.0,0.0,1.0,0.0,0.0,0.0,0.0,0.0,2,6,3.0,2632.56,438.76,0.0,0.0,0.0,729.38,1903.18,0,0,0,3,3,M,73,0.0,1.0,0.0,0,0,0,0,Europe
CUST_03246,2024-08-17,2024-12-17,2024-12-15,2025-03-17,92,212,0,False,1,0.0,0.0,0.0,0.0,0.0,0.0,0.0,0.0,0.0,0.0,4,9,2.25,5086.6900000000005,614.2,671.85,1822.98,738.4,0.0,1853.46,2,4,1,0,2,F,36,0.0,1.0,0.0,0,0,0,0,Europe
CUST_03250,2024-06-10,2024-12-17,2024-10-08,2025-03-17,160,280,0,False,1,0.0,0.0,0.0,0.0,0.0,0.0,0.0,0.0,0.0,0.0,1,2,2.0,1859.83,929.915,1859.83,0.0,0.0,0.0,0.0,2,0,0,0,0,F,42,0.0,0.0,1.0,0,0,0,0,North America
CUST_03256,2024-07-19,2024-12-17,2024-11-16,2025-03-17,121,241,0,False,1,0.0,0.0,0.0,0.0,0.0,0.0,0.0,0.0,0.0,0.0,2,7,3.5,1981.04,258.72208333333333,0.0,0.0,1714.83,266.21,0.0,0,0,4,3,0,F,37,1.0,0.0,0.0,0,0,0,0,Asia
CUST_03262,2024-06-30,2024-12-17,2024-10-28,2025-03-17,140,260,0,False,1,0.0,0.0,0.0,0.0,0.0,0.0,0.0,0.0,0.0,0.0,1,4,4.0,1474.25,368.5625,0.0,0.0,0.0,1474.25,0.0,0,0,0,4,0,F,63,0.0,1.0,0.0,0,0,0,0,Europe
CUST_03269,2024-08-14,2024-12-17,2024-12-12,2025-03-17,95,215,0,False,1,0.0,0.0,0.0,0.0,0.0,0.0,0.0,0.0,0.0,0.0,1,1,1.0,435.58,435.58,0.0,0.0,0.0,0.0,435.58,0,0,0,0,1,F,22,1.0,0.0,0.0,0,0,0,0,Asia
CUST_03285,2024-08-08,2024-12-17,2024-12-06,2025-03-17,101,221,0,False,1,0.0,0.0,0.0,0.0,0.0,0.0,0.0,0.0,0.0,0.0,1,2,2.0,1501.68,750.84,1501.68,0.0,0.0,0.0,0.0,2,0,0,0,0,M,72,0.0,0.0,1.0,0,0,0,0,North America
CUST_03293,2024-06-19,2024-12-17,2024-10-17,2025-03-17,151,271,0,False,1,0.0,0.0,0.0,0.0,0.0,0.0,0.0,0.0,0.0,0.0,1,4,4.0,410.38,102.595,0.0,0.0,410.38,0.0,0.0,0,0,4,0,0,F,50,0.0,1.0,0.0,0,0,0,0,Europe
CUST_03294,2024-07-31,2024-12-17,2024-11-28,2025-03-17,109,229,0,False,1,0.0,0.0,0.0,0.0,0.0,0.0,0.0,0.0,0.0,0.0,1,2,2.0,1304.77,652.385,0.0,0.0,0.0,0.0,1304.77,0,0,0,0,2,M,39,0.0,1.0,0.0,0,0,0,0,Europe
CUST_03296,2024-08-17,2024-12-17,2024-12-15,2025-03-17,92,212,0,False,1,0.0,0.0,0.0,0.0,0.0,0.0,0.0,0.0,0.0,0.0,2,4,2.0,3728.5299999999997,1286.2350000000001,1734.09,0.0,0.0,0.0,1994.44,3,0,0,0,1,M,55,0.0,0.0,1.0,0,0,0,0,North America
CUST_03299,2024-07-25,2024-12-17,2024-11-22,2024-12-26,34,154,1,True,1,2.0,0.0,1.0,0.0,3.0,0.0,0.0,0.0,0.0,0.0,2,4,2.0,674.67,168.6675,0.0,0.0,171.17,0.0,503.5,0,0,2,0,2,F,37,0.0,1.0,0.0,0,0,0,0,Europe
CUST_03304,2024-07-19,2024-12-17,2024-11-16,2025-03-17,121,241,0,False,1,0.0,0.0,0.0,0.0,0.0,0.0,0.0,0.0,0.0,0.0,1,1,1.0,536.01,536.01,0.0,0.0,0.0,0.0,536.01,0,0,0,0,1,F,72,1.0,0.0,0.0,0,0,0,0,Asia
CUST_03305,2024-06-17,2024-12-17,2024-10-15,2025-03-17,153,273,0,False,1,0.0,0.0,0.0,0.0,0.0,0.0,0.0,0.0,0.0,0.0,1,1,1.0,1945.04,1945.04,0.0,1945.04,0.0,0.0,0.0,0,1,0,0,0,M,31,1.0,0.0,0.0,0,0,0,0,Asia
CUST_03310,2024-06-07,2024-12-17,2024-10-05,2025-03-17,163,283,0,False,0,0.0,0.0,0.0,0.0,0.0,0.0,0.0,0.0,0.0,0.0,1,2,2.0,1100.4,550.2,0.0,0.0,0.0,0.0,1100.4,0,0,0,0,2,F,72,1.0,0.0,0.0,0,0,0,0,Asia
CUST_03312,2024-07-20,2024-12-17,2024-11-17,2025-03-17,120,240,0,False,1,0.0,0.0,0.0,0.0,0.0,0.0,0.0,0.0,0.0,0.0,2,2,1.0,2070.05,1035.025,0.0,0.0,2070.05,0.0,0.0,0,0,2,0,0,M,62,1.0,0.0,0.0,0,0,0,0,Asia
CUST_03333,2024-07-23,2024-12-17,2024-11-20,2025-03-17,117,237,0,False,1,0.0,0.0,0.0,0.0,0.0,0.0,0.0,0.0,0.0,0.0,1,4,4.0,1545.58,386.395,1545.58,0.0,0.0,0.0,0.0,4,0,0,0,0,M,64,0.0,1.0,0.0,0,0,0,0,Europe
CUST_03335,2024-06-26,2024-12-17,2024-10-24,2025-03-17,144,264,0,False,1,0.0,0.0,0.0,0.0,0.0,0.0,0.0,0.0,0.0,0.0,1,4,4.0,989.36,247.34,0.0,989.36,0.0,0.0,0.0,0,4,0,0,0,F,38,1.0,0.0,0.0,0,0,0,0,Asia
CUST_03337,2024-07-19,2024-12-17,2024-11-16,2025-03-17,121,241,0,False,1,0.0,0.0,0.0,0.0,0.0,0.0,0.0,0.0,0.0,0.0,2,4,2.0,3096.71,1080.295,3096.71,0.0,0.0,0.0,0.0,4,0,0,0,0,F,45,1.0,0.0,0.0,0,0,0,0,Asia
CUST_03345,2024-07-28,2024-12-17,2024-11-25,2025-03-17,112,232,0,False,1,0.0,0.0,0.0,0.0,0.0,0.0,0.0,0.0,0.0,0.0,1,3,3.0,1031.78,343.9266666666667,0.0,0.0,0.0,1031.78,0.0,0,0,0,3,0,F,27,0.0,1.0,0.0,0,0,0,0,Europe
CUST_03347,2024-07-01,2024-12-17,2024-10-29,2025-03-17,139,259,0,False,1,0.0,0.0,0.0,0.0,0.0,0.0,0.0,0.0,0.0,0.0,1,1,1.0,1273.71,1273.71,0.0,0.0,0.0,1273.71,0.0,0,0,0,1,0,F,43,1.0,0.0,0.0,0,0,0,0,Asia
CUST_03357,2024-08-07,2024-12-17,2024-12-05,2025-03-17,102,222,0,False,1,0.0,0.0,0.0,0.0,0.0,0.0,0.0,0.0,0.0,0.0,2,3,1.5,3259.8100000000004,1203.74,0.0,0.0,0.0,0.0,3259.8100000000004,0,0,0,0,3,F,59,1.0,0.0,0.0,0,0,0,0,Asia
CUST_03363,2024-06-15,2024-12-17,2024-10-13,2025-03-17,155,275,0,False,1,0.0,0.0,0.0,0.0,0.0,0.0,0.0,0.0,0.0,0.0,1,1,1.0,707.14,707.14,0.0,0.0,0.0,0.0,707.14,0,0,0,0,1,F,49,0.0,1.0,0.0,0,0,0,0,Europe
CUST_03365,2024-08-18,2024-12-17,2024-12-16,2025-03-17,91,211,0,False,1,0.0,0.0,0.0,0.0,0.0,0.0,0.0,0.0,0.0,0.0,2,4,2.0,2827.7200000000003,956.2933333333333,1455.02,0.0,0.0,1372.7,0.0,1,0,0,3,0,M,70,0.0,1.0,0.0,0,0,0,0,Europe
CUST_03369,2024-07-12,2024-12-17,2024-11-09,2025-03-17,128,248,0,False,1,0.0,0.0,0.0,0.0,0.0,0.0,0.0,0.0,0.0,0.0,1,1,1.0,1356.55,1356.55,0.0,0.0,1356.55,0.0,0.0,0,0,1,0,0,M,37,1.0,0.0,0.0,0,0,0,0,Asia
CUST_03371,2024-06-23,2024-12-17,2024-10-21,2025-03-17,147,267,0,False,0,0.0,0.0,0.0,0.0,0.0,0.0,0.0,0.0,0.0,0.0,1,1,1.0,1798.48,1798.48,0.0,0.0,1798.48,0.0,0.0,0,0,1,0,0,M,50,0.0,1.0,0.0,0,0,0,0,Europe
CUST_03373,2024-07-21,2024-12-17,2024-11-18,2025-03-17,119,239,0,False,1,0.0,0.0,0.0,0.0,0.0,0.0,0.0,0.0,0.0,0.0,2,5,2.5,1971.41,330.505,224.21,0.0,0.0,1747.2,0.0,1,0,0,4,0,F,71,1.0,0.0,0.0,0,0,0,0,Asia
CUST_03386,2024-07-09,2024-12-17,2024-11-06,2025-03-17,131,251,0,False,1,0.0,0.0,0.0,0.0,0.0,0.0,0.0,0.0,0.0,0.0,2,3,1.5,1759.27,585.96,584.57,0.0,0.0,0.0,1174.7,1,0,0,0,2,M,31,0.0,1.0,0.0,0,0,0,0,Europe
CUST_03411,2024-07-13,2024-12-17,2024-11-10,2025-03-17,127,247,0,False,1,0.0,0.0,0.0,0.0,0.0,0.0,0.0,0.0,0.0,0.0,1,2,2.0,867.02,433.51,0.0,0.0,0.0,867.02,0.0,0,0,0,2,0,F,75,1.0,0.0,0.0,0,0,0,0,Asia
CUST_03415,2024-07-11,2024-12-17,2024-11-08,2025-03-17,129,249,0,False,1,0.0,0.0,0.0,0.0,0.0,0.0,0.0,0.0,0.0,0.0,1,3,3.0,1522.9,507.6333333333334,0.0,0.0,0.0,1522.9,0.0,0,0,0,3,0,M,35,0.0,1.0,0.0,0,0,0,0,Europe
CUST_03416,2024-07-12,2024-12-17,2024-11-09,2025-03-17,128,248,0,False,1,0.0,0.0,0.0,0.0,0.0,0.0,0.0,0.0,0.0,0.0,1,1,1.0,1068.85,1068.85,1068.85,0.0,0.0,0.0,0.0,1,0,0,0,0,F,22,0.0,0.0,1.0,0,0,0,0,North America
CUST_03433,2024-08-05,2024-12-17,2024-12-03,2025-03-17,104,224,0,False,1,0.0,0.0,0.0,0.0,0.0,0.0,0.0,0.0,0.0,0.0,1,2,2.0,1068.74,534.37,1068.74,0.0,0.0,0.0,0.0,2,0,0,0,0,F,41,0.0,1.0,0.0,0,0,0,0,Europe
CUST_03451,2024-07-13,2024-12-17,2024-11-10,2025-03-17,127,247,0,False,1,0.0,0.0,0.0,0.0,0.0,0.0,0.0,0.0,0.0,0.0,1,2,2.0,1813.17,906.585,0.0,0.0,0.0,0.0,1813.17,0,0,0,0,2,F,56,0.0,0.0,1.0,0,0,0,0,North America
CUST_03455,2024-08-02,2024-12-17,2024-11-30,2025-03-17,107,227,0,False,1,0.0,0.0,0.0,0.0,0.0,0.0,0.0,0.0,0.0,0.0,3,7,2.3333333333333335,2627.8599999999997,416.65777777777777,0.0,383.74,1822.58,0.0,421.54,0,3,2,0,2,F,72,1.0,0.0,0.0,0,0,0,0,Asia
CUST_03467,2024-06-23,2024-12-17,2024-10-21,2025-03-17,147,267,0,False,1,0.0,0.0,0.0,0.0,0.0,0.0,0.0,0.0,0.0,0.0,1,1,1.0,620.85,620.85,0.0,0.0,0.0,0.0,620.85,0,0,0,0,1,M,61,0.0,1.0,0.0,0,0,0,0,Europe
CUST_03472,2024-07-03,2024-12-17,2024-10-31,2025-03-17,137,257,0,False,1,0.0,0.0,0.0,0.0,0.0,0.0,0.0,0.0,0.0,0.0,1,3,3.0,1120.44,373.48,0.0,1120.44,0.0,0.0,0.0,0,3,0,0,0,M,50,0.0,1.0,0.0,0,0,0,0,Europe
CUST_03479,2024-07-16,2024-12-17,2024-11-13,2025-03-17,124,244,0,False,1,0.0,0.0,0.0,0.0,0.0,0.0,0.0,0.0,0.0,0.0,1,3,3.0,1830.32,610.1066666666667,0.0,0.0,0.0,0.0,1830.32,0,0,0,0,3,F,73,0.0,1.0,0.0,0,0,0,0,Europe
CUST_03489,2024-07-29,2024-12-17,2024-11-26,2025-03-17,111,231,0,False,1,0.0,0.0,0.0,0.0,0.0,0.0,0.0,0.0,0.0,0.0,2,3,1.5,2390.92,989.325,0.0,824.54,0.0,1566.38,0.0,0,2,0,1,0,M,64,1.0,0.0,0.0,0,0,0,0,Asia
CUST_03500,2024-07-11,2024-12-17,2024-11-08,2025-03-17,129,249,0,False,0,0.0,0.0,0.0,0.0,0.0,0.0,0.0,0.0,0.0,0.0,1,1,1.0,1748.13,1748.13,0.0,0.0,0.0,0.0,1748.13,0,0,0,0,1,M,59,0.0,0.0,1.0,0,0,0,0,North America
CUST_00007,2024-06-25,2024-12-24,2024-10-23,2025-03-24,152,272,0,False,1,0.0,0.0,0.0,0.0,0.0,0.0,0.0,0.0,0.0,0.0,1,2,2.0,1767.18,883.59,1767.18,0.0,0.0,0.0,0.0,2,0,0,0,0,F,55,1.0,0.0,0.0,0,0,0,0,Asia
CUST_00012,2024-07-18,2024-12-24,2024-11-15,2025-03-24,129,249,0,False,1,0.0,0.0,0.0,0.0,0.0,0.0,0.0,0.0,0.0,0.0,1,2,2.0,1573.35,786.675,0.0,0.0,0.0,0.0,1573.35,0,0,0,0,2,F,65,0.0,1.0,0.0,0,0,0,0,Europe
CUST_00017,2024-06-28,2024-12-24,2024-10-26,2025-03-24,149,269,0,False,1,0.0,0.0,0.0,0.0,0.0,0.0,0.0,0.0,0.0,0.0,1,1,1.0,223.06,223.06,0.0,0.0,0.0,223.06,0.0,0,0,0,1,0,F,52,1.0,0.0,0.0,0,0,0,0,Asia
CUST_00033,2024-07-10,2024-12-24,2024-11-07,2025-03-24,137,257,0,False,1,0.0,0.0,0.0,0.0,0.0,0.0,0.0,0.0,0.0,0.0,1,2,2.0,1292.32,646.16,1292.32,0.0,0.0,0.0,0.0,2,0,0,0,0,M,27,1.0,0.0,0.0,0,0,0,0,Asia
CUST_00037,2024-06-11,2024-12-24,2024-10-09,2025-03-24,166,286,0,False,1,0.0,0.0,0.0,0.0,0.0,0.0,0.0,0.0,0.0,0.0,1,3,3.0,916.71,305.57,0.0,0.0,0.0,0.0,916.71,0,0,0,0,3,F,60,0.0,1.0,0.0,0,0,0,0,Europe
CUST_00039,2024-06-16,2024-12-24,2024-10-14,2025-03-24,161,281,0,False,1,0.0,0.0,0.0,0.0,0.0,0.0,0.0,0.0,0.0,0.0,2,2,1.0,3353.9700000000003,1676.9850000000001,0.0,3353.9700000000003,0.0,0.0,0.0,0,2,0,0,0,F,29,1.0,0.0,0.0,0,0,0,0,Asia
CUST_00041,2024-08-21,2024-12-24,2024-12-19,2025-03-24,95,215,0,False,1,0.0,0.0,0.0,0.0,0.0,0.0,0.0,0.0,0.0,0.0,2,3,1.5,1695.33,454.84499999999997,0.0,1571.28,0.0,124.05,0.0,0,2,0,1,0,M,32,0.0,1.0,0.0,0,0,0,0,Europe
CUST_00042,2024-07-29,2024-12-24,2024-11-26,2025-03-24,118,238,0,False,1,0.0,0.0,0.0,0.0,0.0,0.0,0.0,0.0,0.0,0.0,1,2,2.0,214.17,107.085,0.0,0.0,0.0,214.17,0.0,0,0,0,2,0,M,21,0.0,1.0,0.0,0,0,0,0,Europe
CUST_00058,2024-08-22,2024-12-24,2024-12-20,2025-03-24,94,214,0,False,1,0.0,0.0,0.0,0.0,0.0,0.0,0.0,0.0,0.0,0.0,1,1,1.0,1461.66,1461.66,0.0,0.0,0.0,0.0,1461.66,0,0,0,0,1,M,23,0.0,1.0,0.0,0,0,0,0,Europe
CUST_00070,2024-07-02,2024-12-24,2024-10-30,2025-03-24,145,265,0,False,1,0.0,0.0,0.0,0.0,0.0,0.0,0.0,0.0,0.0,0.0,1,1,1.0,1837.47,1837.47,1837.47,0.0,0.0,0.0,0.0,1,0,0,0,0,M,40,1.0,0.0,0.0,0,0,0,0,Asia
CUST_00078,2024-06-09,2024-12-24,2024-10-07,2025-03-24,168,288,0,False,1,0.0,0.0,0.0,0.0,0.0,0.0,0.0,0.0,0.0,0.0,1,1,1.0,1558.27,1558.27,1558.27,0.0,0.0,0.0,0.0,1,0,0,0,0,M,72,1.0,0.0,0.0,0,0,0,0,Asia
CUST_00081,2024-08-23,2024-12-24,2024-12-21,2025-03-24,93,213,0,False,1,0.0,0.0,0.0,0.0,0.0,0.0,0.0,0.0,0.0,0.0,1,2,2.0,882.21,441.105,0.0,0.0,0.0,0.0,882.21,0,0,0,0,2,Other,58,0.0,1.0,0.0,0,0,0,0,Europe
CUST_00083,2024-08-21,2024-12-24,2024-12-19,2025-03-24,95,215,0,False,0,0.0,0.0,0.0,0.0,0.0,0.0,0.0,0.0,0.0,0.0,2,3,1.5,1627.36,685.4949999999999,0.0,512.74,0.0,0.0,1114.62,0,2,0,0,1,M,32,1.0,0.0,0.0,0,0,0,0,Asia
CUST_00086,2024-07-12,2024-12-24,2024-11-09,2024-12-30,51,171,1,True,1,0.0,0.0,0.0,0.0,0.0,0.0,0.0,0.0,0.0,0.0,2,2,1.0,2907.5699999999997,1453.7849999999999,0.0,1943.29,964.28,0.0,0.0,0,1,1,0,0,Other,40,1.0,0.0,0.0,0,0,0,0,Asia
CUST_00087,2024-08-19,2024-12-24,2024-12-17,2025-03-24,97,217,0,False,0,0.0,0.0,0.0,0.0,0.0,0.0,0.0,0.0,0.0,0.0,1,1,1.0,208.18,208.18,0.0,0.0,208.18,0.0,0.0,0,0,1,0,0,Other,62,1.0,0.0,0.0,0,0,0,0,Asia
CUST_00090,2024-07-08,2024-12-24,2024-11-05,2025-03-24,139,259,0,False,1,0.0,0.0,0.0,0.0,0.0,0.0,0.0,0.0,0.0,0.0,1,4,4.0,715.48,178.87,0.0,0.0,0.0,0.0,715.48,0,0,0,0,4,F,61,0.0,0.0,1.0,0,0,0,0,North America
CUST_00117,2024-07-01,2024-12-24,2024-10-29,2025-03-24,146,266,0,False,1,0.0,0.0,0.0,0.0,0.0,0.0,0.0,0.0,0.0,0.0,1,3,3.0,1670.35,556.7833333333333,0.0,1670.35,0.0,0.0,0.0,0,3,0,0,0,M,52,1.0,0.0,0.0,0,0,0,0,Asia
CUST_00120,2024-06-24,2024-12-24,2024-10-22,2025-03-24,153,273,0,False,1,0.0,0.0,0.0,0.0,0.0,0.0,0.0,0.0,0.0,0.0,1,4,4.0,878.86,219.715,0.0,0.0,878.86,0.0,0.0,0,0,4,0,0,F,59,1.0,0.0,0.0,0,0,0,0,Asia
CUST_00124,2024-07-08,2024-12-24,2024-11-05,2025-03-24,139,259,0,False,1,0.0,0.0,0.0,0.0,0.0,0.0,0.0,0.0,0.0,0.0,1,1,1.0,1025.97,1025.97,0.0,1025.97,0.0,0.0,0.0,0,1,0,0,0,M,43,0.0,1.0,0.0,0,0,0,0,Europe
CUST_00135,2024-07-16,2024-12-24,2024-11-13,2025-03-24,131,251,0,False,1,0.0,0.0,0.0,0.0,0.0,0.0,0.0,0.0,0.0,0.0,1,3,3.0,927.68,309.22666666666663,0.0,0.0,0.0,0.0,927.68,0,0,0,0,3,M,43,1.0,0.0,0.0,0,0,0,0,Asia
CUST_00154,2024-08-14,2024-12-24,2024-12-12,2025-03-24,102,222,0,False,1,0.0,0.0,0.0,0.0,0.0,0.0,0.0,0.0,0.0,0.0,2,2,1.0,453.43,226.715,105.24,348.19,0.0,0.0,0.0,1,1,0,0,0,M,71,0.0,1.0,0.0,0,0,0,0,Europe
CUST_00156,2024-06-23,2024-12-24,2024-10-21,2024-12-31,71,191,1,True,0,1.0,0.0,0.0,0.0,1.0,0.0,0.0,0.0,0.0,0.0,2,6,3.0,3324.51,993.7270000000001,1671.32,0.0,0.0,1653.19,0.0,5,0,0,1,0,M,21,0.0,1.0,0.0,0,0,0,0,Europe
CUST_00160,2024-06-28,2024-12-24,2024-10-26,2025-03-24,149,269,0,False,1,0.0,0.0,0.0,0.0,0.0,0.0,0.0,0.0,0.0,0.0,1,4,4.0,1258.15,314.5375,1258.15,0.0,0.0,0.0,0.0,4,0,0,0,0,M,67,1.0,0.0,0.0,0,0,0,0,Asia
CUST_00164,2024-07-10,2024-12-24,2024-11-07,2025-03-24,137,257,0,False,1,0.0,0.0,0.0,0.0,0.0,0.0,0.0,0.0,0.0,0.0,2,5,2.5,1746.44,345.25083333333333,0.0,1096.31,0.0,650.13,0.0,0,3,0,2,0,Other,34,0.0,1.0,0.0,0,0,0,0,Europe
CUST_00165,2024-07-30,2024-12-24,2024-11-27,2025-03-24,117,237,0,False,1,0.0,0.0,0.0,0.0,0.0,0.0,0.0,0.0,0.0,0.0,3,6,2.0,1781.05,324.03444444444443,0.0,0.0,0.0,410.56,1370.49,0,0,0,2,4,M,63,0.0,1.0,0.0,0,0,0,0,Europe
CUST_00167,2024-07-27,2024-12-24,2024-11-24,2025-03-24,120,240,0,False,1,0.0,0.0,0.0,0.0,0.0,0.0,0.0,0.0,0.0,0.0,1,1,1.0,1976.69,1976.69,0.0,0.0,0.0,1976.69,0.0,0,0,0,1,0,Other,44,1.0,0.0,0.0,0,0,0,0,Asia
CUST_00176,2024-08-22,2024-12-24,2024-12-20,2025-03-24,94,214,0,False,1,0.0,0.0,0.0,0.0,0.0,0.0,0.0,0.0,0.0,0.0,2,2,1.0,1337.1999999999998,668.5999999999999,0.0,1055.86,0.0,281.34,0.0,0,1,0,1,0,F,37,0.0,0.0,1.0,0,0,0,0,North America
CUST_00179,2024-08-05,2024-12-24,2024-12-03,2025-03-24,111,231,0,False,1,0.0,0.0,0.0,0.0,0.0,0.0,0.0,0.0,0.0,0.0,1,4,4.0,261.82,65.455,0.0,0.0,261.82,0.0,0.0,0,0,4,0,0,M,33,1.0,0.0,0.0,0,0,0,0,Asia
CUST_00182,2024-07-28,2024-12-24,2024-11-25,2025-03-24,119,239,0,False,1,0.0,0.0,0.0,0.0,0.0,0.0,0.0,0.0,0.0,0.0,3,6,2.0,3144.5,524.0833333333334,0.0,1012.97,482.76,1648.77,0.0,0,2,2,2,0,M,63,1.0,0.0,0.0,0,0,0,0,Asia
CUST_00185,2024-07-03,2024-12-24,2024-10-31,2025-03-24,144,264,0,False,1,0.0,0.0,0.0,0.0,0.0,0.0,0.0,0.0,0.0,0.0,1,4,4.0,265.26,66.315,0.0,265.26,0.0,0.0,0.0,0,4,0,0,0,F,25,1.0,0.0,0.0,0,0,0,0,Asia
CUST_00191,2024-06-11,2024-12-24,2024-10-09,2025-03-24,166,286,0,False,1,0.0,0.0,0.0,0.0,0.0,0.0,0.0,0.0,0.0,0.0,1,1,1.0,520.35,520.35,0.0,520.35,0.0,0.0,0.0,0,1,0,0,0,F,23,0.0,0.0,1.0,0,0,0,0,North America
CUST_00192,2024-08-10,2024-12-24,2024-12-08,2025-03-24,106,226,0,False,1,0.0,0.0,0.0,0.0,0.0,0.0,0.0,0.0,0.0,0.0,1,3,3.0,1720.53,573.51,0.0,0.0,0.0,1720.53,0.0,0,0,0,3,0,F,70,1.0,0.0,0.0,0,0,0,0,Asia
CUST_00197,2024-08-17,2024-12-24,2024-12-15,2025-03-24,99,219,0,False,1,0.0,0.0,0.0,0.0,0.0,0.0,0.0,0.0,0.0,0.0,2,5,2.5,881.97,198.42666666666665,617.18,0.0,0.0,264.79,0.0,2,0,0,3,0,F,56,0.0,1.0,0.0,0,0,0,0,Europe
CUST_00205,2024-08-04,2024-12-24,2024-12-02,2025-03-24,112,232,0,False,1,0.0,0.0,0.0,0.0,0.0,0.0,0.0,0.0,0.0,0.0,2,5,2.5,2079.96,689.45625,0.0,1145.23,934.73,0.0,0.0,0,1,4,0,0,M,75,0.0,1.0,0.0,0,0,0,0,Europe
CUST_00208,2024-07-14,2024-12-24,2024-11-11,2025-03-24,133,253,0,False,1,0.0,0.0,0.0,0.0,0.0,0.0,0.0,0.0,0.0,0.0,2,2,1.0,2146.73,1073.365,880.01,0.0,0.0,0.0,1266.72,1,0,0,0,1,F,63,0.0,1.0,0.0,0,0,0,0,Europe
CUST_00216,2024-07-13,2024-12-24,2024-11-10,2025-03-24,134,254,0,False,1,0.0,0.0,0.0,0.0,0.0,0.0,0.0,0.0,0.0,0.0,1,2,2.0,870.17,435.085,0.0,0.0,0.0,870.17,0.0,0,0,0,2,0,M,39,0.0,1.0,0.0,0,0,0,0,Europe
CUST_00219,2024-06-27,2024-12-24,2024-10-25,2025-03-24,150,270,0,False,1,0.0,0.0,0.0,0.0,0.0,0.0,0.0,0.0,0.0,0.0,1,2,2.0,137.12,68.56,0.0,137.12,0.0,0.0,0.0,0,2,0,0,0,M,34,0.0,1.0,0.0,0,0,0,0,Europe
CUST_00220,2024-06-30,2024-12-24,2024-10-28,2025-03-24,147,267,0,False,1,0.0,0.0,0.0,0.0,0.0,0.0,0.0,0.0,0.0,0.0,2,3,1.5,1660.82,622.935,0.0,829.9,0.0,0.0,830.92,0,2,0,0,1,M,32,0.0,1.0,0.0,0,0,0,0,Europe
CUST_00225,2024-08-09,2024-12-24,2024-12-07,2025-03-24,107,227,0,False,1,0.0,0.0,0.0,0.0,0.0,0.0,0.0,0.0,0.0,0.0,2,3,1.5,2777.35,1096.29,2777.35,0.0,0.0,0.0,0.0,3,0,0,0,0,F,44,0.0,1.0,0.0,0,0,0,0,Europe
CUST_00231,2024-07-30,2024-12-24,2024-11-27,2025-03-24,117,237,0,False,1,0.0,0.0,0.0,0.0,0.0,0.0,0.0,0.0,0.0,0.0,2,4,2.0,1407.5700000000002,351.89250000000004,0.0,659.08,0.0,0.0,748.49,0,2,0,0,2,Other,24,1.0,0.0,0.0,0,0,0,0,Asia
CUST_00238,2024-06-20,2024-12-24,2024-10-18,2025-03-24,157,277,0,False,1,0.0,0.0,0.0,0.0,0.0,0.0,0.0,0.0,0.0,0.0,1,1,1.0,1381.81,1381.81,0.0,1381.81,0.0,0.0,0.0,0,1,0,0,0,F,27,0.0,1.0,0.0,0,0,0,0,Europe
CUST_00248,2024-07-03,2024-12-24,2024-10-31,2025-03-24,144,264,0,False,1,0.0,0.0,0.0,0.0,0.0,0.0,0.0,0.0,0.0,0.0,1,2,2.0,619.2,309.6,0.0,619.2,0.0,0.0,0.0,0,2,0,0,0,M,43,0.0,1.0,0.0,0,0,0,0,Europe
CUST_00249,2024-08-21,2024-12-24,2024-12-19,2025-03-24,95,215,0,False,0,0.0,0.0,0.0,0.0,0.0,0.0,0.0,0.0,0.0,0.0,2,2,1.0,2442.24,1221.12,1564.71,0.0,0.0,877.53,0.0,1,0,0,1,0,M,75,0.0,1.0,0.0,0,0,0,0,Europe
CUST_00253,2024-07-09,2024-12-24,2024-11-06,2025-03-24,138,258,0,False,1,0.0,0.0,0.0,0.0,0.0,0.0,0.0,0.0,0.0,0.0,1,2,2.0,1391.38,695.69,1391.38,0.0,0.0,0.0,0.0,2,0,0,0,0,F,32,1.0,0.0,0.0,0,0,0,0,Asia
CUST_00267,2024-07-20,2024-12-24,2024-11-17,2025-03-24,127,247,0,False,1,0.0,0.0,0.0,0.0,0.0,0.0,0.0,0.0,0.0,0.0,1,1,1.0,470.16,470.16,0.0,0.0,0.0,0.0,470.16,0,0,0,0,1,F,42,0.0,1.0,0.0,0,0,0,0,Europe
CUST_00270,2024-06-27,2024-12-24,2024-10-25,2025-03-24,150,270,0,False,1,0.0,0.0,0.0,0.0,0.0,0.0,0.0,0.0,0.0,0.0,1,3,3.0,1660.27,553.4233333333333,1660.27,0.0,0.0,0.0,0.0,3,0,0,0,0,M,65,1.0,0.0,0.0,0,0,0,0,Asia
CUST_00273,2024-07-17,2024-12-24,2024-11-14,2025-03-24,130,250,0,False,1,0.0,0.0,0.0,0.0,0.0,0.0,0.0,0.0,0.0,0.0,1,2,2.0,1945.57,972.785,0.0,0.0,0.0,0.0,1945.57,0,0,0,0,2,M,43,0.0,0.0,1.0,0,0,0,0,North America
CUST_00277,2024-08-25,2024-12-24,2024-12-23,2025-03-24,91,211,0,False,1,0.0,0.0,0.0,0.0,0.0,0.0,0.0,0.0,0.0,0.0,2,5,2.5,2223.9700000000003,432.6825,2223.9700000000003,0.0,0.0,0.0,0.0,5,0,0,0,0,F,47,0.0,0.0,1.0,0,0,0,0,North America
CUST_00280,2024-06-26,2024-12-24,2024-10-24,2025-03-24,151,271,0,False,1,0.0,0.0,0.0,0.0,0.0,0.0,0.0,0.0,0.0,0.0,1,4,4.0,1205.82,301.455,0.0,0.0,0.0,0.0,1205.82,0,0,0,0,4,M,40,0.0,0.0,1.0,0,0,0,0,North America
CUST_00282,2024-07-29,2024-12-24,2024-11-26,2025-03-24,118,238,0,False,1,0.0,0.0,0.0,0.0,0.0,0.0,0.0,0.0,0.0,0.0,2,4,2.0,2491.42,873.2033333333334,0.0,0.0,0.0,1117.52,1373.9,0,0,0,3,1,M,50,0.0,1.0,0.0,0,0,0,0,Europe
CUST_00284,2024-07-24,2024-12-24,2024-11-21,2025-03-24,123,243,0,False,1,0.0,0.0,0.0,0.0,0.0,0.0,0.0,0.0,0.0,0.0,1,1,1.0,1826.65,1826.65,1826.65,0.0,0.0,0.0,0.0,1,0,0,0,0,F,57,0.0,1.0,0.0,0,0,0,0,Europe
CUST_00292,2024-08-19,2024-12-24,2024-12-17,2025-03-24,97,217,0,False,1,0.0,0.0,0.0,0.0,0.0,0.0,0.0,0.0,0.0,0.0,1,4,4.0,192.2,48.05,0.0,0.0,0.0,0.0,192.2,0,0,0,0,4,M,37,1.0,0.0,0.0,0,0,0,0,Asia
CUST_00305,2024-08-03,2024-12-24,2024-12-01,2025-03-24,113,233,0,False,1,0.0,0.0,0.0,0.0,0.0,0.0,0.0,0.0,0.0,0.0,1,1,1.0,1954.91,1954.91,0.0,0.0,1954.91,0.0,0.0,0,0,1,0,0,F,69,1.0,0.0,0.0,0,0,0,0,Asia
CUST_00314,2024-08-23,2024-12-24,2024-12-21,2025-03-24,93,213,0,False,1,0.0,0.0,0.0,0.0,0.0,0.0,0.0,0.0,0.0,0.0,3,7,2.3333333333333335,3715.63,742.6255555555555,0.0,1484.0,1636.13,0.0,595.5,0,1,3,0,3,F,64,0.0,1.0,0.0,0,0,0,0,Europe
CUST_00316,2024-06-04,2024-12-24,2024-10-02,2025-03-24,173,293,0,False,1,0.0,0.0,0.0,0.0,0.0,0.0,0.0,0.0,0.0,0.0,1,3,3.0,657.32,219.10666666666668,0.0,0.0,0.0,0.0,657.32,0,0,0,0,3,F,39,0.0,1.0,0.0,0,0,0,0,Europe
CUST_00338,2024-07-03,2024-12-24,2024-10-31,2025-03-24,144,264,0,False,1,0.0,0.0,0.0,0.0,0.0,0.0,0.0,0.0,0.0,0.0,1,1,1.0,1817.81,1817.81,0.0,0.0,0.0,0.0,1817.81,0,0,0,0,1,M,56,0.0,1.0,0.0,0,0,0,0,Europe
CUST_00346,2024-06-10,2024-12-24,2024-10-08,2025-03-24,167,287,0,False,1,0.0,0.0,0.0,0.0,0.0,0.0,0.0,0.0,0.0,0.0,1,2,2.0,1368.84,684.42,0.0,0.0,0.0,0.0,1368.84,0,0,0,0,2,M,30,1.0,0.0,0.0,0,0,0,0,Asia
CUST_00347,2024-07-02,2024-12-24,2024-10-30,2025-03-24,145,265,0,False,1,0.0,0.0,0.0,0.0,0.0,0.0,0.0,0.0,0.0,0.0,1,2,2.0,174.38,87.19,0.0,0.0,0.0,0.0,174.38,0,0,0,0,2,M,58,0.0,1.0,0.0,0,0,0,0,Europe
CUST_00351,2024-08-03,2024-12-24,2024-12-01,2025-03-24,113,233,0,False,0,0.0,0.0,0.0,0.0,0.0,0.0,0.0,0.0,0.0,0.0,1,2,2.0,136.0,68.0,0.0,0.0,0.0,0.0,136.0,0,0,0,0,2,F,60,0.0,1.0,0.0,0,0,0,0,Europe
CUST_00358,2024-06-28,2024-12-24,2024-10-26,2025-03-24,149,269,0,False,1,0.0,0.0,0.0,0.0,0.0,0.0,0.0,0.0,0.0,0.0,1,1,1.0,364.16,364.16,0.0,0.0,364.16,0.0,0.0,0,0,1,0,0,M,55,0.0,1.0,0.0,0,0,0,0,Europe
CUST_00362,2024-06-17,2024-12-24,2024-10-15,2025-03-24,160,280,0,False,1,0.0,0.0,0.0,0.0,0.0,0.0,0.0,0.0,0.0,0.0,1,2,2.0,1051.89,525.945,0.0,1051.89,0.0,0.0,0.0,0,2,0,0,0,M,69,0.0,1.0,0.0,0,0,0,0,Europe
CUST_00378,2024-06-22,2024-12-24,2024-10-20,2025-03-24,155,275,0,False,1,0.0,0.0,0.0,0.0,0.0,0.0,0.0,0.0,0.0,0.0,1,1,1.0,258.7,258.7,0.0,0.0,258.7,0.0,0.0,0,0,1,0,0,M,22,0.0,0.0,1.0,0,0,0,0,North America
CUST_00381,2024-07-15,2024-12-24,2024-11-12,2025-03-24,132,252,0,False,0,0.0,0.0,0.0,0.0,0.0,0.0,0.0,0.0,0.0,0.0,2,6,3.0,2476.36,412.7266666666667,0.0,0.0,0.0,0.0,2476.36,0,0,0,0,6,M,49,0.0,0.0,1.0,0,0,0,0,North America
CUST_00395,2024-07-16,2024-12-24,2024-11-13,2025-03-24,131,251,0,False,1,0.0,0.0,0.0,0.0,0.0,0.0,0.0,0.0,0.0,0.0,1,2,2.0,1941.86,970.93,0.0,0.0,0.0,1941.86,0.0,0,0,0,2,0,Other,59,0.0,1.0,0.0,0,0,0,0,Europe
CUST_00398,2024-07-27,2024-12-24,2024-11-24,2025-03-24,120,240,0,False,1,0.0,0.0,0.0,0.0,0.0,0.0,0.0,0.0,0.0,0.0,1,1,1.0,916.73,916.73,0.0,0.0,916.73,0.0,0.0,0,0,1,0,0,M,46,0.0,0.0,1.0,0,0,0,0,North America
CUST_00406,2024-06-13,2024-12-24,2024-10-11,2025-03-24,164,284,0,False,1,0.0,0.0,0.0,0.0,0.0,0.0,0.0,0.0,0.0,0.0,1,1,1.0,1297.4,1297.4,0.0,0.0,1297.4,0.0,0.0,0,0,1,0,0,M,52,0.0,1.0,0.0,0,0,0,0,Europe
CUST_00411,2024-07-25,2024-12-24,2024-11-22,2025-03-24,122,242,0,False,1,0.0,0.0,0.0,0.0,0.0,0.0,0.0,0.0,0.0,0.0,1,3,3.0,529.31,176.43666666666664,0.0,0.0,0.0,0.0,529.31,0,0,0,0,3,F,45,0.0,0.0,1.0,0,0,0,0,North America
CUST_00419,2024-08-12,2024-12-24,2024-12-10,2025-03-24,104,224,0,False,1,0.0,0.0,0.0,0.0,0.0,0.0,0.0,0.0,0.0,0.0,2,5,2.5,1112.49,239.82083333333333,0.0,459.62,0.0,0.0,652.87,0,3,0,0,2,F,73,1.0,0.0,0.0,0,0,0,0,Asia
CUST_00424,2024-06-29,2024-12-24,2024-10-27,2025-03-24,148,268,0,False,1,0.0,0.0,0.0,0.0,0.0,0.0,0.0,0.0,0.0,0.0,2,3,1.5,1404.1000000000001,392.88,1236.68,0.0,0.0,167.42,0.0,2,0,0,1,0,F,22,0.0,1.0,0.0,0,0,0,0,Europe
CUST_00426,2024-08-07,2024-12-24,2024-12-05,2025-03-24,109,229,0,False,0,0.0,0.0,0.0,0.0,0.0,0.0,0.0,0.0,0.0,0.0,2,3,1.5,1438.73,616.7875,0.0,0.0,0.0,0.0,1438.73,0,0,0,0,3,F,36,1.0,0.0,0.0,0,0,0,0,Asia
CUST_00428,2024-08-22,2024-12-24,2024-12-20,2025-03-24,94,214,0,False,1,0.0,0.0,0.0,0.0,0.0,0.0,0.0,0.0,0.0,0.0,2,6,3.0,2428.82,404.80333333333334,0.0,1675.74,0.0,0.0,753.08,0,3,0,0,3,F,52,1.0,0.0,0.0,0,0,0,0,Asia
CUST_00429,2024-06-19,2024-12-24,2024-10-17,2025-03-24,158,278,0,False,1,0.0,0.0,0.0,0.0,0.0,0.0,0.0,0.0,0.0,0.0,1,4,4.0,1061.88,265.47,0.0,1061.88,0.0,0.0,0.0,0,4,0,0,0,M,26,0.0,1.0,0.0,0,0,0,0,Europe
CUST_00432,2024-08-23,2024-12-24,2024-12-21,2025-03-24,93,213,0,False,1,0.0,0.0,0.0,0.0,0.0,0.0,0.0,0.0,0.0,0.0,2,3,1.5,2020.48,862.2325000000001,0.0,0.0,0.0,592.03,1428.45,0,0,0,2,1,M,54,0.0,1.0,0.0,0,0,0,0,Europe
CUST_00435,2024-08-22,2024-12-24,2024-12-20,2025-03-24,94,214,0,False,1,0.0,0.0,0.0,0.0,0.0,0.0,0.0,0.0,0.0,0.0,1,3,3.0,586.39,195.46333333333334,0.0,0.0,586.39,0.0,0.0,0,0,3,0,0,F,49,0.0,1.0,0.0,0,0,0,0,Europe
CUST_00438,2024-07-15,2024-12-24,2024-11-12,2025-03-24,132,252,0,False,1,0.0,0.0,0.0,0.0,0.0,0.0,0.0,0.0,0.0,0.0,3,8,2.6666666666666665,2922.19,674.1894444444445,0.0,0.0,2922.19,0.0,0.0,0,0,8,0,0,F,50,1.0,0.0,0.0,0,0,0,0,Asia
CUST_00443,2024-07-30,2024-12-24,2024-11-27,2025-03-24,117,237,0,False,0,0.0,0.0,0.0,0.0,0.0,0.0,0.0,0.0,0.0,0.0,2,5,2.5,845.48,170.06083333333333,0.0,495.71,349.77,0.0,0.0,0,3,2,0,0,F,33,0.0,1.0,0.0,0,0,0,0,Europe
CUST_00447,2024-07-10,2024-12-24,2024-11-07,2025-03-24,137,257,0,False,1,0.0,0.0,0.0,0.0,0.0,0.0,0.0,0.0,0.0,0.0,1,1,1.0,1871.34,1871.34,1871.34,0.0,0.0,0.0,0.0,1,0,0,0,0,M,47,1.0,0.0,0.0,0,0,0,0,Asia
CUST_00469,2024-08-11,2024-12-24,2024-12-09,2025-03-24,105,225,0,False,1,0.0,0.0,0.0,0.0,0.0,0.0,0.0,0.0,0.0,0.0,2,4,2.0,3003.92,750.98,1300.23,0.0,0.0,1703.69,0.0,2,0,0,2,0,M,48,1.0,0.0,0.0,0,0,0,0,Asia
CUST_00472,2024-07-08,2024-12-24,2024-11-05,2025-03-24,139,259,0,False,1,0.0,0.0,0.0,0.0,0.0,0.0,0.0,0.0,0.0,0.0,1,2,2.0,1336.53,668.265,0.0,0.0,0.0,1336.53,0.0,0,0,0,2,0,Other,44,1.0,0.0,0.0,0,0,0,0,Asia
CUST_00475,2024-08-01,2024-12-24,2024-11-29,2025-03-24,115,235,0,False,0,0.0,0.0,0.0,0.0,0.0,0.0,0.0,0.0,0.0,0.0,4,10,2.5,3931.5099999999998,409.6116666666667,0.0,950.71,0.0,2980.8,0.0,0,5,0,5,0,F,25,0.0,1.0,0.0,0,0,0,0,Europe
CUST_00483,2024-08-12,2024-12-24,2024-12-10,2025-03-24,104,224,0,False,1,0.0,0.0,0.0,0.0,0.0,0.0,0.0,0.0,0.0,0.0,1,1,1.0,1054.36,1054.36,1054.36,0.0,0.0,0.0,0.0,1,0,0,0,0,M,61,0.0,1.0,0.0,0,0,0,0,Europe
CUST_00485,2024-08-18,2024-12-24,2024-12-16,2025-03-24,98,218,0,False,1,0.0,0.0,0.0,0.0,0.0,0.0,0.0,0.0,0.0,0.0,1,2,2.0,792.62,396.31,0.0,0.0,792.62,0.0,0.0,0,0,2,0,0,F,33,0.0,1.0,0.0,0,0,0,0,Europe
CUST_00490,2024-07-06,2024-12-24,2024-11-03,2025-03-24,141,261,0,False,1,0.0,0.0,0.0,0.0,0.0,0.0,0.0,0.0,0.0,0.0,2,5,2.5,2163.75,525.05,0.0,0.0,2163.75,0.0,0.0,0,0,5,0,0,M,32,0.0,1.0,0.0,0,0,0,0,Europe
CUST_00495,2024-08-10,2024-12-24,2024-12-08,2025-03-24,106,226,0,False,1,0.0,0.0,0.0,0.0,0.0,0.0,0.0,0.0,0.0,0.0,1,3,3.0,1085.18,361.7266666666667,0.0,0.0,1085.18,0.0,0.0,0,0,3,0,0,M,70,0.0,1.0,0.0,0,0,0,0,Europe
CUST_00498,2024-06-04,2024-12-24,2024-10-02,2025-03-24,173,293,0,False,1,0.0,0.0,0.0,0.0,0.0,0.0,0.0,0.0,0.0,0.0,1,1,1.0,1978.45,1978.45,1978.45,0.0,0.0,0.0,0.0,1,0,0,0,0,F,24,0.0,1.0,0.0,0,0,0,0,Europe
CUST_00501,2024-08-04,2024-12-24,2024-12-02,2025-03-24,112,232,0,False,0,0.0,0.0,0.0,0.0,0.0,0.0,0.0,0.0,0.0,0.0,2,4,2.0,2395.1000000000004,598.7750000000001,0.0,1481.64,0.0,913.46,0.0,0,2,0,2,0,F,41,0.0,0.0,1.0,0,0,0,0,North America
CUST_00503,2024-06-10,2024-12-24,2024-10-08,2025-03-24,167,287,0,False,1,0.0,0.0,0.0,0.0,0.0,0.0,0.0,0.0,0.0,0.0,1,2,2.0,1492.62,746.31,0.0,0.0,1492.62,0.0,0.0,0,0,2,0,0,M,36,0.0,1.0,0.0,0,0,0,0,Europe
CUST_00506,2024-06-14,2024-12-24,2024-10-12,2025-03-24,163,283,0,False,1,0.0,0.0,0.0,0.0,0.0,0.0,0.0,0.0,0.0,0.0,1,1,1.0,975.02,975.02,0.0,0.0,0.0,975.02,0.0,0,0,0,1,0,F,63,1.0,0.0,0.0,0,0,0,0,Asia
CUST_00511,2024-08-10,2024-12-24,2024-12-08,2025-03-24,106,226,0,False,1,0.0,0.0,0.0,0.0,0.0,0.0,0.0,0.0,0.0,0.0,3,9,3.0,4898.67,544.2966666666667,1861.82,0.0,1978.65,0.0,1058.2,3,0,3,0,3,F,59,1.0,0.0,0.0,0,0,0,0,Asia
CUST_00514,2024-07-24,2024-12-24,2024-11-21,2025-03-24,123,243,0,False,1,0.0,0.0,0.0,0.0,0.0,0.0,0.0,0.0,0.0,0.0,1,3,3.0,481.11,160.37,0.0,0.0,481.11,0.0,0.0,0,0,3,0,0,M,21,0.0,1.0,0.0,0,0,0,0,Europe
CUST_00523,2024-07-17,2024-12-24,2024-11-14,2025-03-24,130,250,0,False,1,0.0,0.0,0.0,0.0,0.0,0.0,0.0,0.0,0.0,0.0,1,2,2.0,184.54,92.27,0.0,0.0,0.0,184.54,0.0,0,0,0,2,0,F,75,0.0,1.0,0.0,0,0,0,0,Europe
CUST_00526,2024-08-18,2024-12-24,2024-12-16,2025-03-24,98,218,0,False,0,0.0,0.0,0.0,0.0,0.0,0.0,0.0,0.0,0.0,0.0,1,2,2.0,421.02,210.51,421.02,0.0,0.0,0.0,0.0,2,0,0,0,0,M,42,0.0,1.0,0.0,0,0,0,0,Europe
CUST_00536,2024-07-21,2024-12-24,2024-11-18,2025-03-24,126,246,0,False,1,0.0,0.0,0.0,0.0,0.0,0.0,0.0,0.0,0.0,0.0,1,2,2.0,1391.15,695.575,0.0,0.0,0.0,1391.15,0.0,0,0,0,2,0,M,37,0.0,1.0,0.0,0,0,0,0,Europe
CUST_00539,2024-06-29,2024-12-24,2024-10-27,2025-03-24,148,268,0,False,1,0.0,0.0,0.0,0.0,0.0,0.0,0.0,0.0,0.0,0.0,1,2,2.0,1368.57,684.285,1368.57,0.0,0.0,0.0,0.0,2,0,0,0,0,M,47,0.0,1.0,0.0,0,0,0,0,Europe
CUST_00545,2024-08-09,2024-12-24,2024-12-07,2025-03-24,107,227,0,False,1,0.0,0.0,0.0,0.0,0.0,0.0,0.0,0.0,0.0,0.0,2,4,2.0,1582.23,304.0783333333333,121.12,1461.11,0.0,0.0,0.0,1,3,0,0,0,F,25,1.0,0.0,0.0,0,0,0,0,Asia
CUST_00557,2024-06-22,2024-12-24,2024-10-20,2025-03-24,155,275,0,False,0,0.0,0.0,0.0,0.0,0.0,0.0,0.0,0.0,0.0,0.0,1,4,4.0,1497.37,374.3425,0.0,0.0,1497.37,0.0,0.0,0,0,4,0,0,F,71,1.0,0.0,0.0,0,0,0,0,Asia
CUST_00559,2024-07-28,2024-12-24,2024-11-25,2025-03-24,119,239,0,False,1,0.0,0.0,0.0,0.0,0.0,0.0,0.0,0.0,0.0,0.0,2,5,2.5,2572.23,724.68,0.0,1497.16,1075.07,0.0,0.0,0,4,1,0,0,F,60,0.0,1.0,0.0,0,0,0,0,Europe
CUST_00568,2024-07-27,2024-12-24,2024-11-24,2025-03-24,120,240,0,False,1,0.0,0.0,0.0,0.0,0.0,0.0,0.0,0.0,0.0,0.0,2,6,3.0,2429.46,404.90999999999997,1622.74,0.0,0.0,806.72,0.0,3,0,0,3,0,F,39,0.0,1.0,0.0,0,0,0,0,Europe
CUST_00569,2024-06-27,2024-12-24,2024-10-25,2025-03-24,150,270,0,False,1,0.0,0.0,0.0,0.0,0.0,0.0,0.0,0.0,0.0,0.0,1,1,1.0,765.78,765.78,0.0,765.78,0.0,0.0,0.0,0,1,0,0,0,M,53,0.0,1.0,0.0,0,0,0,0,Europe
CUST_00578,2024-06-25,2024-12-24,2024-10-23,2025-03-24,152,272,0,False,1,0.0,0.0,0.0,0.0,0.0,0.0,0.0,0.0,0.0,0.0,1,4,4.0,853.63,213.4075,0.0,0.0,853.63,0.0,0.0,0,0,4,0,0,F,57,0.0,1.0,0.0,0,0,0,0,Europe
CUST_00579,2024-06-21,2024-12-24,2024-10-19,2025-03-24,156,276,0,False,1,0.0,0.0,0.0,0.0,0.0,0.0,0.0,0.0,0.0,0.0,1,2,2.0,1087.25,543.625,0.0,0.0,1087.25,0.0,0.0,0,0,2,0,0,F,44,0.0,1.0,0.0,0,0,0,0,Europe
CUST_00582,2024-08-02,2024-12-24,2024-11-30,2025-03-24,114,234,0,False,1,0.0,0.0,0.0,0.0,0.0,0.0,0.0,0.0,0.0,0.0,1,1,1.0,969.44,969.44,0.0,0.0,0.0,969.44,0.0,0,0,0,1,0,M,31,0.0,1.0,0.0,0,0,0,0,Europe
CUST_00592,2024-08-13,2024-12-24,2024-12-11,2025-03-24,103,223,0,False,1,0.0,0.0,0.0,0.0,0.0,0.0,0.0,0.0,0.0,0.0,2,6,3.0,2036.1,339.35,0.0,1149.06,887.04,0.0,0.0,0,3,3,0,0,M,49,0.0,1.0,0.0,0,0,0,0,Europe
CUST_00594,2024-08-18,2024-12-24,2024-12-16,2025-03-24,98,218,0,False,1,0.0,0.0,0.0,0.0,0.0,0.0,0.0,0.0,0.0,0.0,3,6,2.0,3385.58,564.2633333333333,0.0,409.52,1533.59,0.0,1442.47,0,2,2,0,2,M,52,0.0,0.0,1.0,0,0,0,0,North America
CUST_00597,2024-08-22,2024-12-24,2024-12-20,2025-03-24,94,214,0,False,1,0.0,0.0,0.0,0.0,0.0,0.0,0.0,0.0,0.0,0.0,1,1,1.0,1026.45,1026.45,0.0,1026.45,0.0,0.0,0.0,0,1,0,0,0,F,41,0.0,0.0,1.0,0,0,0,0,North America
CUST_00624,2024-06-02,2024-12-24,2024-09-30,2025-03-24,175,295,0,False,1,0.0,0.0,0.0,0.0,0.0,0.0,0.0,0.0,0.0,0.0,1,2,2.0,1458.08,729.04,0.0,0.0,0.0,0.0,1458.08,0,0,0,0,2,M,47,1.0,0.0,0.0,0,0,0,0,Asia
CUST_00628,2024-07-01,2024-12-24,2024-10-29,2025-03-24,146,266,0,False,0,0.0,0.0,0.0,0.0,0.0,0.0,0.0,0.0,0.0,0.0,2,6,3.0,2806.51,467.75166666666667,0.0,887.06,0.0,1919.45,0.0,0,3,0,3,0,Other,42,0.0,1.0,0.0,0,0,0,0,Europe
CUST_00636,2024-06-23,2024-12-24,2024-10-21,2025-03-24,154,274,0,False,0,0.0,0.0,0.0,0.0,0.0,0.0,0.0,0.0,0.0,0.0,1,1,1.0,1794.84,1794.84,0.0,1794.84,0.0,0.0,0.0,0,1,0,0,0,F,65,1.0,0.0,0.0,0,0,0,0,Asia
CUST_00637,2024-06-22,2024-12-24,2024-10-20,2025-03-24,155,275,0,False,1,0.0,0.0,0.0,0.0,0.0,0.0,0.0,0.0,0.0,0.0,1,3,3.0,1231.09,410.3633333333333,0.0,0.0,0.0,1231.09,0.0,0,0,0,3,0,F,47,1.0,0.0,0.0,0,0,0,0,Asia
CUST_00641,2024-07-20,2024-12-24,2024-11-17,2025-03-24,127,247,0,False,1,0.0,0.0,0.0,0.0,0.0,0.0,0.0,0.0,0.0,0.0,1,2,2.0,1462.37,731.185,0.0,0.0,0.0,1462.37,0.0,0,0,0,2,0,M,40,0.0,1.0,0.0,0,0,0,0,Europe
CUST_00645,2024-06-23,2024-12-24,2024-10-21,2025-03-24,154,274,0,False,1,0.0,0.0,0.0,0.0,0.0,0.0,0.0,0.0,0.0,0.0,1,3,3.0,661.55,220.51666666666665,0.0,661.55,0.0,0.0,0.0,0,3,0,0,0,F,52,0.0,0.0,1.0,0,0,0,0,North America
CUST_00648,2024-06-26,2024-12-24,2024-10-24,2025-03-24,151,271,0,False,1,0.0,0.0,0.0,0.0,0.0,0.0,0.0,0.0,0.0,0.0,1,2,2.0,1861.15,930.575,1861.15,0.0,0.0,0.0,0.0,2,0,0,0,0,M,41,1.0,0.0,0.0,0,0,0,0,Asia
CUST_00650,2024-06-16,2024-12-24,2024-10-14,2024-12-29,76,196,1,True,1,0.0,0.0,0.0,0.0,0.0,0.0,0.0,0.0,0.0,0.0,2,4,2.0,2398.61,1036.8216666666667,2398.61,0.0,0.0,0.0,0.0,4,0,0,0,0,M,40,0.0,1.0,0.0,0,0,0,0,Europe
CUST_00654,2024-06-25,2024-12-24,2024-10-23,2025-03-24,152,272,0,False,0,0.0,0.0,0.0,0.0,0.0,0.0,0.0,0.0,0.0,0.0,1,2,2.0,812.59,406.295,812.59,0.0,0.0,0.0,0.0,2,0,0,0,0,M,44,0.0,0.0,1.0,0,0,0,0,North America
CUST_00657,2024-08-23,2024-12-24,2024-12-21,2025-03-24,93,213,0,False,1,0.0,0.0,0.0,0.0,0.0,0.0,0.0,0.0,0.0,0.0,2,4,2.0,3299.14,1149.4533333333334,0.0,0.0,0.0,1798.79,1500.35,0,0,0,1,3,M,44,1.0,0.0,0.0,0,0,0,0,Asia
CUST_00660,2024-07-07,2024-12-24,2024-11-04,2025-03-24,140,260,0,False,0,0.0,0.0,0.0,0.0,0.0,0.0,0.0,0.0,0.0,0.0,2,3,1.5,2267.35,845.0325,0.0,0.0,0.0,0.0,2267.35,0,0,0,0,3,F,27,1.0,0.0,0.0,0,0,0,0,Asia
CUST_00662,2024-06-18,2024-12-24,2024-10-16,2025-03-24,159,279,0,False,1,0.0,0.0,0.0,0.0,0.0,0.0,0.0,0.0,0.0,0.0,1,1,1.0,1883.89,1883.89,0.0,1883.89,0.0,0.0,0.0,0,1,0,0,0,M,63,1.0,0.0,0.0,0,0,0,0,Asia
CUST_00665,2024-07-08,2024-12-24,2024-11-05,2025-03-24,139,259,0,False,1,0.0,0.0,0.0,0.0,0.0,0.0,0.0,0.0,0.0,0.0,1,6,6.0,646.89,107.815,0.0,0.0,646.89,0.0,0.0,0,0,6,0,0,M,41,0.0,1.0,0.0,0,0,0,0,Europe
CUST_00669,2024-07-16,2024-12-24,2024-11-13,2025-03-24,131,251,0,False,1,0.0,0.0,0.0,0.0,0.0,0.0,0.0,0.0,0.0,0.0,1,1,1.0,817.4,817.4,817.4,0.0,0.0,0.0,0.0,1,0,0,0,0,F,27,0.0,1.0,0.0,0,0,0,0,Europe
CUST_00675,2024-08-10,2024-12-24,2024-12-08,2025-03-24,106,226,0,False,1,0.0,0.0,0.0,0.0,0.0,0.0,0.0,0.0,0.0,0.0,1,3,3.0,1872.62,624.2066666666666,1872.62,0.0,0.0,0.0,0.0,3,0,0,0,0,F,57,0.0,0.0,1.0,0,0,0,0,North America
CUST_00678,2024-06-20,2024-12-24,2024-10-18,2025-03-24,157,277,0,False,1,0.0,0.0,0.0,0.0,0.0,0.0,0.0,0.0,0.0,0.0,1,2,2.0,1485.94,742.97,0.0,0.0,0.0,1485.94,0.0,0,0,0,2,0,F,64,0.0,1.0,0.0,0,0,0,0,Europe
CUST_00680,2024-06-03,2024-12-24,2024-10-01,2025-03-24,174,294,0,False,0,0.0,0.0,0.0,0.0,0.0,0.0,0.0,0.0,0.0,0.0,1,2,2.0,1846.56,923.28,1846.56,0.0,0.0,0.0,0.0,2,0,0,0,0,F,57,0.0,1.0,0.0,0,0,0,0,Europe
CUST_00681,2024-07-21,2024-12-24,2024-11-18,2025-03-24,126,246,0,False,1,0.0,0.0,0.0,0.0,0.0,0.0,0.0,0.0,0.0,0.0,1,2,2.0,788.01,394.005,0.0,0.0,0.0,788.01,0.0,0,0,0,2,0,M,64,0.0,1.0,0.0,0,0,0,0,Europe
CUST_00691,2024-08-22,2024-12-24,2024-12-20,2025-03-24,94,214,0,False,1,0.0,0.0,0.0,0.0,0.0,0.0,0.0,0.0,0.0,0.0,2,4,2.0,2204.7,478.2366666666667,332.36,1872.34,0.0,0.0,0.0,1,3,0,0,0,F,23,0.0,0.0,1.0,0,0,0,0,North America
CUST_00702,2024-06-26,2024-12-24,2024-10-24,2025-03-24,151,271,0,False,1,0.0,0.0,0.0,0.0,0.0,0.0,0.0,0.0,0.0,0.0,2,7,3.5,2729.6400000000003,526.4970000000001,0.0,1039.42,0.0,1690.22,0.0,0,5,0,2,0,F,37,0.0,1.0,0.0,0,0,0,0,Europe
CUST_00710,2024-07-22,2024-12-24,2024-11-19,2025-03-24,125,245,0,False,1,0.0,0.0,0.0,0.0,0.0,0.0,0.0,0.0,0.0,0.0,1,2,2.0,1370.46,685.23,0.0,0.0,1370.46,0.0,0.0,0,0,2,0,0,F,41,0.0,0.0,1.0,0,0,0,0,North America
CUST_00711,2024-08-25,2024-12-24,2024-12-23,2025-03-24,91,211,0,False,1,0.0,0.0,0.0,0.0,0.0,0.0,0.0,0.0,0.0,0.0,1,2,2.0,1978.16,989.08,1978.16,0.0,0.0,0.0,0.0,2,0,0,0,0,F,53,0.0,1.0,0.0,0,0,0,0,Europe
CUST_00717,2024-06-30,2024-12-24,2024-10-28,2025-03-24,147,267,0,False,0,0.0,0.0,0.0,0.0,0.0,0.0,0.0,0.0,0.0,0.0,3,7,2.3333333333333335,1136.35,210.91,0.0,101.16,380.92,0.0,654.27,0,3,1,0,3,F,64,1.0,0.0,0.0,0,0,0,0,Asia
CUST_00722,2024-08-07,2024-12-24,2024-12-05,2025-03-24,109,229,0,False,1,0.0,0.0,0.0,0.0,0.0,0.0,0.0,0.0,0.0,0.0,2,6,3.0,1229.69,240.79,1229.69,0.0,0.0,0.0,0.0,6,0,0,0,0,M,38,1.0,0.0,0.0,0,0,0,0,Asia
CUST_00731,2024-07-12,2024-12-24,2024-11-09,2025-03-24,135,255,0,False,1,0.0,0.0,0.0,0.0,0.0,0.0,0.0,0.0,0.0,0.0,1,3,3.0,1576.73,525.5766666666667,0.0,1576.73,0.0,0.0,0.0,0,3,0,0,0,F,74,0.0,0.0,1.0,0,0,0,0,North America
CUST_00732,2024-07-21,2024-12-24,2024-11-18,2025-03-24,126,246,0,False,1,0.0,0.0,0.0,0.0,0.0,0.0,0.0,0.0,0.0,0.0,2,7,3.5,1440.6599999999999,204.33416666666665,858.62,0.0,0.0,582.04,0.0,4,0,0,3,0,F,71,0.0,0.0,1.0,0,0,0,0,North America
CUST_00735,2024-07-28,2024-12-24,2024-11-25,2025-03-24,119,239,0,False,1,0.0,0.0,0.0,0.0,0.0,0.0,0.0,0.0,0.0,0.0,2,6,3.0,2293.06,324.83500000000004,0.0,0.0,0.0,305.62,1987.44,0,0,0,2,4,F,38,0.0,0.0,1.0,0,0,0,0,North America
CUST_00742,2024-08-15,2024-12-24,2024-12-13,2025-03-24,101,221,0,False,1,0.0,0.0,0.0,0.0,0.0,0.0,0.0,0.0,0.0,0.0,1,2,2.0,816.29,408.145,816.29,0.0,0.0,0.0,0.0,2,0,0,0,0,F,24,0.0,0.0,1.0,0,0,0,0,North America
CUST_00744,2024-07-20,2024-12-24,2024-11-17,2025-03-24,127,247,0,False,1,0.0,0.0,0.0,0.0,0.0,0.0,0.0,0.0,0.0,0.0,1,2,2.0,500.81,250.405,0.0,500.81,0.0,0.0,0.0,0,2,0,0,0,F,69,0.0,1.0,0.0,0,0,0,0,Europe
CUST_00747,2024-06-04,2024-12-24,2024-10-02,2025-03-24,173,293,0,False,1,0.0,0.0,0.0,0.0,0.0,0.0,0.0,0.0,0.0,0.0,1,1,1.0,1002.44,1002.44,0.0,0.0,1002.44,0.0,0.0,0,0,1,0,0,F,72,0.0,0.0,1.0,0,0,0,0,North America
CUST_00761,2024-07-27,2024-12-24,2024-11-24,2025-03-24,120,240,0,False,1,0.0,0.0,0.0,0.0,0.0,0.0,0.0,0.0,0.0,0.0,1,1,1.0,1175.26,1175.26,0.0,1175.26,0.0,0.0,0.0,0,1,0,0,0,F,31,1.0,0.0,0.0,0,0,0,0,Asia
CUST_00766,2024-08-03,2024-12-24,2024-12-01,2025-03-24,113,233,0,False,1,0.0,0.0,0.0,0.0,0.0,0.0,0.0,0.0,0.0,0.0,1,1,1.0,698.98,698.98,0.0,698.98,0.0,0.0,0.0,0,1,0,0,0,F,48,1.0,0.0,0.0,0,0,0,0,Asia
CUST_00768,2024-06-28,2024-12-24,2024-10-26,2025-03-24,149,269,0,False,1,0.0,0.0,0.0,0.0,0.0,0.0,0.0,0.0,0.0,0.0,1,2,2.0,349.59,174.795,0.0,349.59,0.0,0.0,0.0,0,2,0,0,0,M,35,1.0,0.0,0.0,0,0,0,0,Asia
CUST_00780,2024-06-28,2024-12-24,2024-10-26,2025-03-24,149,269,0,False,1,0.0,0.0,0.0,0.0,0.0,0.0,0.0,0.0,0.0,0.0,1,2,2.0,1453.41,726.705,0.0,0.0,1453.41,0.0,0.0,0,0,2,0,0,F,32,0.0,0.0,1.0,0,0,0,0,North America
CUST_00782,2024-06-29,2024-12-24,2024-10-27,2025-03-24,148,268,0,False,0,0.0,0.0,0.0,0.0,0.0,0.0,0.0,0.0,0.0,0.0,2,6,3.0,1815.69,281.07124999999996,1382.81,432.88,0.0,0.0,0.0,4,2,0,0,0,F,44,0.0,1.0,0.0,0,0,0,0,Europe
CUST_00785,2024-06-24,2024-12-24,2024-10-22,2025-03-24,153,273,0,False,1,0.0,0.0,0.0,0.0,0.0,0.0,0.0,0.0,0.0,0.0,1,1,1.0,1698.58,1698.58,0.0,0.0,0.0,0.0,1698.58,0,0,0,0,1,F,55,0.0,1.0,0.0,0,0,0,0,Europe
CUST_00793,2024-08-19,2024-12-24,2024-12-17,2025-03-24,97,217,0,False,1,0.0,0.0,0.0,0.0,0.0,0.0,0.0,0.0,0.0,0.0,2,3,1.5,2238.31,886.355,931.2,0.0,0.0,0.0,1307.11,2,0,0,0,1,Other,57,1.0,0.0,0.0,0,0,0,0,Asia
CUST_00795,2024-08-24,2024-12-24,2024-12-22,2025-03-24,92,212,0,False,1,0.0,0.0,0.0,0.0,0.0,0.0,0.0,0.0,0.0,0.0,1,3,3.0,574.56,191.51999999999998,0.0,574.56,0.0,0.0,0.0,0,3,0,0,0,F,58,0.0,1.0,0.0,0,0,0,0,Europe
CUST_00798,2024-07-14,2024-12-24,2024-11-11,2025-03-24,133,253,0,False,1,0.0,0.0,0.0,0.0,0.0,0.0,0.0,0.0,0.0,0.0,1,2,2.0,182.16,91.08,0.0,0.0,182.16,0.0,0.0,0,0,2,0,0,F,27,0.0,1.0,0.0,0,0,0,0,Europe
CUST_00799,2024-07-07,2024-12-24,2024-11-04,2025-03-24,140,260,0,False,1,0.0,0.0,0.0,0.0,0.0,0.0,0.0,0.0,0.0,0.0,2,5,2.5,1555.25,277.0175,0.0,0.0,1341.54,0.0,213.71,0,0,3,0,2,M,62,1.0,0.0,0.0,0,0,0,0,Asia
CUST_00801,2024-07-22,2024-12-24,2024-11-19,2025-03-24,125,245,0,False,1,0.0,0.0,0.0,0.0,0.0,0.0,0.0,0.0,0.0,0.0,1,2,2.0,1654.91,827.455,0.0,0.0,1654.91,0.0,0.0,0,0,2,0,0,M,45,0.0,0.0,1.0,0,0,0,0,North America
CUST_00809,2024-06-26,2024-12-24,2024-10-24,2025-03-24,151,271,0,False,1,0.0,0.0,0.0,0.0,0.0,0.0,0.0,0.0,0.0,0.0,1,2,2.0,1674.12,837.06,0.0,0.0,0.0,0.0,1674.12,0,0,0,0,2,F,65,0.0,1.0,0.0,0,0,0,0,Europe
CUST_00810,2024-06-22,2024-12-24,2024-10-20,2025-03-24,155,275,0,False,1,0.0,0.0,0.0,0.0,0.0,0.0,0.0,0.0,0.0,0.0,1,3,3.0,707.52,235.84,0.0,0.0,0.0,0.0,707.52,0,0,0,0,3,F,64,1.0,0.0,0.0,0,0,0,0,Asia
CUST_00812,2024-07-21,2024-12-24,2024-11-18,2025-03-24,126,246,0,False,1,0.0,0.0,0.0,0.0,0.0,0.0,0.0,0.0,0.0,0.0,1,1,1.0,600.14,600.14,600.14,0.0,0.0,0.0,0.0,1,0,0,0,0,Other,44,1.0,0.0,0.0,0,0,0,0,Asia
CUST_00823,2024-07-03,2024-12-24,2024-10-31,2025-03-24,144,264,0,False,1,0.0,0.0,0.0,0.0,0.0,0.0,0.0,0.0,0.0,0.0,1,3,3.0,1483.16,494.3866666666667,0.0,0.0,0.0,0.0,1483.16,0,0,0,0,3,F,50,0.0,0.0,1.0,0,0,0,0,North America
CUST_00824,2024-06-16,2024-12-24,2024-10-14,2025-03-24,161,281,0,False,1,0.0,0.0,0.0,0.0,0.0,0.0,0.0,0.0,0.0,0.0,1,3,3.0,1589.48,529.8266666666667,0.0,0.0,1589.48,0.0,0.0,0,0,3,0,0,M,68,0.0,1.0,0.0,0,0,0,0,Europe
CUST_00828,2024-08-15,2024-12-24,2024-12-13,2025-03-24,101,221,0,False,1,0.0,0.0,0.0,0.0,0.0,0.0,0.0,0.0,0.0,0.0,4,5,1.25,3835.0099999999998,933.1837499999999,0.0,1522.3799999999999,0.0,2312.63,0.0,0,3,0,2,0,M,39,0.0,0.0,1.0,0,0,0,0,North America
CUST_00839,2024-07-26,2024-12-24,2024-11-23,2025-03-24,121,241,0,False,0,0.0,0.0,0.0,0.0,0.0,0.0,0.0,0.0,0.0,0.0,1,1,1.0,182.08,182.08,0.0,0.0,182.08,0.0,0.0,0,0,1,0,0,F,48,0.0,1.0,0.0,0,0,0,0,Europe
CUST_00848,2024-07-18,2024-12-24,2024-11-15,2025-03-24,129,249,0,False,1,0.0,0.0,0.0,0.0,0.0,0.0,0.0,0.0,0.0,0.0,2,3,1.5,2615.94,1053.21,1019.04,0.0,0.0,0.0,1596.9,2,0,0,0,1,M,71,1.0,0.0,0.0,0,0,0,0,Asia
CUST_00849,2024-07-26,2024-12-24,2024-11-23,2025-03-24,121,241,0,False,1,0.0,0.0,0.0,0.0,0.0,0.0,0.0,0.0,0.0,0.0,2,5,2.5,2993.1400000000003,621.3758333333334,1470.23,1522.91,0.0,0.0,0.0,2,3,0,0,0,F,29,0.0,1.0,0.0,0,0,0,0,Europe
CUST_00856,2024-07-29,2024-12-24,2024-11-26,2025-03-24,118,238,0,False,0,0.0,0.0,0.0,0.0,0.0,0.0,0.0,0.0,0.0,0.0,1,1,1.0,1022.93,1022.93,0.0,0.0,0.0,0.0,1022.93,0,0,0,0,1,M,71,0.0,1.0,0.0,0,0,0,0,Europe
CUST_00857,2024-06-02,2024-12-24,2024-09-30,2025-03-24,175,295,0,False,1,0.0,0.0,0.0,0.0,0.0,0.0,0.0,0.0,0.0,0.0,1,2,2.0,489.29,244.645,0.0,0.0,489.29,0.0,0.0,0,0,2,0,0,F,21,1.0,0.0,0.0,0,0,0,0,Asia
CUST_00869,2024-08-13,2024-12-24,2024-12-11,2025-03-24,103,223,0,False,1,0.0,0.0,0.0,0.0,0.0,0.0,0.0,0.0,0.0,0.0,2,4,2.0,2135.36,533.84,0.0,1562.42,0.0,572.94,0.0,0,2,0,2,0,F,54,1.0,0.0,0.0,0,0,0,0,Asia
CUST_00872,2024-06-10,2024-12-24,2024-10-08,2025-03-24,167,287,0,False,1,0.0,0.0,0.0,0.0,0.0,0.0,0.0,0.0,0.0,0.0,1,1,1.0,991.85,991.85,0.0,0.0,0.0,0.0,991.85,0,0,0,0,1,M,63,0.0,0.0,1.0,0,0,0,0,North America
CUST_00874,2024-08-18,2024-12-24,2024-12-16,2025-03-24,98,218,0,False,1,0.0,0.0,0.0,0.0,0.0,0.0,0.0,0.0,0.0,0.0,1,1,1.0,1367.01,1367.01,0.0,0.0,0.0,0.0,1367.01,0,0,0,0,1,F,42,0.0,0.0,1.0,0,0,0,0,North America
CUST_00879,2024-06-26,2024-12-24,2024-10-24,2025-03-24,151,271,0,False,0,0.0,0.0,0.0,0.0,0.0,0.0,0.0,0.0,0.0,0.0,1,1,1.0,254.9,254.9,0.0,0.0,0.0,254.9,0.0,0,0,0,1,0,F,28,1.0,0.0,0.0,0,0,0,0,Asia
CUST_00893,2024-07-04,2024-12-24,2024-11-01,2025-03-24,143,263,0,False,1,0.0,0.0,0.0,0.0,0.0,0.0,0.0,0.0,0.0,0.0,1,4,4.0,1036.06,259.015,0.0,1036.06,0.0,0.0,0.0,0,4,0,0,0,M,39,1.0,0.0,0.0,0,0,0,0,Asia
CUST_00900,2024-07-22,2024-12-24,2024-11-19,2025-03-24,125,245,0,False,1,0.0,0.0,0.0,0.0,0.0,0.0,0.0,0.0,0.0,0.0,1,2,2.0,262.52,131.26,0.0,0.0,0.0,262.52,0.0,0,0,0,2,0,F,67,0.0,0.0,1.0,0,0,0,0,North America
CUST_00922,2024-07-15,2024-12-24,2024-11-12,2025-03-24,132,252,0,False,1,0.0,0.0,0.0,0.0,0.0,0.0,0.0,0.0,0.0,0.0,2,4,2.0,2487.71,621.9275,1307.28,0.0,0.0,0.0,1180.43,2,0,0,0,2,M,64,0.0,1.0,0.0,0,0,0,0,Europe
CUST_00923,2024-07-18,2024-12-24,2024-11-15,2025-03-24,129,249,0,False,0,0.0,0.0,0.0,0.0,0.0,0.0,0.0,0.0,0.0,0.0,1,2,2.0,455.78,227.89,0.0,0.0,455.78,0.0,0.0,0,0,2,0,0,M,75,0.0,1.0,0.0,0,0,0,0,Europe
CUST_00937,2024-08-07,2024-12-24,2024-12-05,2025-03-24,109,229,0,False,1,0.0,0.0,0.0,0.0,0.0,0.0,0.0,0.0,0.0,0.0,1,1,1.0,1060.98,1060.98,0.0,0.0,0.0,1060.98,0.0,0,0,0,1,0,F,74,1.0,0.0,0.0,0,0,0,0,Asia
CUST_00941,2024-06-23,2024-12-24,2024-10-21,2025-03-24,154,274,0,False,1,0.0,0.0,0.0,0.0,0.0,0.0,0.0,0.0,0.0,0.0,1,3,3.0,1119.58,373.1933333333333,0.0,0.0,0.0,1119.58,0.0,0,0,0,3,0,F,38,0.0,0.0,1.0,0,0,0,0,North America
CUST_00945,2024-08-18,2024-12-24,2024-12-16,2025-03-24,98,218,0,False,1,0.0,0.0,0.0,0.0,0.0,0.0,0.0,0.0,0.0,0.0,2,4,2.0,2808.6499999999996,702.1624999999999,0.0,0.0,0.0,0.0,2808.6499999999996,0,0,0,0,4,M,42,0.0,0.0,1.0,0,0,0,0,North America
CUST_00951,2024-06-24,2024-12-24,2024-10-22,2025-03-24,153,273,0,False,1,0.0,0.0,0.0,0.0,0.0,0.0,0.0,0.0,0.0,0.0,1,1,1.0,1604.51,1604.51,0.0,0.0,0.0,0.0,1604.51,0,0,0,0,1,F,42,0.0,1.0,0.0,0,0,0,0,Europe
CUST_00952,2024-08-16,2024-12-24,2024-12-14,2025-03-24,100,220,0,False,1,0.0,0.0,0.0,0.0,0.0,0.0,0.0,0.0,0.0,0.0,2,3,1.5,1812.1599999999999,719.4449999999999,746.54,0.0,0.0,1065.62,0.0,2,0,0,1,0,M,24,1.0,0.0,0.0,0,0,0,0,Asia
CUST_00953,2024-06-06,2024-12-24,2024-10-04,2025-03-24,171,291,0,False,0,0.0,0.0,0.0,0.0,0.0,0.0,0.0,0.0,0.0,0.0,1,1,1.0,1049.42,1049.42,0.0,0.0,0.0,0.0,1049.42,0,0,0,0,1,F,38,1.0,0.0,0.0,0,0,0,0,Asia
CUST_00957,2024-06-20,2024-12-24,2024-10-18,2025-03-24,157,277,0,False,1,0.0,0.0,0.0,0.0,0.0,0.0,0.0,0.0,0.0,0.0,1,2,2.0,1283.38,641.69,0.0,0.0,1283.38,0.0,0.0,0,0,2,0,0,M,46,0.0,1.0,0.0,0,0,0,0,Europe
CUST_00959,2024-06-11,2024-12-24,2024-10-09,2025-03-24,166,286,0,False,1,0.0,0.0,0.0,0.0,0.0,0.0,0.0,0.0,0.0,0.0,1,3,3.0,1814.02,604.6733333333333,0.0,0.0,1814.02,0.0,0.0,0,0,3,0,0,F,34,0.0,1.0,0.0,0,0,0,0,Europe
CUST_00967,2024-06-29,2024-12-24,2024-10-27,2025-03-24,148,268,0,False,1,0.0,0.0,0.0,0.0,0.0,0.0,0.0,0.0,0.0,0.0,1,3,3.0,1828.39,609.4633333333334,0.0,0.0,0.0,0.0,1828.39,0,0,0,0,3,M,66,0.0,0.0,1.0,0,0,0,0,North America
CUST_00970,2024-08-14,2024-12-24,2024-12-12,2025-03-24,102,222,0,False,1,0.0,0.0,0.0,0.0,0.0,0.0,0.0,0.0,0.0,0.0,1,4,4.0,578.31,144.5775,0.0,578.31,0.0,0.0,0.0,0,4,0,0,0,M,52,0.0,1.0,0.0,0,0,0,0,Europe
CUST_00981,2024-06-15,2024-12-24,2024-10-13,2025-03-24,162,282,0,False,1,0.0,0.0,0.0,0.0,0.0,0.0,0.0,0.0,0.0,0.0,1,2,2.0,708.54,354.27,0.0,0.0,0.0,0.0,708.54,0,0,0,0,2,F,25,1.0,0.0,0.0,0,0,0,0,Asia
CUST_00982,2024-08-12,2024-12-24,2024-12-10,2025-03-24,104,224,0,False,1,0.0,0.0,0.0,0.0,0.0,0.0,0.0,0.0,0.0,0.0,3,10,3.3333333333333335,3978.79,491.672,0.0,2057.62,1921.17,0.0,0.0,0,7,3,0,0,M,29,0.0,1.0,0.0,0,0,0,0,Europe
CUST_01002,2024-06-23,2024-12-24,2024-10-21,2025-03-24,154,274,0,False,1,0.0,0.0,0.0,0.0,0.0,0.0,0.0,0.0,0.0,0.0,2,3,1.5,1141.65,352.46000000000004,0.0,0.0,0.0,1141.65,0.0,0,0,0,3,0,F,25,0.0,1.0,0.0,0,0,0,0,Europe
CUST_01008,2024-08-19,2024-12-24,2024-12-17,2025-03-24,97,217,0,False,1,0.0,0.0,0.0,0.0,0.0,0.0,0.0,0.0,0.0,0.0,3,6,2.0,3492.0299999999997,760.7555555555555,0.0,0.0,174.46,0.0,3317.5699999999997,0,0,2,0,4,F,34,0.0,1.0,0.0,0,0,0,0,Europe
CUST_01015,2024-07-31,2024-12-24,2024-11-28,2025-03-24,116,236,0,False,1,0.0,0.0,0.0,0.0,0.0,0.0,0.0,0.0,0.0,0.0,1,2,2.0,961.97,480.985,0.0,961.97,0.0,0.0,0.0,0,2,0,0,0,F,64,0.0,1.0,0.0,0,0,0,0,Europe
CUST_01018,2024-08-16,2024-12-24,2024-12-14,2025-03-24,100,220,0,False,1,0.0,0.0,0.0,0.0,0.0,0.0,0.0,0.0,0.0,0.0,1,3,3.0,685.44,228.48000000000002,685.44,0.0,0.0,0.0,0.0,3,0,0,0,0,M,42,1.0,0.0,0.0,0,0,0,0,Asia
CUST_01024,2024-08-11,2024-12-24,2024-12-09,2025-03-24,105,225,0,False,1,0.0,0.0,0.0,0.0,0.0,0.0,0.0,0.0,0.0,0.0,6,16,2.6666666666666665,5699.22,456.8386111111111,0.0,2274.6800000000003,434.84,932.43,2057.27,0,3,3,2,8,F,67,0.0,1.0,0.0,0,0,0,0,Europe
CUST_01027,2024-06-26,2024-12-24,2024-10-24,2025-03-24,151,271,0,False,1,0.0,0.0,0.0,0.0,0.0,0.0,0.0,0.0,0.0,0.0,2,7,3.5,2694.48,393.5191666666667,0.0,0.0,1333.46,1361.02,0.0,0,0,4,3,0,F,54,0.0,1.0,0.0,0,0,0,0,Europe
CUST_01053,2024-07-03,2024-12-24,2024-10-31,2025-03-24,144,264,0,False,1,0.0,0.0,0.0,0.0,0.0,0.0,0.0,0.0,0.0,0.0,1,1,1.0,271.26,271.26,0.0,271.26,0.0,0.0,0.0,0,1,0,0,0,F,25,0.0,1.0,0.0,0,0,0,0,Europe
CUST_01055,2024-07-12,2024-12-24,2024-11-09,2025-03-24,135,255,0,False,1,0.0,0.0,0.0,0.0,0.0,0.0,0.0,0.0,0.0,0.0,2,5,2.5,2743.45,781.93625,1572.77,1170.68,0.0,0.0,0.0,4,1,0,0,0,F,73,1.0,0.0,0.0,0,0,0,0,Asia
CUST_01061,2024-08-17,2024-12-24,2024-12-15,2025-03-24,99,219,0,False,1,0.0,0.0,0.0,0.0,0.0,0.0,0.0,0.0,0.0,0.0,1,1,1.0,574.74,574.74,0.0,0.0,574.74,0.0,0.0,0,0,1,0,0,F,31,0.0,1.0,0.0,0,0,0,0,Europe
CUST_01062,2024-07-04,2024-12-24,2024-11-01,2025-03-24,143,263,0,False,1,0.0,0.0,0.0,0.0,0.0,0.0,0.0,0.0,0.0,0.0,2,6,3.0,1672.98,278.83000000000004,0.0,1379.71,0.0,0.0,293.27,0,3,0,0,3,F,58,0.0,1.0,0.0,0,0,0,0,Europe
CUST_01069,2024-08-17,2024-12-24,2024-12-15,2025-03-24,99,219,0,False,1,0.0,0.0,0.0,0.0,0.0,0.0,0.0,0.0,0.0,0.0,4,8,2.0,3021.29,533.8854166666666,1662.54,870.48,0.0,0.0,488.27,3,2,0,0,3,F,39,1.0,0.0,0.0,0,0,0,0,Asia
CUST_01084,2024-07-13,2024-12-24,2024-11-10,2025-03-24,134,254,0,False,1,0.0,0.0,0.0,0.0,0.0,0.0,0.0,0.0,0.0,0.0,2,4,2.0,2222.82,589.9200000000001,0.0,1564.47,0.0,658.35,0.0,0,3,0,1,0,F,66,0.0,1.0,0.0,0,0,0,0,Europe
CUST_01093,2024-06-08,2024-12-24,2024-10-06,2025-03-24,169,289,0,False,1,0.0,0.0,0.0,0.0,0.0,0.0,0.0,0.0,0.0,0.0,1,1,1.0,626.04,626.04,0.0,0.0,0.0,626.04,0.0,0,0,0,1,0,M,42,0.0,0.0,1.0,0,0,0,0,North America
CUST_01096,2024-07-09,2024-12-24,2024-11-06,2025-03-24,138,258,0,False,1,0.0,0.0,0.0,0.0,0.0,0.0,0.0,0.0,0.0,0.0,1,1,1.0,1585.89,1585.89,0.0,0.0,0.0,0.0,1585.89,0,0,0,0,1,Other,36,0.0,1.0,0.0,0,0,0,0,Europe
CUST_01100,2024-08-22,2024-12-24,2024-12-20,2025-03-24,94,214,0,False,1,0.0,0.0,0.0,0.0,0.0,0.0,0.0,0.0,0.0,0.0,2,3,1.5,887.3800000000001,328.27500000000003,461.66,425.72,0.0,0.0,0.0,2,1,0,0,0,M,34,0.0,1.0,0.0,0,0,0,0,Europe
CUST_01105,2024-07-22,2024-12-24,2024-11-19,2024-12-25,36,156,1,True,1,2.0,0.0,0.0,0.0,2.0,1.0,0.0,0.0,0.0,1.0,4,9,2.25,4867.44,663.3579166666666,1653.51,774.12,0.0,2439.81,0.0,2,3,0,4,0,F,50,1.0,0.0,0.0,0,0,0,0,Asia
CUST_01107,2024-06-05,2024-12-24,2024-10-03,2025-03-24,172,292,0,False,1,0.0,0.0,0.0,0.0,0.0,0.0,0.0,0.0,0.0,0.0,1,1,1.0,416.64,416.64,0.0,0.0,0.0,416.64,0.0,0,0,0,1,0,F,31,0.0,1.0,0.0,0,0,0,0,Europe
CUST_01111,2024-07-30,2024-12-24,2024-11-27,2025-03-24,117,237,0,False,1,0.0,0.0,0.0,0.0,0.0,0.0,0.0,0.0,0.0,0.0,2,5,2.5,2089.7400000000002,958.30875,0.0,230.83,1858.91,0.0,0.0,0,4,1,0,0,F,23,1.0,0.0,0.0,0,0,0,0,Asia
CUST_01119,2024-08-09,2024-12-24,2024-12-07,2025-03-24,107,227,0,False,1,0.0,0.0,0.0,0.0,0.0,0.0,0.0,0.0,0.0,0.0,2,6,3.0,3071.54,511.9233333333333,1864.29,1207.25,0.0,0.0,0.0,3,3,0,0,0,F,46,0.0,1.0,0.0,0,0,0,0,Europe
CUST_01129,2024-07-22,2024-12-24,2024-11-19,2025-03-24,125,245,0,False,0,0.0,0.0,0.0,0.0,0.0,0.0,0.0,0.0,0.0,0.0,2,4,2.0,2180.83,545.2075,640.0,0.0,0.0,1540.83,0.0,2,0,0,2,0,M,45,0.0,1.0,0.0,0,0,0,0,Europe
CUST_01133,2024-06-14,2024-12-24,2024-10-12,2025-03-24,163,283,0,False,1,0.0,0.0,0.0,0.0,0.0,0.0,0.0,0.0,0.0,0.0,1,1,1.0,399.51,399.51,0.0,0.0,399.51,0.0,0.0,0,0,1,0,0,F,52,1.0,0.0,0.0,0,0,0,0,Asia
CUST_01137,2024-07-20,2024-12-24,2024-11-17,2025-03-24,127,247,0,False,1,0.0,0.0,0.0,0.0,0.0,0.0,0.0,0.0,0.0,0.0,2,3,1.5,2028.48,823.47,0.0,0.0,0.0,0.0,2028.48,0,0,0,0,3,F,56,0.0,1.0,0.0,0,0,0,0,Europe
CUST_01138,2024-07-29,2024-12-24,2024-11-26,2025-03-24,118,238,0,False,1,0.0,0.0,0.0,0.0,0.0,0.0,0.0,0.0,0.0,0.0,2,3,1.5,3384.82,1321.6200000000001,0.0,0.0,1901.66,1483.16,0.0,0,0,1,2,0,M,48,0.0,1.0,0.0,0,0,0,0,Europe
CUST_01143,2024-07-08,2024-12-24,2024-11-05,2025-03-24,139,259,0,False,1,0.0,0.0,0.0,0.0,0.0,0.0,0.0,0.0,0.0,0.0,2,2,1.0,1708.3600000000001,854.1800000000001,0.0,0.0,0.0,1421.69,286.67,0,0,0,1,1,F,22,1.0,0.0,0.0,0,0,0,0,Asia
CUST_01144,2024-08-20,2024-12-24,2024-12-18,2025-03-24,96,216,0,False,1,0.0,0.0,0.0,0.0,0.0,0.0,0.0,0.0,0.0,0.0,2,6,3.0,546.9300000000001,91.155,0.0,203.68,0.0,343.25,0.0,0,3,0,3,0,M,27,1.0,0.0,0.0,0,0,0,0,Asia
CUST_01147,2024-07-16,2024-12-24,2024-11-13,2025-03-24,131,251,0,False,1,0.0,0.0,0.0,0.0,0.0,0.0,0.0,0.0,0.0,0.0,1,2,2.0,1563.36,781.68,0.0,1563.36,0.0,0.0,0.0,0,2,0,0,0,F,25,0.0,1.0,0.0,0,0,0,0,Europe
CUST_01150,2024-08-22,2024-12-24,2024-12-20,2025-03-24,94,214,0,False,1,0.0,0.0,0.0,0.0,0.0,0.0,0.0,0.0,0.0,0.0,1,2,2.0,461.89,230.945,0.0,0.0,0.0,461.89,0.0,0,0,0,2,0,F,65,1.0,0.0,0.0,0,0,0,0,Asia
CUST_01159,2024-08-07,2024-12-24,2024-12-05,2025-03-24,109,229,0,False,0,0.0,0.0,0.0,0.0,0.0,0.0,0.0,0.0,0.0,0.0,1,1,1.0,1453.83,1453.83,0.0,0.0,0.0,0.0,1453.83,0,0,0,0,1,F,22,1.0,0.0,0.0,0,0,0,0,Asia
CUST_01160,2024-07-07,2024-12-24,2024-11-04,2025-03-24,140,260,0,False,1,0.0,0.0,0.0,0.0,0.0,0.0,0.0,0.0,0.0,0.0,1,1,1.0,1279.38,1279.38,1279.38,0.0,0.0,0.0,0.0,1,0,0,0,0,M,72,0.0,0.0,1.0,0,0,0,0,North America
CUST_01161,2024-08-11,2024-12-24,2024-12-09,2025-03-24,105,225,0,False,0,0.0,0.0,0.0,0.0,0.0,0.0,0.0,0.0,0.0,0.0,1,1,1.0,1870.21,1870.21,0.0,0.0,1870.21,0.0,0.0,0,0,1,0,0,F,57,1.0,0.0,0.0,0,0,0,0,Asia
CUST_01164,2024-07-15,2024-12-24,2024-11-12,2025-03-24,132,252,0,False,1,0.0,0.0,0.0,0.0,0.0,0.0,0.0,0.0,0.0,0.0,1,1,1.0,1058.77,1058.77,0.0,0.0,1058.77,0.0,0.0,0,0,1,0,0,M,56,0.0,1.0,0.0,0,0,0,0,Europe
CUST_01187,2024-08-17,2024-12-24,2024-12-15,2025-03-24,99,219,0,False,1,0.0,0.0,0.0,0.0,0.0,0.0,0.0,0.0,0.0,0.0,3,5,1.6666666666666667,4867.12,1135.2233333333334,1997.75,0.0,0.0,0.0,2869.37,2,0,0,0,3,F,63,0.0,1.0,0.0,0,0,0,0,Europe
CUST_01189,2024-08-16,2024-12-24,2024-12-14,2025-03-24,100,220,0,False,1,0.0,0.0,0.0,0.0,0.0,0.0,0.0,0.0,0.0,0.0,3,4,1.3333333333333333,4176.33,1261.2983333333334,0.0,0.0,2266.11,1910.22,0.0,0,0,3,1,0,M,74,0.0,1.0,0.0,0,0,0,0,Europe
CUST_01195,2024-07-19,2024-12-24,2024-11-16,2025-03-24,128,248,0,False,1,0.0,0.0,0.0,0.0,0.0,0.0,0.0,0.0,0.0,0.0,1,2,2.0,194.71,97.355,194.71,0.0,0.0,0.0,0.0,2,0,0,0,0,F,67,1.0,0.0,0.0,0,0,0,0,Asia
CUST_01197,2024-06-09,2024-12-24,2024-10-07,2025-03-24,168,288,0,False,1,0.0,0.0,0.0,0.0,0.0,0.0,0.0,0.0,0.0,0.0,1,1,1.0,1200.52,1200.52,0.0,1200.52,0.0,0.0,0.0,0,1,0,0,0,Other,61,0.0,0.0,1.0,0,0,0,0,North America
CUST_01203,2024-08-07,2024-12-24,2024-12-05,2025-03-24,109,229,0,False,1,0.0,0.0,0.0,0.0,0.0,0.0,0.0,0.0,0.0,0.0,1,2,2.0,1965.13,982.565,0.0,0.0,1965.13,0.0,0.0,0,0,2,0,0,F,45,0.0,0.0,1.0,0,0,0,0,North America
CUST_01204,2024-07-20,2024-12-24,2024-11-17,2025-03-24,127,247,0,False,1,0.0,0.0,0.0,0.0,0.0,0.0,0.0,0.0,0.0,0.0,2,4,2.0,2195.88,548.97,1910.71,0.0,0.0,0.0,285.17,2,0,0,0,2,M,27,1.0,0.0,0.0,0,0,0,0,Asia
CUST_01210,2024-07-12,2024-12-24,2024-11-09,2025-03-24,135,255,0,False,1,0.0,0.0,0.0,0.0,0.0,0.0,0.0,0.0,0.0,0.0,1,2,2.0,1310.19,655.095,1310.19,0.0,0.0,0.0,0.0,2,0,0,0,0,F,65,1.0,0.0,0.0,0,0,0,0,Asia
CUST_01217,2024-07-20,2024-12-24,2024-11-17,2025-03-24,127,247,0,False,1,0.0,0.0,0.0,0.0,0.0,0.0,0.0,0.0,0.0,0.0,1,2,2.0,740.1,370.05,0.0,0.0,0.0,0.0,740.1,0,0,0,0,2,F,36,0.0,1.0,0.0,0,0,0,0,Europe
CUST_01219,2024-07-31,2024-12-24,2024-11-28,2025-03-24,116,236,0,False,1,0.0,0.0,0.0,0.0,0.0,0.0,0.0,0.0,0.0,0.0,2,2,1.0,1518.8,759.4,358.83,0.0,1159.97,0.0,0.0,1,0,1,0,0,F,47,1.0,0.0,0.0,0,0,0,0,Asia
CUST_01226,2024-07-06,2024-12-24,2024-11-03,2025-03-24,141,261,0,False,1,0.0,0.0,0.0,0.0,0.0,0.0,0.0,0.0,0.0,0.0,1,1,1.0,846.59,846.59,0.0,0.0,0.0,846.59,0.0,0,0,0,1,0,F,41,0.0,1.0,0.0,0,0,0,0,Europe
CUST_01228,2024-08-23,2024-12-24,2024-12-21,2025-03-24,93,213,0,False,1,0.0,0.0,0.0,0.0,0.0,0.0,0.0,0.0,0.0,0.0,1,3,3.0,279.03,93.00999999999999,0.0,0.0,0.0,0.0,279.03,0,0,0,0,3,F,39,0.0,1.0,0.0,0,0,0,0,Europe
CUST_01229,2024-06-19,2024-12-24,2024-10-17,2025-03-24,158,278,0,False,0,0.0,0.0,0.0,0.0,0.0,0.0,0.0,0.0,0.0,0.0,1,4,4.0,257.18,64.295,0.0,0.0,257.18,0.0,0.0,0,0,4,0,0,F,71,1.0,0.0,0.0,0,0,0,0,Asia
CUST_01236,2024-07-02,2024-12-24,2024-10-30,2025-03-24,145,265,0,False,1,0.0,0.0,0.0,0.0,0.0,0.0,0.0,0.0,0.0,0.0,1,2,2.0,843.57,421.785,843.57,0.0,0.0,0.0,0.0,2,0,0,0,0,M,34,1.0,0.0,0.0,0,0,0,0,Asia
CUST_01237,2024-08-22,2024-12-24,2024-12-20,2025-03-24,94,214,0,False,1,0.0,0.0,0.0,0.0,0.0,0.0,0.0,0.0,0.0,0.0,1,2,2.0,915.5,457.75,0.0,0.0,915.5,0.0,0.0,0,0,2,0,0,M,51,1.0,0.0,0.0,0,0,0,0,Asia
CUST_01238,2024-08-10,2024-12-24,2024-12-08,2025-03-24,106,226,0,False,1,0.0,0.0,0.0,0.0,0.0,0.0,0.0,0.0,0.0,0.0,3,4,1.3333333333333333,3085.54,874.1233333333333,0.0,926.34,0.0,2159.2,0.0,0,2,0,2,0,F,58,0.0,1.0,0.0,0,0,0,0,Europe
CUST_01239,2024-07-17,2024-12-24,2024-11-14,2025-03-24,130,250,0,False,1,0.0,0.0,0.0,0.0,0.0,0.0,0.0,0.0,0.0,0.0,1,1,1.0,141.21,141.21,0.0,0.0,141.21,0.0,0.0,0,0,1,0,0,F,36,0.0,0.0,1.0,0,0,0,0,North America
CUST_01260,2024-06-21,2024-12-24,2024-10-19,2025-03-24,156,276,0,False,1,0.0,0.0,0.0,0.0,0.0,0.0,0.0,0.0,0.0,0.0,2,4,2.0,2400.0099999999998,648.2149999999999,0.0,1655.37,744.64,0.0,0.0,0,3,1,0,0,F,36,0.0,0.0,1.0,0,0,0,0,North America
CUST_01273,2024-07-15,2024-12-24,2024-11-12,2025-03-24,132,252,0,False,1,0.0,0.0,0.0,0.0,0.0,0.0,0.0,0.0,0.0,0.0,1,1,1.0,1249.51,1249.51,0.0,0.0,0.0,0.0,1249.51,0,0,0,0,1,F,29,0.0,1.0,0.0,0,0,0,0,Europe
CUST_01274,2024-08-11,2024-12-24,2024-12-09,2025-03-24,105,225,0,False,1,0.0,0.0,0.0,0.0,0.0,0.0,0.0,0.0,0.0,0.0,2,3,1.5,2751.0,887.6125,0.0,0.0,0.0,799.45,1951.55,0,0,0,1,2,F,47,0.0,0.0,1.0,0,0,0,0,North America
CUST_01283,2024-07-19,2024-12-24,2024-11-16,2025-03-24,128,248,0,False,1,0.0,0.0,0.0,0.0,0.0,0.0,0.0,0.0,0.0,0.0,1,5,5.0,1713.88,342.776,0.0,0.0,0.0,1713.88,0.0,0,0,0,5,0,F,43,0.0,1.0,0.0,0,0,0,0,Europe
CUST_01288,2024-06-25,2024-12-24,2024-10-23,2025-03-24,152,272,0,False,1,0.0,0.0,0.0,0.0,0.0,0.0,0.0,0.0,0.0,0.0,1,3,3.0,1328.52,442.84,0.0,0.0,0.0,0.0,1328.52,0,0,0,0,3,M,72,0.0,1.0,0.0,0,0,0,0,Europe
CUST_01295,2024-07-01,2024-12-24,2024-10-29,2025-03-24,146,266,0,False,1,0.0,0.0,0.0,0.0,0.0,0.0,0.0,0.0,0.0,0.0,1,3,3.0,158.65,52.88333333333333,0.0,0.0,0.0,158.65,0.0,0,0,0,3,0,M,22,1.0,0.0,0.0,0,0,0,0,Asia
CUST_01309,2024-08-22,2024-12-24,2024-12-20,2025-03-24,94,214,0,False,1,0.0,0.0,0.0,0.0,0.0,0.0,0.0,0.0,0.0,0.0,2,4,2.0,2986.41,746.6025,0.0,0.0,0.0,2986.41,0.0,0,0,0,4,0,F,29,0.0,1.0,0.0,0,0,0,0,Europe
CUST_01311,2024-07-07,2024-12-24,2024-11-04,2025-03-24,140,260,0,False,1,0.0,0.0,0.0,0.0,0.0,0.0,0.0,0.0,0.0,0.0,2,4,2.0,1268.63,317.1575,0.0,0.0,615.82,652.81,0.0,0,0,2,2,0,F,64,1.0,0.0,0.0,0,0,0,0,Asia
CUST_01322,2024-08-20,2024-12-24,2024-12-18,2025-03-24,96,216,0,False,1,0.0,0.0,0.0,0.0,0.0,0.0,0.0,0.0,0.0,0.0,2,7,3.5,1934.84,300.59749999999997,0.0,1934.84,0.0,0.0,0.0,0,7,0,0,0,F,49,1.0,0.0,0.0,0,0,0,0,Asia
CUST_01336,2024-07-29,2024-12-24,2024-11-26,2025-03-24,118,238,0,False,1,0.0,0.0,0.0,0.0,0.0,0.0,0.0,0.0,0.0,0.0,2,3,1.5,1905.49,872.9150000000001,319.32,0.0,0.0,1586.17,0.0,2,0,0,1,0,F,64,0.0,1.0,0.0,0,0,0,0,Europe
CUST_01337,2024-06-15,2024-12-24,2024-10-13,2025-03-24,162,282,0,False,1,0.0,0.0,0.0,0.0,0.0,0.0,0.0,0.0,0.0,0.0,1,1,1.0,1766.88,1766.88,0.0,0.0,0.0,0.0,1766.88,0,0,0,0,1,F,50,0.0,0.0,1.0,0,0,0,0,North America
CUST_01361,2024-07-15,2024-12-24,2024-11-12,2025-03-24,132,252,0,False,1,0.0,0.0,0.0,0.0,0.0,0.0,0.0,0.0,0.0,0.0,2,4,2.0,2189.02,547.255,1419.08,769.94,0.0,0.0,0.0,2,2,0,0,0,F,47,0.0,1.0,0.0,0,0,0,0,Europe
CUST_01369,2024-06-06,2024-12-24,2024-10-04,2025-03-24,171,291,0,False,1,0.0,0.0,0.0,0.0,0.0,0.0,0.0,0.0,0.0,0.0,1,2,2.0,808.98,404.49,0.0,0.0,808.98,0.0,0.0,0,0,2,0,0,M,30,0.0,1.0,0.0,0,0,0,0,Europe
CUST_01374,2024-06-17,2024-12-24,2024-10-15,2025-03-24,160,280,0,False,1,0.0,0.0,0.0,0.0,0.0,0.0,0.0,0.0,0.0,0.0,1,2,2.0,509.28,254.64,0.0,0.0,0.0,0.0,509.28,0,0,0,0,2,M,40,0.0,1.0,0.0,0,0,0,0,Europe
CUST_01385,2024-06-27,2024-12-24,2024-10-25,2025-03-24,150,270,0,False,0,0.0,0.0,0.0,0.0,0.0,0.0,0.0,0.0,0.0,0.0,1,1,1.0,1559.57,1559.57,0.0,0.0,0.0,1559.57,0.0,0,0,0,1,0,F,67,0.0,0.0,1.0,0,0,0,0,North America
CUST_01395,2024-07-24,2024-12-24,2024-11-21,2025-03-24,123,243,0,False,1,0.0,0.0,0.0,0.0,0.0,0.0,0.0,0.0,0.0,0.0,1,1,1.0,845.22,845.22,0.0,0.0,0.0,0.0,845.22,0,0,0,0,1,F,51,1.0,0.0,0.0,0,0,0,0,Asia
CUST_01398,2024-08-10,2024-12-24,2024-12-08,2025-03-24,106,226,0,False,1,0.0,0.0,0.0,0.0,0.0,0.0,0.0,0.0,0.0,0.0,2,3,1.5,2937.13,1187.8525,0.0,0.0,0.0,0.0,2937.13,0,0,0,0,3,M,38,1.0,0.0,0.0,0,0,0,0,Asia
CUST_01402,2024-07-12,2024-12-24,2024-11-09,2025-03-24,135,255,0,False,1,0.0,0.0,0.0,0.0,0.0,0.0,0.0,0.0,0.0,0.0,2,3,1.5,1126.26,352.07500000000005,0.0,0.0,0.0,0.0,1126.26,0,0,0,0,3,M,49,0.0,1.0,0.0,0,0,0,0,Europe
CUST_01417,2024-06-19,2024-12-24,2024-10-17,2025-03-24,158,278,0,False,1,0.0,0.0,0.0,0.0,0.0,0.0,0.0,0.0,0.0,0.0,1,2,2.0,245.61,122.805,0.0,0.0,0.0,245.61,0.0,0,0,0,2,0,Other,43,0.0,1.0,0.0,0,0,0,0,Europe
CUST_01426,2024-07-24,2024-12-24,2024-11-21,2025-03-24,123,243,0,False,1,0.0,0.0,0.0,0.0,0.0,0.0,0.0,0.0,0.0,0.0,1,3,3.0,1178.06,392.68666666666667,0.0,0.0,1178.06,0.0,0.0,0,0,3,0,0,M,27,1.0,0.0,0.0,0,0,0,0,Asia
CUST_01432,2024-07-27,2024-12-24,2024-11-24,2025-03-24,120,240,0,False,1,0.0,0.0,0.0,0.0,0.0,0.0,0.0,0.0,0.0,0.0,1,2,2.0,1331.42,665.71,0.0,0.0,1331.42,0.0,0.0,0,0,2,0,0,M,56,1.0,0.0,0.0,0,0,0,0,Asia
CUST_01439,2024-06-15,2024-12-24,2024-10-13,2025-03-24,162,282,0,False,1,0.0,0.0,0.0,0.0,0.0,0.0,0.0,0.0,0.0,0.0,1,1,1.0,1700.99,1700.99,0.0,0.0,1700.99,0.0,0.0,0,0,1,0,0,F,75,0.0,0.0,1.0,0,0,0,0,North America
CUST_01444,2024-08-20,2024-12-24,2024-12-18,2025-03-24,96,216,0,False,1,0.0,0.0,0.0,0.0,0.0,0.0,0.0,0.0,0.0,0.0,2,2,1.0,1997.5,998.75,0.0,1772.69,0.0,0.0,224.81,0,1,0,0,1,M,25,0.0,1.0,0.0,0,0,0,0,Europe
CUST_01448,2024-08-20,2024-12-24,2024-12-18,2025-03-24,96,216,0,False,0,0.0,0.0,0.0,0.0,0.0,0.0,0.0,0.0,0.0,0.0,3,6,2.0,1592.18,456.3277777777778,1193.7,0.0,0.0,398.48,0.0,1,0,0,5,0,M,47,0.0,0.0,1.0,0,0,0,0,North America
CUST_01454,2024-07-15,2024-12-24,2024-11-12,2025-03-24,132,252,0,False,1,0.0,0.0,0.0,0.0,0.0,0.0,0.0,0.0,0.0,0.0,1,2,2.0,1354.33,677.165,0.0,0.0,1354.33,0.0,0.0,0,0,2,0,0,F,36,0.0,1.0,0.0,0,0,0,0,Europe
CUST_01457,2024-07-10,2024-12-24,2024-11-07,2025-03-24,137,257,0,False,1,0.0,0.0,0.0,0.0,0.0,0.0,0.0,0.0,0.0,0.0,1,1,1.0,698.33,698.33,0.0,0.0,698.33,0.0,0.0,0,0,1,0,0,M,75,0.0,1.0,0.0,0,0,0,0,Europe
CUST_01464,2024-07-12,2024-12-24,2024-11-09,2025-03-24,135,255,0,False,1,0.0,0.0,0.0,0.0,0.0,0.0,0.0,0.0,0.0,0.0,2,2,1.0,2290.47,1145.235,1283.12,0.0,0.0,0.0,1007.35,1,0,0,0,1,F,48,1.0,0.0,0.0,0,0,0,0,Asia
CUST_01494,2024-06-13,2024-12-24,2024-10-11,2025-03-24,164,284,0,False,1,0.0,0.0,0.0,0.0,0.0,0.0,0.0,0.0,0.0,0.0,1,2,2.0,1183.4,591.7,0.0,0.0,1183.4,0.0,0.0,0,0,2,0,0,F,73,1.0,0.0,0.0,0,0,0,0,Asia
CUST_01495,2024-06-29,2024-12-24,2024-10-27,2025-03-24,148,268,0,False,1,0.0,0.0,0.0,0.0,0.0,0.0,0.0,0.0,0.0,0.0,1,1,1.0,1308.21,1308.21,0.0,0.0,1308.21,0.0,0.0,0,0,1,0,0,M,52,0.0,0.0,1.0,0,0,0,0,North America
CUST_01505,2024-06-03,2024-12-24,2024-10-01,2025-03-24,174,294,0,False,1,0.0,0.0,0.0,0.0,0.0,0.0,0.0,0.0,0.0,0.0,1,1,1.0,356.49,356.49,356.49,0.0,0.0,0.0,0.0,1,0,0,0,0,M,29,0.0,0.0,1.0,0,0,0,0,North America
CUST_01506,2024-08-16,2024-12-24,2024-12-14,2025-03-24,100,220,0,False,1,0.0,0.0,0.0,0.0,0.0,0.0,0.0,0.0,0.0,0.0,2,3,1.5,3305.84,1202.2125,1802.83,0.0,0.0,1503.01,0.0,2,0,0,1,0,F,68,0.0,1.0,0.0,0,0,0,0,Europe
CUST_01511,2024-08-23,2024-12-24,2024-12-21,2025-03-24,93,213,0,False,1,0.0,0.0,0.0,0.0,0.0,0.0,0.0,0.0,0.0,0.0,5,12,2.4,5681.59,493.42616666666663,0.0,1707.95,546.43,1988.13,1439.08,0,4,2,4,2,F,62,0.0,0.0,1.0,0,0,0,0,North America
CUST_01517,2024-06-06,2024-12-24,2024-10-04,2024-12-26,83,203,1,True,1,0.0,0.0,2.0,2.0,4.0,0.0,0.0,0.0,0.0,0.0,2,4,2.0,1945.21,486.3025,0.0,937.67,0.0,0.0,1007.54,0,2,0,0,2,M,24,1.0,0.0,0.0,0,0,0,0,Asia
CUST_01521,2024-06-07,2024-12-24,2024-10-05,2025-03-24,170,290,0,False,1,0.0,0.0,0.0,0.0,0.0,0.0,0.0,0.0,0.0,0.0,1,2,2.0,1736.56,868.28,0.0,0.0,0.0,1736.56,0.0,0,0,0,2,0,M,62,1.0,0.0,0.0,0,0,0,0,Asia
CUST_01524,2024-08-12,2024-12-24,2024-12-10,2025-03-24,104,224,0,False,1,0.0,0.0,0.0,0.0,0.0,0.0,0.0,0.0,0.0,0.0,2,3,1.5,2761.77,1004.745,0.0,1257.21,0.0,1504.56,0.0,0,1,0,2,0,M,28,0.0,1.0,0.0,0,0,0,0,Europe
CUST_01538,2024-08-20,2024-12-24,2024-12-18,2025-03-24,96,216,0,False,1,0.0,0.0,0.0,0.0,0.0,0.0,0.0,0.0,0.0,0.0,2,2,1.0,1772.6599999999999,886.3299999999999,0.0,0.0,0.0,1772.6599999999999,0.0,0,0,0,2,0,F,74,1.0,0.0,0.0,0,0,0,0,Asia
CUST_01546,2024-08-18,2024-12-24,2024-12-16,2024-12-31,15,135,1,True,1,0.0,1.0,0.0,0.0,1.0,0.0,0.0,0.0,0.0,0.0,2,4,2.0,1402.53,350.6325,0.0,0.0,0.0,465.84,936.69,0,0,0,2,2,F,73,0.0,0.0,1.0,0,0,0,0,North America
CUST_01549,2024-06-02,2024-12-24,2024-09-30,2025-03-24,175,295,0,False,1,0.0,0.0,0.0,0.0,0.0,0.0,0.0,0.0,0.0,0.0,1,2,2.0,272.06,136.03,0.0,0.0,272.06,0.0,0.0,0,0,2,0,0,F,64,1.0,0.0,0.0,0,0,0,0,Asia
CUST_01550,2024-08-18,2024-12-24,2024-12-16,2025-03-24,98,218,0,False,1,0.0,0.0,0.0,0.0,0.0,0.0,0.0,0.0,0.0,0.0,1,1,1.0,308.29,308.29,0.0,308.29,0.0,0.0,0.0,0,1,0,0,0,F,56,1.0,0.0,0.0,0,0,0,0,Asia
CUST_01559,2024-06-25,2024-12-24,2024-10-23,2025-03-24,152,272,0,False,1,0.0,0.0,0.0,0.0,0.0,0.0,0.0,0.0,0.0,0.0,2,6,3.0,1328.77,221.46166666666667,0.0,0.0,0.0,1328.77,0.0,0,0,0,6,0,M,41,1.0,0.0,0.0,0,0,0,0,Asia
CUST_01578,2024-06-30,2024-12-24,2024-10-28,2025-03-24,147,267,0,False,1,0.0,0.0,0.0,0.0,0.0,0.0,0.0,0.0,0.0,0.0,2,3,1.5,2472.48,766.8199999999999,0.0,2472.48,0.0,0.0,0.0,0,3,0,0,0,Other,31,1.0,0.0,0.0,0,0,0,0,Asia
CUST_01579,2024-07-08,2024-12-24,2024-11-05,2025-03-24,139,259,0,False,1,0.0,0.0,0.0,0.0,0.0,0.0,0.0,0.0,0.0,0.0,2,4,2.0,1480.9,422.9,528.25,952.65,0.0,0.0,0.0,1,3,0,0,0,M,51,0.0,1.0,0.0,0,0,0,0,Europe
CUST_01583,2024-07-10,2024-12-24,2024-11-07,2025-03-24,137,257,0,False,1,0.0,0.0,0.0,0.0,0.0,0.0,0.0,0.0,0.0,0.0,1,3,3.0,1390.61,463.53666666666663,0.0,0.0,0.0,1390.61,0.0,0,0,0,3,0,F,54,0.0,0.0,1.0,0,0,0,0,North America
CUST_01587,2024-08-22,2024-12-24,2024-12-20,2025-03-24,94,214,0,False,1,0.0,0.0,0.0,0.0,0.0,0.0,0.0,0.0,0.0,0.0,2,2,1.0,2807.64,1403.82,0.0,1184.77,0.0,1622.87,0.0,0,1,0,1,0,M,50,0.0,1.0,0.0,0,0,0,0,Europe
CUST_01594,2024-07-23,2024-12-24,2024-11-20,2025-03-24,124,244,0,False,1,0.0,0.0,0.0,0.0,0.0,0.0,0.0,0.0,0.0,0.0,1,1,1.0,1212.62,1212.62,0.0,0.0,1212.62,0.0,0.0,0,0,1,0,0,M,70,0.0,1.0,0.0,0,0,0,0,Europe
CUST_01595,2024-06-17,2024-12-24,2024-10-15,2025-03-24,160,280,0,False,0,0.0,0.0,0.0,0.0,0.0,0.0,0.0,0.0,0.0,0.0,1,2,2.0,412.25,206.125,412.25,0.0,0.0,0.0,0.0,2,0,0,0,0,F,58,0.0,1.0,0.0,0,0,0,0,Europe
CUST_01596,2024-07-18,2024-12-24,2024-11-15,2025-03-24,129,249,0,False,0,0.0,0.0,0.0,0.0,0.0,0.0,0.0,0.0,0.0,0.0,2,6,3.0,2061.13,441.57125,0.0,0.0,0.0,589.69,1471.44,0,0,0,4,2,F,55,0.0,1.0,0.0,0,0,0,0,Europe
CUST_01607,2024-07-28,2024-12-24,2024-11-25,2025-03-24,119,239,0,False,1,0.0,0.0,0.0,0.0,0.0,0.0,0.0,0.0,0.0,0.0,2,3,1.5,3222.63,1118.745,0.0,0.0,0.0,1252.35,1970.28,0,0,0,1,2,F,53,1.0,0.0,0.0,0,0,0,0,Asia
CUST_01608,2024-06-14,2024-12-24,2024-10-12,2025-03-24,163,283,0,False,1,0.0,0.0,0.0,0.0,0.0,0.0,0.0,0.0,0.0,0.0,1,1,1.0,624.49,624.49,0.0,0.0,0.0,0.0,624.49,0,0,0,0,1,F,23,1.0,0.0,0.0,0,0,0,0,Asia
CUST_01609,2024-07-16,2024-12-24,2024-11-13,2025-03-24,131,251,0,False,1,0.0,0.0,0.0,0.0,0.0,0.0,0.0,0.0,0.0,0.0,1,2,2.0,412.02,206.01,0.0,0.0,0.0,412.02,0.0,0,0,0,2,0,M,34,0.0,1.0,0.0,0,0,0,0,Europe
CUST_01610,2024-06-27,2024-12-24,2024-10-25,2025-03-24,150,270,0,False,1,0.0,0.0,0.0,0.0,0.0,0.0,0.0,0.0,0.0,0.0,1,3,3.0,500.17,166.72333333333333,0.0,0.0,0.0,0.0,500.17,0,0,0,0,3,F,54,1.0,0.0,0.0,0,0,0,0,Asia
CUST_01614,2024-07-05,2024-12-24,2024-11-02,2025-03-24,142,262,0,False,1,0.0,0.0,0.0,0.0,0.0,0.0,0.0,0.0,0.0,0.0,2,2,1.0,3222.09,1611.045,0.0,0.0,1243.99,1978.1,0.0,0,0,1,1,0,M,70,0.0,1.0,0.0,0,0,0,0,Europe
CUST_01644,2024-06-10,2024-12-24,2024-10-08,2025-03-24,167,287,0,False,1,0.0,0.0,0.0,0.0,0.0,0.0,0.0,0.0,0.0,0.0,1,2,2.0,454.36,227.18,0.0,454.36,0.0,0.0,0.0,0,2,0,0,0,F,27,1.0,0.0,0.0,0,0,0,0,Asia
CUST_01645,2024-07-02,2024-12-24,2024-10-30,2025-03-24,145,265,0,False,1,0.0,0.0,0.0,0.0,0.0,0.0,0.0,0.0,0.0,0.0,1,1,1.0,228.38,228.38,0.0,0.0,0.0,0.0,228.38,0,0,0,0,1,F,37,0.0,1.0,0.0,0,0,0,0,Europe
CUST_01648,2024-08-04,2024-12-24,2024-12-02,2025-03-24,112,232,0,False,1,0.0,0.0,0.0,0.0,0.0,0.0,0.0,0.0,0.0,0.0,2,2,1.0,1777.07,888.535,0.0,0.0,1059.59,0.0,717.48,0,0,1,0,1,F,22,0.0,1.0,0.0,0,0,0,0,Europe
CUST_01661,2024-07-01,2024-12-24,2024-10-29,2025-03-24,146,266,0,False,0,0.0,0.0,0.0,0.0,0.0,0.0,0.0,0.0,0.0,0.0,1,2,2.0,739.76,369.88,0.0,0.0,739.76,0.0,0.0,0,0,2,0,0,M,41,0.0,1.0,0.0,0,0,0,0,Europe
CUST_01665,2024-06-16,2024-12-24,2024-10-14,2025-03-24,161,281,0,False,1,0.0,0.0,0.0,0.0,0.0,0.0,0.0,0.0,0.0,0.0,1,2,2.0,1809.9,904.95,0.0,0.0,0.0,1809.9,0.0,0,0,0,2,0,M,31,0.0,0.0,1.0,0,0,0,0,North America
CUST_01667,2024-06-17,2024-12-24,2024-10-15,2025-03-24,160,280,0,False,1,0.0,0.0,0.0,0.0,0.0,0.0,0.0,0.0,0.0,0.0,2,2,1.0,1533.57,766.785,1323.31,210.26,0.0,0.0,0.0,1,1,0,0,0,M,42,0.0,1.0,0.0,0,0,0,0,Europe
CUST_01673,2024-06-08,2024-12-24,2024-10-06,2025-03-24,169,289,0,False,1,0.0,0.0,0.0,0.0,0.0,0.0,0.0,0.0,0.0,0.0,1,3,3.0,169.6,56.53333333333333,0.0,169.6,0.0,0.0,0.0,0,3,0,0,0,F,67,1.0,0.0,0.0,0,0,0,0,Asia
CUST_01684,2024-08-17,2024-12-24,2024-12-15,2025-03-24,99,219,0,False,1,0.0,0.0,0.0,0.0,0.0,0.0,0.0,0.0,0.0,0.0,1,2,2.0,890.1,445.05,0.0,0.0,0.0,0.0,890.1,0,0,0,0,2,M,73,1.0,0.0,0.0,0,0,0,0,Asia
CUST_01689,2024-08-06,2024-12-24,2024-12-04,2025-03-24,110,230,0,False,0,0.0,0.0,0.0,0.0,0.0,0.0,0.0,0.0,0.0,0.0,2,2,1.0,2526.6099999999997,1263.3049999999998,0.0,0.0,2526.6099999999997,0.0,0.0,0,0,2,0,0,M,25,0.0,0.0,1.0,0,0,0,0,North America
CUST_01698,2024-07-15,2024-12-24,2024-11-12,2025-03-24,132,252,0,False,1,0.0,0.0,0.0,0.0,0.0,0.0,0.0,0.0,0.0,0.0,1,1,1.0,106.85,106.85,0.0,0.0,0.0,0.0,106.85,0,0,0,0,1,M,59,0.0,1.0,0.0,0,0,0,0,Europe
CUST_01704,2024-06-24,2024-12-24,2024-10-22,2024-12-28,67,187,1,True,1,0.0,0.0,0.0,1.0,1.0,0.0,0.0,0.0,0.0,0.0,2,4,2.0,2904.11,1046.4116666666666,0.0,0.0,0.0,2904.11,0.0,0,0,0,4,0,F,60,0.0,1.0,0.0,0,0,0,0,Europe
CUST_01709,2024-07-16,2024-12-24,2024-11-13,2025-03-24,131,251,0,False,1,0.0,0.0,0.0,0.0,0.0,0.0,0.0,0.0,0.0,0.0,1,3,3.0,765.41,255.13666666666666,0.0,0.0,0.0,765.41,0.0,0,0,0,3,0,F,55,0.0,1.0,0.0,0,0,0,0,Europe
CUST_01715,2024-08-24,2024-12-24,2024-12-22,2025-03-24,92,212,0,False,1,0.0,0.0,0.0,0.0,0.0,0.0,0.0,0.0,0.0,0.0,1,2,2.0,1083.6,541.8,0.0,0.0,1083.6,0.0,0.0,0,0,2,0,0,F,70,0.0,1.0,0.0,0,0,0,0,Europe
CUST_01722,2024-08-19,2024-12-24,2024-12-17,2025-03-24,97,217,0,False,1,0.0,0.0,0.0,0.0,0.0,0.0,0.0,0.0,0.0,0.0,1,2,2.0,208.31,104.155,0.0,0.0,0.0,208.31,0.0,0,0,0,2,0,F,50,0.0,1.0,0.0,0,0,0,0,Europe
CUST_01738,2024-06-23,2024-12-24,2024-10-21,2025-03-24,154,274,0,False,1,0.0,0.0,0.0,0.0,0.0,0.0,0.0,0.0,0.0,0.0,1,1,1.0,152.74,152.74,0.0,0.0,0.0,152.74,0.0,0,0,0,1,0,M,61,0.0,1.0,0.0,0,0,0,0,Europe
CUST_01741,2024-07-04,2024-12-24,2024-11-01,2025-03-24,143,263,0,False,1,0.0,0.0,0.0,0.0,0.0,0.0,0.0,0.0,0.0,0.0,2,5,2.5,3399.29,728.0616666666667,0.0,0.0,0.0,1461.13,1938.16,0,0,0,3,2,M,67,0.0,0.0,1.0,0,0,0,0,North America
CUST_01747,2024-08-02,2024-12-24,2024-11-30,2025-03-24,114,234,0,False,0,0.0,0.0,0.0,0.0,0.0,0.0,0.0,0.0,0.0,0.0,1,1,1.0,1046.22,1046.22,0.0,0.0,0.0,1046.22,0.0,0,0,0,1,0,M,47,0.0,1.0,0.0,0,0,0,0,Europe
CUST_01762,2024-07-31,2024-12-24,2024-11-28,2025-03-24,116,236,0,False,1,0.0,0.0,0.0,0.0,0.0,0.0,0.0,0.0,0.0,0.0,2,3,1.5,3435.98,1223.5575,1977.73,1458.25,0.0,0.0,0.0,2,1,0,0,0,F,32,0.0,1.0,0.0,0,0,0,0,Europe
CUST_01763,2024-07-01,2024-12-24,2024-10-29,2025-03-24,146,266,0,False,1,0.0,0.0,0.0,0.0,0.0,0.0,0.0,0.0,0.0,0.0,1,4,4.0,725.3,181.325,0.0,0.0,0.0,725.3,0.0,0,0,0,4,0,M,31,0.0,1.0,0.0,0,0,0,0,Europe
CUST_01792,2024-07-30,2024-12-24,2024-11-27,2025-03-24,117,237,0,False,1,0.0,0.0,0.0,0.0,0.0,0.0,0.0,0.0,0.0,0.0,3,7,2.3333333333333335,3675.61,566.8188888888889,824.09,1098.85,0.0,1752.67,0.0,3,2,0,2,0,F,46,1.0,0.0,0.0,0,0,0,0,Asia
CUST_01796,2024-08-02,2024-12-24,2024-11-30,2025-03-24,114,234,0,False,1,0.0,0.0,0.0,0.0,0.0,0.0,0.0,0.0,0.0,0.0,1,2,2.0,1672.04,836.02,0.0,1672.04,0.0,0.0,0.0,0,2,0,0,0,F,58,1.0,0.0,0.0,0,0,0,0,Asia
CUST_01810,2024-08-18,2024-12-24,2024-12-16,2025-03-24,98,218,0,False,1,0.0,0.0,0.0,0.0,0.0,0.0,0.0,0.0,0.0,0.0,1,3,3.0,1443.29,481.09666666666664,0.0,1443.29,0.0,0.0,0.0,0,3,0,0,0,F,29,0.0,1.0,0.0,0,0,0,0,Europe
CUST_01812,2024-06-19,2024-12-24,2024-10-17,2025-03-24,158,278,0,False,1,0.0,0.0,0.0,0.0,0.0,0.0,0.0,0.0,0.0,0.0,1,1,1.0,1648.89,1648.89,0.0,0.0,0.0,1648.89,0.0,0,0,0,1,0,M,46,1.0,0.0,0.0,0,0,0,0,Asia
CUST_01817,2024-07-07,2024-12-24,2024-11-04,2025-03-24,140,260,0,False,1,0.0,0.0,0.0,0.0,0.0,0.0,0.0,0.0,0.0,0.0,1,1,1.0,1514.83,1514.83,0.0,1514.83,0.0,0.0,0.0,0,1,0,0,0,F,75,1.0,0.0,0.0,0,0,0,0,Asia
CUST_01820,2024-06-22,2024-12-24,2024-10-20,2025-03-24,155,275,0,False,1,0.0,0.0,0.0,0.0,0.0,0.0,0.0,0.0,0.0,0.0,1,2,2.0,164.3,82.15,0.0,0.0,0.0,0.0,164.3,0,0,0,0,2,M,73,1.0,0.0,0.0,0,0,0,0,Asia
CUST_01822,2024-07-18,2024-12-24,2024-11-15,2025-03-24,129,249,0,False,1,0.0,0.0,0.0,0.0,0.0,0.0,0.0,0.0,0.0,0.0,1,3,3.0,760.54,253.51333333333332,0.0,0.0,760.54,0.0,0.0,0,0,3,0,0,Other,62,0.0,0.0,1.0,0,0,0,0,North America
CUST_01829,2024-07-05,2024-12-24,2024-11-02,2025-03-24,142,262,0,False,1,0.0,0.0,0.0,0.0,0.0,0.0,0.0,0.0,0.0,0.0,1,2,2.0,1010.72,505.36,0.0,1010.72,0.0,0.0,0.0,0,2,0,0,0,M,28,0.0,0.0,1.0,0,0,0,0,North America
CUST_01835,2024-06-28,2024-12-24,2024-10-26,2025-03-24,149,269,0,False,0,0.0,0.0,0.0,0.0,0.0,0.0,0.0,0.0,0.0,0.0,1,1,1.0,1321.99,1321.99,0.0,0.0,1321.99,0.0,0.0,0,0,1,0,0,F,61,1.0,0.0,0.0,0,0,0,0,Asia
CUST_01838,2024-07-11,2024-12-24,2024-11-08,2025-03-24,136,256,0,False,1,0.0,0.0,0.0,0.0,0.0,0.0,0.0,0.0,0.0,0.0,2,3,1.5,2334.4300000000003,923.2225000000001,2334.4300000000003,0.0,0.0,0.0,0.0,3,0,0,0,0,M,72,0.0,1.0,0.0,0,0,0,0,Europe
CUST_01844,2024-08-20,2024-12-24,2024-12-18,2025-03-24,96,216,0,False,1,0.0,0.0,0.0,0.0,0.0,0.0,0.0,0.0,0.0,0.0,2,7,3.5,3776.34,553.9041666666667,1811.66,0.0,0.0,1964.68,0.0,4,0,0,3,0,M,37,0.0,0.0,1.0,0,0,0,0,North America
CUST_01855,2024-08-09,2024-12-24,2024-12-07,2025-03-24,107,227,0,False,1,0.0,0.0,0.0,0.0,0.0,0.0,0.0,0.0,0.0,0.0,1,2,2.0,1919.23,959.615,0.0,0.0,0.0,0.0,1919.23,0,0,0,0,2,F,56,1.0,0.0,0.0,0,0,0,0,Asia
CUST_01861,2024-06-26,2024-12-24,2024-10-24,2025-03-24,151,271,0,False,1,0.0,0.0,0.0,0.0,0.0,0.0,0.0,0.0,0.0,0.0,1,2,2.0,386.85,193.425,0.0,0.0,386.85,0.0,0.0,0,0,2,0,0,F,30,0.0,1.0,0.0,0,0,0,0,Europe
CUST_01879,2024-08-24,2024-12-24,2024-12-22,2025-03-24,92,212,0,False,1,0.0,0.0,0.0,0.0,0.0,0.0,0.0,0.0,0.0,0.0,1,1,1.0,1798.23,1798.23,1798.23,0.0,0.0,0.0,0.0,1,0,0,0,0,M,27,1.0,0.0,0.0,0,0,0,0,Asia
CUST_01880,2024-07-27,2024-12-24,2024-11-24,2025-03-24,120,240,0,False,1,0.0,0.0,0.0,0.0,0.0,0.0,0.0,0.0,0.0,0.0,1,1,1.0,1290.75,1290.75,1290.75,0.0,0.0,0.0,0.0,1,0,0,0,0,M,34,0.0,0.0,1.0,0,0,0,0,North America
CUST_01881,2024-08-04,2024-12-24,2024-12-02,2025-03-24,112,232,0,False,1,0.0,0.0,0.0,0.0,0.0,0.0,0.0,0.0,0.0,0.0,1,1,1.0,1314.74,1314.74,0.0,0.0,1314.74,0.0,0.0,0,0,1,0,0,F,41,0.0,1.0,0.0,0,0,0,0,Europe
CUST_01895,2024-08-02,2024-12-24,2024-11-30,2025-03-24,114,234,0,False,1,0.0,0.0,0.0,0.0,0.0,0.0,0.0,0.0,0.0,0.0,3,7,2.3333333333333335,2252.41,357.32111111111107,0.0,1405.09,521.87,325.45,0.0,0,2,2,3,0,F,62,0.0,0.0,1.0,0,0,0,0,North America
CUST_01913,2024-07-14,2024-12-24,2024-11-11,2025-03-24,133,253,0,False,1,0.0,0.0,0.0,0.0,0.0,0.0,0.0,0.0,0.0,0.0,1,3,3.0,1962.19,654.0633333333334,0.0,0.0,0.0,1962.19,0.0,0,0,0,3,0,M,71,0.0,1.0,0.0,0,0,0,0,Europe
CUST_01915,2024-06-07,2024-12-24,2024-10-05,2025-03-24,170,290,0,False,1,0.0,0.0,0.0,0.0,0.0,0.0,0.0,0.0,0.0,0.0,1,3,3.0,1386.94,462.31333333333333,1386.94,0.0,0.0,0.0,0.0,3,0,0,0,0,M,42,1.0,0.0,0.0,0,0,0,0,Asia
CUST_01917,2024-08-22,2024-12-24,2024-12-20,2025-03-24,94,214,0,False,1,0.0,0.0,0.0,0.0,0.0,0.0,0.0,0.0,0.0,0.0,1,1,1.0,837.49,837.49,0.0,0.0,837.49,0.0,0.0,0,0,1,0,0,M,61,0.0,0.0,1.0,0,0,0,0,North America
CUST_01924,2024-08-19,2024-12-24,2024-12-17,2025-03-24,97,217,0,False,1,0.0,0.0,0.0,0.0,0.0,0.0,0.0,0.0,0.0,0.0,2,2,1.0,2067.09,1033.545,0.0,0.0,0.0,0.0,2067.09,0,0,0,0,2,M,70,1.0,0.0,0.0,0,0,0,0,Asia
CUST_01928,2024-08-15,2024-12-24,2024-12-13,2025-03-24,101,221,0,False,0,0.0,0.0,0.0,0.0,0.0,0.0,0.0,0.0,0.0,0.0,3,5,1.6666666666666667,3978.2,1178.2266666666667,0.0,0.0,1964.95,0.0,2013.25,0,0,1,0,4,F,48,0.0,1.0,0.0,0,0,0,0,Europe
CUST_01933,2024-07-05,2024-12-24,2024-11-02,2025-03-24,142,262,0,False,1,0.0,0.0,0.0,0.0,0.0,0.0,0.0,0.0,0.0,0.0,2,5,2.5,797.49,156.10416666666669,519.22,278.27,0.0,0.0,0.0,3,2,0,0,0,F,36,0.0,1.0,0.0,0,0,0,0,Europe
CUST_01940,2024-06-30,2024-12-24,2024-10-28,2024-12-31,64,184,1,True,1,0.0,0.0,0.0,0.0,0.0,0.0,0.0,0.0,0.0,0.0,2,4,2.0,777.83,229.02833333333336,0.0,479.66,298.17,0.0,0.0,0,3,1,0,0,M,42,1.0,0.0,0.0,0,0,0,0,Asia
CUST_01943,2024-08-21,2024-12-24,2024-12-19,2025-03-24,95,215,0,False,1,0.0,0.0,0.0,0.0,0.0,0.0,0.0,0.0,0.0,0.0,1,3,3.0,515.86,171.95333333333335,0.0,0.0,0.0,515.86,0.0,0,0,0,3,0,M,63,1.0,0.0,0.0,0,0,0,0,Asia
CUST_01948,2024-06-01,2024-12-24,2024-09-29,2025-03-24,176,296,0,False,1,0.0,0.0,0.0,0.0,0.0,0.0,0.0,0.0,0.0,0.0,1,1,1.0,1781.29,1781.29,0.0,1781.29,0.0,0.0,0.0,0,1,0,0,0,M,57,0.0,1.0,0.0,0,0,0,0,Europe
CUST_01956,2024-08-20,2024-12-24,2024-12-18,2025-03-24,96,216,0,False,1,0.0,0.0,0.0,0.0,0.0,0.0,0.0,0.0,0.0,0.0,1,1,1.0,1144.78,1144.78,0.0,0.0,0.0,1144.78,0.0,0,0,0,1,0,F,33,0.0,0.0,1.0,0,0,0,0,North America
CUST_01963,2024-07-24,2024-12-24,2024-11-21,2025-03-24,123,243,0,False,1,0.0,0.0,0.0,0.0,0.0,0.0,0.0,0.0,0.0,0.0,3,9,3.0,2201.1,295.72416666666663,0.0,0.0,0.0,1189.36,1011.74,0,0,0,2,7,F,38,0.0,1.0,0.0,0,0,0,0,Europe
CUST_01968,2024-07-22,2024-12-24,2024-11-19,2025-03-24,125,245,0,False,1,0.0,0.0,0.0,0.0,0.0,0.0,0.0,0.0,0.0,0.0,1,1,1.0,844.76,844.76,844.76,0.0,0.0,0.0,0.0,1,0,0,0,0,F,25,0.0,1.0,0.0,0,0,0,0,Europe
CUST_01971,2024-08-15,2024-12-24,2024-12-13,2025-03-24,101,221,0,False,1,0.0,0.0,0.0,0.0,0.0,0.0,0.0,0.0,0.0,0.0,1,2,2.0,1199.15,599.575,1199.15,0.0,0.0,0.0,0.0,2,0,0,0,0,F,34,1.0,0.0,0.0,0,0,0,0,Asia
CUST_01996,2024-08-16,2024-12-24,2024-12-14,2025-03-24,100,220,0,False,1,0.0,0.0,0.0,0.0,0.0,0.0,0.0,0.0,0.0,0.0,2,5,2.5,1828.33,330.75416666666666,0.0,0.0,0.0,0.0,1828.33,0,0,0,0,5,M,45,0.0,1.0,0.0,0,0,0,0,Europe
CUST_01998,2024-06-02,2024-12-24,2024-09-30,2025-03-24,175,295,0,False,1,0.0,0.0,0.0,0.0,0.0,0.0,0.0,0.0,0.0,0.0,1,2,2.0,415.03,207.515,0.0,415.03,0.0,0.0,0.0,0,2,0,0,0,F,52,0.0,1.0,0.0,0,0,0,0,Europe
CUST_02000,2024-08-23,2024-12-24,2024-12-21,2025-03-24,93,213,0,False,1,0.0,0.0,0.0,0.0,0.0,0.0,0.0,0.0,0.0,0.0,1,2,2.0,857.4,428.7,0.0,0.0,0.0,0.0,857.4,0,0,0,0,2,Other,41,0.0,0.0,1.0,0,0,0,0,North America
CUST_02003,2024-07-24,2024-12-24,2024-11-21,2025-03-24,123,243,0,False,1,0.0,0.0,0.0,0.0,0.0,0.0,0.0,0.0,0.0,0.0,1,2,2.0,1994.69,997.345,1994.69,0.0,0.0,0.0,0.0,2,0,0,0,0,M,57,0.0,1.0,0.0,0,0,0,0,Europe
CUST_02014,2024-06-18,2024-12-24,2024-10-16,2024-12-28,73,193,1,True,1,0.0,0.0,2.0,0.0,2.0,0.0,0.0,0.0,0.0,0.0,3,4,1.3333333333333333,2476.49,785.805,0.0,470.9,238.15,0.0,1767.44,0,1,2,0,1,F,47,0.0,0.0,1.0,0,0,0,0,North America
CUST_02016,2024-07-19,2024-12-24,2024-11-16,2025-03-24,128,248,0,False,1,0.0,0.0,0.0,0.0,0.0,0.0,0.0,0.0,0.0,0.0,1,2,2.0,1489.9,744.95,0.0,1489.9,0.0,0.0,0.0,0,2,0,0,0,M,72,0.0,1.0,0.0,0,0,0,0,Europe
CUST_02017,2024-06-07,2024-12-24,2024-10-05,2025-03-24,170,290,0,False,1,0.0,0.0,0.0,0.0,0.0,0.0,0.0,0.0,0.0,0.0,1,4,4.0,251.71,62.9275,0.0,0.0,0.0,251.71,0.0,0,0,0,4,0,F,56,0.0,1.0,0.0,0,0,0,0,Europe
CUST_02020,2024-06-18,2024-12-24,2024-10-16,2025-03-24,159,279,0,False,1,0.0,0.0,0.0,0.0,0.0,0.0,0.0,0.0,0.0,0.0,1,2,2.0,1968.49,984.245,0.0,0.0,0.0,0.0,1968.49,0,0,0,0,2,F,26,0.0,0.0,1.0,0,0,0,0,North America
CUST_02026,2024-06-16,2024-12-24,2024-10-14,2025-03-24,161,281,0,False,1,0.0,0.0,0.0,0.0,0.0,0.0,0.0,0.0,0.0,0.0,1,2,2.0,1674.7,837.35,0.0,0.0,1674.7,0.0,0.0,0,0,2,0,0,M,59,1.0,0.0,0.0,0,0,0,0,Asia
CUST_02032,2024-07-27,2024-12-24,2024-11-24,2025-03-24,120,240,0,False,1,0.0,0.0,0.0,0.0,0.0,0.0,0.0,0.0,0.0,0.0,1,3,3.0,877.83,292.61,877.83,0.0,0.0,0.0,0.0,3,0,0,0,0,F,58,0.0,1.0,0.0,0,0,0,0,Europe
CUST_02041,2024-08-18,2024-12-24,2024-12-16,2025-03-24,98,218,0,False,1,0.0,0.0,0.0,0.0,0.0,0.0,0.0,0.0,0.0,0.0,2,5,2.5,2508.54,537.3291666666667,0.0,1077.67,0.0,0.0,1430.87,0,3,0,0,2,F,64,0.0,1.0,0.0,0,0,0,0,Europe
CUST_02048,2024-06-24,2024-12-24,2024-10-22,2024-12-25,64,184,1,True,1,1.0,0.0,0.0,1.0,2.0,0.0,0.0,0.0,0.0,0.0,2,2,1.0,2113.66,1056.83,0.0,675.79,0.0,0.0,1437.87,0,1,0,0,1,M,61,0.0,1.0,0.0,0,0,0,0,Europe
CUST_02049,2024-08-19,2024-12-24,2024-12-17,2025-03-24,97,217,0,False,1,0.0,0.0,0.0,0.0,0.0,0.0,0.0,0.0,0.0,0.0,2,3,1.5,2550.34,1089.265,0.0,0.0,1806.72,743.62,0.0,0,0,1,2,0,Other,44,1.0,0.0,0.0,0,0,0,0,Asia
CUST_02070,2024-06-06,2024-12-24,2024-10-04,2025-03-24,171,291,0,False,1,0.0,0.0,0.0,0.0,0.0,0.0,0.0,0.0,0.0,0.0,1,5,5.0,397.23,79.446,0.0,0.0,397.23,0.0,0.0,0,0,5,0,0,M,44,1.0,0.0,0.0,0,0,0,0,Asia
CUST_02073,2024-06-18,2024-12-24,2024-10-16,2025-03-24,159,279,0,False,1,0.0,0.0,0.0,0.0,0.0,0.0,0.0,0.0,0.0,0.0,1,2,2.0,1426.69,713.345,0.0,0.0,1426.69,0.0,0.0,0,0,2,0,0,M,62,0.0,0.0,1.0,0,0,0,0,North America
CUST_02080,2024-07-28,2024-12-24,2024-11-25,2025-03-24,119,239,0,False,1,0.0,0.0,0.0,0.0,0.0,0.0,0.0,0.0,0.0,0.0,3,4,1.3333333333333333,3987.56,1012.3916666666668,979.15,1107.64,0.0,0.0,1900.77,1,1,0,0,2,F,32,0.0,1.0,0.0,0,0,0,0,Europe
CUST_02081,2024-08-25,2024-12-24,2024-12-23,2025-03-24,91,211,0,False,1,0.0,0.0,0.0,0.0,0.0,0.0,0.0,0.0,0.0,0.0,2,4,2.0,2144.29,422.99833333333333,1947.44,0.0,0.0,196.85,0.0,3,0,0,1,0,Other,48,1.0,0.0,0.0,0,0,0,0,Asia
CUST_02083,2024-06-11,2024-12-24,2024-10-09,2025-03-24,166,286,0,False,1,0.0,0.0,0.0,0.0,0.0,0.0,0.0,0.0,0.0,0.0,1,1,1.0,1680.09,1680.09,0.0,0.0,0.0,1680.09,0.0,0,0,0,1,0,M,55,0.0,0.0,1.0,0,0,0,0,North America
CUST_02085,2024-08-18,2024-12-24,2024-12-16,2025-03-24,98,218,0,False,1,0.0,0.0,0.0,0.0,0.0,0.0,0.0,0.0,0.0,0.0,2,5,2.5,1768.5,378.62083333333334,762.05,1006.45,0.0,0.0,0.0,3,2,0,0,0,F,60,0.0,0.0,1.0,0,0,0,0,North America
CUST_02087,2024-07-26,2024-12-24,2024-11-23,2025-03-24,121,241,0,False,1,0.0,0.0,0.0,0.0,0.0,0.0,0.0,0.0,0.0,0.0,1,1,1.0,889.1,889.1,0.0,0.0,0.0,0.0,889.1,0,0,0,0,1,M,56,1.0,0.0,0.0,0,0,0,0,Asia
CUST_02091,2024-06-24,2024-12-24,2024-10-22,2025-03-24,153,273,0,False,0,0.0,0.0,0.0,0.0,0.0,0.0,0.0,0.0,0.0,0.0,2,3,1.5,2369.55,685.49,1997.14,0.0,0.0,372.41,0.0,2,0,0,1,0,M,73,0.0,0.0,1.0,0,0,0,0,North America
CUST_02092,2024-07-24,2024-12-24,2024-11-21,2025-03-24,123,243,0,False,1,0.0,0.0,0.0,0.0,0.0,0.0,0.0,0.0,0.0,0.0,1,2,2.0,1980.21,990.105,1980.21,0.0,0.0,0.0,0.0,2,0,0,0,0,M,75,0.0,1.0,0.0,0,0,0,0,Europe
CUST_02104,2024-07-29,2024-12-24,2024-11-26,2025-03-24,118,238,0,False,1,0.0,0.0,0.0,0.0,0.0,0.0,0.0,0.0,0.0,0.0,3,6,2.0,4826.860000000001,1005.4477777777778,0.0,1804.54,1796.14,1226.18,0.0,0,1,3,2,0,M,60,1.0,0.0,0.0,0,0,0,0,Asia
CUST_02117,2024-08-04,2024-12-24,2024-12-02,2025-03-24,112,232,0,False,1,0.0,0.0,0.0,0.0,0.0,0.0,0.0,0.0,0.0,0.0,1,4,4.0,1713.61,428.4025,0.0,0.0,0.0,1713.61,0.0,0,0,0,4,0,F,24,1.0,0.0,0.0,0,0,0,0,Asia
CUST_02140,2024-07-22,2024-12-24,2024-11-19,2025-03-24,125,245,0,False,1,0.0,0.0,0.0,0.0,0.0,0.0,0.0,0.0,0.0,0.0,1,1,1.0,563.87,563.87,0.0,563.87,0.0,0.0,0.0,0,1,0,0,0,F,22,0.0,1.0,0.0,0,0,0,0,Europe
CUST_02141,2024-08-22,2024-12-24,2024-12-20,2025-03-24,94,214,0,False,1,0.0,0.0,0.0,0.0,0.0,0.0,0.0,0.0,0.0,0.0,1,2,2.0,1529.22,764.61,0.0,0.0,0.0,0.0,1529.22,0,0,0,0,2,F,23,0.0,1.0,0.0,0,0,0,0,Europe
CUST_02149,2024-07-24,2024-12-24,2024-11-21,2025-03-24,123,243,0,False,0,0.0,0.0,0.0,0.0,0.0,0.0,0.0,0.0,0.0,0.0,1,4,4.0,626.85,156.7125,0.0,0.0,626.85,0.0,0.0,0,0,4,0,0,F,68,1.0,0.0,0.0,0,0,0,0,Asia
CUST_02157,2024-07-27,2024-12-24,2024-11-24,2025-03-24,120,240,0,False,1,0.0,0.0,0.0,0.0,0.0,0.0,0.0,0.0,0.0,0.0,1,4,4.0,561.08,140.27,0.0,561.08,0.0,0.0,0.0,0,4,0,0,0,F,38,1.0,0.0,0.0,0,0,0,0,Asia
CUST_02158,2024-08-08,2024-12-24,2024-12-06,2025-03-24,108,228,0,False,1,0.0,0.0,0.0,0.0,0.0,0.0,0.0,0.0,0.0,0.0,3,6,2.0,3988.77,664.795,451.71,1845.29,0.0,0.0,1691.77,2,2,0,0,2,F,44,1.0,0.0,0.0,0,0,0,0,Asia
CUST_02163,2024-08-21,2024-12-24,2024-12-19,2025-03-24,95,215,0,False,1,0.0,0.0,0.0,0.0,0.0,0.0,0.0,0.0,0.0,0.0,1,3,3.0,1861.65,620.5500000000001,0.0,0.0,0.0,1861.65,0.0,0,0,0,3,0,M,38,0.0,1.0,0.0,0,0,0,0,Europe
CUST_02164,2024-06-05,2024-12-24,2024-10-03,2025-03-24,172,292,0,False,0,0.0,0.0,0.0,0.0,0.0,0.0,0.0,0.0,0.0,0.0,1,2,2.0,468.6,234.3,0.0,0.0,0.0,468.6,0.0,0,0,0,2,0,M,35,1.0,0.0,0.0,0,0,0,0,Asia
CUST_02171,2024-08-16,2024-12-24,2024-12-14,2025-03-24,100,220,0,False,1,0.0,0.0,0.0,0.0,0.0,0.0,0.0,0.0,0.0,0.0,1,2,2.0,837.54,418.77,0.0,0.0,0.0,837.54,0.0,0,0,0,2,0,M,59,0.0,1.0,0.0,0,0,0,0,Europe
CUST_02177,2024-06-29,2024-12-24,2024-10-27,2025-03-24,148,268,0,False,0,0.0,0.0,0.0,0.0,0.0,0.0,0.0,0.0,0.0,0.0,1,2,2.0,1344.32,672.16,0.0,0.0,0.0,0.0,1344.32,0,0,0,0,2,M,22,0.0,1.0,0.0,0,0,0,0,Europe
CUST_02180,2024-06-26,2024-12-24,2024-10-24,2025-03-24,151,271,0,False,1,0.0,0.0,0.0,0.0,0.0,0.0,0.0,0.0,0.0,0.0,1,1,1.0,968.96,968.96,0.0,968.96,0.0,0.0,0.0,0,1,0,0,0,M,56,1.0,0.0,0.0,0,0,0,0,Asia
CUST_02185,2024-06-02,2024-12-24,2024-09-30,2025-03-24,175,295,0,False,1,0.0,0.0,0.0,0.0,0.0,0.0,0.0,0.0,0.0,0.0,1,1,1.0,302.76,302.76,302.76,0.0,0.0,0.0,0.0,1,0,0,0,0,M,26,0.0,0.0,1.0,0,0,0,0,North America
CUST_02197,2024-07-22,2024-12-24,2024-11-19,2024-12-29,40,160,1,True,1,2.0,0.0,2.0,0.0,4.0,1.0,0.0,0.0,0.0,1.0,3,4,1.3333333333333333,1035.46,274.08,0.0,0.0,564.67,0.0,470.79,0,0,3,0,1,M,54,0.0,1.0,0.0,0,0,0,0,Europe
CUST_02203,2024-08-02,2024-12-24,2024-11-30,2025-03-24,114,234,0,False,1,0.0,0.0,0.0,0.0,0.0,0.0,0.0,0.0,0.0,0.0,2,4,2.0,1923.1599999999999,480.78999999999996,0.0,0.0,0.0,1923.1599999999999,0.0,0,0,0,4,0,M,30,0.0,1.0,0.0,0,0,0,0,Europe
CUST_02207,2024-07-21,2024-12-24,2024-11-18,2025-03-24,126,246,0,False,1,0.0,0.0,0.0,0.0,0.0,0.0,0.0,0.0,0.0,0.0,2,6,3.0,3088.52,514.7533333333333,0.0,1094.0,0.0,1994.52,0.0,0,3,0,3,0,F,34,0.0,1.0,0.0,0,0,0,0,Europe
CUST_02210,2024-06-14,2024-12-24,2024-10-12,2025-03-24,163,283,0,False,1,0.0,0.0,0.0,0.0,0.0,0.0,0.0,0.0,0.0,0.0,1,2,2.0,977.7,488.85,0.0,0.0,977.7,0.0,0.0,0,0,2,0,0,M,27,0.0,1.0,0.0,0,0,0,0,Europe
CUST_02215,2024-08-09,2024-12-24,2024-12-07,2025-03-24,107,227,0,False,1,0.0,0.0,0.0,0.0,0.0,0.0,0.0,0.0,0.0,0.0,2,4,2.0,1836.04,459.01,1287.69,0.0,0.0,0.0,548.35,2,0,0,0,2,M,67,1.0,0.0,0.0,0,0,0,0,Asia
CUST_02219,2024-06-28,2024-12-24,2024-10-26,2025-03-24,149,269,0,False,1,0.0,0.0,0.0,0.0,0.0,0.0,0.0,0.0,0.0,0.0,1,1,1.0,1861.06,1861.06,1861.06,0.0,0.0,0.0,0.0,1,0,0,0,0,M,45,0.0,1.0,0.0,0,0,0,0,Europe
CUST_02226,2024-07-03,2024-12-24,2024-10-31,2025-03-24,144,264,0,False,1,0.0,0.0,0.0,0.0,0.0,0.0,0.0,0.0,0.0,0.0,1,1,1.0,1621.3,1621.3,1621.3,0.0,0.0,0.0,0.0,1,0,0,0,0,M,26,0.0,0.0,1.0,0,0,0,0,North America
CUST_02230,2024-06-13,2024-12-24,2024-10-11,2025-03-24,164,284,0,False,1,0.0,0.0,0.0,0.0,0.0,0.0,0.0,0.0,0.0,0.0,1,3,3.0,686.66,228.88666666666666,0.0,0.0,0.0,0.0,686.66,0,0,0,0,3,M,69,0.0,1.0,0.0,0,0,0,0,Europe
CUST_02232,2024-06-26,2024-12-24,2024-10-24,2025-03-24,151,271,0,False,1,0.0,0.0,0.0,0.0,0.0,0.0,0.0,0.0,0.0,0.0,1,1,1.0,296.68,296.68,0.0,0.0,0.0,296.68,0.0,0,0,0,1,0,M,56,0.0,0.0,1.0,0,0,0,0,North America
CUST_02238,2024-07-26,2024-12-24,2024-11-23,2025-03-24,121,241,0,False,1,0.0,0.0,0.0,0.0,0.0,0.0,0.0,0.0,0.0,0.0,1,1,1.0,231.7,231.7,0.0,0.0,0.0,231.7,0.0,0,0,0,1,0,F,73,1.0,0.0,0.0,0,0,0,0,Asia
CUST_02257,2024-07-23,2024-12-24,2024-11-20,2025-03-24,124,244,0,False,1,0.0,0.0,0.0,0.0,0.0,0.0,0.0,0.0,0.0,0.0,1,3,3.0,1493.43,497.81,0.0,0.0,0.0,1493.43,0.0,0,0,0,3,0,M,68,0.0,1.0,0.0,0,0,0,0,Europe
CUST_02259,2024-08-20,2024-12-24,2024-12-18,2025-03-24,96,216,0,False,1,0.0,0.0,0.0,0.0,0.0,0.0,0.0,0.0,0.0,0.0,2,3,1.5,2003.73,811.0450000000001,763.28,0.0,1240.45,0.0,0.0,2,0,1,0,0,F,21,0.0,0.0,1.0,0,0,0,0,North America
CUST_02261,2024-08-19,2024-12-24,2024-12-17,2025-03-24,97,217,0,False,1,0.0,0.0,0.0,0.0,0.0,0.0,0.0,0.0,0.0,0.0,2,4,2.0,2361.81,590.4525,0.0,0.0,0.0,0.0,2361.81,0,0,0,0,4,M,21,0.0,0.0,1.0,0,0,0,0,North America
CUST_02271,2024-07-22,2024-12-24,2024-11-19,2025-03-24,125,245,0,False,1,0.0,0.0,0.0,0.0,0.0,0.0,0.0,0.0,0.0,0.0,1,2,2.0,1159.01,579.505,0.0,1159.01,0.0,0.0,0.0,0,2,0,0,0,M,44,0.0,1.0,0.0,0,0,0,0,Europe
CUST_02272,2024-06-11,2024-12-24,2024-10-09,2025-03-24,166,286,0,False,1,0.0,0.0,0.0,0.0,0.0,0.0,0.0,0.0,0.0,0.0,2,3,1.5,1294.25,350.15999999999997,0.0,0.0,0.0,106.39,1187.86,0,0,0,1,2,Other,35,0.0,1.0,0.0,0,0,0,0,Europe
CUST_02274,2024-08-11,2024-12-24,2024-12-09,2025-03-24,105,225,0,False,1,0.0,0.0,0.0,0.0,0.0,0.0,0.0,0.0,0.0,0.0,1,4,4.0,977.91,244.4775,0.0,0.0,977.91,0.0,0.0,0,0,4,0,0,M,48,0.0,1.0,0.0,0,0,0,0,Europe
CUST_02282,2024-06-16,2024-12-24,2024-10-14,2025-03-24,161,281,0,False,1,0.0,0.0,0.0,0.0,0.0,0.0,0.0,0.0,0.0,0.0,1,3,3.0,1396.91,465.6366666666667,1396.91,0.0,0.0,0.0,0.0,3,0,0,0,0,M,69,0.0,1.0,0.0,0,0,0,0,Europe
CUST_02298,2024-08-11,2024-12-24,2024-12-09,2025-03-24,105,225,0,False,1,0.0,0.0,0.0,0.0,0.0,0.0,0.0,0.0,0.0,0.0,3,5,1.6666666666666667,2804.7400000000002,515.1511111111112,0.0,0.0,537.34,1888.93,378.47,0,0,1,3,1,F,25,0.0,0.0,1.0,0,0,0,0,North America
CUST_02301,2024-06-17,2024-12-24,2024-10-15,2025-03-24,160,280,0,False,1,0.0,0.0,0.0,0.0,0.0,0.0,0.0,0.0,0.0,0.0,1,2,2.0,339.92,169.96,0.0,0.0,0.0,339.92,0.0,0,0,0,2,0,M,40,0.0,1.0,0.0,0,0,0,0,Europe
CUST_02315,2024-07-15,2024-12-24,2024-11-12,2025-03-24,132,252,0,False,1,0.0,0.0,0.0,0.0,0.0,0.0,0.0,0.0,0.0,0.0,1,2,2.0,849.59,424.795,849.59,0.0,0.0,0.0,0.0,2,0,0,0,0,M,64,0.0,0.0,1.0,0,0,0,0,North America
CUST_02321,2024-08-24,2024-12-24,2024-12-22,2025-03-24,92,212,0,False,1,0.0,0.0,0.0,0.0,0.0,0.0,0.0,0.0,0.0,0.0,1,2,2.0,318.68,159.34,0.0,318.68,0.0,0.0,0.0,0,2,0,0,0,M,61,1.0,0.0,0.0,0,0,0,0,Asia
CUST_02327,2024-06-12,2024-12-24,2024-10-10,2025-03-24,165,285,0,False,1,0.0,0.0,0.0,0.0,0.0,0.0,0.0,0.0,0.0,0.0,1,2,2.0,1405.09,702.545,1405.09,0.0,0.0,0.0,0.0,2,0,0,0,0,M,28,0.0,1.0,0.0,0,0,0,0,Europe
CUST_02330,2024-07-24,2024-12-24,2024-11-21,2025-03-24,123,243,0,False,0,0.0,0.0,0.0,0.0,0.0,0.0,0.0,0.0,0.0,0.0,2,6,3.0,1376.91,314.02125,0.0,0.0,1135.26,241.65,0.0,0,0,2,4,0,F,34,0.0,1.0,0.0,0,0,0,0,Europe
CUST_02334,2024-08-04,2024-12-24,2024-12-02,2025-03-24,112,232,0,False,1,0.0,0.0,0.0,0.0,0.0,0.0,0.0,0.0,0.0,0.0,1,4,4.0,360.87,90.2175,360.87,0.0,0.0,0.0,0.0,4,0,0,0,0,F,74,0.0,1.0,0.0,0,0,0,0,Europe
CUST_02350,2024-06-02,2024-12-24,2024-09-30,2025-03-24,175,295,0,False,1,0.0,0.0,0.0,0.0,0.0,0.0,0.0,0.0,0.0,0.0,1,2,2.0,1285.34,642.67,0.0,0.0,0.0,1285.34,0.0,0,0,0,2,0,F,59,1.0,0.0,0.0,0,0,0,0,Asia
CUST_02352,2024-08-02,2024-12-24,2024-11-30,2025-03-24,114,234,0,False,1,0.0,0.0,0.0,0.0,0.0,0.0,0.0,0.0,0.0,0.0,3,5,1.6666666666666667,3053.59,977.3744444444443,182.2,1030.78,1840.61,0.0,0.0,3,1,1,0,0,M,48,0.0,1.0,0.0,0,0,0,0,Europe
CUST_02358,2024-07-14,2024-12-24,2024-11-11,2025-03-24,133,253,0,False,1,0.0,0.0,0.0,0.0,0.0,0.0,0.0,0.0,0.0,0.0,3,4,1.3333333333333333,4033.21,1016.1766666666667,178.72,1885.13,0.0,1969.36,0.0,1,1,0,2,0,F,36,0.0,1.0,0.0,0,0,0,0,Europe
CUST_02359,2024-06-22,2024-12-24,2024-10-20,2025-03-24,155,275,0,False,1,0.0,0.0,0.0,0.0,0.0,0.0,0.0,0.0,0.0,0.0,1,3,3.0,895.35,298.45,895.35,0.0,0.0,0.0,0.0,3,0,0,0,0,F,64,1.0,0.0,0.0,0,0,0,0,Asia
CUST_02384,2024-07-31,2024-12-24,2024-11-28,2025-03-24,116,236,0,False,1,0.0,0.0,0.0,0.0,0.0,0.0,0.0,0.0,0.0,0.0,2,4,2.0,1568.65,392.1625,0.0,658.17,910.48,0.0,0.0,0,2,2,0,0,F,22,1.0,0.0,0.0,0,0,0,0,Asia
CUST_02391,2024-06-02,2024-12-24,2024-09-30,2024-12-28,89,209,1,True,1,0.0,0.0,0.0,0.0,0.0,0.0,0.0,0.0,0.0,0.0,2,6,3.0,2110.14,460.30999999999995,0.0,1572.34,0.0,0.0,537.8,0,2,0,0,4,M,64,0.0,1.0,0.0,0,0,0,0,Europe
CUST_02393,2024-08-21,2024-12-24,2024-12-19,2025-03-24,95,215,0,False,1,0.0,0.0,0.0,0.0,0.0,0.0,0.0,0.0,0.0,0.0,2,7,3.5,2976.46,425.9604166666667,1682.79,0.0,1293.67,0.0,0.0,4,0,3,0,0,M,27,1.0,0.0,0.0,0,0,0,0,Asia
CUST_02408,2024-07-20,2024-12-24,2024-11-17,2025-03-24,127,247,0,False,1,0.0,0.0,0.0,0.0,0.0,0.0,0.0,0.0,0.0,0.0,2,4,2.0,2067.2799999999997,516.8199999999999,1752.57,0.0,314.71,0.0,0.0,2,0,2,0,0,M,50,0.0,0.0,1.0,0,0,0,0,North America
CUST_02409,2024-06-06,2024-12-24,2024-10-04,2025-03-24,171,291,0,False,1,0.0,0.0,0.0,0.0,0.0,0.0,0.0,0.0,0.0,0.0,1,1,1.0,636.01,636.01,0.0,636.01,0.0,0.0,0.0,0,1,0,0,0,F,47,0.0,1.0,0.0,0,0,0,0,Europe
CUST_02410,2024-07-03,2024-12-24,2024-10-31,2025-03-24,144,264,0,False,1,0.0,0.0,0.0,0.0,0.0,0.0,0.0,0.0,0.0,0.0,1,2,2.0,595.59,297.795,595.59,0.0,0.0,0.0,0.0,2,0,0,0,0,M,75,0.0,1.0,0.0,0,0,0,0,Europe
CUST_02411,2024-07-25,2024-12-24,2024-11-22,2025-03-24,122,242,0,False,1,0.0,0.0,0.0,0.0,0.0,0.0,0.0,0.0,0.0,0.0,1,3,3.0,579.77,193.25666666666666,0.0,0.0,0.0,579.77,0.0,0,0,0,3,0,F,21,0.0,1.0,0.0,0,0,0,0,Europe
CUST_02414,2024-07-27,2024-12-24,2024-11-24,2025-03-24,120,240,0,False,1,0.0,0.0,0.0,0.0,0.0,0.0,0.0,0.0,0.0,0.0,1,1,1.0,1197.79,1197.79,0.0,0.0,1197.79,0.0,0.0,0,0,1,0,0,F,39,1.0,0.0,0.0,0,0,0,0,Asia
CUST_02420,2024-07-27,2024-12-24,2024-11-24,2025-03-24,120,240,0,False,1,0.0,0.0,0.0,0.0,0.0,0.0,0.0,0.0,0.0,0.0,2,3,1.5,1564.9,538.4925000000001,589.07,975.83,0.0,0.0,0.0,1,2,0,0,0,F,62,0.0,0.0,1.0,0,0,0,0,North America
CUST_02427,2024-08-06,2024-12-24,2024-12-04,2025-03-24,110,230,0,False,1,0.0,0.0,0.0,0.0,0.0,0.0,0.0,0.0,0.0,0.0,1,3,3.0,320.12,106.70666666666666,0.0,0.0,320.12,0.0,0.0,0,0,3,0,0,F,33,1.0,0.0,0.0,0,0,0,0,Asia
CUST_02429,2024-07-05,2024-12-24,2024-11-02,2025-03-24,142,262,0,False,1,0.0,0.0,0.0,0.0,0.0,0.0,0.0,0.0,0.0,0.0,1,2,2.0,976.23,488.115,0.0,0.0,0.0,976.23,0.0,0,0,0,2,0,M,51,0.0,0.0,1.0,0,0,0,0,North America
CUST_02432,2024-08-09,2024-12-24,2024-12-07,2025-03-24,107,227,0,False,1,0.0,0.0,0.0,0.0,0.0,0.0,0.0,0.0,0.0,0.0,1,1,1.0,198.04,198.04,0.0,0.0,0.0,198.04,0.0,0,0,0,1,0,M,37,0.0,0.0,1.0,0,0,0,0,North America
CUST_02435,2024-07-11,2024-12-24,2024-11-08,2025-03-24,136,256,0,False,1,0.0,0.0,0.0,0.0,0.0,0.0,0.0,0.0,0.0,0.0,1,2,2.0,509.44,254.72,509.44,0.0,0.0,0.0,0.0,2,0,0,0,0,F,33,0.0,1.0,0.0,0,0,0,0,Europe
CUST_02439,2024-06-28,2024-12-24,2024-10-26,2025-03-24,149,269,0,False,1,0.0,0.0,0.0,0.0,0.0,0.0,0.0,0.0,0.0,0.0,1,2,2.0,1511.02,755.51,0.0,0.0,0.0,1511.02,0.0,0,0,0,2,0,F,38,0.0,1.0,0.0,0,0,0,0,Europe
CUST_02442,2024-08-04,2024-12-24,2024-12-02,2025-03-24,112,232,0,False,1,0.0,0.0,0.0,0.0,0.0,0.0,0.0,0.0,0.0,0.0,1,2,2.0,1738.45,869.225,0.0,0.0,0.0,1738.45,0.0,0,0,0,2,0,M,31,1.0,0.0,0.0,0,0,0,0,Asia
CUST_02445,2024-06-14,2024-12-24,2024-10-12,2025-03-24,163,283,0,False,1,0.0,0.0,0.0,0.0,0.0,0.0,0.0,0.0,0.0,0.0,1,2,2.0,1609.86,804.93,0.0,0.0,0.0,0.0,1609.86,0,0,0,0,2,M,26,1.0,0.0,0.0,0,0,0,0,Asia
CUST_02483,2024-08-22,2024-12-24,2024-12-20,2025-03-24,94,214,0,False,1,0.0,0.0,0.0,0.0,0.0,0.0,0.0,0.0,0.0,0.0,4,9,2.25,4613.25,725.3104166666667,0.0,1676.42,589.62,0.0,2347.21,0,1,4,0,4,F,43,0.0,1.0,0.0,0,0,0,0,Europe
CUST_02484,2024-07-25,2024-12-24,2024-11-22,2025-03-24,122,242,0,False,1,0.0,0.0,0.0,0.0,0.0,0.0,0.0,0.0,0.0,0.0,2,4,2.0,2310.4700000000003,577.6175000000001,1406.44,0.0,0.0,904.03,0.0,2,0,0,2,0,F,75,0.0,1.0,0.0,0,0,0,0,Europe
CUST_02497,2024-07-31,2024-12-24,2024-11-28,2025-03-24,116,236,0,False,1,0.0,0.0,0.0,0.0,0.0,0.0,0.0,0.0,0.0,0.0,3,6,2.0,2065.77,463.96111111111117,0.0,547.48,600.22,0.0,918.07,0,2,3,0,1,M,70,0.0,1.0,0.0,0,0,0,0,Europe
CUST_02507,2024-08-10,2024-12-24,2024-12-08,2025-03-24,106,226,0,False,1,0.0,0.0,0.0,0.0,0.0,0.0,0.0,0.0,0.0,0.0,3,7,2.3333333333333335,4231.04,882.6933333333333,855.28,1883.0,0.0,1492.76,0.0,4,2,0,1,0,M,45,1.0,0.0,0.0,0,0,0,0,Asia
CUST_02508,2024-07-21,2024-12-24,2024-11-18,2025-03-24,126,246,0,False,1,0.0,0.0,0.0,0.0,0.0,0.0,0.0,0.0,0.0,0.0,2,2,1.0,3010.82,1505.41,0.0,0.0,0.0,3010.82,0.0,0,0,0,2,0,M,35,0.0,1.0,0.0,0,0,0,0,Europe
CUST_02509,2024-06-13,2024-12-24,2024-10-11,2025-03-24,164,284,0,False,1,0.0,0.0,0.0,0.0,0.0,0.0,0.0,0.0,0.0,0.0,1,4,4.0,624.21,156.0525,0.0,0.0,0.0,624.21,0.0,0,0,0,4,0,M,65,0.0,0.0,1.0,0,0,0,0,North America
CUST_02510,2024-07-02,2024-12-24,2024-10-30,2025-03-24,145,265,0,False,0,0.0,0.0,0.0,0.0,0.0,0.0,0.0,0.0,0.0,0.0,1,2,2.0,332.63,166.315,332.63,0.0,0.0,0.0,0.0,2,0,0,0,0,M,72,0.0,1.0,0.0,0,0,0,0,Europe
CUST_02511,2024-06-14,2024-12-24,2024-10-12,2025-03-24,163,283,0,False,1,0.0,0.0,0.0,0.0,0.0,0.0,0.0,0.0,0.0,0.0,1,1,1.0,1691.87,1691.87,1691.87,0.0,0.0,0.0,0.0,1,0,0,0,0,F,42,0.0,1.0,0.0,0,0,0,0,Europe
CUST_02520,2024-08-17,2024-12-24,2024-12-15,2025-03-24,99,219,0,False,1,0.0,0.0,0.0,0.0,0.0,0.0,0.0,0.0,0.0,0.0,2,3,1.5,3842.88,1422.6725,1847.81,0.0,1995.07,0.0,0.0,1,0,2,0,0,M,63,1.0,0.0,0.0,0,0,0,0,Asia
CUST_02524,2024-07-10,2024-12-24,2024-11-07,2025-03-24,137,257,0,False,1,0.0,0.0,0.0,0.0,0.0,0.0,0.0,0.0,0.0,0.0,3,8,2.6666666666666665,1809.37,214.16,0.0,639.44,1169.9299999999998,0.0,0.0,0,3,5,0,0,M,31,0.0,1.0,0.0,0,0,0,0,Europe
CUST_02526,2024-07-08,2024-12-24,2024-11-05,2025-03-24,139,259,0,False,1,0.0,0.0,0.0,0.0,0.0,0.0,0.0,0.0,0.0,0.0,1,3,3.0,595.98,198.66,0.0,595.98,0.0,0.0,0.0,0,3,0,0,0,F,75,1.0,0.0,0.0,0,0,0,0,Asia
CUST_02533,2024-06-12,2024-12-24,2024-10-10,2025-03-24,165,285,0,False,1,0.0,0.0,0.0,0.0,0.0,0.0,0.0,0.0,0.0,0.0,1,1,1.0,1037.8,1037.8,0.0,0.0,1037.8,0.0,0.0,0,0,1,0,0,F,75,0.0,0.0,1.0,0,0,0,0,North America
CUST_02548,2024-07-24,2024-12-24,2024-11-21,2025-03-24,123,243,0,False,1,0.0,0.0,0.0,0.0,0.0,0.0,0.0,0.0,0.0,0.0,1,1,1.0,1556.57,1556.57,0.0,1556.57,0.0,0.0,0.0,0,1,0,0,0,M,50,0.0,0.0,1.0,0,0,0,0,North America
CUST_02550,2024-07-18,2024-12-24,2024-11-15,2025-03-24,129,249,0,False,1,0.0,0.0,0.0,0.0,0.0,0.0,0.0,0.0,0.0,0.0,1,1,1.0,1661.5,1661.5,0.0,0.0,0.0,1661.5,0.0,0,0,0,1,0,F,41,0.0,1.0,0.0,0,0,0,0,Europe
CUST_02557,2024-06-03,2024-12-24,2024-10-01,2025-03-24,174,294,0,False,1,0.0,0.0,0.0,0.0,0.0,0.0,0.0,0.0,0.0,0.0,1,2,2.0,494.46,247.23,0.0,0.0,0.0,0.0,494.46,0,0,0,0,2,M,67,1.0,0.0,0.0,0,0,0,0,Asia
CUST_02559,2024-07-24,2024-12-24,2024-11-21,2025-03-24,123,243,0,False,1,0.0,0.0,0.0,0.0,0.0,0.0,0.0,0.0,0.0,0.0,1,4,4.0,1110.81,277.7025,0.0,0.0,0.0,0.0,1110.81,0,0,0,0,4,F,55,0.0,1.0,0.0,0,0,0,0,Europe
CUST_02561,2024-08-17,2024-12-24,2024-12-15,2025-03-24,99,219,0,False,0,0.0,0.0,0.0,0.0,0.0,0.0,0.0,0.0,0.0,0.0,1,1,1.0,1952.0,1952.0,0.0,0.0,1952.0,0.0,0.0,0,0,1,0,0,F,68,1.0,0.0,0.0,0,0,0,0,Asia
CUST_02565,2024-06-11,2024-12-24,2024-10-09,2025-03-24,166,286,0,False,1,0.0,0.0,0.0,0.0,0.0,0.0,0.0,0.0,0.0,0.0,1,3,3.0,1328.64,442.88000000000005,1328.64,0.0,0.0,0.0,0.0,3,0,0,0,0,M,48,0.0,1.0,0.0,0,0,0,0,Europe
CUST_02570,2024-06-19,2024-12-24,2024-10-17,2025-03-24,158,278,0,False,1,0.0,0.0,0.0,0.0,0.0,0.0,0.0,0.0,0.0,0.0,3,9,3.0,2656.3900000000003,436.1437777777778,0.0,778.96,0.0,722.54,1154.89,0,1,0,5,3,F,64,0.0,1.0,0.0,0,0,0,0,Europe
CUST_02571,2024-06-20,2024-12-24,2024-10-18,2025-03-24,157,277,0,False,1,0.0,0.0,0.0,0.0,0.0,0.0,0.0,0.0,0.0,0.0,1,2,2.0,1539.91,769.955,0.0,0.0,0.0,1539.91,0.0,0,0,0,2,0,M,71,0.0,1.0,0.0,0,0,0,0,Europe
CUST_02574,2024-08-18,2024-12-24,2024-12-16,2025-03-24,98,218,0,False,1,0.0,0.0,0.0,0.0,0.0,0.0,0.0,0.0,0.0,0.0,2,2,1.0,1428.02,714.01,419.4,1008.62,0.0,0.0,0.0,1,1,0,0,0,F,39,1.0,0.0,0.0,0,0,0,0,Asia
CUST_02580,2024-06-02,2024-12-24,2024-09-30,2025-03-24,175,295,0,False,1,0.0,0.0,0.0,0.0,0.0,0.0,0.0,0.0,0.0,0.0,1,3,3.0,1170.44,390.1466666666667,1170.44,0.0,0.0,0.0,0.0,3,0,0,0,0,M,28,0.0,0.0,1.0,0,0,0,0,North America
CUST_02583,2024-08-24,2024-12-24,2024-12-22,2025-03-24,92,212,0,False,1,0.0,0.0,0.0,0.0,0.0,0.0,0.0,0.0,0.0,0.0,2,3,1.5,2469.4700000000003,826.8,1631.74,0.0,0.0,0.0,837.73,2,0,0,0,1,F,30,1.0,0.0,0.0,0,0,0,0,Asia
CUST_02585,2024-08-24,2024-12-24,2024-12-22,2025-03-24,92,212,0,False,1,0.0,0.0,0.0,0.0,0.0,0.0,0.0,0.0,0.0,0.0,1,3,3.0,1455.48,485.16,1455.48,0.0,0.0,0.0,0.0,3,0,0,0,0,M,32,0.0,1.0,0.0,0,0,0,0,Europe
CUST_02586,2024-07-16,2024-12-24,2024-11-13,2025-03-24,131,251,0,False,1,0.0,0.0,0.0,0.0,0.0,0.0,0.0,0.0,0.0,0.0,1,2,2.0,1201.25,600.625,0.0,1201.25,0.0,0.0,0.0,0,2,0,0,0,F,33,0.0,1.0,0.0,0,0,0,0,Europe
CUST_02589,2024-06-13,2024-12-24,2024-10-11,2025-03-24,164,284,0,False,1,0.0,0.0,0.0,0.0,0.0,0.0,0.0,0.0,0.0,0.0,1,2,2.0,669.95,334.975,0.0,0.0,669.95,0.0,0.0,0,0,2,0,0,M,53,1.0,0.0,0.0,0,0,0,0,Asia
CUST_02591,2024-08-08,2024-12-24,2024-12-06,2025-03-24,108,228,0,False,0,0.0,0.0,0.0,0.0,0.0,0.0,0.0,0.0,0.0,0.0,1,1,1.0,180.46,180.46,0.0,0.0,0.0,180.46,0.0,0,0,0,1,0,M,21,1.0,0.0,0.0,0,0,0,0,Asia
CUST_02597,2024-07-23,2024-12-24,2024-11-20,2025-03-24,124,244,0,False,1,0.0,0.0,0.0,0.0,0.0,0.0,0.0,0.0,0.0,0.0,2,6,3.0,2754.73,459.12166666666667,0.0,0.0,0.0,1042.89,1711.84,0,0,0,3,3,F,40,0.0,0.0,1.0,0,0,0,0,North America
CUST_02600,2024-06-09,2024-12-24,2024-10-07,2025-03-24,168,288,0,False,1,0.0,0.0,0.0,0.0,0.0,0.0,0.0,0.0,0.0,0.0,1,1,1.0,273.37,273.37,0.0,0.0,273.37,0.0,0.0,0,0,1,0,0,F,61,1.0,0.0,0.0,0,0,0,0,Asia
CUST_02604,2024-07-22,2024-12-24,2024-11-19,2025-03-24,125,245,0,False,1,0.0,0.0,0.0,0.0,0.0,0.0,0.0,0.0,0.0,0.0,1,3,3.0,1977.3,659.1,0.0,1977.3,0.0,0.0,0.0,0,3,0,0,0,M,54,0.0,1.0,0.0,0,0,0,0,Europe
CUST_02606,2024-08-02,2024-12-24,2024-11-30,2025-03-24,114,234,0,False,1,0.0,0.0,0.0,0.0,0.0,0.0,0.0,0.0,0.0,0.0,1,3,3.0,1171.49,390.49666666666667,1171.49,0.0,0.0,0.0,0.0,3,0,0,0,0,F,42,0.0,1.0,0.0,0,0,0,0,Europe
CUST_02612,2024-08-17,2024-12-24,2024-12-15,2025-03-24,99,219,0,False,1,0.0,0.0,0.0,0.0,0.0,0.0,0.0,0.0,0.0,0.0,1,2,2.0,554.15,277.075,0.0,0.0,0.0,0.0,554.15,0,0,0,0,2,M,30,0.0,1.0,0.0,0,0,0,0,Europe
CUST_02615,2024-08-14,2024-12-24,2024-12-12,2025-03-24,102,222,0,False,1,0.0,0.0,0.0,0.0,0.0,0.0,0.0,0.0,0.0,0.0,1,1,1.0,748.94,748.94,748.94,0.0,0.0,0.0,0.0,1,0,0,0,0,F,29,1.0,0.0,0.0,0,0,0,0,Asia
CUST_02616,2024-08-16,2024-12-24,2024-12-14,2025-03-24,100,220,0,False,1,0.0,0.0,0.0,0.0,0.0,0.0,0.0,0.0,0.0,0.0,3,4,1.3333333333333333,3130.4,1024.5433333333333,0.0,0.0,1659.37,0.0,1471.03,0,0,3,0,1,F,48,0.0,1.0,0.0,0,0,0,0,Europe
CUST_02618,2024-08-17,2024-12-24,2024-12-15,2025-03-24,99,219,0,False,1,0.0,0.0,0.0,0.0,0.0,0.0,0.0,0.0,0.0,0.0,3,7,2.3333333333333335,3285.2799999999997,456.57,2356.6,0.0,0.0,0.0,928.68,5,0,0,0,2,F,68,1.0,0.0,0.0,0,0,0,0,Asia
CUST_02627,2024-07-20,2024-12-24,2024-11-17,2025-03-24,127,247,0,False,1,0.0,0.0,0.0,0.0,0.0,0.0,0.0,0.0,0.0,0.0,1,2,2.0,641.87,320.935,0.0,0.0,0.0,0.0,641.87,0,0,0,0,2,F,72,0.0,1.0,0.0,0,0,0,0,Europe
CUST_02632,2024-08-03,2024-12-24,2024-12-01,2025-03-24,113,233,0,False,1,0.0,0.0,0.0,0.0,0.0,0.0,0.0,0.0,0.0,0.0,1,3,3.0,1039.35,346.45,0.0,0.0,1039.35,0.0,0.0,0,0,3,0,0,F,69,0.0,1.0,0.0,0,0,0,0,Europe
CUST_02635,2024-07-22,2024-12-24,2024-11-19,2025-03-24,125,245,0,False,0,0.0,0.0,0.0,0.0,0.0,0.0,0.0,0.0,0.0,0.0,1,1,1.0,633.54,633.54,0.0,633.54,0.0,0.0,0.0,0,1,0,0,0,M,66,0.0,1.0,0.0,0,0,0,0,Europe
CUST_02639,2024-07-07,2024-12-24,2024-11-04,2025-03-24,140,260,0,False,1,0.0,0.0,0.0,0.0,0.0,0.0,0.0,0.0,0.0,0.0,1,1,1.0,302.08,302.08,0.0,0.0,0.0,0.0,302.08,0,0,0,0,1,F,69,0.0,1.0,0.0,0,0,0,0,Europe
CUST_02645,2024-08-14,2024-12-24,2024-12-12,2025-03-24,102,222,0,False,1,0.0,0.0,0.0,0.0,0.0,0.0,0.0,0.0,0.0,0.0,1,1,1.0,889.82,889.82,0.0,889.82,0.0,0.0,0.0,0,1,0,0,0,Other,72,0.0,1.0,0.0,0,0,0,0,Europe
CUST_02648,2024-08-22,2024-12-24,2024-12-20,2025-03-24,94,214,0,False,1,0.0,0.0,0.0,0.0,0.0,0.0,0.0,0.0,0.0,0.0,1,2,2.0,495.7,247.85,0.0,0.0,0.0,495.7,0.0,0,0,0,2,0,M,22,0.0,0.0,1.0,0,0,0,0,North America
CUST_02655,2024-06-17,2024-12-24,2024-10-15,2024-12-26,72,192,1,True,1,0.0,0.0,0.0,1.0,1.0,0.0,0.0,0.0,0.0,0.0,2,3,1.5,3602.49,1354.3925,0.0,1815.08,1787.41,0.0,0.0,0,1,2,0,0,M,21,0.0,0.0,1.0,0,0,0,0,North America
CUST_02664,2024-06-15,2024-12-24,2024-10-13,2025-03-24,162,282,0,False,0,0.0,0.0,0.0,0.0,0.0,0.0,0.0,0.0,0.0,0.0,1,2,2.0,1016.41,508.205,0.0,1016.41,0.0,0.0,0.0,0,2,0,0,0,M,61,0.0,1.0,0.0,0,0,0,0,Europe
CUST_02673,2024-07-06,2024-12-24,2024-11-03,2025-03-24,141,261,0,False,1,0.0,0.0,0.0,0.0,0.0,0.0,0.0,0.0,0.0,0.0,1,1,1.0,880.49,880.49,0.0,0.0,0.0,0.0,880.49,0,0,0,0,1,F,49,1.0,0.0,0.0,0,0,0,0,Asia
CUST_02675,2024-08-14,2024-12-24,2024-12-12,2025-03-24,102,222,0,False,0,0.0,0.0,0.0,0.0,0.0,0.0,0.0,0.0,0.0,0.0,2,2,1.0,1759.81,879.905,1198.28,561.53,0.0,0.0,0.0,1,1,0,0,0,M,72,0.0,1.0,0.0,0,0,0,0,Europe
CUST_02681,2024-06-23,2024-12-24,2024-10-21,2024-12-27,67,187,1,True,0,0.0,0.0,0.0,0.0,0.0,0.0,0.0,0.0,0.0,0.0,2,3,1.5,2933.92,1137.5375,0.0,0.0,2933.92,0.0,0.0,0,0,3,0,0,M,66,1.0,0.0,0.0,0,0,0,0,Asia
CUST_02682,2024-07-23,2024-12-24,2024-11-20,2025-03-24,124,244,0,False,1,0.0,0.0,0.0,0.0,0.0,0.0,0.0,0.0,0.0,0.0,2,4,2.0,3032.76,758.19,1554.67,1478.09,0.0,0.0,0.0,2,2,0,0,0,F,51,0.0,1.0,0.0,0,0,0,0,Europe
CUST_02690,2024-06-20,2024-12-24,2024-10-18,2025-03-24,157,277,0,False,1,0.0,0.0,0.0,0.0,0.0,0.0,0.0,0.0,0.0,0.0,1,2,2.0,395.99,197.995,395.99,0.0,0.0,0.0,0.0,2,0,0,0,0,F,71,1.0,0.0,0.0,0,0,0,0,Asia
CUST_02692,2024-07-04,2024-12-24,2024-11-01,2025-03-24,143,263,0,False,1,0.0,0.0,0.0,0.0,0.0,0.0,0.0,0.0,0.0,0.0,1,1,1.0,689.65,689.65,0.0,689.65,0.0,0.0,0.0,0,1,0,0,0,M,27,0.0,1.0,0.0,0,0,0,0,Europe
CUST_02699,2024-07-14,2024-12-24,2024-11-11,2025-03-24,133,253,0,False,1,0.0,0.0,0.0,0.0,0.0,0.0,0.0,0.0,0.0,0.0,2,3,1.5,2516.59,1065.7125,770.33,0.0,1746.26,0.0,0.0,2,0,1,0,0,M,59,1.0,0.0,0.0,0,0,0,0,Asia
CUST_02724,2024-07-12,2024-12-24,2024-11-09,2025-03-24,135,255,0,False,1,0.0,0.0,0.0,0.0,0.0,0.0,0.0,0.0,0.0,0.0,1,2,2.0,530.32,265.16,0.0,0.0,0.0,530.32,0.0,0,0,0,2,0,M,27,0.0,1.0,0.0,0,0,0,0,Europe
CUST_02740,2024-06-17,2024-12-24,2024-10-15,2025-03-24,160,280,0,False,1,0.0,0.0,0.0,0.0,0.0,0.0,0.0,0.0,0.0,0.0,1,1,1.0,220.5,220.5,0.0,220.5,0.0,0.0,0.0,0,1,0,0,0,M,39,0.0,1.0,0.0,0,0,0,0,Europe
CUST_02741,2024-06-24,2024-12-24,2024-10-22,2025-03-24,153,273,0,False,1,0.0,0.0,0.0,0.0,0.0,0.0,0.0,0.0,0.0,0.0,3,11,3.6666666666666665,2819.85,248.215,0.0,1779.91,476.19,0.0,563.75,0,4,3,0,4,M,43,0.0,0.0,1.0,0,0,0,0,North America
CUST_02758,2024-08-15,2024-12-24,2024-12-13,2025-03-24,101,221,0,False,1,0.0,0.0,0.0,0.0,0.0,0.0,0.0,0.0,0.0,0.0,3,5,1.6666666666666667,2288.39,613.0583333333333,1389.96,0.0,315.4,0.0,583.03,1,0,2,0,2,M,55,0.0,1.0,0.0,0,0,0,0,Europe
CUST_02759,2024-06-28,2024-12-24,2024-10-26,2025-03-24,149,269,0,False,1,0.0,0.0,0.0,0.0,0.0,0.0,0.0,0.0,0.0,0.0,1,2,2.0,477.46,238.73,0.0,0.0,0.0,477.46,0.0,0,0,0,2,0,M,68,0.0,0.0,1.0,0,0,0,0,North America
CUST_02766,2024-08-24,2024-12-24,2024-12-22,2025-03-24,92,212,0,False,1,0.0,0.0,0.0,0.0,0.0,0.0,0.0,0.0,0.0,0.0,2,5,2.5,3474.2200000000003,734.7375,0.0,1605.81,1868.41,0.0,0.0,0,3,2,0,0,M,73,0.0,1.0,0.0,0,0,0,0,Europe
CUST_02770,2024-06-25,2024-12-24,2024-10-23,2025-03-24,152,272,0,False,1,0.0,0.0,0.0,0.0,0.0,0.0,0.0,0.0,0.0,0.0,1,1,1.0,1251.72,1251.72,1251.72,0.0,0.0,0.0,0.0,1,0,0,0,0,F,53,0.0,1.0,0.0,0,0,0,0,Europe
CUST_02781,2024-08-13,2024-12-24,2024-12-11,2025-03-24,103,223,0,False,1,0.0,0.0,0.0,0.0,0.0,0.0,0.0,0.0,0.0,0.0,1,2,2.0,1696.44,848.22,0.0,0.0,1696.44,0.0,0.0,0,0,2,0,0,F,54,0.0,1.0,0.0,0,0,0,0,Europe
CUST_02787,2024-08-10,2024-12-24,2024-12-08,2025-03-24,106,226,0,False,1,0.0,0.0,0.0,0.0,0.0,0.0,0.0,0.0,0.0,0.0,3,5,1.6666666666666667,2459.6,591.3000000000001,1088.2,0.0,0.0,576.67,794.73,1,0,0,2,2,M,45,1.0,0.0,0.0,0,0,0,0,Asia
CUST_02788,2024-07-04,2024-12-24,2024-11-01,2025-03-24,143,263,0,False,1,0.0,0.0,0.0,0.0,0.0,0.0,0.0,0.0,0.0,0.0,1,5,5.0,1535.97,307.194,0.0,0.0,0.0,1535.97,0.0,0,0,0,5,0,F,29,1.0,0.0,0.0,0,0,0,0,Asia
CUST_02790,2024-07-08,2024-12-24,2024-11-05,2025-03-24,139,259,0,False,1,0.0,0.0,0.0,0.0,0.0,0.0,0.0,0.0,0.0,0.0,1,4,4.0,1722.63,430.6575,0.0,1722.63,0.0,0.0,0.0,0,4,0,0,0,M,60,1.0,0.0,0.0,0,0,0,0,Asia
CUST_02797,2024-08-03,2024-12-24,2024-12-01,2025-03-24,113,233,0,False,1,0.0,0.0,0.0,0.0,0.0,0.0,0.0,0.0,0.0,0.0,2,3,1.5,1047.67,464.6675,0.0,236.67,811.0,0.0,0.0,0,2,1,0,0,F,60,0.0,1.0,0.0,0,0,0,0,Europe
CUST_02801,2024-07-24,2024-12-24,2024-11-21,2025-03-24,123,243,0,False,1,0.0,0.0,0.0,0.0,0.0,0.0,0.0,0.0,0.0,0.0,1,1,1.0,1004.43,1004.43,0.0,1004.43,0.0,0.0,0.0,0,1,0,0,0,F,73,0.0,1.0,0.0,0,0,0,0,Europe
CUST_02803,2024-08-16,2024-12-24,2024-12-14,2025-03-24,100,220,0,False,1,0.0,0.0,0.0,0.0,0.0,0.0,0.0,0.0,0.0,0.0,3,6,2.0,4151.92,1237.1458333333333,1884.69,0.0,1679.92,0.0,587.31,1,0,1,0,4,F,46,0.0,1.0,0.0,0,0,0,0,Europe
CUST_02824,2024-06-30,2024-12-24,2024-10-28,2025-03-24,147,267,0,False,1,0.0,0.0,0.0,0.0,0.0,0.0,0.0,0.0,0.0,0.0,1,1,1.0,1392.38,1392.38,0.0,1392.38,0.0,0.0,0.0,0,1,0,0,0,F,43,1.0,0.0,0.0,0,0,0,0,Asia
CUST_02829,2024-07-31,2024-12-24,2024-11-28,2025-03-24,116,236,0,False,0,0.0,0.0,0.0,0.0,0.0,0.0,0.0,0.0,0.0,0.0,3,6,2.0,3313.27,844.6883333333334,3039.91,0.0,273.36,0.0,0.0,3,0,3,0,0,M,24,0.0,1.0,0.0,0,0,0,0,Europe
CUST_02832,2024-07-03,2024-12-24,2024-10-31,2025-03-24,144,264,0,False,1,0.0,0.0,0.0,0.0,0.0,0.0,0.0,0.0,0.0,0.0,1,1,1.0,446.0,446.0,0.0,0.0,0.0,0.0,446.0,0,0,0,0,1,F,40,0.0,0.0,1.0,0,0,0,0,North America
CUST_02835,2024-08-08,2024-12-24,2024-12-06,2025-03-24,108,228,0,False,1,0.0,0.0,0.0,0.0,0.0,0.0,0.0,0.0,0.0,0.0,1,1,1.0,959.46,959.46,0.0,0.0,0.0,0.0,959.46,0,0,0,0,1,F,26,0.0,0.0,1.0,0,0,0,0,North America
CUST_02836,2024-07-03,2024-12-24,2024-10-31,2025-03-24,144,264,0,False,1,0.0,0.0,0.0,0.0,0.0,0.0,0.0,0.0,0.0,0.0,1,2,2.0,1565.62,782.81,0.0,0.0,1565.62,0.0,0.0,0,0,2,0,0,F,31,0.0,1.0,0.0,0,0,0,0,Europe
CUST_02843,2024-07-04,2024-12-24,2024-11-01,2025-03-24,143,263,0,False,1,0.0,0.0,0.0,0.0,0.0,0.0,0.0,0.0,0.0,0.0,2,2,1.0,2841.45,1420.725,0.0,0.0,0.0,1895.81,945.64,0,0,0,1,1,F,75,0.0,1.0,0.0,0,0,0,0,Europe
CUST_02849,2024-07-03,2024-12-24,2024-10-31,2025-03-24,144,264,0,False,1,0.0,0.0,0.0,0.0,0.0,0.0,0.0,0.0,0.0,0.0,1,1,1.0,991.62,991.62,0.0,0.0,0.0,991.62,0.0,0,0,0,1,0,F,72,0.0,1.0,0.0,0,0,0,0,Europe
CUST_02850,2024-07-18,2024-12-24,2024-11-15,2025-03-24,129,249,0,False,1,0.0,0.0,0.0,0.0,0.0,0.0,0.0,0.0,0.0,0.0,1,1,1.0,379.03,379.03,0.0,379.03,0.0,0.0,0.0,0,1,0,0,0,F,58,0.0,1.0,0.0,0,0,0,0,Europe
CUST_02858,2024-06-29,2024-12-24,2024-10-27,2025-03-24,148,268,0,False,1,0.0,0.0,0.0,0.0,0.0,0.0,0.0,0.0,0.0,0.0,1,2,2.0,1953.85,976.925,0.0,0.0,0.0,0.0,1953.85,0,0,0,0,2,F,39,1.0,0.0,0.0,0,0,0,0,Asia
CUST_02861,2024-08-06,2024-12-24,2024-12-04,2025-03-24,110,230,0,False,1,0.0,0.0,0.0,0.0,0.0,0.0,0.0,0.0,0.0,0.0,2,2,1.0,281.21000000000004,140.60500000000002,0.0,0.0,144.1,0.0,137.11,0,0,1,0,1,F,64,0.0,1.0,0.0,0,0,0,0,Europe
CUST_02864,2024-08-18,2024-12-24,2024-12-16,2025-03-24,98,218,0,False,0,0.0,0.0,0.0,0.0,0.0,0.0,0.0,0.0,0.0,0.0,1,1,1.0,1479.41,1479.41,1479.41,0.0,0.0,0.0,0.0,1,0,0,0,0,F,34,1.0,0.0,0.0,0,0,0,0,Asia
CUST_02867,2024-08-11,2024-12-24,2024-12-09,2024-12-28,19,139,1,True,1,1.0,0.0,0.0,0.0,1.0,0.0,0.0,0.0,0.0,0.0,3,5,1.6666666666666667,2238.32,428.8833333333334,334.98,0.0,604.61,0.0,1298.73,1,0,2,0,2,M,31,0.0,1.0,0.0,0,0,0,0,Europe
CUST_02874,2024-07-23,2024-12-24,2024-11-20,2025-03-24,124,244,0,False,1,0.0,0.0,0.0,0.0,0.0,0.0,0.0,0.0,0.0,0.0,4,8,2.0,4637.52,822.58,0.0,0.0,2913.91,0.0,1723.61,0,0,5,0,3,F,70,1.0,0.0,0.0,0,0,0,0,Asia
CUST_02882,2024-06-20,2024-12-24,2024-10-18,2025-03-24,157,277,0,False,1,0.0,0.0,0.0,0.0,0.0,0.0,0.0,0.0,0.0,0.0,1,1,1.0,1077.86,1077.86,0.0,0.0,0.0,0.0,1077.86,0,0,0,0,1,M,55,1.0,0.0,0.0,0,0,0,0,Asia
CUST_02883,2024-06-25,2024-12-24,2024-10-23,2025-03-24,152,272,0,False,1,0.0,0.0,0.0,0.0,0.0,0.0,0.0,0.0,0.0,0.0,1,2,2.0,366.07,183.035,366.07,0.0,0.0,0.0,0.0,2,0,0,0,0,M,41,0.0,1.0,0.0,0,0,0,0,Europe
CUST_02885,2024-07-06,2024-12-24,2024-11-03,2025-03-24,141,261,0,False,0,0.0,0.0,0.0,0.0,0.0,0.0,0.0,0.0,0.0,0.0,1,1,1.0,1535.78,1535.78,0.0,0.0,1535.78,0.0,0.0,0,0,1,0,0,M,49,0.0,1.0,0.0,0,0,0,0,Europe
CUST_02887,2024-07-07,2024-12-24,2024-11-04,2025-03-24,140,260,0,False,1,0.0,0.0,0.0,0.0,0.0,0.0,0.0,0.0,0.0,0.0,2,6,3.0,1319.24,215.57625000000002,913.87,0.0,0.0,405.37,0.0,4,0,0,2,0,M,41,1.0,0.0,0.0,0,0,0,0,Asia
CUST_02888,2024-06-18,2024-12-24,2024-10-16,2025-03-24,159,279,0,False,1,0.0,0.0,0.0,0.0,0.0,0.0,0.0,0.0,0.0,0.0,1,2,2.0,1513.75,756.875,0.0,0.0,0.0,0.0,1513.75,0,0,0,0,2,F,58,0.0,1.0,0.0,0,0,0,0,Europe
CUST_02892,2024-08-13,2024-12-24,2024-12-11,2025-03-24,103,223,0,False,1,0.0,0.0,0.0,0.0,0.0,0.0,0.0,0.0,0.0,0.0,1,3,3.0,1808.0,602.6666666666666,0.0,0.0,1808.0,0.0,0.0,0,0,3,0,0,F,66,0.0,1.0,0.0,0,0,0,0,Europe
CUST_02894,2024-06-13,2024-12-24,2024-10-11,2025-03-24,164,284,0,False,0,0.0,0.0,0.0,0.0,0.0,0.0,0.0,0.0,0.0,0.0,1,2,2.0,1089.08,544.54,0.0,0.0,0.0,1089.08,0.0,0,0,0,2,0,F,74,0.0,0.0,1.0,0,0,0,0,North America
CUST_02904,2024-07-02,2024-12-24,2024-10-30,2025-03-24,145,265,0,False,1,0.0,0.0,0.0,0.0,0.0,0.0,0.0,0.0,0.0,0.0,1,3,3.0,1645.04,548.3466666666667,0.0,0.0,0.0,1645.04,0.0,0,0,0,3,0,F,22,0.0,1.0,0.0,0,0,0,0,Europe
CUST_02922,2024-07-10,2024-12-24,2024-11-07,2025-03-24,137,257,0,False,1,0.0,0.0,0.0,0.0,0.0,0.0,0.0,0.0,0.0,0.0,3,7,2.3333333333333335,4237.33,943.3316666666666,0.0,0.0,3336.1099999999997,0.0,901.22,0,0,3,0,4,M,31,1.0,0.0,0.0,0,0,0,0,Asia
CUST_02934,2024-06-01,2024-12-24,2024-09-29,2025-03-24,176,296,0,False,1,0.0,0.0,0.0,0.0,0.0,0.0,0.0,0.0,0.0,0.0,1,2,2.0,784.29,392.145,0.0,0.0,0.0,0.0,784.29,0,0,0,0,2,F,44,0.0,0.0,1.0,0,0,0,0,North America
CUST_02941,2024-07-29,2024-12-24,2024-11-26,2025-03-24,118,238,0,False,1,0.0,0.0,0.0,0.0,0.0,0.0,0.0,0.0,0.0,0.0,1,3,3.0,1576.55,525.5166666666667,0.0,1576.55,0.0,0.0,0.0,0,3,0,0,0,M,25,1.0,0.0,0.0,0,0,0,0,Asia
CUST_02947,2024-08-14,2024-12-24,2024-12-12,2025-03-24,102,222,0,False,1,0.0,0.0,0.0,0.0,0.0,0.0,0.0,0.0,0.0,0.0,1,2,2.0,1469.96,734.98,0.0,0.0,0.0,1469.96,0.0,0,0,0,2,0,F,74,1.0,0.0,0.0,0,0,0,0,Asia
CUST_02950,2024-08-20,2024-12-24,2024-12-18,2025-03-24,96,216,0,False,1,0.0,0.0,0.0,0.0,0.0,0.0,0.0,0.0,0.0,0.0,1,3,3.0,1248.67,416.22333333333336,0.0,0.0,0.0,1248.67,0.0,0,0,0,3,0,M,45,0.0,1.0,0.0,0,0,0,0,Europe
CUST_02964,2024-08-23,2024-12-24,2024-12-21,2025-03-24,93,213,0,False,1,0.0,0.0,0.0,0.0,0.0,0.0,0.0,0.0,0.0,0.0,1,2,2.0,1679.0,839.5,0.0,0.0,0.0,1679.0,0.0,0,0,0,2,0,M,60,1.0,0.0,0.0,0,0,0,0,Asia
CUST_02966,2024-08-22,2024-12-24,2024-12-20,2025-03-24,94,214,0,False,1,0.0,0.0,0.0,0.0,0.0,0.0,0.0,0.0,0.0,0.0,2,5,2.5,3360.9,701.6016666666667,1697.42,1663.48,0.0,0.0,0.0,2,3,0,0,0,F,72,0.0,1.0,0.0,0,0,0,0,Europe
CUST_02979,2024-06-08,2024-12-24,2024-10-06,2025-03-24,169,289,0,False,1,0.0,0.0,0.0,0.0,0.0,0.0,0.0,0.0,0.0,0.0,2,4,2.0,2384.9300000000003,719.4216666666666,0.0,965.8,1419.13,0.0,0.0,0,1,3,0,0,F,26,1.0,0.0,0.0,0,0,0,0,Asia
CUST_02983,2024-07-27,2024-12-24,2024-11-24,2025-03-24,120,240,0,False,1,0.0,0.0,0.0,0.0,0.0,0.0,0.0,0.0,0.0,0.0,2,3,1.5,3530.24,1334.745,0.0,1808.74,0.0,1721.5,0.0,0,1,0,2,0,M,69,0.0,1.0,0.0,0,0,0,0,Europe
CUST_02986,2024-07-15,2024-12-24,2024-11-12,2025-03-24,132,252,0,False,1,0.0,0.0,0.0,0.0,0.0,0.0,0.0,0.0,0.0,0.0,1,2,2.0,893.3,446.65,0.0,893.3,0.0,0.0,0.0,0,2,0,0,0,F,54,0.0,1.0,0.0,0,0,0,0,Europe
CUST_02993,2024-08-11,2024-12-24,2024-12-09,2024-12-26,17,137,1,True,1,0.0,0.0,1.0,0.0,1.0,0.0,0.0,0.0,0.0,0.0,2,2,1.0,1001.3900000000001,500.69500000000005,0.0,0.0,1001.3900000000001,0.0,0.0,0,0,2,0,0,F,74,0.0,1.0,0.0,0,0,0,0,Europe
CUST_02996,2024-06-19,2024-12-24,2024-10-17,2025-03-24,158,278,0,False,1,0.0,0.0,0.0,0.0,0.0,0.0,0.0,0.0,0.0,0.0,1,2,2.0,1180.45,590.225,0.0,0.0,0.0,1180.45,0.0,0,0,0,2,0,F,22,0.0,1.0,0.0,0,0,0,0,Europe
CUST_03013,2024-08-08,2024-12-24,2024-12-06,2025-03-24,108,228,0,False,1,0.0,0.0,0.0,0.0,0.0,0.0,0.0,0.0,0.0,0.0,3,4,1.3333333333333333,2597.91,616.995,957.9,0.0,0.0,146.16,1493.85,1,0,0,1,2,F,39,0.0,1.0,0.0,0,0,0,0,Europe
CUST_03019,2024-07-05,2024-12-24,2024-11-02,2025-03-24,142,262,0,False,1,0.0,0.0,0.0,0.0,0.0,0.0,0.0,0.0,0.0,0.0,2,4,2.0,2390.8,1054.8500000000001,0.0,0.0,421.65,1969.15,0.0,0,0,3,1,0,F,27,1.0,0.0,0.0,0,0,0,0,Asia
CUST_03022,2024-08-23,2024-12-24,2024-12-21,2025-03-24,93,213,0,False,1,0.0,0.0,0.0,0.0,0.0,0.0,0.0,0.0,0.0,0.0,2,4,2.0,3416.8500000000004,1089.3816666666667,0.0,0.0,0.0,3416.8500000000004,0.0,0,0,0,4,0,F,24,0.0,1.0,0.0,0,0,0,0,Europe
CUST_03030,2024-07-29,2024-12-24,2024-11-26,2025-03-24,118,238,0,False,1,0.0,0.0,0.0,0.0,0.0,0.0,0.0,0.0,0.0,0.0,1,1,1.0,737.7,737.7,0.0,737.7,0.0,0.0,0.0,0,1,0,0,0,M,58,0.0,0.0,1.0,0,0,0,0,North America
CUST_03043,2024-07-23,2024-12-24,2024-11-20,2025-03-24,124,244,0,False,1,0.0,0.0,0.0,0.0,0.0,0.0,0.0,0.0,0.0,0.0,2,5,2.5,2813.83,989.915,0.0,0.0,1701.83,0.0,1112.0,0,0,1,0,4,M,35,0.0,1.0,0.0,0,0,0,0,Europe
CUST_03045,2024-06-25,2024-12-24,2024-10-23,2025-03-24,152,272,0,False,1,0.0,0.0,0.0,0.0,0.0,0.0,0.0,0.0,0.0,0.0,1,1,1.0,995.54,995.54,0.0,0.0,0.0,995.54,0.0,0,0,0,1,0,M,67,0.0,0.0,1.0,0,0,0,0,North America
CUST_03046,2024-07-09,2024-12-24,2024-11-06,2025-03-24,138,258,0,False,1,0.0,0.0,0.0,0.0,0.0,0.0,0.0,0.0,0.0,0.0,1,2,2.0,1841.06,920.53,0.0,0.0,1841.06,0.0,0.0,0,0,2,0,0,Other,35,1.0,0.0,0.0,0,0,0,0,Asia
CUST_03052,2024-08-11,2024-12-24,2024-12-09,2025-03-24,105,225,0,False,1,0.0,0.0,0.0,0.0,0.0,0.0,0.0,0.0,0.0,0.0,2,4,2.0,3101.46,775.365,0.0,0.0,1311.19,0.0,1790.27,0,0,2,0,2,F,66,1.0,0.0,0.0,0,0,0,0,Asia
CUST_03067,2024-07-24,2024-12-24,2024-11-21,2025-03-24,123,243,0,False,0,0.0,0.0,0.0,0.0,0.0,0.0,0.0,0.0,0.0,0.0,2,2,1.0,2320.36,1160.18,0.0,0.0,0.0,2320.36,0.0,0,0,0,2,0,Other,52,0.0,0.0,1.0,0,0,0,0,North America
CUST_03074,2024-08-17,2024-12-24,2024-12-15,2025-03-24,99,219,0,False,1,0.0,0.0,0.0,0.0,0.0,0.0,0.0,0.0,0.0,0.0,3,10,3.3333333333333335,3847.23,372.29138888888883,0.0,1986.43,0.0,1655.58,205.22,0,4,0,3,3,F,53,0.0,1.0,0.0,0,0,0,0,Europe
CUST_03076,2024-08-20,2024-12-24,2024-12-18,2025-03-24,96,216,0,False,1,0.0,0.0,0.0,0.0,0.0,0.0,0.0,0.0,0.0,0.0,1,1,1.0,1538.11,1538.11,0.0,0.0,0.0,1538.11,0.0,0,0,0,1,0,M,68,1.0,0.0,0.0,0,0,0,0,Asia
CUST_03078,2024-07-26,2024-12-24,2024-11-23,2025-03-24,121,241,0,False,1,0.0,0.0,0.0,0.0,0.0,0.0,0.0,0.0,0.0,0.0,1,3,3.0,543.82,181.27333333333334,0.0,0.0,0.0,543.82,0.0,0,0,0,3,0,M,68,0.0,1.0,0.0,0,0,0,0,Europe
CUST_03079,2024-08-04,2024-12-24,2024-12-02,2025-03-24,112,232,0,False,1,0.0,0.0,0.0,0.0,0.0,0.0,0.0,0.0,0.0,0.0,1,2,2.0,1625.32,812.66,0.0,0.0,0.0,0.0,1625.32,0,0,0,0,2,M,53,0.0,1.0,0.0,0,0,0,0,Europe
CUST_03080,2024-06-19,2024-12-24,2024-10-17,2025-03-24,158,278,0,False,1,0.0,0.0,0.0,0.0,0.0,0.0,0.0,0.0,0.0,0.0,2,3,1.5,2981.58,1206.0175,0.0,0.0,0.0,1139.09,1842.49,0,0,0,2,1,M,33,0.0,1.0,0.0,0,0,0,0,Europe
CUST_03082,2024-07-28,2024-12-24,2024-11-25,2025-03-24,119,239,0,False,1,0.0,0.0,0.0,0.0,0.0,0.0,0.0,0.0,0.0,0.0,2,2,1.0,2191.1800000000003,1095.5900000000001,2191.1800000000003,0.0,0.0,0.0,0.0,2,0,0,0,0,M,31,0.0,1.0,0.0,0,0,0,0,Europe
CUST_03088,2024-07-13,2024-12-24,2024-11-10,2025-03-24,134,254,0,False,1,0.0,0.0,0.0,0.0,0.0,0.0,0.0,0.0,0.0,0.0,1,1,1.0,220.43,220.43,0.0,0.0,0.0,220.43,0.0,0,0,0,1,0,F,71,0.0,1.0,0.0,0,0,0,0,Europe
CUST_03091,2024-06-25,2024-12-24,2024-10-23,2025-03-24,152,272,0,False,1,0.0,0.0,0.0,0.0,0.0,0.0,0.0,0.0,0.0,0.0,1,2,2.0,1326.77,663.385,1326.77,0.0,0.0,0.0,0.0,2,0,0,0,0,F,36,0.0,0.0,1.0,0,0,0,0,North America
CUST_03101,2024-07-08,2024-12-24,2024-11-05,2025-03-24,139,259,0,False,1,0.0,0.0,0.0,0.0,0.0,0.0,0.0,0.0,0.0,0.0,2,2,1.0,3294.2,1647.1,0.0,1538.17,1756.03,0.0,0.0,0,1,1,0,0,F,48,1.0,0.0,0.0,0,0,0,0,Asia
CUST_03109,2024-07-02,2024-12-24,2024-10-30,2025-03-24,145,265,0,False,1,0.0,0.0,0.0,0.0,0.0,0.0,0.0,0.0,0.0,0.0,1,2,2.0,1025.58,512.79,0.0,1025.58,0.0,0.0,0.0,0,2,0,0,0,F,68,0.0,1.0,0.0,0,0,0,0,Europe
CUST_03110,2024-06-10,2024-12-24,2024-10-08,2025-03-24,167,287,0,False,1,0.0,0.0,0.0,0.0,0.0,0.0,0.0,0.0,0.0,0.0,1,1,1.0,517.97,517.97,0.0,0.0,517.97,0.0,0.0,0,0,1,0,0,M,66,0.0,1.0,0.0,0,0,0,0,Europe
CUST_03116,2024-08-23,2024-12-24,2024-12-21,2025-03-24,93,213,0,False,1,0.0,0.0,0.0,0.0,0.0,0.0,0.0,0.0,0.0,0.0,2,4,2.0,2553.2799999999997,638.3199999999999,2553.2799999999997,0.0,0.0,0.0,0.0,4,0,0,0,0,M,59,1.0,0.0,0.0,0,0,0,0,Asia
CUST_03122,2024-08-22,2024-12-24,2024-12-20,2025-03-24,94,214,0,False,1,0.0,0.0,0.0,0.0,0.0,0.0,0.0,0.0,0.0,0.0,2,3,1.5,2949.31,1046.385,0.0,0.0,0.0,2949.31,0.0,0,0,0,3,0,M,74,1.0,0.0,0.0,0,0,0,0,Asia
CUST_03129,2024-07-09,2024-12-24,2024-11-06,2025-03-24,138,258,0,False,1,0.0,0.0,0.0,0.0,0.0,0.0,0.0,0.0,0.0,0.0,1,1,1.0,624.81,624.81,0.0,0.0,0.0,0.0,624.81,0,0,0,0,1,F,62,1.0,0.0,0.0,0,0,0,0,Asia
CUST_03133,2024-06-25,2024-12-24,2024-10-23,2025-03-24,152,272,0,False,1,0.0,0.0,0.0,0.0,0.0,0.0,0.0,0.0,0.0,0.0,2,7,3.5,3701.18,537.9316666666666,0.0,0.0,1806.82,0.0,1894.36,0,0,3,0,4,M,21,1.0,0.0,0.0,0,0,0,0,Asia
CUST_03134,2024-06-06,2024-12-24,2024-10-04,2024-12-28,85,205,1,True,1,0.0,0.0,0.0,0.0,0.0,0.0,0.0,0.0,0.0,0.0,2,3,1.5,1382.36,665.155,0.0,1382.36,0.0,0.0,0.0,0,3,0,0,0,M,26,0.0,0.0,1.0,0,0,0,0,North America
CUST_03141,2024-07-14,2024-12-24,2024-11-11,2025-03-24,133,253,0,False,1,0.0,0.0,0.0,0.0,0.0,0.0,0.0,0.0,0.0,0.0,2,2,1.0,1794.69,897.345,220.75,1573.94,0.0,0.0,0.0,1,1,0,0,0,Other,74,0.0,1.0,0.0,0,0,0,0,Europe
CUST_03146,2024-08-25,2024-12-24,2024-12-23,2025-03-24,91,211,0,False,1,0.0,0.0,0.0,0.0,0.0,0.0,0.0,0.0,0.0,0.0,1,1,1.0,476.17,476.17,0.0,476.17,0.0,0.0,0.0,0,1,0,0,0,M,45,0.0,1.0,0.0,0,0,0,0,Europe
CUST_03171,2024-08-08,2024-12-24,2024-12-06,2025-03-24,108,228,0,False,1,0.0,0.0,0.0,0.0,0.0,0.0,0.0,0.0,0.0,0.0,1,4,4.0,1194.11,298.5275,0.0,0.0,0.0,0.0,1194.11,0,0,0,0,4,M,25,1.0,0.0,0.0,0,0,0,0,Asia
CUST_03173,2024-08-20,2024-12-24,2024-12-18,2025-03-24,96,216,0,False,1,0.0,0.0,0.0,0.0,0.0,0.0,0.0,0.0,0.0,0.0,1,1,1.0,809.23,809.23,0.0,0.0,0.0,809.23,0.0,0,0,0,1,0,F,27,1.0,0.0,0.0,0,0,0,0,Asia
CUST_03176,2024-06-25,2024-12-24,2024-10-23,2025-03-24,152,272,0,False,1,0.0,0.0,0.0,0.0,0.0,0.0,0.0,0.0,0.0,0.0,1,1,1.0,1078.22,1078.22,1078.22,0.0,0.0,0.0,0.0,1,0,0,0,0,M,44,0.0,1.0,0.0,0,0,0,0,Europe
CUST_03191,2024-06-23,2024-12-24,2024-10-21,2025-03-24,154,274,0,False,1,0.0,0.0,0.0,0.0,0.0,0.0,0.0,0.0,0.0,0.0,2,5,2.5,1769.02,389.52000000000004,1136.2,0.0,0.0,632.82,0.0,2,0,0,3,0,M,30,1.0,0.0,0.0,0,0,0,0,Asia
CUST_03195,2024-07-25,2024-12-24,2024-11-22,2025-03-24,122,242,0,False,1,0.0,0.0,0.0,0.0,0.0,0.0,0.0,0.0,0.0,0.0,1,3,3.0,1135.08,378.35999999999996,0.0,0.0,1135.08,0.0,0.0,0,0,3,0,0,M,44,1.0,0.0,0.0,0,0,0,0,Asia
CUST_03196,2024-06-07,2024-12-24,2024-10-05,2025-03-24,170,290,0,False,0,0.0,0.0,0.0,0.0,0.0,0.0,0.0,0.0,0.0,0.0,1,4,4.0,153.94,38.485,153.94,0.0,0.0,0.0,0.0,4,0,0,0,0,F,65,1.0,0.0,0.0,0,0,0,0,Asia
CUST_03204,2024-08-02,2024-12-24,2024-11-30,2025-03-24,114,234,0,False,1,0.0,0.0,0.0,0.0,0.0,0.0,0.0,0.0,0.0,0.0,1,2,2.0,835.98,417.99,0.0,0.0,0.0,0.0,835.98,0,0,0,0,2,F,63,1.0,0.0,0.0,0,0,0,0,Asia
CUST_03206,2024-07-03,2024-12-24,2024-10-31,2025-03-24,144,264,0,False,1,0.0,0.0,0.0,0.0,0.0,0.0,0.0,0.0,0.0,0.0,1,4,4.0,897.92,224.48,897.92,0.0,0.0,0.0,0.0,4,0,0,0,0,M,74,0.0,1.0,0.0,0,0,0,0,Europe
CUST_03219,2024-08-13,2024-12-24,2024-12-11,2025-03-24,103,223,0,False,1,0.0,0.0,0.0,0.0,0.0,0.0,0.0,0.0,0.0,0.0,4,7,1.75,2149.63,373.05916666666667,0.0,174.0,1120.04,0.0,855.59,0,2,2,0,3,M,63,1.0,0.0,0.0,0,0,0,0,Asia
CUST_03223,2024-08-11,2024-12-24,2024-12-09,2025-03-24,105,225,0,False,1,0.0,0.0,0.0,0.0,0.0,0.0,0.0,0.0,0.0,0.0,2,5,2.5,2645.94,982.4399999999999,0.0,0.0,1737.86,0.0,908.08,0,0,1,0,4,M,43,0.0,1.0,0.0,0,0,0,0,Europe
CUST_03225,2024-07-28,2024-12-24,2024-11-25,2025-03-24,119,239,0,False,1,0.0,0.0,0.0,0.0,0.0,0.0,0.0,0.0,0.0,0.0,1,2,2.0,1509.65,754.825,0.0,1509.65,0.0,0.0,0.0,0,2,0,0,0,F,22,0.0,1.0,0.0,0,0,0,0,Europe
CUST_03230,2024-06-14,2024-12-24,2024-10-12,2025-03-24,163,283,0,False,1,0.0,0.0,0.0,0.0,0.0,0.0,0.0,0.0,0.0,0.0,1,2,2.0,1090.41,545.205,1090.41,0.0,0.0,0.0,0.0,2,0,0,0,0,F,37,0.0,1.0,0.0,0,0,0,0,Europe
CUST_03232,2024-06-01,2024-12-24,2024-09-29,2025-03-24,176,296,0,False,1,0.0,0.0,0.0,0.0,0.0,0.0,0.0,0.0,0.0,0.0,1,2,2.0,401.13,200.565,0.0,0.0,401.13,0.0,0.0,0,0,2,0,0,Other,29,0.0,1.0,0.0,0,0,0,0,Europe
CUST_03243,2024-06-28,2024-12-24,2024-10-26,2024-12-25,60,180,1,True,1,1.0,0.0,0.0,0.0,1.0,0.0,0.0,0.0,0.0,0.0,2,6,3.0,2632.56,438.76,0.0,0.0,0.0,729.38,1903.18,0,0,0,3,3,M,73,0.0,1.0,0.0,0,0,0,0,Europe
CUST_03246,2024-08-17,2024-12-24,2024-12-15,2025-03-24,99,219,0,False,1,0.0,0.0,0.0,0.0,0.0,0.0,0.0,0.0,0.0,0.0,4,9,2.25,5086.6900000000005,614.2,671.85,1822.98,738.4,0.0,1853.46,2,4,1,0,2,F,36,0.0,1.0,0.0,0,0,0,0,Europe
CUST_03250,2024-06-10,2024-12-24,2024-10-08,2025-03-24,167,287,0,False,1,0.0,0.0,0.0,0.0,0.0,0.0,0.0,0.0,0.0,0.0,1,2,2.0,1859.83,929.915,1859.83,0.0,0.0,0.0,0.0,2,0,0,0,0,F,42,0.0,0.0,1.0,0,0,0,0,North America
CUST_03256,2024-07-19,2024-12-24,2024-11-16,2025-03-24,128,248,0,False,1,0.0,0.0,0.0,0.0,0.0,0.0,0.0,0.0,0.0,0.0,2,7,3.5,1981.04,258.72208333333333,0.0,0.0,1714.83,266.21,0.0,0,0,4,3,0,F,37,1.0,0.0,0.0,0,0,0,0,Asia
CUST_03258,2024-08-22,2024-12-24,2024-12-20,2025-03-24,94,214,0,False,1,0.0,0.0,0.0,0.0,0.0,0.0,0.0,0.0,0.0,0.0,1,2,2.0,665.06,332.53,0.0,0.0,665.06,0.0,0.0,0,0,2,0,0,M,49,0.0,1.0,0.0,0,0,0,0,Europe
CUST_03262,2024-06-30,2024-12-24,2024-10-28,2025-03-24,147,267,0,False,1,0.0,0.0,0.0,0.0,0.0,0.0,0.0,0.0,0.0,0.0,1,4,4.0,1474.25,368.5625,0.0,0.0,0.0,1474.25,0.0,0,0,0,4,0,F,63,0.0,1.0,0.0,0,0,0,0,Europe
CUST_03269,2024-08-14,2024-12-24,2024-12-12,2025-03-24,102,222,0,False,1,0.0,0.0,0.0,0.0,0.0,0.0,0.0,0.0,0.0,0.0,1,1,1.0,435.58,435.58,0.0,0.0,0.0,0.0,435.58,0,0,0,0,1,F,22,1.0,0.0,0.0,0,0,0,0,Asia
CUST_03285,2024-08-08,2024-12-24,2024-12-06,2025-03-24,108,228,0,False,1,0.0,0.0,0.0,0.0,0.0,0.0,0.0,0.0,0.0,0.0,1,2,2.0,1501.68,750.84,1501.68,0.0,0.0,0.0,0.0,2,0,0,0,0,M,72,0.0,0.0,1.0,0,0,0,0,North America
CUST_03293,2024-06-19,2024-12-24,2024-10-17,2025-03-24,158,278,0,False,1,0.0,0.0,0.0,0.0,0.0,0.0,0.0,0.0,0.0,0.0,1,4,4.0,410.38,102.595,0.0,0.0,410.38,0.0,0.0,0,0,4,0,0,F,50,0.0,1.0,0.0,0,0,0,0,Europe
CUST_03294,2024-07-31,2024-12-24,2024-11-28,2025-03-24,116,236,0,False,1,0.0,0.0,0.0,0.0,0.0,0.0,0.0,0.0,0.0,0.0,1,2,2.0,1304.77,652.385,0.0,0.0,0.0,0.0,1304.77,0,0,0,0,2,M,39,0.0,1.0,0.0,0,0,0,0,Europe
CUST_03296,2024-08-17,2024-12-24,2024-12-15,2025-03-24,99,219,0,False,1,0.0,0.0,0.0,0.0,0.0,0.0,0.0,0.0,0.0,0.0,2,4,2.0,3728.5299999999997,1286.2350000000001,1734.09,0.0,0.0,0.0,1994.44,3,0,0,0,1,M,55,0.0,0.0,1.0,0,0,0,0,North America
CUST_03299,2024-07-25,2024-12-24,2024-11-22,2024-12-26,34,154,1,True,1,2.0,0.0,1.0,0.0,3.0,0.0,0.0,0.0,0.0,0.0,2,4,2.0,674.67,168.6675,0.0,0.0,171.17,0.0,503.5,0,0,2,0,2,F,37,0.0,1.0,0.0,0,0,0,0,Europe
CUST_03304,2024-07-19,2024-12-24,2024-11-16,2025-03-24,128,248,0,False,1,0.0,0.0,0.0,0.0,0.0,0.0,0.0,0.0,0.0,0.0,1,1,1.0,536.01,536.01,0.0,0.0,0.0,0.0,536.01,0,0,0,0,1,F,72,1.0,0.0,0.0,0,0,0,0,Asia
CUST_03305,2024-06-17,2024-12-24,2024-10-15,2025-03-24,160,280,0,False,1,0.0,0.0,0.0,0.0,0.0,0.0,0.0,0.0,0.0,0.0,1,1,1.0,1945.04,1945.04,0.0,1945.04,0.0,0.0,0.0,0,1,0,0,0,M,31,1.0,0.0,0.0,0,0,0,0,Asia
CUST_03310,2024-06-07,2024-12-24,2024-10-05,2025-03-24,170,290,0,False,0,0.0,0.0,0.0,0.0,0.0,0.0,0.0,0.0,0.0,0.0,1,2,2.0,1100.4,550.2,0.0,0.0,0.0,0.0,1100.4,0,0,0,0,2,F,72,1.0,0.0,0.0,0,0,0,0,Asia
CUST_03312,2024-07-20,2024-12-24,2024-11-17,2025-03-24,127,247,0,False,1,0.0,0.0,0.0,0.0,0.0,0.0,0.0,0.0,0.0,0.0,2,2,1.0,2070.05,1035.025,0.0,0.0,2070.05,0.0,0.0,0,0,2,0,0,M,62,1.0,0.0,0.0,0,0,0,0,Asia
CUST_03323,2024-08-24,2024-12-24,2024-12-22,2025-03-24,92,212,0,False,1,0.0,0.0,0.0,0.0,0.0,0.0,0.0,0.0,0.0,0.0,2,7,3.5,1845.25,359.3125,1845.25,0.0,0.0,0.0,0.0,7,0,0,0,0,M,58,0.0,1.0,0.0,0,0,0,0,Europe
CUST_03333,2024-07-23,2024-12-24,2024-11-20,2025-03-24,124,244,0,False,1,0.0,0.0,0.0,0.0,0.0,0.0,0.0,0.0,0.0,0.0,1,4,4.0,1545.58,386.395,1545.58,0.0,0.0,0.0,0.0,4,0,0,0,0,M,64,0.0,1.0,0.0,0,0,0,0,Europe
CUST_03335,2024-06-26,2024-12-24,2024-10-24,2025-03-24,151,271,0,False,1,0.0,0.0,0.0,0.0,0.0,0.0,0.0,0.0,0.0,0.0,1,4,4.0,989.36,247.34,0.0,989.36,0.0,0.0,0.0,0,4,0,0,0,F,38,1.0,0.0,0.0,0,0,0,0,Asia
CUST_03337,2024-07-19,2024-12-24,2024-11-16,2025-03-24,128,248,0,False,1,0.0,0.0,0.0,0.0,0.0,0.0,0.0,0.0,0.0,0.0,2,4,2.0,3096.71,1080.295,3096.71,0.0,0.0,0.0,0.0,4,0,0,0,0,F,45,1.0,0.0,0.0,0,0,0,0,Asia
CUST_03341,2024-08-23,2024-12-24,2024-12-21,2025-03-24,93,213,0,False,1,0.0,0.0,0.0,0.0,0.0,0.0,0.0,0.0,0.0,0.0,3,5,1.6666666666666667,3566.41,655.2866666666667,0.0,3201.1000000000004,365.31,0.0,0.0,0,4,1,0,0,M,31,1.0,0.0,0.0,0,0,0,0,Asia
CUST_03345,2024-07-28,2024-12-24,2024-11-25,2025-03-24,119,239,0,False,1,0.0,0.0,0.0,0.0,0.0,0.0,0.0,0.0,0.0,0.0,1,3,3.0,1031.78,343.9266666666667,0.0,0.0,0.0,1031.78,0.0,0,0,0,3,0,F,27,0.0,1.0,0.0,0,0,0,0,Europe
CUST_03347,2024-07-01,2024-12-24,2024-10-29,2025-03-24,146,266,0,False,1,0.0,0.0,0.0,0.0,0.0,0.0,0.0,0.0,0.0,0.0,1,1,1.0,1273.71,1273.71,0.0,0.0,0.0,1273.71,0.0,0,0,0,1,0,F,43,1.0,0.0,0.0,0,0,0,0,Asia
CUST_03357,2024-08-07,2024-12-24,2024-12-05,2025-03-24,109,229,0,False,1,0.0,0.0,0.0,0.0,0.0,0.0,0.0,0.0,0.0,0.0,2,3,1.5,3259.8100000000004,1203.74,0.0,0.0,0.0,0.0,3259.8100000000004,0,0,0,0,3,F,59,1.0,0.0,0.0,0,0,0,0,Asia
CUST_03363,2024-06-15,2024-12-24,2024-10-13,2025-03-24,162,282,0,False,1,0.0,0.0,0.0,0.0,0.0,0.0,0.0,0.0,0.0,0.0,1,1,1.0,707.14,707.14,0.0,0.0,0.0,0.0,707.14,0,0,0,0,1,F,49,0.0,1.0,0.0,0,0,0,0,Europe
CUST_03365,2024-08-18,2024-12-24,2024-12-16,2025-03-24,98,218,0,False,1,0.0,0.0,0.0,0.0,0.0,0.0,0.0,0.0,0.0,0.0,2,4,2.0,2827.7200000000003,956.2933333333333,1455.02,0.0,0.0,1372.7,0.0,1,0,0,3,0,M,70,0.0,1.0,0.0,0,0,0,0,Europe
CUST_03369,2024-07-12,2024-12-24,2024-11-09,2025-03-24,135,255,0,False,1,0.0,0.0,0.0,0.0,0.0,0.0,0.0,0.0,0.0,0.0,1,1,1.0,1356.55,1356.55,0.0,0.0,1356.55,0.0,0.0,0,0,1,0,0,M,37,1.0,0.0,0.0,0,0,0,0,Asia
CUST_03371,2024-06-23,2024-12-24,2024-10-21,2025-03-24,154,274,0,False,0,0.0,0.0,0.0,0.0,0.0,0.0,0.0,0.0,0.0,0.0,1,1,1.0,1798.48,1798.48,0.0,0.0,1798.48,0.0,0.0,0,0,1,0,0,M,50,0.0,1.0,0.0,0,0,0,0,Europe
CUST_03373,2024-07-21,2024-12-24,2024-11-18,2025-03-24,126,246,0,False,1,0.0,0.0,0.0,0.0,0.0,0.0,0.0,0.0,0.0,0.0,2,5,2.5,1971.41,330.505,224.21,0.0,0.0,1747.2,0.0,1,0,0,4,0,F,71,1.0,0.0,0.0,0,0,0,0,Asia
CUST_03386,2024-07-09,2024-12-24,2024-11-06,2025-03-24,138,258,0,False,1,0.0,0.0,0.0,0.0,0.0,0.0,0.0,0.0,0.0,0.0,2,3,1.5,1759.27,585.96,584.57,0.0,0.0,0.0,1174.7,1,0,0,0,2,M,31,0.0,1.0,0.0,0,0,0,0,Europe
CUST_03411,2024-07-13,2024-12-24,2024-11-10,2025-03-24,134,254,0,False,1,0.0,0.0,0.0,0.0,0.0,0.0,0.0,0.0,0.0,0.0,1,2,2.0,867.02,433.51,0.0,0.0,0.0,867.02,0.0,0,0,0,2,0,F,75,1.0,0.0,0.0,0,0,0,0,Asia
CUST_03415,2024-07-11,2024-12-24,2024-11-08,2025-03-24,136,256,0,False,1,0.0,0.0,0.0,0.0,0.0,0.0,0.0,0.0,0.0,0.0,1,3,3.0,1522.9,507.6333333333334,0.0,0.0,0.0,1522.9,0.0,0,0,0,3,0,M,35,0.0,1.0,0.0,0,0,0,0,Europe
CUST_03416,2024-07-12,2024-12-24,2024-11-09,2025-03-24,135,255,0,False,1,0.0,0.0,0.0,0.0,0.0,0.0,0.0,0.0,0.0,0.0,1,1,1.0,1068.85,1068.85,1068.85,0.0,0.0,0.0,0.0,1,0,0,0,0,F,22,0.0,0.0,1.0,0,0,0,0,North America
CUST_03433,2024-08-05,2024-12-24,2024-12-03,2025-03-24,111,231,0,False,1,0.0,0.0,0.0,0.0,0.0,0.0,0.0,0.0,0.0,0.0,1,2,2.0,1068.74,534.37,1068.74,0.0,0.0,0.0,0.0,2,0,0,0,0,F,41,0.0,1.0,0.0,0,0,0,0,Europe
CUST_03451,2024-07-13,2024-12-24,2024-11-10,2025-03-24,134,254,0,False,1,0.0,0.0,0.0,0.0,0.0,0.0,0.0,0.0,0.0,0.0,1,2,2.0,1813.17,906.585,0.0,0.0,0.0,0.0,1813.17,0,0,0,0,2,F,56,0.0,0.0,1.0,0,0,0,0,North America
CUST_03455,2024-08-02,2024-12-24,2024-11-30,2025-03-24,114,234,0,False,1,0.0,0.0,0.0,0.0,0.0,0.0,0.0,0.0,0.0,0.0,3,7,2.3333333333333335,2627.8599999999997,416.65777777777777,0.0,383.74,1822.58,0.0,421.54,0,3,2,0,2,F,72,1.0,0.0,0.0,0,0,0,0,Asia
CUST_03467,2024-06-23,2024-12-24,2024-10-21,2025-03-24,154,274,0,False,1,0.0,0.0,0.0,0.0,0.0,0.0,0.0,0.0,0.0,0.0,1,1,1.0,620.85,620.85,0.0,0.0,0.0,0.0,620.85,0,0,0,0,1,M,61,0.0,1.0,0.0,0,0,0,0,Europe
CUST_03472,2024-07-03,2024-12-24,2024-10-31,2025-03-24,144,264,0,False,1,0.0,0.0,0.0,0.0,0.0,0.0,0.0,0.0,0.0,0.0,1,3,3.0,1120.44,373.48,0.0,1120.44,0.0,0.0,0.0,0,3,0,0,0,M,50,0.0,1.0,0.0,0,0,0,0,Europe
CUST_03479,2024-07-16,2024-12-24,2024-11-13,2025-03-24,131,251,0,False,1,0.0,0.0,0.0,0.0,0.0,0.0,0.0,0.0,0.0,0.0,1,3,3.0,1830.32,610.1066666666667,0.0,0.0,0.0,0.0,1830.32,0,0,0,0,3,F,73,0.0,1.0,0.0,0,0,0,0,Europe
CUST_03486,2024-08-24,2024-12-24,2024-12-22,2025-03-24,92,212,0,False,1,0.0,0.0,0.0,0.0,0.0,0.0,0.0,0.0,0.0,0.0,4,8,2.0,5362.92,691.975,3693.57,0.0,0.0,1669.35,0.0,5,0,0,3,0,F,25,1.0,0.0,0.0,0,0,0,0,Asia
CUST_03489,2024-07-29,2024-12-24,2024-11-26,2025-03-24,118,238,0,False,1,0.0,0.0,0.0,0.0,0.0,0.0,0.0,0.0,0.0,0.0,2,3,1.5,2390.92,989.325,0.0,824.54,0.0,1566.38,0.0,0,2,0,1,0,M,64,1.0,0.0,0.0,0,0,0,0,Asia
CUST_03500,2024-07-11,2024-12-24,2024-11-08,2025-03-24,136,256,0,False,0,0.0,0.0,0.0,0.0,0.0,0.0,0.0,0.0,0.0,0.0,1,1,1.0,1748.13,1748.13,0.0,0.0,0.0,0.0,1748.13,0,0,0,0,1,M,59,0.0,0.0,1.0,0,0,0,0,North America
CUST_00007,2024-06-25,2024-12-31,2024-10-23,2025-03-31,159,279,0,False,1,0.0,0.0,0.0,0.0,0.0,0.0,0.0,0.0,0.0,0.0,1,2,2.0,1767.18,883.59,1767.18,0.0,0.0,0.0,0.0,2,0,0,0,0,F,55,1.0,0.0,0.0,0,0,0,0,Asia
CUST_00009,2024-08-27,2024-12-31,2024-12-25,2025-03-31,96,216,0,False,1,0.0,0.0,0.0,0.0,0.0,0.0,0.0,0.0,0.0,0.0,2,2,1.0,2737.94,1368.97,0.0,1926.43,0.0,0.0,811.51,0,1,0,0,1,F,57,0.0,1.0,0.0,0,0,0,0,Europe
CUST_00012,2024-07-18,2024-12-31,2024-11-15,2025-03-31,136,256,0,False,1,0.0,0.0,0.0,0.0,0.0,0.0,0.0,0.0,0.0,0.0,1,2,2.0,1573.35,786.675,0.0,0.0,0.0,0.0,1573.35,0,0,0,0,2,F,65,0.0,1.0,0.0,0,0,0,0,Europe
CUST_00017,2024-06-28,2024-12-31,2024-10-26,2025-03-31,156,276,0,False,1,0.0,0.0,0.0,0.0,0.0,0.0,0.0,0.0,0.0,0.0,1,1,1.0,223.06,223.06,0.0,0.0,0.0,223.06,0.0,0,0,0,1,0,F,52,1.0,0.0,0.0,0,0,0,0,Asia
CUST_00029,2024-08-26,2024-12-31,2024-12-24,2025-03-31,97,217,0,False,1,0.0,0.0,0.0,0.0,0.0,0.0,0.0,0.0,0.0,0.0,1,1,1.0,1800.79,1800.79,0.0,0.0,0.0,0.0,1800.79,0,0,0,0,1,F,64,1.0,0.0,0.0,0,0,0,0,Asia
CUST_00033,2024-07-10,2024-12-31,2024-11-07,2025-03-31,144,264,0,False,1,0.0,0.0,0.0,0.0,0.0,0.0,0.0,0.0,0.0,0.0,1,2,2.0,1292.32,646.16,1292.32,0.0,0.0,0.0,0.0,2,0,0,0,0,M,27,1.0,0.0,0.0,0,0,0,0,Asia
CUST_00037,2024-06-11,2024-12-31,2024-10-09,2025-03-31,173,293,0,False,1,0.0,0.0,0.0,0.0,0.0,0.0,0.0,0.0,0.0,0.0,1,3,3.0,916.71,305.57,0.0,0.0,0.0,0.0,916.71,0,0,0,0,3,F,60,0.0,1.0,0.0,0,0,0,0,Europe
CUST_00039,2024-06-16,2024-12-31,2024-10-14,2025-03-31,168,288,0,False,1,0.0,0.0,0.0,0.0,0.0,0.0,0.0,0.0,0.0,0.0,2,2,1.0,3353.9700000000003,1676.9850000000001,0.0,3353.9700000000003,0.0,0.0,0.0,0,2,0,0,0,F,29,1.0,0.0,0.0,0,0,0,0,Asia
CUST_00041,2024-08-21,2024-12-31,2024-12-19,2025-03-31,102,222,0,False,1,0.0,0.0,0.0,0.0,0.0,0.0,0.0,0.0,0.0,0.0,2,3,1.5,1695.33,454.84499999999997,0.0,1571.28,0.0,124.05,0.0,0,2,0,1,0,M,32,0.0,1.0,0.0,0,0,0,0,Europe
CUST_00042,2024-07-29,2024-12-31,2024-11-26,2025-03-31,125,245,0,False,1,0.0,0.0,0.0,0.0,0.0,0.0,0.0,0.0,0.0,0.0,1,2,2.0,214.17,107.085,0.0,0.0,0.0,214.17,0.0,0,0,0,2,0,M,21,0.0,1.0,0.0,0,0,0,0,Europe
CUST_00058,2024-08-22,2024-12-31,2024-12-20,2025-03-31,101,221,0,False,1,0.0,0.0,0.0,0.0,0.0,0.0,0.0,0.0,0.0,0.0,1,1,1.0,1461.66,1461.66,0.0,0.0,0.0,0.0,1461.66,0,0,0,0,1,M,23,0.0,1.0,0.0,0,0,0,0,Europe
CUST_00070,2024-07-02,2024-12-31,2024-10-30,2025-03-31,152,272,0,False,1,0.0,0.0,0.0,0.0,0.0,0.0,0.0,0.0,0.0,0.0,1,1,1.0,1837.47,1837.47,1837.47,0.0,0.0,0.0,0.0,1,0,0,0,0,M,40,1.0,0.0,0.0,0,0,0,0,Asia
CUST_00076,2024-08-28,2024-12-31,2024-12-26,2025-03-31,95,215,0,False,1,0.0,0.0,0.0,0.0,0.0,0.0,0.0,0.0,0.0,0.0,1,3,3.0,808.28,269.4266666666667,0.0,808.28,0.0,0.0,0.0,0,3,0,0,0,Other,22,1.0,0.0,0.0,0,0,0,0,Asia
CUST_00078,2024-06-09,2024-12-31,2024-10-07,2025-03-31,175,295,0,False,1,0.0,0.0,0.0,0.0,0.0,0.0,0.0,0.0,0.0,0.0,1,1,1.0,1558.27,1558.27,1558.27,0.0,0.0,0.0,0.0,1,0,0,0,0,M,72,1.0,0.0,0.0,0,0,0,0,Asia
CUST_00081,2024-08-23,2024-12-31,2024-12-21,2025-03-31,100,220,0,False,1,0.0,0.0,0.0,0.0,0.0,0.0,0.0,0.0,0.0,0.0,1,2,2.0,882.21,441.105,0.0,0.0,0.0,0.0,882.21,0,0,0,0,2,Other,58,0.0,1.0,0.0,0,0,0,0,Europe
CUST_00083,2024-08-21,2024-12-31,2024-12-19,2025-03-31,102,222,0,False,0,0.0,0.0,0.0,0.0,0.0,0.0,0.0,0.0,0.0,0.0,2,3,1.5,1627.36,685.4949999999999,0.0,512.74,0.0,0.0,1114.62,0,2,0,0,1,M,32,1.0,0.0,0.0,0,0,0,0,Asia
CUST_00087,2024-08-19,2024-12-31,2024-12-17,2025-03-31,104,224,0,False,0,0.0,0.0,0.0,0.0,0.0,0.0,0.0,0.0,0.0,0.0,1,1,1.0,208.18,208.18,0.0,0.0,208.18,0.0,0.0,0,0,1,0,0,Other,62,1.0,0.0,0.0,0,0,0,0,Asia
CUST_00090,2024-07-08,2024-12-31,2024-11-05,2025-03-31,146,266,0,False,1,0.0,0.0,0.0,0.0,0.0,0.0,0.0,0.0,0.0,0.0,1,4,4.0,715.48,178.87,0.0,0.0,0.0,0.0,715.48,0,0,0,0,4,F,61,0.0,0.0,1.0,0,0,0,0,North America
CUST_00117,2024-07-01,2024-12-31,2024-10-29,2025-03-31,153,273,0,False,1,0.0,0.0,0.0,0.0,0.0,0.0,0.0,0.0,0.0,0.0,1,3,3.0,1670.35,556.7833333333333,0.0,1670.35,0.0,0.0,0.0,0,3,0,0,0,M,52,1.0,0.0,0.0,0,0,0,0,Asia
CUST_00120,2024-06-24,2024-12-31,2024-10-22,2025-03-31,160,280,0,False,1,0.0,0.0,0.0,0.0,0.0,0.0,0.0,0.0,0.0,0.0,1,4,4.0,878.86,219.715,0.0,0.0,878.86,0.0,0.0,0,0,4,0,0,F,59,1.0,0.0,0.0,0,0,0,0,Asia
CUST_00124,2024-07-08,2024-12-31,2024-11-05,2025-03-31,146,266,0,False,1,0.0,0.0,0.0,0.0,0.0,0.0,0.0,0.0,0.0,0.0,1,1,1.0,1025.97,1025.97,0.0,1025.97,0.0,0.0,0.0,0,1,0,0,0,M,43,0.0,1.0,0.0,0,0,0,0,Europe
CUST_00133,2024-08-31,2024-12-31,2024-12-29,2025-03-31,92,212,0,False,1,0.0,0.0,0.0,0.0,0.0,0.0,0.0,0.0,0.0,0.0,4,5,1.25,4209.84,845.365,1996.49,0.0,0.0,556.59,1656.76,1,0,0,2,2,Other,64,0.0,0.0,1.0,0,0,0,0,North America
CUST_00135,2024-07-16,2024-12-31,2024-11-13,2025-03-31,138,258,0,False,1,0.0,0.0,0.0,0.0,0.0,0.0,0.0,0.0,0.0,0.0,1,3,3.0,927.68,309.22666666666663,0.0,0.0,0.0,0.0,927.68,0,0,0,0,3,M,43,1.0,0.0,0.0,0,0,0,0,Asia
CUST_00152,2024-08-31,2024-12-31,2024-12-29,2025-03-31,92,212,0,False,1,0.0,0.0,0.0,0.0,0.0,0.0,0.0,0.0,0.0,0.0,2,6,3.0,1692.2,282.03333333333336,0.0,0.0,0.0,1413.52,278.68,0,0,0,3,3,M,73,0.0,1.0,0.0,0,0,0,0,Europe
CUST_00154,2024-08-14,2024-12-31,2024-12-12,2025-03-31,109,229,0,False,1,0.0,0.0,0.0,0.0,0.0,0.0,0.0,0.0,0.0,0.0,2,2,1.0,453.43,226.715,105.24,348.19,0.0,0.0,0.0,1,1,0,0,0,M,71,0.0,1.0,0.0,0,0,0,0,Europe
CUST_00160,2024-06-28,2024-12-31,2024-10-26,2025-03-31,156,276,0,False,1,0.0,0.0,0.0,0.0,0.0,0.0,0.0,0.0,0.0,0.0,1,4,4.0,1258.15,314.5375,1258.15,0.0,0.0,0.0,0.0,4,0,0,0,0,M,67,1.0,0.0,0.0,0,0,0,0,Asia
CUST_00164,2024-07-10,2024-12-31,2024-11-07,2025-03-31,144,264,0,False,1,0.0,0.0,0.0,0.0,0.0,0.0,0.0,0.0,0.0,0.0,2,5,2.5,1746.44,345.25083333333333,0.0,1096.31,0.0,650.13,0.0,0,3,0,2,0,Other,34,0.0,1.0,0.0,0,0,0,0,Europe
CUST_00165,2024-07-30,2024-12-31,2024-11-27,2025-03-31,124,244,0,False,1,0.0,0.0,0.0,0.0,0.0,0.0,0.0,0.0,0.0,0.0,3,6,2.0,1781.05,324.03444444444443,0.0,0.0,0.0,410.56,1370.49,0,0,0,2,4,M,63,0.0,1.0,0.0,0,0,0,0,Europe
CUST_00167,2024-07-27,2024-12-31,2024-11-24,2025-03-31,127,247,0,False,1,0.0,0.0,0.0,0.0,0.0,0.0,0.0,0.0,0.0,0.0,1,1,1.0,1976.69,1976.69,0.0,0.0,0.0,1976.69,0.0,0,0,0,1,0,Other,44,1.0,0.0,0.0,0,0,0,0,Asia
CUST_00176,2024-08-22,2024-12-31,2024-12-20,2025-03-31,101,221,0,False,1,0.0,0.0,0.0,0.0,0.0,0.0,0.0,0.0,0.0,0.0,2,2,1.0,1337.1999999999998,668.5999999999999,0.0,1055.86,0.0,281.34,0.0,0,1,0,1,0,F,37,0.0,0.0,1.0,0,0,0,0,North America
CUST_00179,2024-08-05,2024-12-31,2024-12-03,2025-03-31,118,238,0,False,1,0.0,0.0,0.0,0.0,0.0,0.0,0.0,0.0,0.0,0.0,1,4,4.0,261.82,65.455,0.0,0.0,261.82,0.0,0.0,0,0,4,0,0,M,33,1.0,0.0,0.0,0,0,0,0,Asia
CUST_00182,2024-07-28,2024-12-31,2024-11-25,2025-03-31,126,246,0,False,1,0.0,0.0,0.0,0.0,0.0,0.0,0.0,0.0,0.0,0.0,3,6,2.0,3144.5,524.0833333333334,0.0,1012.97,482.76,1648.77,0.0,0,2,2,2,0,M,63,1.0,0.0,0.0,0,0,0,0,Asia
CUST_00185,2024-07-03,2024-12-31,2024-10-31,2025-03-31,151,271,0,False,1,0.0,0.0,0.0,0.0,0.0,0.0,0.0,0.0,0.0,0.0,1,4,4.0,265.26,66.315,0.0,265.26,0.0,0.0,0.0,0,4,0,0,0,F,25,1.0,0.0,0.0,0,0,0,0,Asia
CUST_00191,2024-06-11,2024-12-31,2024-10-09,2025-03-31,173,293,0,False,1,0.0,0.0,0.0,0.0,0.0,0.0,0.0,0.0,0.0,0.0,1,1,1.0,520.35,520.35,0.0,520.35,0.0,0.0,0.0,0,1,0,0,0,F,23,0.0,0.0,1.0,0,0,0,0,North America
CUST_00192,2024-08-10,2024-12-31,2024-12-08,2025-03-31,113,233,0,False,1,0.0,0.0,0.0,0.0,0.0,0.0,0.0,0.0,0.0,0.0,1,3,3.0,1720.53,573.51,0.0,0.0,0.0,1720.53,0.0,0,0,0,3,0,F,70,1.0,0.0,0.0,0,0,0,0,Asia
CUST_00197,2024-08-17,2024-12-31,2024-12-15,2025-03-31,106,226,0,False,1,0.0,0.0,0.0,0.0,0.0,0.0,0.0,0.0,0.0,0.0,2,5,2.5,881.97,198.42666666666665,617.18,0.0,0.0,264.79,0.0,2,0,0,3,0,F,56,0.0,1.0,0.0,0,0,0,0,Europe
CUST_00205,2024-08-04,2024-12-31,2024-12-02,2025-03-31,119,239,0,False,1,0.0,0.0,0.0,0.0,0.0,0.0,0.0,0.0,0.0,0.0,2,5,2.5,2079.96,689.45625,0.0,1145.23,934.73,0.0,0.0,0,1,4,0,0,M,75,0.0,1.0,0.0,0,0,0,0,Europe
CUST_00208,2024-07-14,2024-12-31,2024-11-11,2025-03-31,140,260,0,False,1,0.0,0.0,0.0,0.0,0.0,0.0,0.0,0.0,0.0,0.0,2,2,1.0,2146.73,1073.365,880.01,0.0,0.0,0.0,1266.72,1,0,0,0,1,F,63,0.0,1.0,0.0,0,0,0,0,Europe
CUST_00216,2024-07-13,2024-12-31,2024-11-10,2025-03-31,141,261,0,False,1,0.0,0.0,0.0,0.0,0.0,0.0,0.0,0.0,0.0,0.0,1,2,2.0,870.17,435.085,0.0,0.0,0.0,870.17,0.0,0,0,0,2,0,M,39,0.0,1.0,0.0,0,0,0,0,Europe
CUST_00219,2024-06-27,2024-12-31,2024-10-25,2025-03-31,157,277,0,False,1,0.0,0.0,0.0,0.0,0.0,0.0,0.0,0.0,0.0,0.0,1,2,2.0,137.12,68.56,0.0,137.12,0.0,0.0,0.0,0,2,0,0,0,M,34,0.0,1.0,0.0,0,0,0,0,Europe
CUST_00220,2024-06-30,2024-12-31,2024-10-28,2025-03-31,154,274,0,False,1,0.0,0.0,0.0,0.0,0.0,0.0,0.0,0.0,0.0,0.0,2,3,1.5,1660.82,622.935,0.0,829.9,0.0,0.0,830.92,0,2,0,0,1,M,32,0.0,1.0,0.0,0,0,0,0,Europe
CUST_00225,2024-08-09,2024-12-31,2024-12-07,2025-03-31,114,234,0,False,1,0.0,0.0,0.0,0.0,0.0,0.0,0.0,0.0,0.0,0.0,2,3,1.5,2777.35,1096.29,2777.35,0.0,0.0,0.0,0.0,3,0,0,0,0,F,44,0.0,1.0,0.0,0,0,0,0,Europe
CUST_00231,2024-07-30,2024-12-31,2024-11-27,2025-03-31,124,244,0,False,1,0.0,0.0,0.0,0.0,0.0,0.0,0.0,0.0,0.0,0.0,2,4,2.0,1407.5700000000002,351.89250000000004,0.0,659.08,0.0,0.0,748.49,0,2,0,0,2,Other,24,1.0,0.0,0.0,0,0,0,0,Asia
CUST_00238,2024-06-20,2024-12-31,2024-10-18,2025-03-31,164,284,0,False,1,0.0,0.0,0.0,0.0,0.0,0.0,0.0,0.0,0.0,0.0,1,1,1.0,1381.81,1381.81,0.0,1381.81,0.0,0.0,0.0,0,1,0,0,0,F,27,0.0,1.0,0.0,0,0,0,0,Europe
CUST_00245,2024-08-31,2024-12-31,2024-12-29,2025-03-31,92,212,0,False,1,0.0,0.0,0.0,0.0,0.0,0.0,0.0,0.0,0.0,0.0,3,6,2.0,5469.55,911.5916666666667,0.0,0.0,3544.5,0.0,1925.05,0,0,4,0,2,M,53,0.0,1.0,0.0,0,0,0,0,Europe
CUST_00248,2024-07-03,2024-12-31,2024-10-31,2025-03-31,151,271,0,False,1,0.0,0.0,0.0,0.0,0.0,0.0,0.0,0.0,0.0,0.0,1,2,2.0,619.2,309.6,0.0,619.2,0.0,0.0,0.0,0,2,0,0,0,M,43,0.0,1.0,0.0,0,0,0,0,Europe
CUST_00249,2024-08-21,2024-12-31,2024-12-19,2025-03-31,102,222,0,False,0,0.0,0.0,0.0,0.0,0.0,0.0,0.0,0.0,0.0,0.0,2,2,1.0,2442.24,1221.12,1564.71,0.0,0.0,877.53,0.0,1,0,0,1,0,M,75,0.0,1.0,0.0,0,0,0,0,Europe
CUST_00253,2024-07-09,2024-12-31,2024-11-06,2025-03-31,145,265,0,False,1,0.0,0.0,0.0,0.0,0.0,0.0,0.0,0.0,0.0,0.0,1,2,2.0,1391.38,695.69,1391.38,0.0,0.0,0.0,0.0,2,0,0,0,0,F,32,1.0,0.0,0.0,0,0,0,0,Asia
CUST_00267,2024-07-20,2024-12-31,2024-11-17,2025-03-31,134,254,0,False,1,0.0,0.0,0.0,0.0,0.0,0.0,0.0,0.0,0.0,0.0,1,1,1.0,470.16,470.16,0.0,0.0,0.0,0.0,470.16,0,0,0,0,1,F,42,0.0,1.0,0.0,0,0,0,0,Europe
CUST_00269,2024-08-26,2024-12-31,2024-12-24,2025-03-31,97,217,0,False,1,0.0,0.0,0.0,0.0,0.0,0.0,0.0,0.0,0.0,0.0,1,2,2.0,1271.99,635.995,0.0,0.0,1271.99,0.0,0.0,0,0,2,0,0,F,54,0.0,1.0,0.0,0,0,0,0,Europe
CUST_00270,2024-06-27,2024-12-31,2024-10-25,2025-03-31,157,277,0,False,1,0.0,0.0,0.0,0.0,0.0,0.0,0.0,0.0,0.0,0.0,1,3,3.0,1660.27,553.4233333333333,1660.27,0.0,0.0,0.0,0.0,3,0,0,0,0,M,65,1.0,0.0,0.0,0,0,0,0,Asia
CUST_00272,2024-08-30,2024-12-31,2024-12-28,2025-03-31,93,213,0,False,1,0.0,0.0,0.0,0.0,0.0,0.0,0.0,0.0,0.0,0.0,4,8,2.0,4111.6900000000005,625.5237500000001,1303.35,1463.88,0.0,1344.46,0.0,3,4,0,1,0,M,60,1.0,0.0,0.0,0,0,0,0,Asia
CUST_00273,2024-07-17,2024-12-31,2024-11-14,2025-03-31,137,257,0,False,1,0.0,0.0,0.0,0.0,0.0,0.0,0.0,0.0,0.0,0.0,1,2,2.0,1945.57,972.785,0.0,0.0,0.0,0.0,1945.57,0,0,0,0,2,M,43,0.0,0.0,1.0,0,0,0,0,North America
CUST_00277,2024-08-25,2024-12-31,2024-12-23,2025-03-31,98,218,0,False,1,0.0,0.0,0.0,0.0,0.0,0.0,0.0,0.0,0.0,0.0,2,5,2.5,2223.9700000000003,432.6825,2223.9700000000003,0.0,0.0,0.0,0.0,5,0,0,0,0,F,47,0.0,0.0,1.0,0,0,0,0,North America
CUST_00278,2024-08-30,2024-12-31,2024-12-28,2025-03-31,93,213,0,False,1,0.0,0.0,0.0,0.0,0.0,0.0,0.0,0.0,0.0,0.0,1,1,1.0,654.75,654.75,0.0,654.75,0.0,0.0,0.0,0,1,0,0,0,F,73,0.0,0.0,1.0,0,0,0,0,North America
CUST_00280,2024-06-26,2024-12-31,2024-10-24,2025-03-31,158,278,0,False,1,0.0,0.0,0.0,0.0,0.0,0.0,0.0,0.0,0.0,0.0,1,4,4.0,1205.82,301.455,0.0,0.0,0.0,0.0,1205.82,0,0,0,0,4,M,40,0.0,0.0,1.0,0,0,0,0,North America
CUST_00282,2024-07-29,2024-12-31,2024-11-26,2025-03-31,125,245,0,False,1,0.0,0.0,0.0,0.0,0.0,0.0,0.0,0.0,0.0,0.0,2,4,2.0,2491.42,873.2033333333334,0.0,0.0,0.0,1117.52,1373.9,0,0,0,3,1,M,50,0.0,1.0,0.0,0,0,0,0,Europe
CUST_00284,2024-07-24,2024-12-31,2024-11-21,2025-03-31,130,250,0,False,1,0.0,0.0,0.0,0.0,0.0,0.0,0.0,0.0,0.0,0.0,1,1,1.0,1826.65,1826.65,1826.65,0.0,0.0,0.0,0.0,1,0,0,0,0,F,57,0.0,1.0,0.0,0,0,0,0,Europe
CUST_00292,2024-08-19,2024-12-31,2024-12-17,2025-03-31,104,224,0,False,1,0.0,0.0,0.0,0.0,0.0,0.0,0.0,0.0,0.0,0.0,1,4,4.0,192.2,48.05,0.0,0.0,0.0,0.0,192.2,0,0,0,0,4,M,37,1.0,0.0,0.0,0,0,0,0,Asia
CUST_00294,2024-08-28,2024-12-31,2024-12-26,2025-03-31,95,215,0,False,1,0.0,0.0,0.0,0.0,0.0,0.0,0.0,0.0,0.0,0.0,1,2,2.0,1639.45,819.725,0.0,0.0,0.0,1639.45,0.0,0,0,0,2,0,F,36,1.0,0.0,0.0,0,0,0,0,Asia
CUST_00305,2024-08-03,2024-12-31,2024-12-01,2025-03-31,120,240,0,False,1,0.0,0.0,0.0,0.0,0.0,0.0,0.0,0.0,0.0,0.0,1,1,1.0,1954.91,1954.91,0.0,0.0,1954.91,0.0,0.0,0,0,1,0,0,F,69,1.0,0.0,0.0,0,0,0,0,Asia
CUST_00314,2024-08-23,2024-12-31,2024-12-21,2025-03-31,100,220,0,False,1,0.0,0.0,0.0,0.0,0.0,0.0,0.0,0.0,0.0,0.0,3,7,2.3333333333333335,3715.63,742.6255555555555,0.0,1484.0,1636.13,0.0,595.5,0,1,3,0,3,F,64,0.0,1.0,0.0,0,0,0,0,Europe
CUST_00316,2024-06-04,2024-12-31,2024-10-02,2025-03-31,180,300,0,False,1,0.0,0.0,0.0,0.0,0.0,0.0,0.0,0.0,0.0,0.0,1,3,3.0,657.32,219.10666666666668,0.0,0.0,0.0,0.0,657.32,0,0,0,0,3,F,39,0.0,1.0,0.0,0,0,0,0,Europe
CUST_00324,2024-08-30,2024-12-31,2024-12-28,2025-03-31,93,213,0,False,1,0.0,0.0,0.0,0.0,0.0,0.0,0.0,0.0,0.0,0.0,1,2,2.0,1023.73,511.865,0.0,0.0,0.0,0.0,1023.73,0,0,0,0,2,F,60,0.0,0.0,1.0,0,0,0,0,North America
CUST_00338,2024-07-03,2024-12-31,2024-10-31,2025-03-31,151,271,0,False,1,0.0,0.0,0.0,0.0,0.0,0.0,0.0,0.0,0.0,0.0,1,1,1.0,1817.81,1817.81,0.0,0.0,0.0,0.0,1817.81,0,0,0,0,1,M,56,0.0,1.0,0.0,0,0,0,0,Europe
CUST_00346,2024-06-10,2024-12-31,2024-10-08,2025-03-31,174,294,0,False,1,0.0,0.0,0.0,0.0,0.0,0.0,0.0,0.0,0.0,0.0,1,2,2.0,1368.84,684.42,0.0,0.0,0.0,0.0,1368.84,0,0,0,0,2,M,30,1.0,0.0,0.0,0,0,0,0,Asia
CUST_00347,2024-07-02,2024-12-31,2024-10-30,2025-03-31,152,272,0,False,1,0.0,0.0,0.0,0.0,0.0,0.0,0.0,0.0,0.0,0.0,1,2,2.0,174.38,87.19,0.0,0.0,0.0,0.0,174.38,0,0,0,0,2,M,58,0.0,1.0,0.0,0,0,0,0,Europe
CUST_00351,2024-08-03,2024-12-31,2024-12-01,2025-03-31,120,240,0,False,0,0.0,0.0,0.0,0.0,0.0,0.0,0.0,0.0,0.0,0.0,1,2,2.0,136.0,68.0,0.0,0.0,0.0,0.0,136.0,0,0,0,0,2,F,60,0.0,1.0,0.0,0,0,0,0,Europe
CUST_00358,2024-06-28,2024-12-31,2024-10-26,2025-03-31,156,276,0,False,1,0.0,0.0,0.0,0.0,0.0,0.0,0.0,0.0,0.0,0.0,1,1,1.0,364.16,364.16,0.0,0.0,364.16,0.0,0.0,0,0,1,0,0,M,55,0.0,1.0,0.0,0,0,0,0,Europe
CUST_00362,2024-06-17,2024-12-31,2024-10-15,2025-03-31,167,287,0,False,1,0.0,0.0,0.0,0.0,0.0,0.0,0.0,0.0,0.0,0.0,1,2,2.0,1051.89,525.945,0.0,1051.89,0.0,0.0,0.0,0,2,0,0,0,M,69,0.0,1.0,0.0,0,0,0,0,Europe
CUST_00364,2024-09-01,2024-12-31,2024-12-30,2025-03-31,91,211,0,False,1,0.0,0.0,0.0,0.0,0.0,0.0,0.0,0.0,0.0,0.0,1,1,1.0,476.4,476.4,0.0,0.0,0.0,0.0,476.4,0,0,0,0,1,F,59,0.0,1.0,0.0,0,0,0,0,Europe
CUST_00378,2024-06-22,2024-12-31,2024-10-20,2025-03-31,162,282,0,False,1,0.0,0.0,0.0,0.0,0.0,0.0,0.0,0.0,0.0,0.0,1,1,1.0,258.7,258.7,0.0,0.0,258.7,0.0,0.0,0,0,1,0,0,M,22,0.0,0.0,1.0,0,0,0,0,North America
CUST_00381,2024-07-15,2024-12-31,2024-11-12,2025-03-31,139,259,0,False,0,0.0,0.0,0.0,0.0,0.0,0.0,0.0,0.0,0.0,0.0,2,6,3.0,2476.36,412.7266666666667,0.0,0.0,0.0,0.0,2476.36,0,0,0,0,6,M,49,0.0,0.0,1.0,0,0,0,0,North America
CUST_00395,2024-07-16,2024-12-31,2024-11-13,2025-03-31,138,258,0,False,1,0.0,0.0,0.0,0.0,0.0,0.0,0.0,0.0,0.0,0.0,1,2,2.0,1941.86,970.93,0.0,0.0,0.0,1941.86,0.0,0,0,0,2,0,Other,59,0.0,1.0,0.0,0,0,0,0,Europe
CUST_00398,2024-07-27,2024-12-31,2024-11-24,2025-03-31,127,247,0,False,1,0.0,0.0,0.0,0.0,0.0,0.0,0.0,0.0,0.0,0.0,1,1,1.0,916.73,916.73,0.0,0.0,916.73,0.0,0.0,0,0,1,0,0,M,46,0.0,0.0,1.0,0,0,0,0,North America
CUST_00406,2024-06-13,2024-12-31,2024-10-11,2025-03-31,171,291,0,False,1,0.0,0.0,0.0,0.0,0.0,0.0,0.0,0.0,0.0,0.0,1,1,1.0,1297.4,1297.4,0.0,0.0,1297.4,0.0,0.0,0,0,1,0,0,M,52,0.0,1.0,0.0,0,0,0,0,Europe
CUST_00411,2024-07-25,2024-12-31,2024-11-22,2025-03-31,129,249,0,False,1,0.0,0.0,0.0,0.0,0.0,0.0,0.0,0.0,0.0,0.0,1,3,3.0,529.31,176.43666666666664,0.0,0.0,0.0,0.0,529.31,0,0,0,0,3,F,45,0.0,0.0,1.0,0,0,0,0,North America
CUST_00419,2024-08-12,2024-12-31,2024-12-10,2025-03-31,111,231,0,False,1,0.0,0.0,0.0,0.0,0.0,0.0,0.0,0.0,0.0,0.0,2,5,2.5,1112.49,239.82083333333333,0.0,459.62,0.0,0.0,652.87,0,3,0,0,2,F,73,1.0,0.0,0.0,0,0,0,0,Asia
CUST_00424,2024-06-29,2024-12-31,2024-10-27,2025-03-31,155,275,0,False,1,0.0,0.0,0.0,0.0,0.0,0.0,0.0,0.0,0.0,0.0,2,3,1.5,1404.1000000000001,392.88,1236.68,0.0,0.0,167.42,0.0,2,0,0,1,0,F,22,0.0,1.0,0.0,0,0,0,0,Europe
CUST_00426,2024-08-07,2024-12-31,2024-12-05,2025-03-31,116,236,0,False,0,0.0,0.0,0.0,0.0,0.0,0.0,0.0,0.0,0.0,0.0,2,3,1.5,1438.73,616.7875,0.0,0.0,0.0,0.0,1438.73,0,0,0,0,3,F,36,1.0,0.0,0.0,0,0,0,0,Asia
CUST_00428,2024-08-22,2024-12-31,2024-12-20,2025-03-31,101,221,0,False,1,0.0,0.0,0.0,0.0,0.0,0.0,0.0,0.0,0.0,0.0,2,6,3.0,2428.82,404.80333333333334,0.0,1675.74,0.0,0.0,753.08,0,3,0,0,3,F,52,1.0,0.0,0.0,0,0,0,0,Asia
CUST_00429,2024-06-19,2024-12-31,2024-10-17,2025-03-31,165,285,0,False,1,0.0,0.0,0.0,0.0,0.0,0.0,0.0,0.0,0.0,0.0,1,4,4.0,1061.88,265.47,0.0,1061.88,0.0,0.0,0.0,0,4,0,0,0,M,26,0.0,1.0,0.0,0,0,0,0,Europe
CUST_00432,2024-08-23,2024-12-31,2024-12-21,2025-03-31,100,220,0,False,1,0.0,0.0,0.0,0.0,0.0,0.0,0.0,0.0,0.0,0.0,2,3,1.5,2020.48,862.2325000000001,0.0,0.0,0.0,592.03,1428.45,0,0,0,2,1,M,54,0.0,1.0,0.0,0,0,0,0,Europe
CUST_00435,2024-08-22,2024-12-31,2024-12-20,2025-03-31,101,221,0,False,1,0.0,0.0,0.0,0.0,0.0,0.0,0.0,0.0,0.0,0.0,1,3,3.0,586.39,195.46333333333334,0.0,0.0,586.39,0.0,0.0,0,0,3,0,0,F,49,0.0,1.0,0.0,0,0,0,0,Europe
CUST_00438,2024-07-15,2024-12-31,2024-11-12,2025-03-31,139,259,0,False,1,0.0,0.0,0.0,0.0,0.0,0.0,0.0,0.0,0.0,0.0,3,8,2.6666666666666665,2922.19,674.1894444444445,0.0,0.0,2922.19,0.0,0.0,0,0,8,0,0,F,50,1.0,0.0,0.0,0,0,0,0,Asia
CUST_00443,2024-07-30,2024-12-31,2024-11-27,2025-03-31,124,244,0,False,0,0.0,0.0,0.0,0.0,0.0,0.0,0.0,0.0,0.0,0.0,2,5,2.5,845.48,170.06083333333333,0.0,495.71,349.77,0.0,0.0,0,3,2,0,0,F,33,0.0,1.0,0.0,0,0,0,0,Europe
CUST_00447,2024-07-10,2024-12-31,2024-11-07,2025-03-31,144,264,0,False,1,0.0,0.0,0.0,0.0,0.0,0.0,0.0,0.0,0.0,0.0,1,1,1.0,1871.34,1871.34,1871.34,0.0,0.0,0.0,0.0,1,0,0,0,0,M,47,1.0,0.0,0.0,0,0,0,0,Asia
CUST_00469,2024-08-11,2024-12-31,2024-12-09,2025-03-31,112,232,0,False,1,0.0,0.0,0.0,0.0,0.0,0.0,0.0,0.0,0.0,0.0,2,4,2.0,3003.92,750.98,1300.23,0.0,0.0,1703.69,0.0,2,0,0,2,0,M,48,1.0,0.0,0.0,0,0,0,0,Asia
CUST_00472,2024-07-08,2024-12-31,2024-11-05,2025-03-31,146,266,0,False,1,0.0,0.0,0.0,0.0,0.0,0.0,0.0,0.0,0.0,0.0,1,2,2.0,1336.53,668.265,0.0,0.0,0.0,1336.53,0.0,0,0,0,2,0,Other,44,1.0,0.0,0.0,0,0,0,0,Asia
CUST_00475,2024-08-01,2024-12-31,2024-11-29,2025-03-31,122,242,0,False,0,0.0,0.0,0.0,0.0,0.0,0.0,0.0,0.0,0.0,0.0,4,10,2.5,3931.5099999999998,409.6116666666667,0.0,950.71,0.0,2980.8,0.0,0,5,0,5,0,F,25,0.0,1.0,0.0,0,0,0,0,Europe
CUST_00483,2024-08-12,2024-12-31,2024-12-10,2025-03-31,111,231,0,False,1,0.0,0.0,0.0,0.0,0.0,0.0,0.0,0.0,0.0,0.0,1,1,1.0,1054.36,1054.36,1054.36,0.0,0.0,0.0,0.0,1,0,0,0,0,M,61,0.0,1.0,0.0,0,0,0,0,Europe
CUST_00485,2024-08-18,2024-12-31,2024-12-16,2025-03-31,105,225,0,False,1,0.0,0.0,0.0,0.0,0.0,0.0,0.0,0.0,0.0,0.0,1,2,2.0,792.62,396.31,0.0,0.0,792.62,0.0,0.0,0,0,2,0,0,F,33,0.0,1.0,0.0,0,0,0,0,Europe
CUST_00490,2024-07-06,2024-12-31,2024-11-03,2025-03-31,148,268,0,False,1,0.0,0.0,0.0,0.0,0.0,0.0,0.0,0.0,0.0,0.0,2,5,2.5,2163.75,525.05,0.0,0.0,2163.75,0.0,0.0,0,0,5,0,0,M,32,0.0,1.0,0.0,0,0,0,0,Europe
CUST_00495,2024-08-10,2024-12-31,2024-12-08,2025-03-31,113,233,0,False,1,0.0,0.0,0.0,0.0,0.0,0.0,0.0,0.0,0.0,0.0,1,3,3.0,1085.18,361.7266666666667,0.0,0.0,1085.18,0.0,0.0,0,0,3,0,0,M,70,0.0,1.0,0.0,0,0,0,0,Europe
CUST_00498,2024-06-04,2024-12-31,2024-10-02,2025-03-31,180,300,0,False,1,0.0,0.0,0.0,0.0,0.0,0.0,0.0,0.0,0.0,0.0,1,1,1.0,1978.45,1978.45,1978.45,0.0,0.0,0.0,0.0,1,0,0,0,0,F,24,0.0,1.0,0.0,0,0,0,0,Europe
CUST_00501,2024-08-04,2024-12-31,2024-12-02,2025-03-31,119,239,0,False,0,0.0,0.0,0.0,0.0,0.0,0.0,0.0,0.0,0.0,0.0,2,4,2.0,2395.1000000000004,598.7750000000001,0.0,1481.64,0.0,913.46,0.0,0,2,0,2,0,F,41,0.0,0.0,1.0,0,0,0,0,North America
CUST_00503,2024-06-10,2024-12-31,2024-10-08,2025-03-31,174,294,0,False,1,0.0,0.0,0.0,0.0,0.0,0.0,0.0,0.0,0.0,0.0,1,2,2.0,1492.62,746.31,0.0,0.0,1492.62,0.0,0.0,0,0,2,0,0,M,36,0.0,1.0,0.0,0,0,0,0,Europe
CUST_00504,2024-09-01,2024-12-31,2024-12-30,2025-03-31,91,211,0,False,1,0.0,0.0,0.0,0.0,0.0,0.0,0.0,0.0,0.0,0.0,3,4,1.3333333333333333,3165.5699999999997,922.0183333333333,1178.48,0.0,0.0,1987.09,0.0,1,0,0,3,0,F,24,0.0,0.0,1.0,0,0,0,0,North America
CUST_00506,2024-06-14,2024-12-31,2024-10-12,2025-03-31,170,290,0,False,1,0.0,0.0,0.0,0.0,0.0,0.0,0.0,0.0,0.0,0.0,1,1,1.0,975.02,975.02,0.0,0.0,0.0,975.02,0.0,0,0,0,1,0,F,63,1.0,0.0,0.0,0,0,0,0,Asia
CUST_00511,2024-08-10,2024-12-31,2024-12-08,2025-03-31,113,233,0,False,1,0.0,0.0,0.0,0.0,0.0,0.0,0.0,0.0,0.0,0.0,3,9,3.0,4898.67,544.2966666666667,1861.82,0.0,1978.65,0.0,1058.2,3,0,3,0,3,F,59,1.0,0.0,0.0,0,0,0,0,Asia
CUST_00514,2024-07-24,2024-12-31,2024-11-21,2025-03-31,130,250,0,False,1,0.0,0.0,0.0,0.0,0.0,0.0,0.0,0.0,0.0,0.0,1,3,3.0,481.11,160.37,0.0,0.0,481.11,0.0,0.0,0,0,3,0,0,M,21,0.0,1.0,0.0,0,0,0,0,Europe
CUST_00523,2024-07-17,2024-12-31,2024-11-14,2025-03-31,137,257,0,False,1,0.0,0.0,0.0,0.0,0.0,0.0,0.0,0.0,0.0,0.0,1,2,2.0,184.54,92.27,0.0,0.0,0.0,184.54,0.0,0,0,0,2,0,F,75,0.0,1.0,0.0,0,0,0,0,Europe
CUST_00526,2024-08-18,2024-12-31,2024-12-16,2025-03-31,105,225,0,False,0,0.0,0.0,0.0,0.0,0.0,0.0,0.0,0.0,0.0,0.0,1,2,2.0,421.02,210.51,421.02,0.0,0.0,0.0,0.0,2,0,0,0,0,M,42,0.0,1.0,0.0,0,0,0,0,Europe
CUST_00536,2024-07-21,2024-12-31,2024-11-18,2025-03-31,133,253,0,False,1,0.0,0.0,0.0,0.0,0.0,0.0,0.0,0.0,0.0,0.0,1,2,2.0,1391.15,695.575,0.0,0.0,0.0,1391.15,0.0,0,0,0,2,0,M,37,0.0,1.0,0.0,0,0,0,0,Europe
CUST_00539,2024-06-29,2024-12-31,2024-10-27,2025-03-31,155,275,0,False,1,0.0,0.0,0.0,0.0,0.0,0.0,0.0,0.0,0.0,0.0,1,2,2.0,1368.57,684.285,1368.57,0.0,0.0,0.0,0.0,2,0,0,0,0,M,47,0.0,1.0,0.0,0,0,0,0,Europe
CUST_00545,2024-08-09,2024-12-31,2024-12-07,2025-03-31,114,234,0,False,1,0.0,0.0,0.0,0.0,0.0,0.0,0.0,0.0,0.0,0.0,2,4,2.0,1582.23,304.0783333333333,121.12,1461.11,0.0,0.0,0.0,1,3,0,0,0,F,25,1.0,0.0,0.0,0,0,0,0,Asia
CUST_00557,2024-06-22,2024-12-31,2024-10-20,2025-03-31,162,282,0,False,0,0.0,0.0,0.0,0.0,0.0,0.0,0.0,0.0,0.0,0.0,1,4,4.0,1497.37,374.3425,0.0,0.0,1497.37,0.0,0.0,0,0,4,0,0,F,71,1.0,0.0,0.0,0,0,0,0,Asia
CUST_00559,2024-07-28,2024-12-31,2024-11-25,2025-03-31,126,246,0,False,1,0.0,0.0,0.0,0.0,0.0,0.0,0.0,0.0,0.0,0.0,2,5,2.5,2572.23,724.68,0.0,1497.16,1075.07,0.0,0.0,0,4,1,0,0,F,60,0.0,1.0,0.0,0,0,0,0,Europe
CUST_00568,2024-07-27,2024-12-31,2024-11-24,2025-03-31,127,247,0,False,1,0.0,0.0,0.0,0.0,0.0,0.0,0.0,0.0,0.0,0.0,2,6,3.0,2429.46,404.90999999999997,1622.74,0.0,0.0,806.72,0.0,3,0,0,3,0,F,39,0.0,1.0,0.0,0,0,0,0,Europe
CUST_00569,2024-06-27,2024-12-31,2024-10-25,2025-03-31,157,277,0,False,1,0.0,0.0,0.0,0.0,0.0,0.0,0.0,0.0,0.0,0.0,1,1,1.0,765.78,765.78,0.0,765.78,0.0,0.0,0.0,0,1,0,0,0,M,53,0.0,1.0,0.0,0,0,0,0,Europe
CUST_00576,2024-08-26,2024-12-31,2024-12-24,2025-03-31,97,217,0,False,1,0.0,0.0,0.0,0.0,0.0,0.0,0.0,0.0,0.0,0.0,1,2,2.0,1723.69,861.845,1723.69,0.0,0.0,0.0,0.0,2,0,0,0,0,F,45,0.0,1.0,0.0,0,0,0,0,Europe
CUST_00578,2024-06-25,2024-12-31,2024-10-23,2025-03-31,159,279,0,False,1,0.0,0.0,0.0,0.0,0.0,0.0,0.0,0.0,0.0,0.0,1,4,4.0,853.63,213.4075,0.0,0.0,853.63,0.0,0.0,0,0,4,0,0,F,57,0.0,1.0,0.0,0,0,0,0,Europe
CUST_00579,2024-06-21,2024-12-31,2024-10-19,2025-03-31,163,283,0,False,1,0.0,0.0,0.0,0.0,0.0,0.0,0.0,0.0,0.0,0.0,1,2,2.0,1087.25,543.625,0.0,0.0,1087.25,0.0,0.0,0,0,2,0,0,F,44,0.0,1.0,0.0,0,0,0,0,Europe
CUST_00582,2024-08-02,2024-12-31,2024-11-30,2025-03-31,121,241,0,False,1,0.0,0.0,0.0,0.0,0.0,0.0,0.0,0.0,0.0,0.0,1,1,1.0,969.44,969.44,0.0,0.0,0.0,969.44,0.0,0,0,0,1,0,M,31,0.0,1.0,0.0,0,0,0,0,Europe
CUST_00592,2024-08-13,2024-12-31,2024-12-11,2025-03-31,110,230,0,False,1,0.0,0.0,0.0,0.0,0.0,0.0,0.0,0.0,0.0,0.0,2,6,3.0,2036.1,339.35,0.0,1149.06,887.04,0.0,0.0,0,3,3,0,0,M,49,0.0,1.0,0.0,0,0,0,0,Europe
CUST_00594,2024-08-18,2024-12-31,2024-12-16,2025-03-31,105,225,0,False,1,0.0,0.0,0.0,0.0,0.0,0.0,0.0,0.0,0.0,0.0,3,6,2.0,3385.58,564.2633333333333,0.0,409.52,1533.59,0.0,1442.47,0,2,2,0,2,M,52,0.0,0.0,1.0,0,0,0,0,North America
CUST_00597,2024-08-22,2024-12-31,2024-12-20,2025-03-31,101,221,0,False,1,0.0,0.0,0.0,0.0,0.0,0.0,0.0,0.0,0.0,0.0,1,1,1.0,1026.45,1026.45,0.0,1026.45,0.0,0.0,0.0,0,1,0,0,0,F,41,0.0,0.0,1.0,0,0,0,0,North America
CUST_00624,2024-06-02,2024-12-31,2024-09-30,2025-03-31,182,302,0,False,1,0.0,0.0,0.0,0.0,0.0,0.0,0.0,0.0,0.0,0.0,1,2,2.0,1458.08,729.04,0.0,0.0,0.0,0.0,1458.08,0,0,0,0,2,M,47,1.0,0.0,0.0,0,0,0,0,Asia
CUST_00628,2024-07-01,2024-12-31,2024-10-29,2025-03-31,153,273,0,False,0,0.0,0.0,0.0,0.0,0.0,0.0,0.0,0.0,0.0,0.0,2,6,3.0,2806.51,467.75166666666667,0.0,887.06,0.0,1919.45,0.0,0,3,0,3,0,Other,42,0.0,1.0,0.0,0,0,0,0,Europe
CUST_00636,2024-06-23,2024-12-31,2024-10-21,2025-03-31,161,281,0,False,0,0.0,0.0,0.0,0.0,0.0,0.0,0.0,0.0,0.0,0.0,1,1,1.0,1794.84,1794.84,0.0,1794.84,0.0,0.0,0.0,0,1,0,0,0,F,65,1.0,0.0,0.0,0,0,0,0,Asia
CUST_00637,2024-06-22,2024-12-31,2024-10-20,2025-03-31,162,282,0,False,1,0.0,0.0,0.0,0.0,0.0,0.0,0.0,0.0,0.0,0.0,1,3,3.0,1231.09,410.3633333333333,0.0,0.0,0.0,1231.09,0.0,0,0,0,3,0,F,47,1.0,0.0,0.0,0,0,0,0,Asia
CUST_00641,2024-07-20,2024-12-31,2024-11-17,2025-03-31,134,254,0,False,1,0.0,0.0,0.0,0.0,0.0,0.0,0.0,0.0,0.0,0.0,1,2,2.0,1462.37,731.185,0.0,0.0,0.0,1462.37,0.0,0,0,0,2,0,M,40,0.0,1.0,0.0,0,0,0,0,Europe
CUST_00645,2024-06-23,2024-12-31,2024-10-21,2025-03-31,161,281,0,False,1,0.0,0.0,0.0,0.0,0.0,0.0,0.0,0.0,0.0,0.0,1,3,3.0,661.55,220.51666666666665,0.0,661.55,0.0,0.0,0.0,0,3,0,0,0,F,52,0.0,0.0,1.0,0,0,0,0,North America
CUST_00648,2024-06-26,2024-12-31,2024-10-24,2025-03-31,158,278,0,False,1,0.0,0.0,0.0,0.0,0.0,0.0,0.0,0.0,0.0,0.0,1,2,2.0,1861.15,930.575,1861.15,0.0,0.0,0.0,0.0,2,0,0,0,0,M,41,1.0,0.0,0.0,0,0,0,0,Asia
CUST_00654,2024-06-25,2024-12-31,2024-10-23,2025-03-31,159,279,0,False,0,0.0,0.0,0.0,0.0,0.0,0.0,0.0,0.0,0.0,0.0,1,2,2.0,812.59,406.295,812.59,0.0,0.0,0.0,0.0,2,0,0,0,0,M,44,0.0,0.0,1.0,0,0,0,0,North America
CUST_00657,2024-08-23,2024-12-31,2024-12-21,2025-03-31,100,220,0,False,1,0.0,0.0,0.0,0.0,0.0,0.0,0.0,0.0,0.0,0.0,2,4,2.0,3299.14,1149.4533333333334,0.0,0.0,0.0,1798.79,1500.35,0,0,0,1,3,M,44,1.0,0.0,0.0,0,0,0,0,Asia
CUST_00660,2024-07-07,2024-12-31,2024-11-04,2025-03-31,147,267,0,False,0,0.0,0.0,0.0,0.0,0.0,0.0,0.0,0.0,0.0,0.0,2,3,1.5,2267.35,845.0325,0.0,0.0,0.0,0.0,2267.35,0,0,0,0,3,F,27,1.0,0.0,0.0,0,0,0,0,Asia
CUST_00662,2024-06-18,2024-12-31,2024-10-16,2025-03-31,166,286,0,False,1,0.0,0.0,0.0,0.0,0.0,0.0,0.0,0.0,0.0,0.0,1,1,1.0,1883.89,1883.89,0.0,1883.89,0.0,0.0,0.0,0,1,0,0,0,M,63,1.0,0.0,0.0,0,0,0,0,Asia
CUST_00665,2024-07-08,2024-12-31,2024-11-05,2025-03-31,146,266,0,False,1,0.0,0.0,0.0,0.0,0.0,0.0,0.0,0.0,0.0,0.0,1,6,6.0,646.89,107.815,0.0,0.0,646.89,0.0,0.0,0,0,6,0,0,M,41,0.0,1.0,0.0,0,0,0,0,Europe
CUST_00669,2024-07-16,2024-12-31,2024-11-13,2025-03-31,138,258,0,False,1,0.0,0.0,0.0,0.0,0.0,0.0,0.0,0.0,0.0,0.0,1,1,1.0,817.4,817.4,817.4,0.0,0.0,0.0,0.0,1,0,0,0,0,F,27,0.0,1.0,0.0,0,0,0,0,Europe
CUST_00675,2024-08-10,2024-12-31,2024-12-08,2025-03-31,113,233,0,False,1,0.0,0.0,0.0,0.0,0.0,0.0,0.0,0.0,0.0,0.0,1,3,3.0,1872.62,624.2066666666666,1872.62,0.0,0.0,0.0,0.0,3,0,0,0,0,F,57,0.0,0.0,1.0,0,0,0,0,North America
CUST_00678,2024-06-20,2024-12-31,2024-10-18,2025-03-31,164,284,0,False,1,0.0,0.0,0.0,0.0,0.0,0.0,0.0,0.0,0.0,0.0,1,2,2.0,1485.94,742.97,0.0,0.0,0.0,1485.94,0.0,0,0,0,2,0,F,64,0.0,1.0,0.0,0,0,0,0,Europe
CUST_00679,2024-09-01,2024-12-31,2024-12-30,2025-03-31,91,211,0,False,1,0.0,0.0,0.0,0.0,0.0,0.0,0.0,0.0,0.0,0.0,3,4,1.3333333333333333,3081.2000000000003,855.58,0.0,1350.24,1730.96,0.0,0.0,0,3,1,0,0,F,35,0.0,1.0,0.0,0,0,0,0,Europe
CUST_00680,2024-06-03,2024-12-31,2024-10-01,2025-03-31,181,301,0,False,0,0.0,0.0,0.0,0.0,0.0,0.0,0.0,0.0,0.0,0.0,1,2,2.0,1846.56,923.28,1846.56,0.0,0.0,0.0,0.0,2,0,0,0,0,F,57,0.0,1.0,0.0,0,0,0,0,Europe
CUST_00681,2024-07-21,2024-12-31,2024-11-18,2025-03-31,133,253,0,False,1,0.0,0.0,0.0,0.0,0.0,0.0,0.0,0.0,0.0,0.0,1,2,2.0,788.01,394.005,0.0,0.0,0.0,788.01,0.0,0,0,0,2,0,M,64,0.0,1.0,0.0,0,0,0,0,Europe
CUST_00691,2024-08-22,2024-12-31,2024-12-20,2025-03-31,101,221,0,False,1,0.0,0.0,0.0,0.0,0.0,0.0,0.0,0.0,0.0,0.0,2,4,2.0,2204.7,478.2366666666667,332.36,1872.34,0.0,0.0,0.0,1,3,0,0,0,F,23,0.0,0.0,1.0,0,0,0,0,North America
CUST_00698,2024-08-28,2024-12-31,2024-12-26,2025-03-31,95,215,0,False,1,0.0,0.0,0.0,0.0,0.0,0.0,0.0,0.0,0.0,0.0,2,3,1.5,722.4200000000001,295.8675,461.05,0.0,261.37,0.0,0.0,1,0,2,0,0,F,40,0.0,1.0,0.0,0,0,0,0,Europe
CUST_00702,2024-06-26,2024-12-31,2024-10-24,2025-03-31,158,278,0,False,1,0.0,0.0,0.0,0.0,0.0,0.0,0.0,0.0,0.0,0.0,2,7,3.5,2729.6400000000003,526.4970000000001,0.0,1039.42,0.0,1690.22,0.0,0,5,0,2,0,F,37,0.0,1.0,0.0,0,0,0,0,Europe
CUST_00710,2024-07-22,2024-12-31,2024-11-19,2025-03-31,132,252,0,False,1,0.0,0.0,0.0,0.0,0.0,0.0,0.0,0.0,0.0,0.0,1,2,2.0,1370.46,685.23,0.0,0.0,1370.46,0.0,0.0,0,0,2,0,0,F,41,0.0,0.0,1.0,0,0,0,0,North America
CUST_00711,2024-08-25,2024-12-31,2024-12-23,2025-03-31,98,218,0,False,1,0.0,0.0,0.0,0.0,0.0,0.0,0.0,0.0,0.0,0.0,1,2,2.0,1978.16,989.08,1978.16,0.0,0.0,0.0,0.0,2,0,0,0,0,F,53,0.0,1.0,0.0,0,0,0,0,Europe
CUST_00717,2024-06-30,2024-12-31,2024-10-28,2025-03-31,154,274,0,False,0,0.0,0.0,0.0,0.0,0.0,0.0,0.0,0.0,0.0,0.0,3,7,2.3333333333333335,1136.35,210.91,0.0,101.16,380.92,0.0,654.27,0,3,1,0,3,F,64,1.0,0.0,0.0,0,0,0,0,Asia
CUST_00719,2024-08-29,2024-12-31,2024-12-27,2025-03-31,94,214,0,False,0,0.0,0.0,0.0,0.0,0.0,0.0,0.0,0.0,0.0,0.0,1,1,1.0,1519.04,1519.04,0.0,0.0,0.0,1519.04,0.0,0,0,0,1,0,F,66,1.0,0.0,0.0,0,0,0,0,Asia
CUST_00722,2024-08-07,2024-12-31,2024-12-05,2025-03-31,116,236,0,False,1,0.0,0.0,0.0,0.0,0.0,0.0,0.0,0.0,0.0,0.0,2,6,3.0,1229.69,240.79,1229.69,0.0,0.0,0.0,0.0,6,0,0,0,0,M,38,1.0,0.0,0.0,0,0,0,0,Asia
CUST_00731,2024-07-12,2024-12-31,2024-11-09,2025-03-31,142,262,0,False,1,0.0,0.0,0.0,0.0,0.0,0.0,0.0,0.0,0.0,0.0,1,3,3.0,1576.73,525.5766666666667,0.0,1576.73,0.0,0.0,0.0,0,3,0,0,0,F,74,0.0,0.0,1.0,0,0,0,0,North America
CUST_00732,2024-07-21,2024-12-31,2024-11-18,2025-03-31,133,253,0,False,1,0.0,0.0,0.0,0.0,0.0,0.0,0.0,0.0,0.0,0.0,2,7,3.5,1440.6599999999999,204.33416666666665,858.62,0.0,0.0,582.04,0.0,4,0,0,3,0,F,71,0.0,0.0,1.0,0,0,0,0,North America
CUST_00735,2024-07-28,2024-12-31,2024-11-25,2025-03-31,126,246,0,False,1,0.0,0.0,0.0,0.0,0.0,0.0,0.0,0.0,0.0,0.0,2,6,3.0,2293.06,324.83500000000004,0.0,0.0,0.0,305.62,1987.44,0,0,0,2,4,F,38,0.0,0.0,1.0,0,0,0,0,North America
CUST_00742,2024-08-15,2024-12-31,2024-12-13,2025-03-31,108,228,0,False,1,0.0,0.0,0.0,0.0,0.0,0.0,0.0,0.0,0.0,0.0,1,2,2.0,816.29,408.145,816.29,0.0,0.0,0.0,0.0,2,0,0,0,0,F,24,0.0,0.0,1.0,0,0,0,0,North America
CUST_00744,2024-07-20,2024-12-31,2024-11-17,2025-03-31,134,254,0,False,1,0.0,0.0,0.0,0.0,0.0,0.0,0.0,0.0,0.0,0.0,1,2,2.0,500.81,250.405,0.0,500.81,0.0,0.0,0.0,0,2,0,0,0,F,69,0.0,1.0,0.0,0,0,0,0,Europe
CUST_00747,2024-06-04,2024-12-31,2024-10-02,2025-03-31,180,300,0,False,1,0.0,0.0,0.0,0.0,0.0,0.0,0.0,0.0,0.0,0.0,1,1,1.0,1002.44,1002.44,0.0,0.0,1002.44,0.0,0.0,0,0,1,0,0,F,72,0.0,0.0,1.0,0,0,0,0,North America
CUST_00761,2024-07-27,2024-12-31,2024-11-24,2025-03-31,127,247,0,False,1,0.0,0.0,0.0,0.0,0.0,0.0,0.0,0.0,0.0,0.0,1,1,1.0,1175.26,1175.26,0.0,1175.26,0.0,0.0,0.0,0,1,0,0,0,F,31,1.0,0.0,0.0,0,0,0,0,Asia
CUST_00766,2024-08-03,2024-12-31,2024-12-01,2025-03-31,120,240,0,False,1,0.0,0.0,0.0,0.0,0.0,0.0,0.0,0.0,0.0,0.0,1,1,1.0,698.98,698.98,0.0,698.98,0.0,0.0,0.0,0,1,0,0,0,F,48,1.0,0.0,0.0,0,0,0,0,Asia
CUST_00767,2024-08-31,2024-12-31,2024-12-29,2025-03-31,92,212,0,False,1,0.0,0.0,0.0,0.0,0.0,0.0,0.0,0.0,0.0,0.0,1,3,3.0,417.52,139.17333333333332,0.0,417.52,0.0,0.0,0.0,0,3,0,0,0,F,68,1.0,0.0,0.0,0,0,0,0,Asia
CUST_00768,2024-06-28,2024-12-31,2024-10-26,2025-03-31,156,276,0,False,1,0.0,0.0,0.0,0.0,0.0,0.0,0.0,0.0,0.0,0.0,1,2,2.0,349.59,174.795,0.0,349.59,0.0,0.0,0.0,0,2,0,0,0,M,35,1.0,0.0,0.0,0,0,0,0,Asia
CUST_00780,2024-06-28,2024-12-31,2024-10-26,2025-03-31,156,276,0,False,1,0.0,0.0,0.0,0.0,0.0,0.0,0.0,0.0,0.0,0.0,1,2,2.0,1453.41,726.705,0.0,0.0,1453.41,0.0,0.0,0,0,2,0,0,F,32,0.0,0.0,1.0,0,0,0,0,North America
CUST_00782,2024-06-29,2024-12-31,2024-10-27,2025-03-31,155,275,0,False,0,0.0,0.0,0.0,0.0,0.0,0.0,0.0,0.0,0.0,0.0,2,6,3.0,1815.69,281.07124999999996,1382.81,432.88,0.0,0.0,0.0,4,2,0,0,0,F,44,0.0,1.0,0.0,0,0,0,0,Europe
CUST_00784,2024-08-29,2024-12-31,2024-12-27,2025-03-31,94,214,0,False,1,0.0,0.0,0.0,0.0,0.0,0.0,0.0,0.0,0.0,0.0,1,2,2.0,468.54,234.27,0.0,468.54,0.0,0.0,0.0,0,2,0,0,0,F,29,1.0,0.0,0.0,0,0,0,0,Asia
CUST_00785,2024-06-24,2024-12-31,2024-10-22,2025-03-31,160,280,0,False,1,0.0,0.0,0.0,0.0,0.0,0.0,0.0,0.0,0.0,0.0,1,1,1.0,1698.58,1698.58,0.0,0.0,0.0,0.0,1698.58,0,0,0,0,1,F,55,0.0,1.0,0.0,0,0,0,0,Europe
CUST_00793,2024-08-19,2024-12-31,2024-12-17,2025-03-31,104,224,0,False,1,0.0,0.0,0.0,0.0,0.0,0.0,0.0,0.0,0.0,0.0,2,3,1.5,2238.31,886.355,931.2,0.0,0.0,0.0,1307.11,2,0,0,0,1,Other,57,1.0,0.0,0.0,0,0,0,0,Asia
CUST_00795,2024-08-24,2024-12-31,2024-12-22,2025-03-31,99,219,0,False,1,0.0,0.0,0.0,0.0,0.0,0.0,0.0,0.0,0.0,0.0,1,3,3.0,574.56,191.51999999999998,0.0,574.56,0.0,0.0,0.0,0,3,0,0,0,F,58,0.0,1.0,0.0,0,0,0,0,Europe
CUST_00798,2024-07-14,2024-12-31,2024-11-11,2025-03-31,140,260,0,False,1,0.0,0.0,0.0,0.0,0.0,0.0,0.0,0.0,0.0,0.0,1,2,2.0,182.16,91.08,0.0,0.0,182.16,0.0,0.0,0,0,2,0,0,F,27,0.0,1.0,0.0,0,0,0,0,Europe
CUST_00799,2024-07-07,2024-12-31,2024-11-04,2025-03-31,147,267,0,False,1,0.0,0.0,0.0,0.0,0.0,0.0,0.0,0.0,0.0,0.0,2,5,2.5,1555.25,277.0175,0.0,0.0,1341.54,0.0,213.71,0,0,3,0,2,M,62,1.0,0.0,0.0,0,0,0,0,Asia
CUST_00801,2024-07-22,2024-12-31,2024-11-19,2025-03-31,132,252,0,False,1,0.0,0.0,0.0,0.0,0.0,0.0,0.0,0.0,0.0,0.0,1,2,2.0,1654.91,827.455,0.0,0.0,1654.91,0.0,0.0,0,0,2,0,0,M,45,0.0,0.0,1.0,0,0,0,0,North America
CUST_00809,2024-06-26,2024-12-31,2024-10-24,2025-03-31,158,278,0,False,1,0.0,0.0,0.0,0.0,0.0,0.0,0.0,0.0,0.0,0.0,1,2,2.0,1674.12,837.06,0.0,0.0,0.0,0.0,1674.12,0,0,0,0,2,F,65,0.0,1.0,0.0,0,0,0,0,Europe
CUST_00810,2024-06-22,2024-12-31,2024-10-20,2025-03-31,162,282,0,False,1,0.0,0.0,0.0,0.0,0.0,0.0,0.0,0.0,0.0,0.0,1,3,3.0,707.52,235.84,0.0,0.0,0.0,0.0,707.52,0,0,0,0,3,F,64,1.0,0.0,0.0,0,0,0,0,Asia
CUST_00812,2024-07-21,2024-12-31,2024-11-18,2025-03-31,133,253,0,False,1,0.0,0.0,0.0,0.0,0.0,0.0,0.0,0.0,0.0,0.0,1,1,1.0,600.14,600.14,600.14,0.0,0.0,0.0,0.0,1,0,0,0,0,Other,44,1.0,0.0,0.0,0,0,0,0,Asia
CUST_00823,2024-07-03,2024-12-31,2024-10-31,2025-03-31,151,271,0,False,1,0.0,0.0,0.0,0.0,0.0,0.0,0.0,0.0,0.0,0.0,1,3,3.0,1483.16,494.3866666666667,0.0,0.0,0.0,0.0,1483.16,0,0,0,0,3,F,50,0.0,0.0,1.0,0,0,0,0,North America
CUST_00824,2024-06-16,2024-12-31,2024-10-14,2025-03-31,168,288,0,False,1,0.0,0.0,0.0,0.0,0.0,0.0,0.0,0.0,0.0,0.0,1,3,3.0,1589.48,529.8266666666667,0.0,0.0,1589.48,0.0,0.0,0,0,3,0,0,M,68,0.0,1.0,0.0,0,0,0,0,Europe
CUST_00827,2024-08-31,2024-12-31,2024-12-29,2025-03-31,92,212,0,False,1,0.0,0.0,0.0,0.0,0.0,0.0,0.0,0.0,0.0,0.0,2,2,1.0,2871.48,1435.74,0.0,0.0,1428.48,1443.0,0.0,0,0,1,1,0,M,48,0.0,1.0,0.0,0,0,0,0,Europe
CUST_00828,2024-08-15,2024-12-31,2024-12-13,2025-03-31,108,228,0,False,1,0.0,0.0,0.0,0.0,0.0,0.0,0.0,0.0,0.0,0.0,4,5,1.25,3835.0099999999998,933.1837499999999,0.0,1522.3799999999999,0.0,2312.63,0.0,0,3,0,2,0,M,39,0.0,0.0,1.0,0,0,0,0,North America
CUST_00830,2024-08-28,2024-12-31,2024-12-26,2025-03-31,95,215,0,False,1,0.0,0.0,0.0,0.0,0.0,0.0,0.0,0.0,0.0,0.0,3,6,2.0,2358.2799999999997,447.63055555555553,0.0,538.3,0.0,632.39,1187.59,0,1,0,3,2,F,40,0.0,1.0,0.0,0,0,0,0,Europe
CUST_00839,2024-07-26,2024-12-31,2024-11-23,2025-03-31,128,248,0,False,0,0.0,0.0,0.0,0.0,0.0,0.0,0.0,0.0,0.0,0.0,1,1,1.0,182.08,182.08,0.0,0.0,182.08,0.0,0.0,0,0,1,0,0,F,48,0.0,1.0,0.0,0,0,0,0,Europe
CUST_00848,2024-07-18,2024-12-31,2024-11-15,2025-03-31,136,256,0,False,1,0.0,0.0,0.0,0.0,0.0,0.0,0.0,0.0,0.0,0.0,2,3,1.5,2615.94,1053.21,1019.04,0.0,0.0,0.0,1596.9,2,0,0,0,1,M,71,1.0,0.0,0.0,0,0,0,0,Asia
CUST_00849,2024-07-26,2024-12-31,2024-11-23,2025-03-31,128,248,0,False,1,0.0,0.0,0.0,0.0,0.0,0.0,0.0,0.0,0.0,0.0,2,5,2.5,2993.1400000000003,621.3758333333334,1470.23,1522.91,0.0,0.0,0.0,2,3,0,0,0,F,29,0.0,1.0,0.0,0,0,0,0,Europe
CUST_00850,2024-08-27,2024-12-31,2024-12-25,2025-03-31,96,216,0,False,1,0.0,0.0,0.0,0.0,0.0,0.0,0.0,0.0,0.0,0.0,1,1,1.0,973.11,973.11,0.0,0.0,0.0,0.0,973.11,0,0,0,0,1,F,51,1.0,0.0,0.0,0,0,0,0,Asia
CUST_00856,2024-07-29,2024-12-31,2024-11-26,2025-03-31,125,245,0,False,0,0.0,0.0,0.0,0.0,0.0,0.0,0.0,0.0,0.0,0.0,1,1,1.0,1022.93,1022.93,0.0,0.0,0.0,0.0,1022.93,0,0,0,0,1,M,71,0.0,1.0,0.0,0,0,0,0,Europe
CUST_00857,2024-06-02,2024-12-31,2024-09-30,2025-03-31,182,302,0,False,1,0.0,0.0,0.0,0.0,0.0,0.0,0.0,0.0,0.0,0.0,1,2,2.0,489.29,244.645,0.0,0.0,489.29,0.0,0.0,0,0,2,0,0,F,21,1.0,0.0,0.0,0,0,0,0,Asia
CUST_00869,2024-08-13,2024-12-31,2024-12-11,2025-03-31,110,230,0,False,1,0.0,0.0,0.0,0.0,0.0,0.0,0.0,0.0,0.0,0.0,2,4,2.0,2135.36,533.84,0.0,1562.42,0.0,572.94,0.0,0,2,0,2,0,F,54,1.0,0.0,0.0,0,0,0,0,Asia
CUST_00872,2024-06-10,2024-12-31,2024-10-08,2025-03-31,174,294,0,False,1,0.0,0.0,0.0,0.0,0.0,0.0,0.0,0.0,0.0,0.0,1,1,1.0,991.85,991.85,0.0,0.0,0.0,0.0,991.85,0,0,0,0,1,M,63,0.0,0.0,1.0,0,0,0,0,North America
CUST_00874,2024-08-18,2024-12-31,2024-12-16,2025-03-31,105,225,0,False,1,0.0,0.0,0.0,0.0,0.0,0.0,0.0,0.0,0.0,0.0,1,1,1.0,1367.01,1367.01,0.0,0.0,0.0,0.0,1367.01,0,0,0,0,1,F,42,0.0,0.0,1.0,0,0,0,0,North America
CUST_00879,2024-06-26,2024-12-31,2024-10-24,2025-03-31,158,278,0,False,0,0.0,0.0,0.0,0.0,0.0,0.0,0.0,0.0,0.0,0.0,1,1,1.0,254.9,254.9,0.0,0.0,0.0,254.9,0.0,0,0,0,1,0,F,28,1.0,0.0,0.0,0,0,0,0,Asia
CUST_00890,2024-08-26,2024-12-31,2024-12-24,2025-03-31,97,217,0,False,1,0.0,0.0,0.0,0.0,0.0,0.0,0.0,0.0,0.0,0.0,2,4,2.0,2734.5,1038.8633333333332,985.16,0.0,0.0,0.0,1749.34,3,0,0,0,1,M,53,0.0,1.0,0.0,0,0,0,0,Europe
CUST_00893,2024-07-04,2024-12-31,2024-11-01,2025-03-31,150,270,0,False,1,0.0,0.0,0.0,0.0,0.0,0.0,0.0,0.0,0.0,0.0,1,4,4.0,1036.06,259.015,0.0,1036.06,0.0,0.0,0.0,0,4,0,0,0,M,39,1.0,0.0,0.0,0,0,0,0,Asia
CUST_00900,2024-07-22,2024-12-31,2024-11-19,2025-03-31,132,252,0,False,1,0.0,0.0,0.0,0.0,0.0,0.0,0.0,0.0,0.0,0.0,1,2,2.0,262.52,131.26,0.0,0.0,0.0,262.52,0.0,0,0,0,2,0,F,67,0.0,0.0,1.0,0,0,0,0,North America
CUST_00922,2024-07-15,2024-12-31,2024-11-12,2025-03-31,139,259,0,False,1,0.0,0.0,0.0,0.0,0.0,0.0,0.0,0.0,0.0,0.0,2,4,2.0,2487.71,621.9275,1307.28,0.0,0.0,0.0,1180.43,2,0,0,0,2,M,64,0.0,1.0,0.0,0,0,0,0,Europe
CUST_00923,2024-07-18,2024-12-31,2024-11-15,2025-03-31,136,256,0,False,0,0.0,0.0,0.0,0.0,0.0,0.0,0.0,0.0,0.0,0.0,1,2,2.0,455.78,227.89,0.0,0.0,455.78,0.0,0.0,0,0,2,0,0,M,75,0.0,1.0,0.0,0,0,0,0,Europe
CUST_00926,2024-08-28,2024-12-31,2024-12-26,2025-03-31,95,215,0,False,1,0.0,0.0,0.0,0.0,0.0,0.0,0.0,0.0,0.0,0.0,2,6,3.0,1693.63,282.27166666666665,750.34,943.29,0.0,0.0,0.0,3,3,0,0,0,M,71,0.0,0.0,1.0,0,0,0,0,North America
CUST_00937,2024-08-07,2024-12-31,2024-12-05,2025-03-31,116,236,0,False,1,0.0,0.0,0.0,0.0,0.0,0.0,0.0,0.0,0.0,0.0,1,1,1.0,1060.98,1060.98,0.0,0.0,0.0,1060.98,0.0,0,0,0,1,0,F,74,1.0,0.0,0.0,0,0,0,0,Asia
CUST_00941,2024-06-23,2024-12-31,2024-10-21,2025-03-31,161,281,0,False,1,0.0,0.0,0.0,0.0,0.0,0.0,0.0,0.0,0.0,0.0,1,3,3.0,1119.58,373.1933333333333,0.0,0.0,0.0,1119.58,0.0,0,0,0,3,0,F,38,0.0,0.0,1.0,0,0,0,0,North America
CUST_00945,2024-08-18,2024-12-31,2024-12-16,2025-03-31,105,225,0,False,1,0.0,0.0,0.0,0.0,0.0,0.0,0.0,0.0,0.0,0.0,2,4,2.0,2808.6499999999996,702.1624999999999,0.0,0.0,0.0,0.0,2808.6499999999996,0,0,0,0,4,M,42,0.0,0.0,1.0,0,0,0,0,North America
CUST_00951,2024-06-24,2024-12-31,2024-10-22,2025-03-31,160,280,0,False,1,0.0,0.0,0.0,0.0,0.0,0.0,0.0,0.0,0.0,0.0,1,1,1.0,1604.51,1604.51,0.0,0.0,0.0,0.0,1604.51,0,0,0,0,1,F,42,0.0,1.0,0.0,0,0,0,0,Europe
CUST_00952,2024-08-16,2024-12-31,2024-12-14,2025-03-31,107,227,0,False,1,0.0,0.0,0.0,0.0,0.0,0.0,0.0,0.0,0.0,0.0,2,3,1.5,1812.1599999999999,719.4449999999999,746.54,0.0,0.0,1065.62,0.0,2,0,0,1,0,M,24,1.0,0.0,0.0,0,0,0,0,Asia
CUST_00953,2024-06-06,2024-12-31,2024-10-04,2025-03-31,178,298,0,False,0,0.0,0.0,0.0,0.0,0.0,0.0,0.0,0.0,0.0,0.0,1,1,1.0,1049.42,1049.42,0.0,0.0,0.0,0.0,1049.42,0,0,0,0,1,F,38,1.0,0.0,0.0,0,0,0,0,Asia
CUST_00957,2024-06-20,2024-12-31,2024-10-18,2025-03-31,164,284,0,False,1,0.0,0.0,0.0,0.0,0.0,0.0,0.0,0.0,0.0,0.0,1,2,2.0,1283.38,641.69,0.0,0.0,1283.38,0.0,0.0,0,0,2,0,0,M,46,0.0,1.0,0.0,0,0,0,0,Europe
CUST_00959,2024-06-11,2024-12-31,2024-10-09,2025-03-31,173,293,0,False,1,0.0,0.0,0.0,0.0,0.0,0.0,0.0,0.0,0.0,0.0,1,3,3.0,1814.02,604.6733333333333,0.0,0.0,1814.02,0.0,0.0,0,0,3,0,0,F,34,0.0,1.0,0.0,0,0,0,0,Europe
CUST_00967,2024-06-29,2024-12-31,2024-10-27,2025-03-31,155,275,0,False,1,0.0,0.0,0.0,0.0,0.0,0.0,0.0,0.0,0.0,0.0,1,3,3.0,1828.39,609.4633333333334,0.0,0.0,0.0,0.0,1828.39,0,0,0,0,3,M,66,0.0,0.0,1.0,0,0,0,0,North America
CUST_00970,2024-08-14,2024-12-31,2024-12-12,2025-03-31,109,229,0,False,1,0.0,0.0,0.0,0.0,0.0,0.0,0.0,0.0,0.0,0.0,1,4,4.0,578.31,144.5775,0.0,578.31,0.0,0.0,0.0,0,4,0,0,0,M,52,0.0,1.0,0.0,0,0,0,0,Europe
CUST_00981,2024-06-15,2024-12-31,2024-10-13,2025-03-31,169,289,0,False,1,0.0,0.0,0.0,0.0,0.0,0.0,0.0,0.0,0.0,0.0,1,2,2.0,708.54,354.27,0.0,0.0,0.0,0.0,708.54,0,0,0,0,2,F,25,1.0,0.0,0.0,0,0,0,0,Asia
CUST_00982,2024-08-12,2024-12-31,2024-12-10,2025-03-31,111,231,0,False,1,0.0,0.0,0.0,0.0,0.0,0.0,0.0,0.0,0.0,0.0,3,10,3.3333333333333335,3978.79,491.672,0.0,2057.62,1921.17,0.0,0.0,0,7,3,0,0,M,29,0.0,1.0,0.0,0,0,0,0,Europe
CUST_01002,2024-06-23,2024-12-31,2024-10-21,2025-03-31,161,281,0,False,1,0.0,0.0,0.0,0.0,0.0,0.0,0.0,0.0,0.0,0.0,2,3,1.5,1141.65,352.46000000000004,0.0,0.0,0.0,1141.65,0.0,0,0,0,3,0,F,25,0.0,1.0,0.0,0,0,0,0,Europe
CUST_01008,2024-08-19,2024-12-31,2024-12-17,2025-03-31,104,224,0,False,1,0.0,0.0,0.0,0.0,0.0,0.0,0.0,0.0,0.0,0.0,3,6,2.0,3492.0299999999997,760.7555555555555,0.0,0.0,174.46,0.0,3317.5699999999997,0,0,2,0,4,F,34,0.0,1.0,0.0,0,0,0,0,Europe
CUST_01015,2024-07-31,2024-12-31,2024-11-28,2025-03-31,123,243,0,False,1,0.0,0.0,0.0,0.0,0.0,0.0,0.0,0.0,0.0,0.0,1,2,2.0,961.97,480.985,0.0,961.97,0.0,0.0,0.0,0,2,0,0,0,F,64,0.0,1.0,0.0,0,0,0,0,Europe
CUST_01018,2024-08-16,2024-12-31,2024-12-14,2025-03-31,107,227,0,False,1,0.0,0.0,0.0,0.0,0.0,0.0,0.0,0.0,0.0,0.0,1,3,3.0,685.44,228.48000000000002,685.44,0.0,0.0,0.0,0.0,3,0,0,0,0,M,42,1.0,0.0,0.0,0,0,0,0,Asia
CUST_01024,2024-08-11,2024-12-31,2024-12-09,2025-03-31,112,232,0,False,1,0.0,0.0,0.0,0.0,0.0,0.0,0.0,0.0,0.0,0.0,6,16,2.6666666666666665,5699.22,456.8386111111111,0.0,2274.6800000000003,434.84,932.43,2057.27,0,3,3,2,8,F,67,0.0,1.0,0.0,0,0,0,0,Europe
CUST_01027,2024-06-26,2024-12-31,2024-10-24,2025-03-31,158,278,0,False,1,0.0,0.0,0.0,0.0,0.0,0.0,0.0,0.0,0.0,0.0,2,7,3.5,2694.48,393.5191666666667,0.0,0.0,1333.46,1361.02,0.0,0,0,4,3,0,F,54,0.0,1.0,0.0,0,0,0,0,Europe
CUST_01050,2024-08-30,2024-12-31,2024-12-28,2025-03-31,93,213,0,False,1,0.0,0.0,0.0,0.0,0.0,0.0,0.0,0.0,0.0,0.0,2,5,2.5,2120.54,473.54,1441.4,0.0,0.0,679.14,0.0,2,0,0,3,0,M,31,0.0,0.0,1.0,0,0,0,0,North America
CUST_01053,2024-07-03,2024-12-31,2024-10-31,2025-03-31,151,271,0,False,1,0.0,0.0,0.0,0.0,0.0,0.0,0.0,0.0,0.0,0.0,1,1,1.0,271.26,271.26,0.0,271.26,0.0,0.0,0.0,0,1,0,0,0,F,25,0.0,1.0,0.0,0,0,0,0,Europe
CUST_01055,2024-07-12,2024-12-31,2024-11-09,2025-03-31,142,262,0,False,1,0.0,0.0,0.0,0.0,0.0,0.0,0.0,0.0,0.0,0.0,2,5,2.5,2743.45,781.93625,1572.77,1170.68,0.0,0.0,0.0,4,1,0,0,0,F,73,1.0,0.0,0.0,0,0,0,0,Asia
CUST_01061,2024-08-17,2024-12-31,2024-12-15,2025-03-31,106,226,0,False,1,0.0,0.0,0.0,0.0,0.0,0.0,0.0,0.0,0.0,0.0,1,1,1.0,574.74,574.74,0.0,0.0,574.74,0.0,0.0,0,0,1,0,0,F,31,0.0,1.0,0.0,0,0,0,0,Europe
CUST_01062,2024-07-04,2024-12-31,2024-11-01,2025-03-31,150,270,0,False,1,0.0,0.0,0.0,0.0,0.0,0.0,0.0,0.0,0.0,0.0,2,6,3.0,1672.98,278.83000000000004,0.0,1379.71,0.0,0.0,293.27,0,3,0,0,3,F,58,0.0,1.0,0.0,0,0,0,0,Europe
CUST_01065,2024-09-01,2024-12-31,2024-12-30,2025-03-31,91,211,0,False,1,0.0,0.0,0.0,0.0,0.0,0.0,0.0,0.0,0.0,0.0,1,2,2.0,1182.03,591.015,0.0,1182.03,0.0,0.0,0.0,0,2,0,0,0,M,25,1.0,0.0,0.0,0,0,0,0,Asia
CUST_01069,2024-08-17,2024-12-31,2024-12-15,2025-03-31,106,226,0,False,1,0.0,0.0,0.0,0.0,0.0,0.0,0.0,0.0,0.0,0.0,4,8,2.0,3021.29,533.8854166666666,1662.54,870.48,0.0,0.0,488.27,3,2,0,0,3,F,39,1.0,0.0,0.0,0,0,0,0,Asia
CUST_01084,2024-07-13,2024-12-31,2024-11-10,2025-03-31,141,261,0,False,1,0.0,0.0,0.0,0.0,0.0,0.0,0.0,0.0,0.0,0.0,2,4,2.0,2222.82,589.9200000000001,0.0,1564.47,0.0,658.35,0.0,0,3,0,1,0,F,66,0.0,1.0,0.0,0,0,0,0,Europe
CUST_01093,2024-06-08,2024-12-31,2024-10-06,2025-03-31,176,296,0,False,1,0.0,0.0,0.0,0.0,0.0,0.0,0.0,0.0,0.0,0.0,1,1,1.0,626.04,626.04,0.0,0.0,0.0,626.04,0.0,0,0,0,1,0,M,42,0.0,0.0,1.0,0,0,0,0,North America
CUST_01096,2024-07-09,2024-12-31,2024-11-06,2025-03-31,145,265,0,False,1,0.0,0.0,0.0,0.0,0.0,0.0,0.0,0.0,0.0,0.0,1,1,1.0,1585.89,1585.89,0.0,0.0,0.0,0.0,1585.89,0,0,0,0,1,Other,36,0.0,1.0,0.0,0,0,0,0,Europe
CUST_01100,2024-08-22,2024-12-31,2024-12-20,2025-03-31,101,221,0,False,1,0.0,0.0,0.0,0.0,0.0,0.0,0.0,0.0,0.0,0.0,2,3,1.5,887.3800000000001,328.27500000000003,461.66,425.72,0.0,0.0,0.0,2,1,0,0,0,M,34,0.0,1.0,0.0,0,0,0,0,Europe
CUST_01107,2024-06-05,2024-12-31,2024-10-03,2025-03-31,179,299,0,False,1,0.0,0.0,0.0,0.0,0.0,0.0,0.0,0.0,0.0,0.0,1,1,1.0,416.64,416.64,0.0,0.0,0.0,416.64,0.0,0,0,0,1,0,F,31,0.0,1.0,0.0,0,0,0,0,Europe
CUST_01110,2024-08-26,2024-12-31,2024-12-24,2025-03-31,97,217,0,False,1,0.0,0.0,0.0,0.0,0.0,0.0,0.0,0.0,0.0,0.0,1,2,2.0,700.06,350.03,0.0,0.0,700.06,0.0,0.0,0,0,2,0,0,F,43,1.0,0.0,0.0,0,0,0,0,Asia
CUST_01111,2024-07-30,2024-12-31,2024-11-27,2025-03-31,124,244,0,False,1,0.0,0.0,0.0,0.0,0.0,0.0,0.0,0.0,0.0,0.0,2,5,2.5,2089.7400000000002,958.30875,0.0,230.83,1858.91,0.0,0.0,0,4,1,0,0,F,23,1.0,0.0,0.0,0,0,0,0,Asia
CUST_01117,2024-09-01,2024-12-31,2024-12-30,2025-03-31,91,211,0,False,1,0.0,0.0,0.0,0.0,0.0,0.0,0.0,0.0,0.0,0.0,2,2,1.0,2291.07,1145.535,0.0,0.0,442.44,1848.63,0.0,0,0,1,1,0,F,28,0.0,1.0,0.0,0,0,0,0,Europe
CUST_01119,2024-08-09,2024-12-31,2024-12-07,2025-03-31,114,234,0,False,1,0.0,0.0,0.0,0.0,0.0,0.0,0.0,0.0,0.0,0.0,2,6,3.0,3071.54,511.9233333333333,1864.29,1207.25,0.0,0.0,0.0,3,3,0,0,0,F,46,0.0,1.0,0.0,0,0,0,0,Europe
CUST_01129,2024-07-22,2024-12-31,2024-11-19,2025-03-31,132,252,0,False,0,0.0,0.0,0.0,0.0,0.0,0.0,0.0,0.0,0.0,0.0,2,4,2.0,2180.83,545.2075,640.0,0.0,0.0,1540.83,0.0,2,0,0,2,0,M,45,0.0,1.0,0.0,0,0,0,0,Europe
CUST_01133,2024-06-14,2024-12-31,2024-10-12,2025-03-31,170,290,0,False,1,0.0,0.0,0.0,0.0,0.0,0.0,0.0,0.0,0.0,0.0,1,1,1.0,399.51,399.51,0.0,0.0,399.51,0.0,0.0,0,0,1,0,0,F,52,1.0,0.0,0.0,0,0,0,0,Asia
CUST_01137,2024-07-20,2024-12-31,2024-11-17,2025-03-31,134,254,0,False,1,0.0,0.0,0.0,0.0,0.0,0.0,0.0,0.0,0.0,0.0,2,3,1.5,2028.48,823.47,0.0,0.0,0.0,0.0,2028.48,0,0,0,0,3,F,56,0.0,1.0,0.0,0,0,0,0,Europe
CUST_01138,2024-07-29,2024-12-31,2024-11-26,2025-03-31,125,245,0,False,1,0.0,0.0,0.0,0.0,0.0,0.0,0.0,0.0,0.0,0.0,2,3,1.5,3384.82,1321.6200000000001,0.0,0.0,1901.66,1483.16,0.0,0,0,1,2,0,M,48,0.0,1.0,0.0,0,0,0,0,Europe
CUST_01143,2024-07-08,2024-12-31,2024-11-05,2025-03-31,146,266,0,False,1,0.0,0.0,0.0,0.0,0.0,0.0,0.0,0.0,0.0,0.0,2,2,1.0,1708.3600000000001,854.1800000000001,0.0,0.0,0.0,1421.69,286.67,0,0,0,1,1,F,22,1.0,0.0,0.0,0,0,0,0,Asia
CUST_01144,2024-08-20,2024-12-31,2024-12-18,2025-03-31,103,223,0,False,1,0.0,0.0,0.0,0.0,0.0,0.0,0.0,0.0,0.0,0.0,2,6,3.0,546.9300000000001,91.155,0.0,203.68,0.0,343.25,0.0,0,3,0,3,0,M,27,1.0,0.0,0.0,0,0,0,0,Asia
CUST_01147,2024-07-16,2024-12-31,2024-11-13,2025-03-31,138,258,0,False,1,0.0,0.0,0.0,0.0,0.0,0.0,0.0,0.0,0.0,0.0,1,2,2.0,1563.36,781.68,0.0,1563.36,0.0,0.0,0.0,0,2,0,0,0,F,25,0.0,1.0,0.0,0,0,0,0,Europe
CUST_01150,2024-08-22,2024-12-31,2024-12-20,2025-03-31,101,221,0,False,1,0.0,0.0,0.0,0.0,0.0,0.0,0.0,0.0,0.0,0.0,1,2,2.0,461.89,230.945,0.0,0.0,0.0,461.89,0.0,0,0,0,2,0,F,65,1.0,0.0,0.0,0,0,0,0,Asia
CUST_01159,2024-08-07,2024-12-31,2024-12-05,2025-03-31,116,236,0,False,0,0.0,0.0,0.0,0.0,0.0,0.0,0.0,0.0,0.0,0.0,1,1,1.0,1453.83,1453.83,0.0,0.0,0.0,0.0,1453.83,0,0,0,0,1,F,22,1.0,0.0,0.0,0,0,0,0,Asia
CUST_01160,2024-07-07,2024-12-31,2024-11-04,2025-03-31,147,267,0,False,1,0.0,0.0,0.0,0.0,0.0,0.0,0.0,0.0,0.0,0.0,1,1,1.0,1279.38,1279.38,1279.38,0.0,0.0,0.0,0.0,1,0,0,0,0,M,72,0.0,0.0,1.0,0,0,0,0,North America
CUST_01161,2024-08-11,2024-12-31,2024-12-09,2025-03-31,112,232,0,False,0,0.0,0.0,0.0,0.0,0.0,0.0,0.0,0.0,0.0,0.0,1,1,1.0,1870.21,1870.21,0.0,0.0,1870.21,0.0,0.0,0,0,1,0,0,F,57,1.0,0.0,0.0,0,0,0,0,Asia
CUST_01164,2024-07-15,2024-12-31,2024-11-12,2025-03-31,139,259,0,False,1,0.0,0.0,0.0,0.0,0.0,0.0,0.0,0.0,0.0,0.0,1,1,1.0,1058.77,1058.77,0.0,0.0,1058.77,0.0,0.0,0,0,1,0,0,M,56,0.0,1.0,0.0,0,0,0,0,Europe
CUST_01187,2024-08-17,2024-12-31,2024-12-15,2025-03-31,106,226,0,False,1,0.0,0.0,0.0,0.0,0.0,0.0,0.0,0.0,0.0,0.0,3,5,1.6666666666666667,4867.12,1135.2233333333334,1997.75,0.0,0.0,0.0,2869.37,2,0,0,0,3,F,63,0.0,1.0,0.0,0,0,0,0,Europe
CUST_01189,2024-08-16,2024-12-31,2024-12-14,2025-03-31,107,227,0,False,1,0.0,0.0,0.0,0.0,0.0,0.0,0.0,0.0,0.0,0.0,3,4,1.3333333333333333,4176.33,1261.2983333333334,0.0,0.0,2266.11,1910.22,0.0,0,0,3,1,0,M,74,0.0,1.0,0.0,0,0,0,0,Europe
CUST_01195,2024-07-19,2024-12-31,2024-11-16,2025-03-31,135,255,0,False,1,0.0,0.0,0.0,0.0,0.0,0.0,0.0,0.0,0.0,0.0,1,2,2.0,194.71,97.355,194.71,0.0,0.0,0.0,0.0,2,0,0,0,0,F,67,1.0,0.0,0.0,0,0,0,0,Asia
CUST_01197,2024-06-09,2024-12-31,2024-10-07,2025-03-31,175,295,0,False,1,0.0,0.0,0.0,0.0,0.0,0.0,0.0,0.0,0.0,0.0,1,1,1.0,1200.52,1200.52,0.0,1200.52,0.0,0.0,0.0,0,1,0,0,0,Other,61,0.0,0.0,1.0,0,0,0,0,North America
CUST_01202,2024-08-31,2024-12-31,2024-12-29,2025-03-31,92,212,0,False,0,0.0,0.0,0.0,0.0,0.0,0.0,0.0,0.0,0.0,0.0,1,3,3.0,609.72,203.24,0.0,0.0,0.0,609.72,0.0,0,0,0,3,0,M,46,1.0,0.0,0.0,0,0,0,0,Asia
CUST_01203,2024-08-07,2024-12-31,2024-12-05,2025-03-31,116,236,0,False,1,0.0,0.0,0.0,0.0,0.0,0.0,0.0,0.0,0.0,0.0,1,2,2.0,1965.13,982.565,0.0,0.0,1965.13,0.0,0.0,0,0,2,0,0,F,45,0.0,0.0,1.0,0,0,0,0,North America
CUST_01204,2024-07-20,2024-12-31,2024-11-17,2025-03-31,134,254,0,False,1,0.0,0.0,0.0,0.0,0.0,0.0,0.0,0.0,0.0,0.0,2,4,2.0,2195.88,548.97,1910.71,0.0,0.0,0.0,285.17,2,0,0,0,2,M,27,1.0,0.0,0.0,0,0,0,0,Asia
CUST_01210,2024-07-12,2024-12-31,2024-11-09,2025-03-31,142,262,0,False,1,0.0,0.0,0.0,0.0,0.0,0.0,0.0,0.0,0.0,0.0,1,2,2.0,1310.19,655.095,1310.19,0.0,0.0,0.0,0.0,2,0,0,0,0,F,65,1.0,0.0,0.0,0,0,0,0,Asia
CUST_01217,2024-07-20,2024-12-31,2024-11-17,2025-03-31,134,254,0,False,1,0.0,0.0,0.0,0.0,0.0,0.0,0.0,0.0,0.0,0.0,1,2,2.0,740.1,370.05,0.0,0.0,0.0,0.0,740.1,0,0,0,0,2,F,36,0.0,1.0,0.0,0,0,0,0,Europe
CUST_01219,2024-07-31,2024-12-31,2024-11-28,2025-03-31,123,243,0,False,1,0.0,0.0,0.0,0.0,0.0,0.0,0.0,0.0,0.0,0.0,2,2,1.0,1518.8,759.4,358.83,0.0,1159.97,0.0,0.0,1,0,1,0,0,F,47,1.0,0.0,0.0,0,0,0,0,Asia
CUST_01226,2024-07-06,2024-12-31,2024-11-03,2025-03-31,148,268,0,False,1,0.0,0.0,0.0,0.0,0.0,0.0,0.0,0.0,0.0,0.0,1,1,1.0,846.59,846.59,0.0,0.0,0.0,846.59,0.0,0,0,0,1,0,F,41,0.0,1.0,0.0,0,0,0,0,Europe
CUST_01228,2024-08-23,2024-12-31,2024-12-21,2025-03-31,100,220,0,False,1,0.0,0.0,0.0,0.0,0.0,0.0,0.0,0.0,0.0,0.0,1,3,3.0,279.03,93.00999999999999,0.0,0.0,0.0,0.0,279.03,0,0,0,0,3,F,39,0.0,1.0,0.0,0,0,0,0,Europe
CUST_01229,2024-06-19,2024-12-31,2024-10-17,2025-03-31,165,285,0,False,0,0.0,0.0,0.0,0.0,0.0,0.0,0.0,0.0,0.0,0.0,1,4,4.0,257.18,64.295,0.0,0.0,257.18,0.0,0.0,0,0,4,0,0,F,71,1.0,0.0,0.0,0,0,0,0,Asia
CUST_01236,2024-07-02,2024-12-31,2024-10-30,2025-03-31,152,272,0,False,1,0.0,0.0,0.0,0.0,0.0,0.0,0.0,0.0,0.0,0.0,1,2,2.0,843.57,421.785,843.57,0.0,0.0,0.0,0.0,2,0,0,0,0,M,34,1.0,0.0,0.0,0,0,0,0,Asia
CUST_01237,2024-08-22,2024-12-31,2024-12-20,2025-03-31,101,221,0,False,1,0.0,0.0,0.0,0.0,0.0,0.0,0.0,0.0,0.0,0.0,1,2,2.0,915.5,457.75,0.0,0.0,915.5,0.0,0.0,0,0,2,0,0,M,51,1.0,0.0,0.0,0,0,0,0,Asia
CUST_01238,2024-08-10,2024-12-31,2024-12-08,2025-03-31,113,233,0,False,1,0.0,0.0,0.0,0.0,0.0,0.0,0.0,0.0,0.0,0.0,3,4,1.3333333333333333,3085.54,874.1233333333333,0.0,926.34,0.0,2159.2,0.0,0,2,0,2,0,F,58,0.0,1.0,0.0,0,0,0,0,Europe
CUST_01239,2024-07-17,2024-12-31,2024-11-14,2025-03-31,137,257,0,False,1,0.0,0.0,0.0,0.0,0.0,0.0,0.0,0.0,0.0,0.0,1,1,1.0,141.21,141.21,0.0,0.0,141.21,0.0,0.0,0,0,1,0,0,F,36,0.0,0.0,1.0,0,0,0,0,North America
CUST_01260,2024-06-21,2024-12-31,2024-10-19,2025-03-31,163,283,0,False,1,0.0,0.0,0.0,0.0,0.0,0.0,0.0,0.0,0.0,0.0,2,4,2.0,2400.0099999999998,648.2149999999999,0.0,1655.37,744.64,0.0,0.0,0,3,1,0,0,F,36,0.0,0.0,1.0,0,0,0,0,North America
CUST_01273,2024-07-15,2024-12-31,2024-11-12,2025-03-31,139,259,0,False,1,0.0,0.0,0.0,0.0,0.0,0.0,0.0,0.0,0.0,0.0,1,1,1.0,1249.51,1249.51,0.0,0.0,0.0,0.0,1249.51,0,0,0,0,1,F,29,0.0,1.0,0.0,0,0,0,0,Europe
CUST_01274,2024-08-11,2024-12-31,2024-12-09,2025-03-31,112,232,0,False,1,0.0,0.0,0.0,0.0,0.0,0.0,0.0,0.0,0.0,0.0,2,3,1.5,2751.0,887.6125,0.0,0.0,0.0,799.45,1951.55,0,0,0,1,2,F,47,0.0,0.0,1.0,0,0,0,0,North America
CUST_01283,2024-07-19,2024-12-31,2024-11-16,2025-03-31,135,255,0,False,1,0.0,0.0,0.0,0.0,0.0,0.0,0.0,0.0,0.0,0.0,1,5,5.0,1713.88,342.776,0.0,0.0,0.0,1713.88,0.0,0,0,0,5,0,F,43,0.0,1.0,0.0,0,0,0,0,Europe
CUST_01288,2024-06-25,2024-12-31,2024-10-23,2025-03-31,159,279,0,False,1,0.0,0.0,0.0,0.0,0.0,0.0,0.0,0.0,0.0,0.0,1,3,3.0,1328.52,442.84,0.0,0.0,0.0,0.0,1328.52,0,0,0,0,3,M,72,0.0,1.0,0.0,0,0,0,0,Europe
CUST_01295,2024-07-01,2024-12-31,2024-10-29,2025-03-31,153,273,0,False,1,0.0,0.0,0.0,0.0,0.0,0.0,0.0,0.0,0.0,0.0,1,3,3.0,158.65,52.88333333333333,0.0,0.0,0.0,158.65,0.0,0,0,0,3,0,M,22,1.0,0.0,0.0,0,0,0,0,Asia
CUST_01309,2024-08-22,2024-12-31,2024-12-20,2025-03-31,101,221,0,False,1,0.0,0.0,0.0,0.0,0.0,0.0,0.0,0.0,0.0,0.0,2,4,2.0,2986.41,746.6025,0.0,0.0,0.0,2986.41,0.0,0,0,0,4,0,F,29,0.0,1.0,0.0,0,0,0,0,Europe
CUST_01311,2024-07-07,2024-12-31,2024-11-04,2025-03-31,147,267,0,False,1,0.0,0.0,0.0,0.0,0.0,0.0,0.0,0.0,0.0,0.0,2,4,2.0,1268.63,317.1575,0.0,0.0,615.82,652.81,0.0,0,0,2,2,0,F,64,1.0,0.0,0.0,0,0,0,0,Asia
CUST_01322,2024-08-20,2024-12-31,2024-12-18,2025-03-31,103,223,0,False,1,0.0,0.0,0.0,0.0,0.0,0.0,0.0,0.0,0.0,0.0,2,7,3.5,1934.84,300.59749999999997,0.0,1934.84,0.0,0.0,0.0,0,7,0,0,0,F,49,1.0,0.0,0.0,0,0,0,0,Asia
CUST_01336,2024-07-29,2024-12-31,2024-11-26,2025-03-31,125,245,0,False,1,0.0,0.0,0.0,0.0,0.0,0.0,0.0,0.0,0.0,0.0,2,3,1.5,1905.49,872.9150000000001,319.32,0.0,0.0,1586.17,0.0,2,0,0,1,0,F,64,0.0,1.0,0.0,0,0,0,0,Europe
CUST_01337,2024-06-15,2024-12-31,2024-10-13,2025-03-31,169,289,0,False,1,0.0,0.0,0.0,0.0,0.0,0.0,0.0,0.0,0.0,0.0,1,1,1.0,1766.88,1766.88,0.0,0.0,0.0,0.0,1766.88,0,0,0,0,1,F,50,0.0,0.0,1.0,0,0,0,0,North America
CUST_01361,2024-07-15,2024-12-31,2024-11-12,2025-03-31,139,259,0,False,1,0.0,0.0,0.0,0.0,0.0,0.0,0.0,0.0,0.0,0.0,2,4,2.0,2189.02,547.255,1419.08,769.94,0.0,0.0,0.0,2,2,0,0,0,F,47,0.0,1.0,0.0,0,0,0,0,Europe
CUST_01364,2024-08-31,2024-12-31,2024-12-29,2025-03-31,92,212,0,False,1,0.0,0.0,0.0,0.0,0.0,0.0,0.0,0.0,0.0,0.0,2,6,3.0,3502.3599999999997,684.7774999999999,0.0,0.0,0.0,3502.3599999999997,0.0,0,0,0,6,0,F,35,1.0,0.0,0.0,0,0,0,0,Asia
CUST_01368,2024-08-30,2024-12-31,2024-12-28,2025-03-31,93,213,0,False,1,0.0,0.0,0.0,0.0,0.0,0.0,0.0,0.0,0.0,0.0,3,5,1.6666666666666667,1920.69,363.41333333333336,0.0,0.0,0.0,776.26,1144.43,0,0,0,2,3,M,75,1.0,0.0,0.0,0,0,0,0,Asia
CUST_01369,2024-06-06,2024-12-31,2024-10-04,2025-03-31,178,298,0,False,1,0.0,0.0,0.0,0.0,0.0,0.0,0.0,0.0,0.0,0.0,1,2,2.0,808.98,404.49,0.0,0.0,808.98,0.0,0.0,0,0,2,0,0,M,30,0.0,1.0,0.0,0,0,0,0,Europe
CUST_01374,2024-06-17,2024-12-31,2024-10-15,2025-03-31,167,287,0,False,1,0.0,0.0,0.0,0.0,0.0,0.0,0.0,0.0,0.0,0.0,1,2,2.0,509.28,254.64,0.0,0.0,0.0,0.0,509.28,0,0,0,0,2,M,40,0.0,1.0,0.0,0,0,0,0,Europe
CUST_01385,2024-06-27,2024-12-31,2024-10-25,2025-03-31,157,277,0,False,0,0.0,0.0,0.0,0.0,0.0,0.0,0.0,0.0,0.0,0.0,1,1,1.0,1559.57,1559.57,0.0,0.0,0.0,1559.57,0.0,0,0,0,1,0,F,67,0.0,0.0,1.0,0,0,0,0,North America
CUST_01395,2024-07-24,2024-12-31,2024-11-21,2025-03-31,130,250,0,False,1,0.0,0.0,0.0,0.0,0.0,0.0,0.0,0.0,0.0,0.0,1,1,1.0,845.22,845.22,0.0,0.0,0.0,0.0,845.22,0,0,0,0,1,F,51,1.0,0.0,0.0,0,0,0,0,Asia
CUST_01398,2024-08-10,2024-12-31,2024-12-08,2025-03-31,113,233,0,False,1,0.0,0.0,0.0,0.0,0.0,0.0,0.0,0.0,0.0,0.0,2,3,1.5,2937.13,1187.8525,0.0,0.0,0.0,0.0,2937.13,0,0,0,0,3,M,38,1.0,0.0,0.0,0,0,0,0,Asia
CUST_01402,2024-07-12,2024-12-31,2024-11-09,2025-03-31,142,262,0,False,1,0.0,0.0,0.0,0.0,0.0,0.0,0.0,0.0,0.0,0.0,2,3,1.5,1126.26,352.07500000000005,0.0,0.0,0.0,0.0,1126.26,0,0,0,0,3,M,49,0.0,1.0,0.0,0,0,0,0,Europe
CUST_01405,2024-08-27,2024-12-31,2024-12-25,2025-03-31,96,216,0,False,1,0.0,0.0,0.0,0.0,0.0,0.0,0.0,0.0,0.0,0.0,3,5,1.6666666666666667,4117.73,947.7599999999999,0.0,3322.04,0.0,0.0,795.69,0,3,0,0,2,M,59,1.0,0.0,0.0,0,0,0,0,Asia
CUST_01414,2024-08-31,2024-12-31,2024-12-29,2025-03-31,92,212,0,False,1,0.0,0.0,0.0,0.0,0.0,0.0,0.0,0.0,0.0,0.0,2,4,2.0,1875.97,736.315,605.01,0.0,0.0,1270.96,0.0,3,0,0,1,0,F,70,0.0,0.0,1.0,0,0,0,0,North America
CUST_01417,2024-06-19,2024-12-31,2024-10-17,2025-03-31,165,285,0,False,1,0.0,0.0,0.0,0.0,0.0,0.0,0.0,0.0,0.0,0.0,1,2,2.0,245.61,122.805,0.0,0.0,0.0,245.61,0.0,0,0,0,2,0,Other,43,0.0,1.0,0.0,0,0,0,0,Europe
CUST_01426,2024-07-24,2024-12-31,2024-11-21,2025-03-31,130,250,0,False,1,0.0,0.0,0.0,0.0,0.0,0.0,0.0,0.0,0.0,0.0,1,3,3.0,1178.06,392.68666666666667,0.0,0.0,1178.06,0.0,0.0,0,0,3,0,0,M,27,1.0,0.0,0.0,0,0,0,0,Asia
CUST_01432,2024-07-27,2024-12-31,2024-11-24,2025-03-31,127,247,0,False,1,0.0,0.0,0.0,0.0,0.0,0.0,0.0,0.0,0.0,0.0,1,2,2.0,1331.42,665.71,0.0,0.0,1331.42,0.0,0.0,0,0,2,0,0,M,56,1.0,0.0,0.0,0,0,0,0,Asia
CUST_01439,2024-06-15,2024-12-31,2024-10-13,2025-03-31,169,289,0,False,1,0.0,0.0,0.0,0.0,0.0,0.0,0.0,0.0,0.0,0.0,1,1,1.0,1700.99,1700.99,0.0,0.0,1700.99,0.0,0.0,0,0,1,0,0,F,75,0.0,0.0,1.0,0,0,0,0,North America
CUST_01444,2024-08-20,2024-12-31,2024-12-18,2025-03-31,103,223,0,False,1,0.0,0.0,0.0,0.0,0.0,0.0,0.0,0.0,0.0,0.0,2,2,1.0,1997.5,998.75,0.0,1772.69,0.0,0.0,224.81,0,1,0,0,1,M,25,0.0,1.0,0.0,0,0,0,0,Europe
CUST_01448,2024-08-20,2024-12-31,2024-12-18,2025-03-31,103,223,0,False,0,0.0,0.0,0.0,0.0,0.0,0.0,0.0,0.0,0.0,0.0,3,6,2.0,1592.18,456.3277777777778,1193.7,0.0,0.0,398.48,0.0,1,0,0,5,0,M,47,0.0,0.0,1.0,0,0,0,0,North America
CUST_01454,2024-07-15,2024-12-31,2024-11-12,2025-03-31,139,259,0,False,1,0.0,0.0,0.0,0.0,0.0,0.0,0.0,0.0,0.0,0.0,1,2,2.0,1354.33,677.165,0.0,0.0,1354.33,0.0,0.0,0,0,2,0,0,F,36,0.0,1.0,0.0,0,0,0,0,Europe
CUST_01457,2024-07-10,2024-12-31,2024-11-07,2025-03-31,144,264,0,False,1,0.0,0.0,0.0,0.0,0.0,0.0,0.0,0.0,0.0,0.0,1,1,1.0,698.33,698.33,0.0,0.0,698.33,0.0,0.0,0,0,1,0,0,M,75,0.0,1.0,0.0,0,0,0,0,Europe
CUST_01463,2024-08-26,2024-12-31,2024-12-24,2025-03-31,97,217,0,False,1,0.0,0.0,0.0,0.0,0.0,0.0,0.0,0.0,0.0,0.0,2,3,1.5,1597.81,469.8,281.39,0.0,1316.42,0.0,0.0,1,0,2,0,0,F,22,1.0,0.0,0.0,0,0,0,0,Asia
CUST_01464,2024-07-12,2024-12-31,2024-11-09,2025-03-31,142,262,0,False,1,0.0,0.0,0.0,0.0,0.0,0.0,0.0,0.0,0.0,0.0,2,2,1.0,2290.47,1145.235,1283.12,0.0,0.0,0.0,1007.35,1,0,0,0,1,F,48,1.0,0.0,0.0,0,0,0,0,Asia
CUST_01494,2024-06-13,2024-12-31,2024-10-11,2025-03-31,171,291,0,False,1,0.0,0.0,0.0,0.0,0.0,0.0,0.0,0.0,0.0,0.0,1,2,2.0,1183.4,591.7,0.0,0.0,1183.4,0.0,0.0,0,0,2,0,0,F,73,1.0,0.0,0.0,0,0,0,0,Asia
CUST_01495,2024-06-29,2024-12-31,2024-10-27,2025-03-31,155,275,0,False,1,0.0,0.0,0.0,0.0,0.0,0.0,0.0,0.0,0.0,0.0,1,1,1.0,1308.21,1308.21,0.0,0.0,1308.21,0.0,0.0,0,0,1,0,0,M,52,0.0,0.0,1.0,0,0,0,0,North America
CUST_01505,2024-06-03,2024-12-31,2024-10-01,2025-03-31,181,301,0,False,1,0.0,0.0,0.0,0.0,0.0,0.0,0.0,0.0,0.0,0.0,1,1,1.0,356.49,356.49,356.49,0.0,0.0,0.0,0.0,1,0,0,0,0,M,29,0.0,0.0,1.0,0,0,0,0,North America
CUST_01506,2024-08-16,2024-12-31,2024-12-14,2025-03-31,107,227,0,False,1,0.0,0.0,0.0,0.0,0.0,0.0,0.0,0.0,0.0,0.0,2,3,1.5,3305.84,1202.2125,1802.83,0.0,0.0,1503.01,0.0,2,0,0,1,0,F,68,0.0,1.0,0.0,0,0,0,0,Europe
CUST_01511,2024-08-23,2024-12-31,2024-12-21,2025-03-31,100,220,0,False,1,0.0,0.0,0.0,0.0,0.0,0.0,0.0,0.0,0.0,0.0,5,12,2.4,5681.59,493.42616666666663,0.0,1707.95,546.43,1988.13,1439.08,0,4,2,4,2,F,62,0.0,0.0,1.0,0,0,0,0,North America
CUST_01521,2024-06-07,2024-12-31,2024-10-05,2025-03-31,177,297,0,False,1,0.0,0.0,0.0,0.0,0.0,0.0,0.0,0.0,0.0,0.0,1,2,2.0,1736.56,868.28,0.0,0.0,0.0,1736.56,0.0,0,0,0,2,0,M,62,1.0,0.0,0.0,0,0,0,0,Asia
CUST_01524,2024-08-12,2024-12-31,2024-12-10,2025-03-31,111,231,0,False,1,0.0,0.0,0.0,0.0,0.0,0.0,0.0,0.0,0.0,0.0,2,3,1.5,2761.77,1004.745,0.0,1257.21,0.0,1504.56,0.0,0,1,0,2,0,M,28,0.0,1.0,0.0,0,0,0,0,Europe
CUST_01528,2024-08-28,2024-12-31,2024-12-26,2025-03-31,95,215,0,False,1,0.0,0.0,0.0,0.0,0.0,0.0,0.0,0.0,0.0,0.0,1,2,2.0,1097.29,548.645,0.0,0.0,0.0,1097.29,0.0,0,0,0,2,0,M,69,1.0,0.0,0.0,0,0,0,0,Asia
CUST_01538,2024-08-20,2024-12-31,2024-12-18,2025-03-31,103,223,0,False,1,0.0,0.0,0.0,0.0,0.0,0.0,0.0,0.0,0.0,0.0,2,2,1.0,1772.6599999999999,886.3299999999999,0.0,0.0,0.0,1772.6599999999999,0.0,0,0,0,2,0,F,74,1.0,0.0,0.0,0,0,0,0,Asia
CUST_01549,2024-06-02,2024-12-31,2024-09-30,2025-03-31,182,302,0,False,1,0.0,0.0,0.0,0.0,0.0,0.0,0.0,0.0,0.0,0.0,1,2,2.0,272.06,136.03,0.0,0.0,272.06,0.0,0.0,0,0,2,0,0,F,64,1.0,0.0,0.0,0,0,0,0,Asia
CUST_01550,2024-08-18,2024-12-31,2024-12-16,2025-03-31,105,225,0,False,1,0.0,0.0,0.0,0.0,0.0,0.0,0.0,0.0,0.0,0.0,1,1,1.0,308.29,308.29,0.0,308.29,0.0,0.0,0.0,0,1,0,0,0,F,56,1.0,0.0,0.0,0,0,0,0,Asia
CUST_01559,2024-06-25,2024-12-31,2024-10-23,2025-03-31,159,279,0,False,1,0.0,0.0,0.0,0.0,0.0,0.0,0.0,0.0,0.0,0.0,2,6,3.0,1328.77,221.46166666666667,0.0,0.0,0.0,1328.77,0.0,0,0,0,6,0,M,41,1.0,0.0,0.0,0,0,0,0,Asia
CUST_01562,2024-08-27,2024-12-31,2024-12-25,2025-03-31,96,216,0,False,1,0.0,0.0,0.0,0.0,0.0,0.0,0.0,0.0,0.0,0.0,3,5,1.6666666666666667,4397.25,1241.47,0.0,0.0,0.0,2553.7799999999997,1843.47,0,0,0,4,1,F,32,0.0,1.0,0.0,0,0,0,0,Europe
CUST_01578,2024-06-30,2024-12-31,2024-10-28,2025-03-31,154,274,0,False,1,0.0,0.0,0.0,0.0,0.0,0.0,0.0,0.0,0.0,0.0,2,3,1.5,2472.48,766.8199999999999,0.0,2472.48,0.0,0.0,0.0,0,3,0,0,0,Other,31,1.0,0.0,0.0,0,0,0,0,Asia
CUST_01579,2024-07-08,2024-12-31,2024-11-05,2025-03-31,146,266,0,False,1,0.0,0.0,0.0,0.0,0.0,0.0,0.0,0.0,0.0,0.0,2,4,2.0,1480.9,422.9,528.25,952.65,0.0,0.0,0.0,1,3,0,0,0,M,51,0.0,1.0,0.0,0,0,0,0,Europe
CUST_01583,2024-07-10,2024-12-31,2024-11-07,2025-03-31,144,264,0,False,1,0.0,0.0,0.0,0.0,0.0,0.0,0.0,0.0,0.0,0.0,1,3,3.0,1390.61,463.53666666666663,0.0,0.0,0.0,1390.61,0.0,0,0,0,3,0,F,54,0.0,0.0,1.0,0,0,0,0,North America
CUST_01587,2024-08-22,2024-12-31,2024-12-20,2025-03-31,101,221,0,False,1,0.0,0.0,0.0,0.0,0.0,0.0,0.0,0.0,0.0,0.0,2,2,1.0,2807.64,1403.82,0.0,1184.77,0.0,1622.87,0.0,0,1,0,1,0,M,50,0.0,1.0,0.0,0,0,0,0,Europe
CUST_01594,2024-07-23,2024-12-31,2024-11-20,2025-03-31,131,251,0,False,1,0.0,0.0,0.0,0.0,0.0,0.0,0.0,0.0,0.0,0.0,1,1,1.0,1212.62,1212.62,0.0,0.0,1212.62,0.0,0.0,0,0,1,0,0,M,70,0.0,1.0,0.0,0,0,0,0,Europe
CUST_01595,2024-06-17,2024-12-31,2024-10-15,2025-03-31,167,287,0,False,0,0.0,0.0,0.0,0.0,0.0,0.0,0.0,0.0,0.0,0.0,1,2,2.0,412.25,206.125,412.25,0.0,0.0,0.0,0.0,2,0,0,0,0,F,58,0.0,1.0,0.0,0,0,0,0,Europe
CUST_01596,2024-07-18,2024-12-31,2024-11-15,2025-03-31,136,256,0,False,0,0.0,0.0,0.0,0.0,0.0,0.0,0.0,0.0,0.0,0.0,2,6,3.0,2061.13,441.57125,0.0,0.0,0.0,589.69,1471.44,0,0,0,4,2,F,55,0.0,1.0,0.0,0,0,0,0,Europe
CUST_01607,2024-07-28,2024-12-31,2024-11-25,2025-03-31,126,246,0,False,1,0.0,0.0,0.0,0.0,0.0,0.0,0.0,0.0,0.0,0.0,2,3,1.5,3222.63,1118.745,0.0,0.0,0.0,1252.35,1970.28,0,0,0,1,2,F,53,1.0,0.0,0.0,0,0,0,0,Asia
CUST_01608,2024-06-14,2024-12-31,2024-10-12,2025-03-31,170,290,0,False,1,0.0,0.0,0.0,0.0,0.0,0.0,0.0,0.0,0.0,0.0,1,1,1.0,624.49,624.49,0.0,0.0,0.0,0.0,624.49,0,0,0,0,1,F,23,1.0,0.0,0.0,0,0,0,0,Asia
CUST_01609,2024-07-16,2024-12-31,2024-11-13,2025-03-31,138,258,0,False,1,0.0,0.0,0.0,0.0,0.0,0.0,0.0,0.0,0.0,0.0,1,2,2.0,412.02,206.01,0.0,0.0,0.0,412.02,0.0,0,0,0,2,0,M,34,0.0,1.0,0.0,0,0,0,0,Europe
CUST_01610,2024-06-27,2024-12-31,2024-10-25,2025-03-31,157,277,0,False,1,0.0,0.0,0.0,0.0,0.0,0.0,0.0,0.0,0.0,0.0,1,3,3.0,500.17,166.72333333333333,0.0,0.0,0.0,0.0,500.17,0,0,0,0,3,F,54,1.0,0.0,0.0,0,0,0,0,Asia
CUST_01614,2024-07-05,2024-12-31,2024-11-02,2025-03-31,149,269,0,False,1,0.0,0.0,0.0,0.0,0.0,0.0,0.0,0.0,0.0,0.0,2,2,1.0,3222.09,1611.045,0.0,0.0,1243.99,1978.1,0.0,0,0,1,1,0,M,70,0.0,1.0,0.0,0,0,0,0,Europe
CUST_01644,2024-06-10,2024-12-31,2024-10-08,2025-03-31,174,294,0,False,1,0.0,0.0,0.0,0.0,0.0,0.0,0.0,0.0,0.0,0.0,1,2,2.0,454.36,227.18,0.0,454.36,0.0,0.0,0.0,0,2,0,0,0,F,27,1.0,0.0,0.0,0,0,0,0,Asia
CUST_01645,2024-07-02,2024-12-31,2024-10-30,2025-03-31,152,272,0,False,1,0.0,0.0,0.0,0.0,0.0,0.0,0.0,0.0,0.0,0.0,1,1,1.0,228.38,228.38,0.0,0.0,0.0,0.0,228.38,0,0,0,0,1,F,37,0.0,1.0,0.0,0,0,0,0,Europe
CUST_01647,2024-08-30,2024-12-31,2024-12-28,2025-03-31,93,213,0,False,1,0.0,0.0,0.0,0.0,0.0,0.0,0.0,0.0,0.0,0.0,1,1,1.0,859.58,859.58,859.58,0.0,0.0,0.0,0.0,1,0,0,0,0,M,41,0.0,0.0,1.0,0,0,0,0,North America
CUST_01648,2024-08-04,2024-12-31,2024-12-02,2025-03-31,119,239,0,False,1,0.0,0.0,0.0,0.0,0.0,0.0,0.0,0.0,0.0,0.0,2,2,1.0,1777.07,888.535,0.0,0.0,1059.59,0.0,717.48,0,0,1,0,1,F,22,0.0,1.0,0.0,0,0,0,0,Europe
CUST_01661,2024-07-01,2024-12-31,2024-10-29,2025-03-31,153,273,0,False,0,0.0,0.0,0.0,0.0,0.0,0.0,0.0,0.0,0.0,0.0,1,2,2.0,739.76,369.88,0.0,0.0,739.76,0.0,0.0,0,0,2,0,0,M,41,0.0,1.0,0.0,0,0,0,0,Europe
CUST_01665,2024-06-16,2024-12-31,2024-10-14,2025-03-31,168,288,0,False,1,0.0,0.0,0.0,0.0,0.0,0.0,0.0,0.0,0.0,0.0,1,2,2.0,1809.9,904.95,0.0,0.0,0.0,1809.9,0.0,0,0,0,2,0,M,31,0.0,0.0,1.0,0,0,0,0,North America
CUST_01667,2024-06-17,2024-12-31,2024-10-15,2025-03-31,167,287,0,False,1,0.0,0.0,0.0,0.0,0.0,0.0,0.0,0.0,0.0,0.0,2,2,1.0,1533.57,766.785,1323.31,210.26,0.0,0.0,0.0,1,1,0,0,0,M,42,0.0,1.0,0.0,0,0,0,0,Europe
CUST_01673,2024-06-08,2024-12-31,2024-10-06,2025-03-31,176,296,0,False,1,0.0,0.0,0.0,0.0,0.0,0.0,0.0,0.0,0.0,0.0,1,3,3.0,169.6,56.53333333333333,0.0,169.6,0.0,0.0,0.0,0,3,0,0,0,F,67,1.0,0.0,0.0,0,0,0,0,Asia
CUST_01675,2024-09-01,2024-12-31,2024-12-30,2025-03-31,91,211,0,False,1,0.0,0.0,0.0,0.0,0.0,0.0,0.0,0.0,0.0,0.0,2,3,1.5,2931.95,1014.5325,2931.95,0.0,0.0,0.0,0.0,3,0,0,0,0,M,59,1.0,0.0,0.0,0,0,0,0,Asia
CUST_01684,2024-08-17,2024-12-31,2024-12-15,2025-03-31,106,226,0,False,1,0.0,0.0,0.0,0.0,0.0,0.0,0.0,0.0,0.0,0.0,1,2,2.0,890.1,445.05,0.0,0.0,0.0,0.0,890.1,0,0,0,0,2,M,73,1.0,0.0,0.0,0,0,0,0,Asia
CUST_01689,2024-08-06,2024-12-31,2024-12-04,2025-03-31,117,237,0,False,0,0.0,0.0,0.0,0.0,0.0,0.0,0.0,0.0,0.0,0.0,2,2,1.0,2526.6099999999997,1263.3049999999998,0.0,0.0,2526.6099999999997,0.0,0.0,0,0,2,0,0,M,25,0.0,0.0,1.0,0,0,0,0,North America
CUST_01691,2024-08-27,2024-12-31,2024-12-25,2025-03-31,96,216,0,False,1,0.0,0.0,0.0,0.0,0.0,0.0,0.0,0.0,0.0,0.0,1,4,4.0,847.53,211.8825,847.53,0.0,0.0,0.0,0.0,4,0,0,0,0,F,38,0.0,1.0,0.0,0,0,0,0,Europe
CUST_01698,2024-07-15,2024-12-31,2024-11-12,2025-03-31,139,259,0,False,1,0.0,0.0,0.0,0.0,0.0,0.0,0.0,0.0,0.0,0.0,1,1,1.0,106.85,106.85,0.0,0.0,0.0,0.0,106.85,0,0,0,0,1,M,59,0.0,1.0,0.0,0,0,0,0,Europe
CUST_01709,2024-07-16,2024-12-31,2024-11-13,2025-03-31,138,258,0,False,1,0.0,0.0,0.0,0.0,0.0,0.0,0.0,0.0,0.0,0.0,1,3,3.0,765.41,255.13666666666666,0.0,0.0,0.0,765.41,0.0,0,0,0,3,0,F,55,0.0,1.0,0.0,0,0,0,0,Europe
CUST_01715,2024-08-24,2024-12-31,2024-12-22,2025-03-31,99,219,0,False,1,0.0,0.0,0.0,0.0,0.0,0.0,0.0,0.0,0.0,0.0,1,2,2.0,1083.6,541.8,0.0,0.0,1083.6,0.0,0.0,0,0,2,0,0,F,70,0.0,1.0,0.0,0,0,0,0,Europe
CUST_01722,2024-08-19,2024-12-31,2024-12-17,2025-03-31,104,224,0,False,1,0.0,0.0,0.0,0.0,0.0,0.0,0.0,0.0,0.0,0.0,1,2,2.0,208.31,104.155,0.0,0.0,0.0,208.31,0.0,0,0,0,2,0,F,50,0.0,1.0,0.0,0,0,0,0,Europe
CUST_01738,2024-06-23,2024-12-31,2024-10-21,2025-03-31,161,281,0,False,1,0.0,0.0,0.0,0.0,0.0,0.0,0.0,0.0,0.0,0.0,1,1,1.0,152.74,152.74,0.0,0.0,0.0,152.74,0.0,0,0,0,1,0,M,61,0.0,1.0,0.0,0,0,0,0,Europe
CUST_01741,2024-07-04,2024-12-31,2024-11-01,2025-03-31,150,270,0,False,1,0.0,0.0,0.0,0.0,0.0,0.0,0.0,0.0,0.0,0.0,2,5,2.5,3399.29,728.0616666666667,0.0,0.0,0.0,1461.13,1938.16,0,0,0,3,2,M,67,0.0,0.0,1.0,0,0,0,0,North America
CUST_01747,2024-08-02,2024-12-31,2024-11-30,2025-03-31,121,241,0,False,0,0.0,0.0,0.0,0.0,0.0,0.0,0.0,0.0,0.0,0.0,1,1,1.0,1046.22,1046.22,0.0,0.0,0.0,1046.22,0.0,0,0,0,1,0,M,47,0.0,1.0,0.0,0,0,0,0,Europe
CUST_01762,2024-07-31,2024-12-31,2024-11-28,2025-03-31,123,243,0,False,1,0.0,0.0,0.0,0.0,0.0,0.0,0.0,0.0,0.0,0.0,2,3,1.5,3435.98,1223.5575,1977.73,1458.25,0.0,0.0,0.0,2,1,0,0,0,F,32,0.0,1.0,0.0,0,0,0,0,Europe
CUST_01763,2024-07-01,2024-12-31,2024-10-29,2025-03-31,153,273,0,False,1,0.0,0.0,0.0,0.0,0.0,0.0,0.0,0.0,0.0,0.0,1,4,4.0,725.3,181.325,0.0,0.0,0.0,725.3,0.0,0,0,0,4,0,M,31,0.0,1.0,0.0,0,0,0,0,Europe
CUST_01792,2024-07-30,2024-12-31,2024-11-27,2025-03-31,124,244,0,False,1,0.0,0.0,0.0,0.0,0.0,0.0,0.0,0.0,0.0,0.0,3,7,2.3333333333333335,3675.61,566.8188888888889,824.09,1098.85,0.0,1752.67,0.0,3,2,0,2,0,F,46,1.0,0.0,0.0,0,0,0,0,Asia
CUST_01796,2024-08-02,2024-12-31,2024-11-30,2025-03-31,121,241,0,False,1,0.0,0.0,0.0,0.0,0.0,0.0,0.0,0.0,0.0,0.0,1,2,2.0,1672.04,836.02,0.0,1672.04,0.0,0.0,0.0,0,2,0,0,0,F,58,1.0,0.0,0.0,0,0,0,0,Asia
CUST_01803,2024-08-29,2024-12-31,2024-12-27,2025-03-31,94,214,0,False,1,0.0,0.0,0.0,0.0,0.0,0.0,0.0,0.0,0.0,0.0,1,1,1.0,529.36,529.36,0.0,0.0,529.36,0.0,0.0,0,0,1,0,0,F,47,0.0,1.0,0.0,0,0,0,0,Europe
CUST_01810,2024-08-18,2024-12-31,2024-12-16,2025-03-31,105,225,0,False,1,0.0,0.0,0.0,0.0,0.0,0.0,0.0,0.0,0.0,0.0,1,3,3.0,1443.29,481.09666666666664,0.0,1443.29,0.0,0.0,0.0,0,3,0,0,0,F,29,0.0,1.0,0.0,0,0,0,0,Europe
CUST_01812,2024-06-19,2024-12-31,2024-10-17,2025-03-31,165,285,0,False,1,0.0,0.0,0.0,0.0,0.0,0.0,0.0,0.0,0.0,0.0,1,1,1.0,1648.89,1648.89,0.0,0.0,0.0,1648.89,0.0,0,0,0,1,0,M,46,1.0,0.0,0.0,0,0,0,0,Asia
CUST_01817,2024-07-07,2024-12-31,2024-11-04,2025-03-31,147,267,0,False,1,0.0,0.0,0.0,0.0,0.0,0.0,0.0,0.0,0.0,0.0,1,1,1.0,1514.83,1514.83,0.0,1514.83,0.0,0.0,0.0,0,1,0,0,0,F,75,1.0,0.0,0.0,0,0,0,0,Asia
CUST_01820,2024-06-22,2024-12-31,2024-10-20,2025-03-31,162,282,0,False,1,0.0,0.0,0.0,0.0,0.0,0.0,0.0,0.0,0.0,0.0,1,2,2.0,164.3,82.15,0.0,0.0,0.0,0.0,164.3,0,0,0,0,2,M,73,1.0,0.0,0.0,0,0,0,0,Asia
CUST_01822,2024-07-18,2024-12-31,2024-11-15,2025-03-31,136,256,0,False,1,0.0,0.0,0.0,0.0,0.0,0.0,0.0,0.0,0.0,0.0,1,3,3.0,760.54,253.51333333333332,0.0,0.0,760.54,0.0,0.0,0,0,3,0,0,Other,62,0.0,0.0,1.0,0,0,0,0,North America
CUST_01829,2024-07-05,2024-12-31,2024-11-02,2025-03-31,149,269,0,False,1,0.0,0.0,0.0,0.0,0.0,0.0,0.0,0.0,0.0,0.0,1,2,2.0,1010.72,505.36,0.0,1010.72,0.0,0.0,0.0,0,2,0,0,0,M,28,0.0,0.0,1.0,0,0,0,0,North America
CUST_01835,2024-06-28,2024-12-31,2024-10-26,2025-03-31,156,276,0,False,0,0.0,0.0,0.0,0.0,0.0,0.0,0.0,0.0,0.0,0.0,1,1,1.0,1321.99,1321.99,0.0,0.0,1321.99,0.0,0.0,0,0,1,0,0,F,61,1.0,0.0,0.0,0,0,0,0,Asia
CUST_01838,2024-07-11,2024-12-31,2024-11-08,2025-03-31,143,263,0,False,1,0.0,0.0,0.0,0.0,0.0,0.0,0.0,0.0,0.0,0.0,2,3,1.5,2334.4300000000003,923.2225000000001,2334.4300000000003,0.0,0.0,0.0,0.0,3,0,0,0,0,M,72,0.0,1.0,0.0,0,0,0,0,Europe
CUST_01844,2024-08-20,2024-12-31,2024-12-18,2025-03-31,103,223,0,False,1,0.0,0.0,0.0,0.0,0.0,0.0,0.0,0.0,0.0,0.0,2,7,3.5,3776.34,553.9041666666667,1811.66,0.0,0.0,1964.68,0.0,4,0,0,3,0,M,37,0.0,0.0,1.0,0,0,0,0,North America
CUST_01855,2024-08-09,2024-12-31,2024-12-07,2025-03-31,114,234,0,False,1,0.0,0.0,0.0,0.0,0.0,0.0,0.0,0.0,0.0,0.0,1,2,2.0,1919.23,959.615,0.0,0.0,0.0,0.0,1919.23,0,0,0,0,2,F,56,1.0,0.0,0.0,0,0,0,0,Asia
CUST_01861,2024-06-26,2024-12-31,2024-10-24,2025-03-31,158,278,0,False,1,0.0,0.0,0.0,0.0,0.0,0.0,0.0,0.0,0.0,0.0,1,2,2.0,386.85,193.425,0.0,0.0,386.85,0.0,0.0,0,0,2,0,0,F,30,0.0,1.0,0.0,0,0,0,0,Europe
CUST_01879,2024-08-24,2024-12-31,2024-12-22,2025-03-31,99,219,0,False,1,0.0,0.0,0.0,0.0,0.0,0.0,0.0,0.0,0.0,0.0,1,1,1.0,1798.23,1798.23,1798.23,0.0,0.0,0.0,0.0,1,0,0,0,0,M,27,1.0,0.0,0.0,0,0,0,0,Asia
CUST_01880,2024-07-27,2024-12-31,2024-11-24,2025-03-31,127,247,0,False,1,0.0,0.0,0.0,0.0,0.0,0.0,0.0,0.0,0.0,0.0,1,1,1.0,1290.75,1290.75,1290.75,0.0,0.0,0.0,0.0,1,0,0,0,0,M,34,0.0,0.0,1.0,0,0,0,0,North America
CUST_01881,2024-08-04,2024-12-31,2024-12-02,2025-03-31,119,239,0,False,1,0.0,0.0,0.0,0.0,0.0,0.0,0.0,0.0,0.0,0.0,1,1,1.0,1314.74,1314.74,0.0,0.0,1314.74,0.0,0.0,0,0,1,0,0,F,41,0.0,1.0,0.0,0,0,0,0,Europe
CUST_01888,2024-09-01,2024-12-31,2024-12-30,2025-03-31,91,211,0,False,1,0.0,0.0,0.0,0.0,0.0,0.0,0.0,0.0,0.0,0.0,2,5,2.5,3561.29,751.4683333333332,0.0,3561.29,0.0,0.0,0.0,0,5,0,0,0,M,41,0.0,1.0,0.0,0,0,0,0,Europe
CUST_01895,2024-08-02,2024-12-31,2024-11-30,2025-03-31,121,241,0,False,1,0.0,0.0,0.0,0.0,0.0,0.0,0.0,0.0,0.0,0.0,3,7,2.3333333333333335,2252.41,357.32111111111107,0.0,1405.09,521.87,325.45,0.0,0,2,2,3,0,F,62,0.0,0.0,1.0,0,0,0,0,North America
CUST_01913,2024-07-14,2024-12-31,2024-11-11,2025-03-31,140,260,0,False,1,0.0,0.0,0.0,0.0,0.0,0.0,0.0,0.0,0.0,0.0,1,3,3.0,1962.19,654.0633333333334,0.0,0.0,0.0,1962.19,0.0,0,0,0,3,0,M,71,0.0,1.0,0.0,0,0,0,0,Europe
CUST_01915,2024-06-07,2024-12-31,2024-10-05,2025-03-31,177,297,0,False,1,0.0,0.0,0.0,0.0,0.0,0.0,0.0,0.0,0.0,0.0,1,3,3.0,1386.94,462.31333333333333,1386.94,0.0,0.0,0.0,0.0,3,0,0,0,0,M,42,1.0,0.0,0.0,0,0,0,0,Asia
CUST_01917,2024-08-22,2024-12-31,2024-12-20,2025-03-31,101,221,0,False,1,0.0,0.0,0.0,0.0,0.0,0.0,0.0,0.0,0.0,0.0,1,1,1.0,837.49,837.49,0.0,0.0,837.49,0.0,0.0,0,0,1,0,0,M,61,0.0,0.0,1.0,0,0,0,0,North America
CUST_01924,2024-08-19,2024-12-31,2024-12-17,2025-03-31,104,224,0,False,1,0.0,0.0,0.0,0.0,0.0,0.0,0.0,0.0,0.0,0.0,2,2,1.0,2067.09,1033.545,0.0,0.0,0.0,0.0,2067.09,0,0,0,0,2,M,70,1.0,0.0,0.0,0,0,0,0,Asia
CUST_01928,2024-08-15,2024-12-31,2024-12-13,2025-03-31,108,228,0,False,0,0.0,0.0,0.0,0.0,0.0,0.0,0.0,0.0,0.0,0.0,3,5,1.6666666666666667,3978.2,1178.2266666666667,0.0,0.0,1964.95,0.0,2013.25,0,0,1,0,4,F,48,0.0,1.0,0.0,0,0,0,0,Europe
CUST_01933,2024-07-05,2024-12-31,2024-11-02,2025-03-31,149,269,0,False,1,0.0,0.0,0.0,0.0,0.0,0.0,0.0,0.0,0.0,0.0,2,5,2.5,797.49,156.10416666666669,519.22,278.27,0.0,0.0,0.0,3,2,0,0,0,F,36,0.0,1.0,0.0,0,0,0,0,Europe
CUST_01943,2024-08-21,2024-12-31,2024-12-19,2025-03-31,102,222,0,False,1,0.0,0.0,0.0,0.0,0.0,0.0,0.0,0.0,0.0,0.0,1,3,3.0,515.86,171.95333333333335,0.0,0.0,0.0,515.86,0.0,0,0,0,3,0,M,63,1.0,0.0,0.0,0,0,0,0,Asia
CUST_01948,2024-06-01,2024-12-31,2024-09-29,2025-03-31,183,303,0,False,1,0.0,0.0,0.0,0.0,0.0,0.0,0.0,0.0,0.0,0.0,1,1,1.0,1781.29,1781.29,0.0,1781.29,0.0,0.0,0.0,0,1,0,0,0,M,57,0.0,1.0,0.0,0,0,0,0,Europe
CUST_01956,2024-08-20,2024-12-31,2024-12-18,2025-03-31,103,223,0,False,1,0.0,0.0,0.0,0.0,0.0,0.0,0.0,0.0,0.0,0.0,1,1,1.0,1144.78,1144.78,0.0,0.0,0.0,1144.78,0.0,0,0,0,1,0,F,33,0.0,0.0,1.0,0,0,0,0,North America
CUST_01963,2024-07-24,2024-12-31,2024-11-21,2025-03-31,130,250,0,False,1,0.0,0.0,0.0,0.0,0.0,0.0,0.0,0.0,0.0,0.0,3,9,3.0,2201.1,295.72416666666663,0.0,0.0,0.0,1189.36,1011.74,0,0,0,2,7,F,38,0.0,1.0,0.0,0,0,0,0,Europe
CUST_01968,2024-07-22,2024-12-31,2024-11-19,2025-03-31,132,252,0,False,1,0.0,0.0,0.0,0.0,0.0,0.0,0.0,0.0,0.0,0.0,1,1,1.0,844.76,844.76,844.76,0.0,0.0,0.0,0.0,1,0,0,0,0,F,25,0.0,1.0,0.0,0,0,0,0,Europe
CUST_01971,2024-08-15,2024-12-31,2024-12-13,2025-03-31,108,228,0,False,1,0.0,0.0,0.0,0.0,0.0,0.0,0.0,0.0,0.0,0.0,1,2,2.0,1199.15,599.575,1199.15,0.0,0.0,0.0,0.0,2,0,0,0,0,F,34,1.0,0.0,0.0,0,0,0,0,Asia
CUST_01974,2024-08-28,2024-12-31,2024-12-26,2025-03-31,95,215,0,False,1,0.0,0.0,0.0,0.0,0.0,0.0,0.0,0.0,0.0,0.0,1,2,2.0,1978.2,989.1,0.0,0.0,0.0,1978.2,0.0,0,0,0,2,0,M,33,0.0,0.0,1.0,0,0,0,0,North America
CUST_01982,2024-08-28,2024-12-31,2024-12-26,2025-03-31,95,215,0,False,1,0.0,0.0,0.0,0.0,0.0,0.0,0.0,0.0,0.0,0.0,3,9,3.0,3795.35,591.4422222222223,0.0,0.0,2724.77,1070.58,0.0,0,0,7,2,0,M,62,1.0,0.0,0.0,0,0,0,0,Asia
CUST_01996,2024-08-16,2024-12-31,2024-12-14,2025-03-31,107,227,0,False,1,0.0,0.0,0.0,0.0,0.0,0.0,0.0,0.0,0.0,0.0,2,5,2.5,1828.33,330.75416666666666,0.0,0.0,0.0,0.0,1828.33,0,0,0,0,5,M,45,0.0,1.0,0.0,0,0,0,0,Europe
CUST_01998,2024-06-02,2024-12-31,2024-09-30,2025-03-31,182,302,0,False,1,0.0,0.0,0.0,0.0,0.0,0.0,0.0,0.0,0.0,0.0,1,2,2.0,415.03,207.515,0.0,415.03,0.0,0.0,0.0,0,2,0,0,0,F,52,0.0,1.0,0.0,0,0,0,0,Europe
CUST_02000,2024-08-23,2024-12-31,2024-12-21,2025-03-31,100,220,0,False,1,0.0,0.0,0.0,0.0,0.0,0.0,0.0,0.0,0.0,0.0,1,2,2.0,857.4,428.7,0.0,0.0,0.0,0.0,857.4,0,0,0,0,2,Other,41,0.0,0.0,1.0,0,0,0,0,North America
CUST_02003,2024-07-24,2024-12-31,2024-11-21,2025-03-31,130,250,0,False,1,0.0,0.0,0.0,0.0,0.0,0.0,0.0,0.0,0.0,0.0,1,2,2.0,1994.69,997.345,1994.69,0.0,0.0,0.0,0.0,2,0,0,0,0,M,57,0.0,1.0,0.0,0,0,0,0,Europe
CUST_02016,2024-07-19,2024-12-31,2024-11-16,2025-03-31,135,255,0,False,1,0.0,0.0,0.0,0.0,0.0,0.0,0.0,0.0,0.0,0.0,1,2,2.0,1489.9,744.95,0.0,1489.9,0.0,0.0,0.0,0,2,0,0,0,M,72,0.0,1.0,0.0,0,0,0,0,Europe
CUST_02017,2024-06-07,2024-12-31,2024-10-05,2025-03-31,177,297,0,False,1,0.0,0.0,0.0,0.0,0.0,0.0,0.0,0.0,0.0,0.0,1,4,4.0,251.71,62.9275,0.0,0.0,0.0,251.71,0.0,0,0,0,4,0,F,56,0.0,1.0,0.0,0,0,0,0,Europe
CUST_02020,2024-06-18,2024-12-31,2024-10-16,2025-03-31,166,286,0,False,1,0.0,0.0,0.0,0.0,0.0,0.0,0.0,0.0,0.0,0.0,1,2,2.0,1968.49,984.245,0.0,0.0,0.0,0.0,1968.49,0,0,0,0,2,F,26,0.0,0.0,1.0,0,0,0,0,North America
CUST_02026,2024-06-16,2024-12-31,2024-10-14,2025-03-31,168,288,0,False,1,0.0,0.0,0.0,0.0,0.0,0.0,0.0,0.0,0.0,0.0,1,2,2.0,1674.7,837.35,0.0,0.0,1674.7,0.0,0.0,0,0,2,0,0,M,59,1.0,0.0,0.0,0,0,0,0,Asia
CUST_02032,2024-07-27,2024-12-31,2024-11-24,2025-03-31,127,247,0,False,1,0.0,0.0,0.0,0.0,0.0,0.0,0.0,0.0,0.0,0.0,1,3,3.0,877.83,292.61,877.83,0.0,0.0,0.0,0.0,3,0,0,0,0,F,58,0.0,1.0,0.0,0,0,0,0,Europe
CUST_02041,2024-08-18,2024-12-31,2024-12-16,2025-03-31,105,225,0,False,1,0.0,0.0,0.0,0.0,0.0,0.0,0.0,0.0,0.0,0.0,2,5,2.5,2508.54,537.3291666666667,0.0,1077.67,0.0,0.0,1430.87,0,3,0,0,2,F,64,0.0,1.0,0.0,0,0,0,0,Europe
CUST_02049,2024-08-19,2024-12-31,2024-12-17,2025-03-31,104,224,0,False,1,0.0,0.0,0.0,0.0,0.0,0.0,0.0,0.0,0.0,0.0,2,3,1.5,2550.34,1089.265,0.0,0.0,1806.72,743.62,0.0,0,0,1,2,0,Other,44,1.0,0.0,0.0,0,0,0,0,Asia
CUST_02070,2024-06-06,2024-12-31,2024-10-04,2025-03-31,178,298,0,False,1,0.0,0.0,0.0,0.0,0.0,0.0,0.0,0.0,0.0,0.0,1,5,5.0,397.23,79.446,0.0,0.0,397.23,0.0,0.0,0,0,5,0,0,M,44,1.0,0.0,0.0,0,0,0,0,Asia
CUST_02072,2024-09-01,2024-12-31,2024-12-30,2025-03-31,91,211,0,False,1,0.0,0.0,0.0,0.0,0.0,0.0,0.0,0.0,0.0,0.0,3,7,2.3333333333333335,4742.46,698.5266666666666,1252.79,0.0,0.0,3489.67,0.0,2,0,0,5,0,F,29,0.0,1.0,0.0,0,0,0,0,Europe
CUST_02073,2024-06-18,2024-12-31,2024-10-16,2025-03-31,166,286,0,False,1,0.0,0.0,0.0,0.0,0.0,0.0,0.0,0.0,0.0,0.0,1,2,2.0,1426.69,713.345,0.0,0.0,1426.69,0.0,0.0,0,0,2,0,0,M,62,0.0,0.0,1.0,0,0,0,0,North America
CUST_02080,2024-07-28,2024-12-31,2024-11-25,2025-03-31,126,246,0,False,1,0.0,0.0,0.0,0.0,0.0,0.0,0.0,0.0,0.0,0.0,3,4,1.3333333333333333,3987.56,1012.3916666666668,979.15,1107.64,0.0,0.0,1900.77,1,1,0,0,2,F,32,0.0,1.0,0.0,0,0,0,0,Europe
CUST_02081,2024-08-25,2024-12-31,2024-12-23,2025-03-31,98,218,0,False,1,0.0,0.0,0.0,0.0,0.0,0.0,0.0,0.0,0.0,0.0,2,4,2.0,2144.29,422.99833333333333,1947.44,0.0,0.0,196.85,0.0,3,0,0,1,0,Other,48,1.0,0.0,0.0,0,0,0,0,Asia
CUST_02083,2024-06-11,2024-12-31,2024-10-09,2025-03-31,173,293,0,False,1,0.0,0.0,0.0,0.0,0.0,0.0,0.0,0.0,0.0,0.0,1,1,1.0,1680.09,1680.09,0.0,0.0,0.0,1680.09,0.0,0,0,0,1,0,M,55,0.0,0.0,1.0,0,0,0,0,North America
CUST_02085,2024-08-18,2024-12-31,2024-12-16,2025-03-31,105,225,0,False,1,0.0,0.0,0.0,0.0,0.0,0.0,0.0,0.0,0.0,0.0,2,5,2.5,1768.5,378.62083333333334,762.05,1006.45,0.0,0.0,0.0,3,2,0,0,0,F,60,0.0,0.0,1.0,0,0,0,0,North America
CUST_02087,2024-07-26,2024-12-31,2024-11-23,2025-03-31,128,248,0,False,1,0.0,0.0,0.0,0.0,0.0,0.0,0.0,0.0,0.0,0.0,1,1,1.0,889.1,889.1,0.0,0.0,0.0,0.0,889.1,0,0,0,0,1,M,56,1.0,0.0,0.0,0,0,0,0,Asia
CUST_02091,2024-06-24,2024-12-31,2024-10-22,2025-03-31,160,280,0,False,0,0.0,0.0,0.0,0.0,0.0,0.0,0.0,0.0,0.0,0.0,2,3,1.5,2369.55,685.49,1997.14,0.0,0.0,372.41,0.0,2,0,0,1,0,M,73,0.0,0.0,1.0,0,0,0,0,North America
CUST_02092,2024-07-24,2024-12-31,2024-11-21,2025-03-31,130,250,0,False,1,0.0,0.0,0.0,0.0,0.0,0.0,0.0,0.0,0.0,0.0,1,2,2.0,1980.21,990.105,1980.21,0.0,0.0,0.0,0.0,2,0,0,0,0,M,75,0.0,1.0,0.0,0,0,0,0,Europe
CUST_02104,2024-07-29,2024-12-31,2024-11-26,2025-03-31,125,245,0,False,1,0.0,0.0,0.0,0.0,0.0,0.0,0.0,0.0,0.0,0.0,3,6,2.0,4826.860000000001,1005.4477777777778,0.0,1804.54,1796.14,1226.18,0.0,0,1,3,2,0,M,60,1.0,0.0,0.0,0,0,0,0,Asia
CUST_02117,2024-08-04,2024-12-31,2024-12-02,2025-03-31,119,239,0,False,1,0.0,0.0,0.0,0.0,0.0,0.0,0.0,0.0,0.0,0.0,1,4,4.0,1713.61,428.4025,0.0,0.0,0.0,1713.61,0.0,0,0,0,4,0,F,24,1.0,0.0,0.0,0,0,0,0,Asia
CUST_02140,2024-07-22,2024-12-31,2024-11-19,2025-03-31,132,252,0,False,1,0.0,0.0,0.0,0.0,0.0,0.0,0.0,0.0,0.0,0.0,1,1,1.0,563.87,563.87,0.0,563.87,0.0,0.0,0.0,0,1,0,0,0,F,22,0.0,1.0,0.0,0,0,0,0,Europe
CUST_02141,2024-08-22,2024-12-31,2024-12-20,2025-03-31,101,221,0,False,1,0.0,0.0,0.0,0.0,0.0,0.0,0.0,0.0,0.0,0.0,1,2,2.0,1529.22,764.61,0.0,0.0,0.0,0.0,1529.22,0,0,0,0,2,F,23,0.0,1.0,0.0,0,0,0,0,Europe
CUST_02149,2024-07-24,2024-12-31,2024-11-21,2025-03-31,130,250,0,False,0,0.0,0.0,0.0,0.0,0.0,0.0,0.0,0.0,0.0,0.0,1,4,4.0,626.85,156.7125,0.0,0.0,626.85,0.0,0.0,0,0,4,0,0,F,68,1.0,0.0,0.0,0,0,0,0,Asia
CUST_02157,2024-07-27,2024-12-31,2024-11-24,2025-03-31,127,247,0,False,1,0.0,0.0,0.0,0.0,0.0,0.0,0.0,0.0,0.0,0.0,1,4,4.0,561.08,140.27,0.0,561.08,0.0,0.0,0.0,0,4,0,0,0,F,38,1.0,0.0,0.0,0,0,0,0,Asia
CUST_02158,2024-08-08,2024-12-31,2024-12-06,2025-03-31,115,235,0,False,1,0.0,0.0,0.0,0.0,0.0,0.0,0.0,0.0,0.0,0.0,3,6,2.0,3988.77,664.795,451.71,1845.29,0.0,0.0,1691.77,2,2,0,0,2,F,44,1.0,0.0,0.0,0,0,0,0,Asia
CUST_02163,2024-08-21,2024-12-31,2024-12-19,2025-03-31,102,222,0,False,1,0.0,0.0,0.0,0.0,0.0,0.0,0.0,0.0,0.0,0.0,1,3,3.0,1861.65,620.5500000000001,0.0,0.0,0.0,1861.65,0.0,0,0,0,3,0,M,38,0.0,1.0,0.0,0,0,0,0,Europe
CUST_02164,2024-06-05,2024-12-31,2024-10-03,2025-03-31,179,299,0,False,0,0.0,0.0,0.0,0.0,0.0,0.0,0.0,0.0,0.0,0.0,1,2,2.0,468.6,234.3,0.0,0.0,0.0,468.6,0.0,0,0,0,2,0,M,35,1.0,0.0,0.0,0,0,0,0,Asia
CUST_02171,2024-08-16,2024-12-31,2024-12-14,2025-03-31,107,227,0,False,1,0.0,0.0,0.0,0.0,0.0,0.0,0.0,0.0,0.0,0.0,1,2,2.0,837.54,418.77,0.0,0.0,0.0,837.54,0.0,0,0,0,2,0,M,59,0.0,1.0,0.0,0,0,0,0,Europe
CUST_02177,2024-06-29,2024-12-31,2024-10-27,2025-03-31,155,275,0,False,0,0.0,0.0,0.0,0.0,0.0,0.0,0.0,0.0,0.0,0.0,1,2,2.0,1344.32,672.16,0.0,0.0,0.0,0.0,1344.32,0,0,0,0,2,M,22,0.0,1.0,0.0,0,0,0,0,Europe
CUST_02180,2024-06-26,2024-12-31,2024-10-24,2025-03-31,158,278,0,False,1,0.0,0.0,0.0,0.0,0.0,0.0,0.0,0.0,0.0,0.0,1,1,1.0,968.96,968.96,0.0,968.96,0.0,0.0,0.0,0,1,0,0,0,M,56,1.0,0.0,0.0,0,0,0,0,Asia
CUST_02185,2024-06-02,2024-12-31,2024-09-30,2025-03-31,182,302,0,False,1,0.0,0.0,0.0,0.0,0.0,0.0,0.0,0.0,0.0,0.0,1,1,1.0,302.76,302.76,302.76,0.0,0.0,0.0,0.0,1,0,0,0,0,M,26,0.0,0.0,1.0,0,0,0,0,North America
CUST_02196,2024-08-31,2024-12-31,2024-12-29,2025-03-31,92,212,0,False,1,0.0,0.0,0.0,0.0,0.0,0.0,0.0,0.0,0.0,0.0,3,6,2.0,3137.43,764.9694444444444,1616.4299999999998,0.0,1521.0,0.0,0.0,5,0,1,0,0,F,50,0.0,1.0,0.0,0,0,0,0,Europe
CUST_02198,2024-09-01,2024-12-31,2024-12-30,2025-03-31,91,211,0,False,1,0.0,0.0,0.0,0.0,0.0,0.0,0.0,0.0,0.0,0.0,2,6,3.0,2923.77,745.0169999999999,0.0,0.0,1792.17,1131.6,0.0,0,0,5,1,0,Other,37,0.0,1.0,0.0,0,0,0,0,Europe
CUST_02203,2024-08-02,2024-12-31,2024-11-30,2025-03-31,121,241,0,False,1,0.0,0.0,0.0,0.0,0.0,0.0,0.0,0.0,0.0,0.0,2,4,2.0,1923.1599999999999,480.78999999999996,0.0,0.0,0.0,1923.1599999999999,0.0,0,0,0,4,0,M,30,0.0,1.0,0.0,0,0,0,0,Europe
CUST_02207,2024-07-21,2024-12-31,2024-11-18,2025-03-31,133,253,0,False,1,0.0,0.0,0.0,0.0,0.0,0.0,0.0,0.0,0.0,0.0,2,6,3.0,3088.52,514.7533333333333,0.0,1094.0,0.0,1994.52,0.0,0,3,0,3,0,F,34,0.0,1.0,0.0,0,0,0,0,Europe
CUST_02210,2024-06-14,2024-12-31,2024-10-12,2025-03-31,170,290,0,False,1,0.0,0.0,0.0,0.0,0.0,0.0,0.0,0.0,0.0,0.0,1,2,2.0,977.7,488.85,0.0,0.0,977.7,0.0,0.0,0,0,2,0,0,M,27,0.0,1.0,0.0,0,0,0,0,Europe
CUST_02213,2024-08-29,2024-12-31,2024-12-27,2025-03-31,94,214,0,False,1,0.0,0.0,0.0,0.0,0.0,0.0,0.0,0.0,0.0,0.0,4,8,2.0,3669.1099999999997,736.514375,488.51,1939.5,0.0,1241.1,0.0,5,1,0,2,0,M,73,1.0,0.0,0.0,0,0,0,0,Asia
CUST_02215,2024-08-09,2024-12-31,2024-12-07,2025-03-31,114,234,0,False,1,0.0,0.0,0.0,0.0,0.0,0.0,0.0,0.0,0.0,0.0,2,4,2.0,1836.04,459.01,1287.69,0.0,0.0,0.0,548.35,2,0,0,0,2,M,67,1.0,0.0,0.0,0,0,0,0,Asia
CUST_02219,2024-06-28,2024-12-31,2024-10-26,2025-03-31,156,276,0,False,1,0.0,0.0,0.0,0.0,0.0,0.0,0.0,0.0,0.0,0.0,1,1,1.0,1861.06,1861.06,1861.06,0.0,0.0,0.0,0.0,1,0,0,0,0,M,45,0.0,1.0,0.0,0,0,0,0,Europe
CUST_02226,2024-07-03,2024-12-31,2024-10-31,2025-03-31,151,271,0,False,1,0.0,0.0,0.0,0.0,0.0,0.0,0.0,0.0,0.0,0.0,1,1,1.0,1621.3,1621.3,1621.3,0.0,0.0,0.0,0.0,1,0,0,0,0,M,26,0.0,0.0,1.0,0,0,0,0,North America
CUST_02227,2024-08-29,2024-12-31,2024-12-27,2025-03-31,94,214,0,False,1,0.0,0.0,0.0,0.0,0.0,0.0,0.0,0.0,0.0,0.0,1,4,4.0,1566.12,391.53,0.0,1566.12,0.0,0.0,0.0,0,4,0,0,0,M,48,0.0,1.0,0.0,0,0,0,0,Europe
CUST_02230,2024-06-13,2024-12-31,2024-10-11,2025-03-31,171,291,0,False,1,0.0,0.0,0.0,0.0,0.0,0.0,0.0,0.0,0.0,0.0,1,3,3.0,686.66,228.88666666666666,0.0,0.0,0.0,0.0,686.66,0,0,0,0,3,M,69,0.0,1.0,0.0,0,0,0,0,Europe
CUST_02232,2024-06-26,2024-12-31,2024-10-24,2025-03-31,158,278,0,False,1,0.0,0.0,0.0,0.0,0.0,0.0,0.0,0.0,0.0,0.0,1,1,1.0,296.68,296.68,0.0,0.0,0.0,296.68,0.0,0,0,0,1,0,M,56,0.0,0.0,1.0,0,0,0,0,North America
CUST_02238,2024-07-26,2024-12-31,2024-11-23,2025-03-31,128,248,0,False,1,0.0,0.0,0.0,0.0,0.0,0.0,0.0,0.0,0.0,0.0,1,1,1.0,231.7,231.7,0.0,0.0,0.0,231.7,0.0,0,0,0,1,0,F,73,1.0,0.0,0.0,0,0,0,0,Asia
CUST_02257,2024-07-23,2024-12-31,2024-11-20,2025-03-31,131,251,0,False,1,0.0,0.0,0.0,0.0,0.0,0.0,0.0,0.0,0.0,0.0,1,3,3.0,1493.43,497.81,0.0,0.0,0.0,1493.43,0.0,0,0,0,3,0,M,68,0.0,1.0,0.0,0,0,0,0,Europe
CUST_02259,2024-08-20,2024-12-31,2024-12-18,2025-03-31,103,223,0,False,1,0.0,0.0,0.0,0.0,0.0,0.0,0.0,0.0,0.0,0.0,2,3,1.5,2003.73,811.0450000000001,763.28,0.0,1240.45,0.0,0.0,2,0,1,0,0,F,21,0.0,0.0,1.0,0,0,0,0,North America
CUST_02261,2024-08-19,2024-12-31,2024-12-17,2025-03-31,104,224,0,False,1,0.0,0.0,0.0,0.0,0.0,0.0,0.0,0.0,0.0,0.0,2,4,2.0,2361.81,590.4525,0.0,0.0,0.0,0.0,2361.81,0,0,0,0,4,M,21,0.0,0.0,1.0,0,0,0,0,North America
CUST_02271,2024-07-22,2024-12-31,2024-11-19,2025-03-31,132,252,0,False,1,0.0,0.0,0.0,0.0,0.0,0.0,0.0,0.0,0.0,0.0,1,2,2.0,1159.01,579.505,0.0,1159.01,0.0,0.0,0.0,0,2,0,0,0,M,44,0.0,1.0,0.0,0,0,0,0,Europe
CUST_02272,2024-06-11,2024-12-31,2024-10-09,2025-03-31,173,293,0,False,1,0.0,0.0,0.0,0.0,0.0,0.0,0.0,0.0,0.0,0.0,2,3,1.5,1294.25,350.15999999999997,0.0,0.0,0.0,106.39,1187.86,0,0,0,1,2,Other,35,0.0,1.0,0.0,0,0,0,0,Europe
CUST_02274,2024-08-11,2024-12-31,2024-12-09,2025-03-31,112,232,0,False,1,0.0,0.0,0.0,0.0,0.0,0.0,0.0,0.0,0.0,0.0,1,4,4.0,977.91,244.4775,0.0,0.0,977.91,0.0,0.0,0,0,4,0,0,M,48,0.0,1.0,0.0,0,0,0,0,Europe
CUST_02282,2024-06-16,2024-12-31,2024-10-14,2025-03-31,168,288,0,False,1,0.0,0.0,0.0,0.0,0.0,0.0,0.0,0.0,0.0,0.0,1,3,3.0,1396.91,465.6366666666667,1396.91,0.0,0.0,0.0,0.0,3,0,0,0,0,M,69,0.0,1.0,0.0,0,0,0,0,Europe
CUST_02298,2024-08-11,2024-12-31,2024-12-09,2025-03-31,112,232,0,False,1,0.0,0.0,0.0,0.0,0.0,0.0,0.0,0.0,0.0,0.0,3,5,1.6666666666666667,2804.7400000000002,515.1511111111112,0.0,0.0,537.34,1888.93,378.47,0,0,1,3,1,F,25,0.0,0.0,1.0,0,0,0,0,North America
CUST_02301,2024-06-17,2024-12-31,2024-10-15,2025-03-31,167,287,0,False,1,0.0,0.0,0.0,0.0,0.0,0.0,0.0,0.0,0.0,0.0,1,2,2.0,339.92,169.96,0.0,0.0,0.0,339.92,0.0,0,0,0,2,0,M,40,0.0,1.0,0.0,0,0,0,0,Europe
CUST_02311,2024-08-31,2024-12-31,2024-12-29,2025-03-31,92,212,0,False,1,0.0,0.0,0.0,0.0,0.0,0.0,0.0,0.0,0.0,0.0,1,3,3.0,210.8,70.26666666666667,210.8,0.0,0.0,0.0,0.0,3,0,0,0,0,M,34,1.0,0.0,0.0,0,0,0,0,Asia
CUST_02315,2024-07-15,2024-12-31,2024-11-12,2025-03-31,139,259,0,False,1,0.0,0.0,0.0,0.0,0.0,0.0,0.0,0.0,0.0,0.0,1,2,2.0,849.59,424.795,849.59,0.0,0.0,0.0,0.0,2,0,0,0,0,M,64,0.0,0.0,1.0,0,0,0,0,North America
CUST_02321,2024-08-24,2024-12-31,2024-12-22,2025-03-31,99,219,0,False,1,0.0,0.0,0.0,0.0,0.0,0.0,0.0,0.0,0.0,0.0,1,2,2.0,318.68,159.34,0.0,318.68,0.0,0.0,0.0,0,2,0,0,0,M,61,1.0,0.0,0.0,0,0,0,0,Asia
CUST_02327,2024-06-12,2024-12-31,2024-10-10,2025-03-31,172,292,0,False,1,0.0,0.0,0.0,0.0,0.0,0.0,0.0,0.0,0.0,0.0,1,2,2.0,1405.09,702.545,1405.09,0.0,0.0,0.0,0.0,2,0,0,0,0,M,28,0.0,1.0,0.0,0,0,0,0,Europe
CUST_02330,2024-07-24,2024-12-31,2024-11-21,2025-03-31,130,250,0,False,0,0.0,0.0,0.0,0.0,0.0,0.0,0.0,0.0,0.0,0.0,2,6,3.0,1376.91,314.02125,0.0,0.0,1135.26,241.65,0.0,0,0,2,4,0,F,34,0.0,1.0,0.0,0,0,0,0,Europe
CUST_02334,2024-08-04,2024-12-31,2024-12-02,2025-03-31,119,239,0,False,1,0.0,0.0,0.0,0.0,0.0,0.0,0.0,0.0,0.0,0.0,1,4,4.0,360.87,90.2175,360.87,0.0,0.0,0.0,0.0,4,0,0,0,0,F,74,0.0,1.0,0.0,0,0,0,0,Europe
CUST_02339,2024-08-30,2024-12-31,2024-12-28,2025-03-31,93,213,0,False,1,0.0,0.0,0.0,0.0,0.0,0.0,0.0,0.0,0.0,0.0,2,4,2.0,884.76,221.19,228.24,656.52,0.0,0.0,0.0,2,2,0,0,0,M,31,0.0,0.0,1.0,0,0,0,0,North America
CUST_02349,2024-08-28,2024-12-31,2024-12-26,2025-03-31,95,215,0,False,1,0.0,0.0,0.0,0.0,0.0,0.0,0.0,0.0,0.0,0.0,1,2,2.0,1610.57,805.285,0.0,0.0,0.0,1610.57,0.0,0,0,0,2,0,F,70,1.0,0.0,0.0,0,0,0,0,Asia
CUST_02350,2024-06-02,2024-12-31,2024-09-30,2025-03-31,182,302,0,False,1,0.0,0.0,0.0,0.0,0.0,0.0,0.0,0.0,0.0,0.0,1,2,2.0,1285.34,642.67,0.0,0.0,0.0,1285.34,0.0,0,0,0,2,0,F,59,1.0,0.0,0.0,0,0,0,0,Asia
CUST_02352,2024-08-02,2024-12-31,2024-11-30,2025-03-31,121,241,0,False,1,0.0,0.0,0.0,0.0,0.0,0.0,0.0,0.0,0.0,0.0,3,5,1.6666666666666667,3053.59,977.3744444444443,182.2,1030.78,1840.61,0.0,0.0,3,1,1,0,0,M,48,0.0,1.0,0.0,0,0,0,0,Europe
CUST_02358,2024-07-14,2024-12-31,2024-11-11,2025-03-31,140,260,0,False,1,0.0,0.0,0.0,0.0,0.0,0.0,0.0,0.0,0.0,0.0,3,4,1.3333333333333333,4033.21,1016.1766666666667,178.72,1885.13,0.0,1969.36,0.0,1,1,0,2,0,F,36,0.0,1.0,0.0,0,0,0,0,Europe
CUST_02359,2024-06-22,2024-12-31,2024-10-20,2025-03-31,162,282,0,False,1,0.0,0.0,0.0,0.0,0.0,0.0,0.0,0.0,0.0,0.0,1,3,3.0,895.35,298.45,895.35,0.0,0.0,0.0,0.0,3,0,0,0,0,F,64,1.0,0.0,0.0,0,0,0,0,Asia
CUST_02375,2024-08-29,2024-12-31,2024-12-27,2025-03-31,94,214,0,False,1,0.0,0.0,0.0,0.0,0.0,0.0,0.0,0.0,0.0,0.0,1,3,3.0,1563.23,521.0766666666667,0.0,1563.23,0.0,0.0,0.0,0,3,0,0,0,F,46,1.0,0.0,0.0,0,0,0,0,Asia
CUST_02384,2024-07-31,2024-12-31,2024-11-28,2025-03-31,123,243,0,False,1,0.0,0.0,0.0,0.0,0.0,0.0,0.0,0.0,0.0,0.0,2,4,2.0,1568.65,392.1625,0.0,658.17,910.48,0.0,0.0,0,2,2,0,0,F,22,1.0,0.0,0.0,0,0,0,0,Asia
CUST_02393,2024-08-21,2024-12-31,2024-12-19,2025-03-31,102,222,0,False,1,0.0,0.0,0.0,0.0,0.0,0.0,0.0,0.0,0.0,0.0,2,7,3.5,2976.46,425.9604166666667,1682.79,0.0,1293.67,0.0,0.0,4,0,3,0,0,M,27,1.0,0.0,0.0,0,0,0,0,Asia
CUST_02408,2024-07-20,2024-12-31,2024-11-17,2025-03-31,134,254,0,False,1,0.0,0.0,0.0,0.0,0.0,0.0,0.0,0.0,0.0,0.0,2,4,2.0,2067.2799999999997,516.8199999999999,1752.57,0.0,314.71,0.0,0.0,2,0,2,0,0,M,50,0.0,0.0,1.0,0,0,0,0,North America
CUST_02409,2024-06-06,2024-12-31,2024-10-04,2025-03-31,178,298,0,False,1,0.0,0.0,0.0,0.0,0.0,0.0,0.0,0.0,0.0,0.0,1,1,1.0,636.01,636.01,0.0,636.01,0.0,0.0,0.0,0,1,0,0,0,F,47,0.0,1.0,0.0,0,0,0,0,Europe
CUST_02410,2024-07-03,2024-12-31,2024-10-31,2025-03-31,151,271,0,False,1,0.0,0.0,0.0,0.0,0.0,0.0,0.0,0.0,0.0,0.0,1,2,2.0,595.59,297.795,595.59,0.0,0.0,0.0,0.0,2,0,0,0,0,M,75,0.0,1.0,0.0,0,0,0,0,Europe
CUST_02411,2024-07-25,2024-12-31,2024-11-22,2025-03-31,129,249,0,False,1,0.0,0.0,0.0,0.0,0.0,0.0,0.0,0.0,0.0,0.0,1,3,3.0,579.77,193.25666666666666,0.0,0.0,0.0,579.77,0.0,0,0,0,3,0,F,21,0.0,1.0,0.0,0,0,0,0,Europe
CUST_02414,2024-07-27,2024-12-31,2024-11-24,2025-03-31,127,247,0,False,1,0.0,0.0,0.0,0.0,0.0,0.0,0.0,0.0,0.0,0.0,1,1,1.0,1197.79,1197.79,0.0,0.0,1197.79,0.0,0.0,0,0,1,0,0,F,39,1.0,0.0,0.0,0,0,0,0,Asia
CUST_02420,2024-07-27,2024-12-31,2024-11-24,2025-03-31,127,247,0,False,1,0.0,0.0,0.0,0.0,0.0,0.0,0.0,0.0,0.0,0.0,2,3,1.5,1564.9,538.4925000000001,589.07,975.83,0.0,0.0,0.0,1,2,0,0,0,F,62,0.0,0.0,1.0,0,0,0,0,North America
CUST_02427,2024-08-06,2024-12-31,2024-12-04,2025-03-31,117,237,0,False,1,0.0,0.0,0.0,0.0,0.0,0.0,0.0,0.0,0.0,0.0,1,3,3.0,320.12,106.70666666666666,0.0,0.0,320.12,0.0,0.0,0,0,3,0,0,F,33,1.0,0.0,0.0,0,0,0,0,Asia
CUST_02429,2024-07-05,2024-12-31,2024-11-02,2025-03-31,149,269,0,False,1,0.0,0.0,0.0,0.0,0.0,0.0,0.0,0.0,0.0,0.0,1,2,2.0,976.23,488.115,0.0,0.0,0.0,976.23,0.0,0,0,0,2,0,M,51,0.0,0.0,1.0,0,0,0,0,North America
CUST_02432,2024-08-09,2024-12-31,2024-12-07,2025-03-31,114,234,0,False,1,0.0,0.0,0.0,0.0,0.0,0.0,0.0,0.0,0.0,0.0,1,1,1.0,198.04,198.04,0.0,0.0,0.0,198.04,0.0,0,0,0,1,0,M,37,0.0,0.0,1.0,0,0,0,0,North America
CUST_02435,2024-07-11,2024-12-31,2024-11-08,2025-03-31,143,263,0,False,1,0.0,0.0,0.0,0.0,0.0,0.0,0.0,0.0,0.0,0.0,1,2,2.0,509.44,254.72,509.44,0.0,0.0,0.0,0.0,2,0,0,0,0,F,33,0.0,1.0,0.0,0,0,0,0,Europe
CUST_02439,2024-06-28,2024-12-31,2024-10-26,2025-03-31,156,276,0,False,1,0.0,0.0,0.0,0.0,0.0,0.0,0.0,0.0,0.0,0.0,1,2,2.0,1511.02,755.51,0.0,0.0,0.0,1511.02,0.0,0,0,0,2,0,F,38,0.0,1.0,0.0,0,0,0,0,Europe
CUST_02442,2024-08-04,2024-12-31,2024-12-02,2025-03-31,119,239,0,False,1,0.0,0.0,0.0,0.0,0.0,0.0,0.0,0.0,0.0,0.0,1,2,2.0,1738.45,869.225,0.0,0.0,0.0,1738.45,0.0,0,0,0,2,0,M,31,1.0,0.0,0.0,0,0,0,0,Asia
CUST_02445,2024-06-14,2024-12-31,2024-10-12,2025-03-31,170,290,0,False,1,0.0,0.0,0.0,0.0,0.0,0.0,0.0,0.0,0.0,0.0,1,2,2.0,1609.86,804.93,0.0,0.0,0.0,0.0,1609.86,0,0,0,0,2,M,26,1.0,0.0,0.0,0,0,0,0,Asia
CUST_02449,2024-08-31,2024-12-31,2024-12-29,2025-03-31,92,212,0,False,1,0.0,0.0,0.0,0.0,0.0,0.0,0.0,0.0,0.0,0.0,2,4,2.0,2346.51,894.5916666666667,0.0,0.0,0.0,1510.52,835.99,0,0,0,1,3,M,26,1.0,0.0,0.0,0,0,0,0,Asia
CUST_02483,2024-08-22,2024-12-31,2024-12-20,2025-03-31,101,221,0,False,1,0.0,0.0,0.0,0.0,0.0,0.0,0.0,0.0,0.0,0.0,4,9,2.25,4613.25,725.3104166666667,0.0,1676.42,589.62,0.0,2347.21,0,1,4,0,4,F,43,0.0,1.0,0.0,0,0,0,0,Europe
CUST_02484,2024-07-25,2024-12-31,2024-11-22,2025-03-31,129,249,0,False,1,0.0,0.0,0.0,0.0,0.0,0.0,0.0,0.0,0.0,0.0,2,4,2.0,2310.4700000000003,577.6175000000001,1406.44,0.0,0.0,904.03,0.0,2,0,0,2,0,F,75,0.0,1.0,0.0,0,0,0,0,Europe
CUST_02497,2024-07-31,2024-12-31,2024-11-28,2025-03-31,123,243,0,False,1,0.0,0.0,0.0,0.0,0.0,0.0,0.0,0.0,0.0,0.0,3,6,2.0,2065.77,463.96111111111117,0.0,547.48,600.22,0.0,918.07,0,2,3,0,1,M,70,0.0,1.0,0.0,0,0,0,0,Europe
CUST_02507,2024-08-10,2024-12-31,2024-12-08,2025-03-31,113,233,0,False,1,0.0,0.0,0.0,0.0,0.0,0.0,0.0,0.0,0.0,0.0,3,7,2.3333333333333335,4231.04,882.6933333333333,855.28,1883.0,0.0,1492.76,0.0,4,2,0,1,0,M,45,1.0,0.0,0.0,0,0,0,0,Asia
CUST_02508,2024-07-21,2024-12-31,2024-11-18,2025-03-31,133,253,0,False,1,0.0,0.0,0.0,0.0,0.0,0.0,0.0,0.0,0.0,0.0,2,2,1.0,3010.82,1505.41,0.0,0.0,0.0,3010.82,0.0,0,0,0,2,0,M,35,0.0,1.0,0.0,0,0,0,0,Europe
CUST_02509,2024-06-13,2024-12-31,2024-10-11,2025-03-31,171,291,0,False,1,0.0,0.0,0.0,0.0,0.0,0.0,0.0,0.0,0.0,0.0,1,4,4.0,624.21,156.0525,0.0,0.0,0.0,624.21,0.0,0,0,0,4,0,M,65,0.0,0.0,1.0,0,0,0,0,North America
CUST_02510,2024-07-02,2024-12-31,2024-10-30,2025-03-31,152,272,0,False,0,0.0,0.0,0.0,0.0,0.0,0.0,0.0,0.0,0.0,0.0,1,2,2.0,332.63,166.315,332.63,0.0,0.0,0.0,0.0,2,0,0,0,0,M,72,0.0,1.0,0.0,0,0,0,0,Europe
CUST_02511,2024-06-14,2024-12-31,2024-10-12,2025-03-31,170,290,0,False,1,0.0,0.0,0.0,0.0,0.0,0.0,0.0,0.0,0.0,0.0,1,1,1.0,1691.87,1691.87,1691.87,0.0,0.0,0.0,0.0,1,0,0,0,0,F,42,0.0,1.0,0.0,0,0,0,0,Europe
CUST_02520,2024-08-17,2024-12-31,2024-12-15,2025-03-31,106,226,0,False,1,0.0,0.0,0.0,0.0,0.0,0.0,0.0,0.0,0.0,0.0,2,3,1.5,3842.88,1422.6725,1847.81,0.0,1995.07,0.0,0.0,1,0,2,0,0,M,63,1.0,0.0,0.0,0,0,0,0,Asia
CUST_02524,2024-07-10,2024-12-31,2024-11-07,2025-03-31,144,264,0,False,1,0.0,0.0,0.0,0.0,0.0,0.0,0.0,0.0,0.0,0.0,3,8,2.6666666666666665,1809.37,214.16,0.0,639.44,1169.9299999999998,0.0,0.0,0,3,5,0,0,M,31,0.0,1.0,0.0,0,0,0,0,Europe
CUST_02526,2024-07-08,2024-12-31,2024-11-05,2025-03-31,146,266,0,False,1,0.0,0.0,0.0,0.0,0.0,0.0,0.0,0.0,0.0,0.0,1,3,3.0,595.98,198.66,0.0,595.98,0.0,0.0,0.0,0,3,0,0,0,F,75,1.0,0.0,0.0,0,0,0,0,Asia
CUST_02532,2024-08-30,2024-12-31,2024-12-28,2025-03-31,93,213,0,False,1,0.0,0.0,0.0,0.0,0.0,0.0,0.0,0.0,0.0,0.0,1,2,2.0,646.57,323.285,646.57,0.0,0.0,0.0,0.0,2,0,0,0,0,M,61,1.0,0.0,0.0,0,0,0,0,Asia
CUST_02533,2024-06-12,2024-12-31,2024-10-10,2025-03-31,172,292,0,False,1,0.0,0.0,0.0,0.0,0.0,0.0,0.0,0.0,0.0,0.0,1,1,1.0,1037.8,1037.8,0.0,0.0,1037.8,0.0,0.0,0,0,1,0,0,F,75,0.0,0.0,1.0,0,0,0,0,North America
CUST_02545,2024-08-26,2024-12-31,2024-12-24,2025-03-31,97,217,0,False,1,0.0,0.0,0.0,0.0,0.0,0.0,0.0,0.0,0.0,0.0,2,2,1.0,3379.37,1689.685,1814.09,0.0,0.0,1565.28,0.0,1,0,0,1,0,M,41,0.0,1.0,0.0,0,0,0,0,Europe
CUST_02548,2024-07-24,2024-12-31,2024-11-21,2025-03-31,130,250,0,False,1,0.0,0.0,0.0,0.0,0.0,0.0,0.0,0.0,0.0,0.0,1,1,1.0,1556.57,1556.57,0.0,1556.57,0.0,0.0,0.0,0,1,0,0,0,M,50,0.0,0.0,1.0,0,0,0,0,North America
CUST_02550,2024-07-18,2024-12-31,2024-11-15,2025-03-31,136,256,0,False,1,0.0,0.0,0.0,0.0,0.0,0.0,0.0,0.0,0.0,0.0,1,1,1.0,1661.5,1661.5,0.0,0.0,0.0,1661.5,0.0,0,0,0,1,0,F,41,0.0,1.0,0.0,0,0,0,0,Europe
CUST_02557,2024-06-03,2024-12-31,2024-10-01,2025-03-31,181,301,0,False,1,0.0,0.0,0.0,0.0,0.0,0.0,0.0,0.0,0.0,0.0,1,2,2.0,494.46,247.23,0.0,0.0,0.0,0.0,494.46,0,0,0,0,2,M,67,1.0,0.0,0.0,0,0,0,0,Asia
CUST_02559,2024-07-24,2024-12-31,2024-11-21,2025-03-31,130,250,0,False,1,0.0,0.0,0.0,0.0,0.0,0.0,0.0,0.0,0.0,0.0,1,4,4.0,1110.81,277.7025,0.0,0.0,0.0,0.0,1110.81,0,0,0,0,4,F,55,0.0,1.0,0.0,0,0,0,0,Europe
CUST_02561,2024-08-17,2024-12-31,2024-12-15,2025-03-31,106,226,0,False,0,0.0,0.0,0.0,0.0,0.0,0.0,0.0,0.0,0.0,0.0,1,1,1.0,1952.0,1952.0,0.0,0.0,1952.0,0.0,0.0,0,0,1,0,0,F,68,1.0,0.0,0.0,0,0,0,0,Asia
CUST_02565,2024-06-11,2024-12-31,2024-10-09,2025-03-31,173,293,0,False,1,0.0,0.0,0.0,0.0,0.0,0.0,0.0,0.0,0.0,0.0,1,3,3.0,1328.64,442.88000000000005,1328.64,0.0,0.0,0.0,0.0,3,0,0,0,0,M,48,0.0,1.0,0.0,0,0,0,0,Europe
CUST_02570,2024-06-19,2024-12-31,2024-10-17,2025-03-31,165,285,0,False,1,0.0,0.0,0.0,0.0,0.0,0.0,0.0,0.0,0.0,0.0,3,9,3.0,2656.3900000000003,436.1437777777778,0.0,778.96,0.0,722.54,1154.89,0,1,0,5,3,F,64,0.0,1.0,0.0,0,0,0,0,Europe
CUST_02571,2024-06-20,2024-12-31,2024-10-18,2025-03-31,164,284,0,False,1,0.0,0.0,0.0,0.0,0.0,0.0,0.0,0.0,0.0,0.0,1,2,2.0,1539.91,769.955,0.0,0.0,0.0,1539.91,0.0,0,0,0,2,0,M,71,0.0,1.0,0.0,0,0,0,0,Europe
CUST_02574,2024-08-18,2024-12-31,2024-12-16,2025-03-31,105,225,0,False,1,0.0,0.0,0.0,0.0,0.0,0.0,0.0,0.0,0.0,0.0,2,2,1.0,1428.02,714.01,419.4,1008.62,0.0,0.0,0.0,1,1,0,0,0,F,39,1.0,0.0,0.0,0,0,0,0,Asia
CUST_02580,2024-06-02,2024-12-31,2024-09-30,2025-03-31,182,302,0,False,1,0.0,0.0,0.0,0.0,0.0,0.0,0.0,0.0,0.0,0.0,1,3,3.0,1170.44,390.1466666666667,1170.44,0.0,0.0,0.0,0.0,3,0,0,0,0,M,28,0.0,0.0,1.0,0,0,0,0,North America
CUST_02583,2024-08-24,2024-12-31,2024-12-22,2025-03-31,99,219,0,False,1,0.0,0.0,0.0,0.0,0.0,0.0,0.0,0.0,0.0,0.0,2,3,1.5,2469.4700000000003,826.8,1631.74,0.0,0.0,0.0,837.73,2,0,0,0,1,F,30,1.0,0.0,0.0,0,0,0,0,Asia
CUST_02585,2024-08-24,2024-12-31,2024-12-22,2025-03-31,99,219,0,False,1,0.0,0.0,0.0,0.0,0.0,0.0,0.0,0.0,0.0,0.0,1,3,3.0,1455.48,485.16,1455.48,0.0,0.0,0.0,0.0,3,0,0,0,0,M,32,0.0,1.0,0.0,0,0,0,0,Europe
CUST_02586,2024-07-16,2024-12-31,2024-11-13,2025-03-31,138,258,0,False,1,0.0,0.0,0.0,0.0,0.0,0.0,0.0,0.0,0.0,0.0,1,2,2.0,1201.25,600.625,0.0,1201.25,0.0,0.0,0.0,0,2,0,0,0,F,33,0.0,1.0,0.0,0,0,0,0,Europe
CUST_02589,2024-06-13,2024-12-31,2024-10-11,2025-03-31,171,291,0,False,1,0.0,0.0,0.0,0.0,0.0,0.0,0.0,0.0,0.0,0.0,1,2,2.0,669.95,334.975,0.0,0.0,669.95,0.0,0.0,0,0,2,0,0,M,53,1.0,0.0,0.0,0,0,0,0,Asia
CUST_02591,2024-08-08,2024-12-31,2024-12-06,2025-03-31,115,235,0,False,0,0.0,0.0,0.0,0.0,0.0,0.0,0.0,0.0,0.0,0.0,1,1,1.0,180.46,180.46,0.0,0.0,0.0,180.46,0.0,0,0,0,1,0,M,21,1.0,0.0,0.0,0,0,0,0,Asia
CUST_02597,2024-07-23,2024-12-31,2024-11-20,2025-03-31,131,251,0,False,1,0.0,0.0,0.0,0.0,0.0,0.0,0.0,0.0,0.0,0.0,2,6,3.0,2754.73,459.12166666666667,0.0,0.0,0.0,1042.89,1711.84,0,0,0,3,3,F,40,0.0,0.0,1.0,0,0,0,0,North America
CUST_02598,2024-09-01,2024-12-31,2024-12-30,2025-03-31,91,211,0,False,0,0.0,0.0,0.0,0.0,0.0,0.0,0.0,0.0,0.0,0.0,3,3,1.0,3693.59,1231.1966666666667,1709.3,475.59,0.0,0.0,1508.7,1,1,0,0,1,F,65,1.0,0.0,0.0,0,0,0,0,Asia
CUST_02600,2024-06-09,2024-12-31,2024-10-07,2025-03-31,175,295,0,False,1,0.0,0.0,0.0,0.0,0.0,0.0,0.0,0.0,0.0,0.0,1,1,1.0,273.37,273.37,0.0,0.0,273.37,0.0,0.0,0,0,1,0,0,F,61,1.0,0.0,0.0,0,0,0,0,Asia
CUST_02604,2024-07-22,2024-12-31,2024-11-19,2025-03-31,132,252,0,False,1,0.0,0.0,0.0,0.0,0.0,0.0,0.0,0.0,0.0,0.0,1,3,3.0,1977.3,659.1,0.0,1977.3,0.0,0.0,0.0,0,3,0,0,0,M,54,0.0,1.0,0.0,0,0,0,0,Europe
CUST_02606,2024-08-02,2024-12-31,2024-11-30,2025-03-31,121,241,0,False,1,0.0,0.0,0.0,0.0,0.0,0.0,0.0,0.0,0.0,0.0,1,3,3.0,1171.49,390.49666666666667,1171.49,0.0,0.0,0.0,0.0,3,0,0,0,0,F,42,0.0,1.0,0.0,0,0,0,0,Europe
CUST_02612,2024-08-17,2024-12-31,2024-12-15,2025-03-31,106,226,0,False,1,0.0,0.0,0.0,0.0,0.0,0.0,0.0,0.0,0.0,0.0,1,2,2.0,554.15,277.075,0.0,0.0,0.0,0.0,554.15,0,0,0,0,2,M,30,0.0,1.0,0.0,0,0,0,0,Europe
CUST_02615,2024-08-14,2024-12-31,2024-12-12,2025-03-31,109,229,0,False,1,0.0,0.0,0.0,0.0,0.0,0.0,0.0,0.0,0.0,0.0,1,1,1.0,748.94,748.94,748.94,0.0,0.0,0.0,0.0,1,0,0,0,0,F,29,1.0,0.0,0.0,0,0,0,0,Asia
CUST_02616,2024-08-16,2024-12-31,2024-12-14,2025-03-31,107,227,0,False,1,0.0,0.0,0.0,0.0,0.0,0.0,0.0,0.0,0.0,0.0,3,4,1.3333333333333333,3130.4,1024.5433333333333,0.0,0.0,1659.37,0.0,1471.03,0,0,3,0,1,F,48,0.0,1.0,0.0,0,0,0,0,Europe
CUST_02618,2024-08-17,2024-12-31,2024-12-15,2025-03-31,106,226,0,False,1,0.0,0.0,0.0,0.0,0.0,0.0,0.0,0.0,0.0,0.0,3,7,2.3333333333333335,3285.2799999999997,456.57,2356.6,0.0,0.0,0.0,928.68,5,0,0,0,2,F,68,1.0,0.0,0.0,0,0,0,0,Asia
CUST_02627,2024-07-20,2024-12-31,2024-11-17,2025-03-31,134,254,0,False,1,0.0,0.0,0.0,0.0,0.0,0.0,0.0,0.0,0.0,0.0,1,2,2.0,641.87,320.935,0.0,0.0,0.0,0.0,641.87,0,0,0,0,2,F,72,0.0,1.0,0.0,0,0,0,0,Europe
CUST_02632,2024-08-03,2024-12-31,2024-12-01,2025-03-31,120,240,0,False,1,0.0,0.0,0.0,0.0,0.0,0.0,0.0,0.0,0.0,0.0,1,3,3.0,1039.35,346.45,0.0,0.0,1039.35,0.0,0.0,0,0,3,0,0,F,69,0.0,1.0,0.0,0,0,0,0,Europe
CUST_02635,2024-07-22,2024-12-31,2024-11-19,2025-03-31,132,252,0,False,0,0.0,0.0,0.0,0.0,0.0,0.0,0.0,0.0,0.0,0.0,1,1,1.0,633.54,633.54,0.0,633.54,0.0,0.0,0.0,0,1,0,0,0,M,66,0.0,1.0,0.0,0,0,0,0,Europe
CUST_02639,2024-07-07,2024-12-31,2024-11-04,2025-03-31,147,267,0,False,1,0.0,0.0,0.0,0.0,0.0,0.0,0.0,0.0,0.0,0.0,1,1,1.0,302.08,302.08,0.0,0.0,0.0,0.0,302.08,0,0,0,0,1,F,69,0.0,1.0,0.0,0,0,0,0,Europe
CUST_02645,2024-08-14,2024-12-31,2024-12-12,2025-03-31,109,229,0,False,1,0.0,0.0,0.0,0.0,0.0,0.0,0.0,0.0,0.0,0.0,1,1,1.0,889.82,889.82,0.0,889.82,0.0,0.0,0.0,0,1,0,0,0,Other,72,0.0,1.0,0.0,0,0,0,0,Europe
CUST_02648,2024-08-22,2024-12-31,2024-12-20,2025-03-31,101,221,0,False,1,0.0,0.0,0.0,0.0,0.0,0.0,0.0,0.0,0.0,0.0,1,2,2.0,495.7,247.85,0.0,0.0,0.0,495.7,0.0,0,0,0,2,0,M,22,0.0,0.0,1.0,0,0,0,0,North America
CUST_02657,2024-08-28,2024-12-31,2024-12-26,2025-03-31,95,215,0,False,1,0.0,0.0,0.0,0.0,0.0,0.0,0.0,0.0,0.0,0.0,1,2,2.0,1011.37,505.685,0.0,0.0,0.0,0.0,1011.37,0,0,0,0,2,M,22,0.0,1.0,0.0,0,0,0,0,Europe
CUST_02664,2024-06-15,2024-12-31,2024-10-13,2025-03-31,169,289,0,False,0,0.0,0.0,0.0,0.0,0.0,0.0,0.0,0.0,0.0,0.0,1,2,2.0,1016.41,508.205,0.0,1016.41,0.0,0.0,0.0,0,2,0,0,0,M,61,0.0,1.0,0.0,0,0,0,0,Europe
CUST_02673,2024-07-06,2024-12-31,2024-11-03,2025-03-31,148,268,0,False,1,0.0,0.0,0.0,0.0,0.0,0.0,0.0,0.0,0.0,0.0,1,1,1.0,880.49,880.49,0.0,0.0,0.0,0.0,880.49,0,0,0,0,1,F,49,1.0,0.0,0.0,0,0,0,0,Asia
CUST_02675,2024-08-14,2024-12-31,2024-12-12,2025-03-31,109,229,0,False,0,0.0,0.0,0.0,0.0,0.0,0.0,0.0,0.0,0.0,0.0,2,2,1.0,1759.81,879.905,1198.28,561.53,0.0,0.0,0.0,1,1,0,0,0,M,72,0.0,1.0,0.0,0,0,0,0,Europe
CUST_02682,2024-07-23,2024-12-31,2024-11-20,2025-03-31,131,251,0,False,1,0.0,0.0,0.0,0.0,0.0,0.0,0.0,0.0,0.0,0.0,2,4,2.0,3032.76,758.19,1554.67,1478.09,0.0,0.0,0.0,2,2,0,0,0,F,51,0.0,1.0,0.0,0,0,0,0,Europe
CUST_02690,2024-06-20,2024-12-31,2024-10-18,2025-03-31,164,284,0,False,1,0.0,0.0,0.0,0.0,0.0,0.0,0.0,0.0,0.0,0.0,1,2,2.0,395.99,197.995,395.99,0.0,0.0,0.0,0.0,2,0,0,0,0,F,71,1.0,0.0,0.0,0,0,0,0,Asia
CUST_02692,2024-07-04,2024-12-31,2024-11-01,2025-03-31,150,270,0,False,1,0.0,0.0,0.0,0.0,0.0,0.0,0.0,0.0,0.0,0.0,1,1,1.0,689.65,689.65,0.0,689.65,0.0,0.0,0.0,0,1,0,0,0,M,27,0.0,1.0,0.0,0,0,0,0,Europe
CUST_02699,2024-07-14,2024-12-31,2024-11-11,2025-03-31,140,260,0,False,1,0.0,0.0,0.0,0.0,0.0,0.0,0.0,0.0,0.0,0.0,2,3,1.5,2516.59,1065.7125,770.33,0.0,1746.26,0.0,0.0,2,0,1,0,0,M,59,1.0,0.0,0.0,0,0,0,0,Asia
CUST_02724,2024-07-12,2024-12-31,2024-11-09,2025-03-31,142,262,0,False,1,0.0,0.0,0.0,0.0,0.0,0.0,0.0,0.0,0.0,0.0,1,2,2.0,530.32,265.16,0.0,0.0,0.0,530.32,0.0,0,0,0,2,0,M,27,0.0,1.0,0.0,0,0,0,0,Europe
CUST_02740,2024-06-17,2024-12-31,2024-10-15,2025-03-31,167,287,0,False,1,0.0,0.0,0.0,0.0,0.0,0.0,0.0,0.0,0.0,0.0,1,1,1.0,220.5,220.5,0.0,220.5,0.0,0.0,0.0,0,1,0,0,0,M,39,0.0,1.0,0.0,0,0,0,0,Europe
CUST_02741,2024-06-24,2024-12-31,2024-10-22,2025-03-31,160,280,0,False,1,0.0,0.0,0.0,0.0,0.0,0.0,0.0,0.0,0.0,0.0,3,11,3.6666666666666665,2819.85,248.215,0.0,1779.91,476.19,0.0,563.75,0,4,3,0,4,M,43,0.0,0.0,1.0,0,0,0,0,North America
CUST_02752,2024-08-31,2024-12-31,2024-12-29,2025-03-31,92,212,0,False,0,0.0,0.0,0.0,0.0,0.0,0.0,0.0,0.0,0.0,0.0,3,10,3.3333333333333335,1352.04,134.21333333333334,130.47,0.0,0.0,557.12,664.45,1,0,0,4,5,Other,27,0.0,1.0,0.0,0,0,0,0,Europe
CUST_02758,2024-08-15,2024-12-31,2024-12-13,2025-03-31,108,228,0,False,1,0.0,0.0,0.0,0.0,0.0,0.0,0.0,0.0,0.0,0.0,3,5,1.6666666666666667,2288.39,613.0583333333333,1389.96,0.0,315.4,0.0,583.03,1,0,2,0,2,M,55,0.0,1.0,0.0,0,0,0,0,Europe
CUST_02759,2024-06-28,2024-12-31,2024-10-26,2025-03-31,156,276,0,False,1,0.0,0.0,0.0,0.0,0.0,0.0,0.0,0.0,0.0,0.0,1,2,2.0,477.46,238.73,0.0,0.0,0.0,477.46,0.0,0,0,0,2,0,M,68,0.0,0.0,1.0,0,0,0,0,North America
CUST_02766,2024-08-24,2024-12-31,2024-12-22,2025-03-31,99,219,0,False,1,0.0,0.0,0.0,0.0,0.0,0.0,0.0,0.0,0.0,0.0,2,5,2.5,3474.2200000000003,734.7375,0.0,1605.81,1868.41,0.0,0.0,0,3,2,0,0,M,73,0.0,1.0,0.0,0,0,0,0,Europe
CUST_02770,2024-06-25,2024-12-31,2024-10-23,2025-03-31,159,279,0,False,1,0.0,0.0,0.0,0.0,0.0,0.0,0.0,0.0,0.0,0.0,1,1,1.0,1251.72,1251.72,1251.72,0.0,0.0,0.0,0.0,1,0,0,0,0,F,53,0.0,1.0,0.0,0,0,0,0,Europe
CUST_02781,2024-08-13,2024-12-31,2024-12-11,2025-03-31,110,230,0,False,1,0.0,0.0,0.0,0.0,0.0,0.0,0.0,0.0,0.0,0.0,1,2,2.0,1696.44,848.22,0.0,0.0,1696.44,0.0,0.0,0,0,2,0,0,F,54,0.0,1.0,0.0,0,0,0,0,Europe
CUST_02787,2024-08-10,2024-12-31,2024-12-08,2025-03-31,113,233,0,False,1,0.0,0.0,0.0,0.0,0.0,0.0,0.0,0.0,0.0,0.0,3,5,1.6666666666666667,2459.6,591.3000000000001,1088.2,0.0,0.0,576.67,794.73,1,0,0,2,2,M,45,1.0,0.0,0.0,0,0,0,0,Asia
CUST_02788,2024-07-04,2024-12-31,2024-11-01,2025-03-31,150,270,0,False,1,0.0,0.0,0.0,0.0,0.0,0.0,0.0,0.0,0.0,0.0,1,5,5.0,1535.97,307.194,0.0,0.0,0.0,1535.97,0.0,0,0,0,5,0,F,29,1.0,0.0,0.0,0,0,0,0,Asia
CUST_02790,2024-07-08,2024-12-31,2024-11-05,2025-03-31,146,266,0,False,1,0.0,0.0,0.0,0.0,0.0,0.0,0.0,0.0,0.0,0.0,1,4,4.0,1722.63,430.6575,0.0,1722.63,0.0,0.0,0.0,0,4,0,0,0,M,60,1.0,0.0,0.0,0,0,0,0,Asia
CUST_02797,2024-08-03,2024-12-31,2024-12-01,2025-03-31,120,240,0,False,1,0.0,0.0,0.0,0.0,0.0,0.0,0.0,0.0,0.0,0.0,2,3,1.5,1047.67,464.6675,0.0,236.67,811.0,0.0,0.0,0,2,1,0,0,F,60,0.0,1.0,0.0,0,0,0,0,Europe
CUST_02801,2024-07-24,2024-12-31,2024-11-21,2025-03-31,130,250,0,False,1,0.0,0.0,0.0,0.0,0.0,0.0,0.0,0.0,0.0,0.0,1,1,1.0,1004.43,1004.43,0.0,1004.43,0.0,0.0,0.0,0,1,0,0,0,F,73,0.0,1.0,0.0,0,0,0,0,Europe
CUST_02803,2024-08-16,2024-12-31,2024-12-14,2025-03-31,107,227,0,False,1,0.0,0.0,0.0,0.0,0.0,0.0,0.0,0.0,0.0,0.0,3,6,2.0,4151.92,1237.1458333333333,1884.69,0.0,1679.92,0.0,587.31,1,0,1,0,4,F,46,0.0,1.0,0.0,0,0,0,0,Europe
CUST_02813,2024-08-28,2024-12-31,2024-12-26,2025-03-31,95,215,0,False,0,0.0,0.0,0.0,0.0,0.0,0.0,0.0,0.0,0.0,0.0,2,3,1.5,1497.19,678.0074999999999,0.0,0.0,282.35,1214.84,0.0,0,0,2,1,0,F,32,0.0,1.0,0.0,0,0,0,0,Europe
CUST_02824,2024-06-30,2024-12-31,2024-10-28,2025-03-31,154,274,0,False,1,0.0,0.0,0.0,0.0,0.0,0.0,0.0,0.0,0.0,0.0,1,1,1.0,1392.38,1392.38,0.0,1392.38,0.0,0.0,0.0,0,1,0,0,0,F,43,1.0,0.0,0.0,0,0,0,0,Asia
CUST_02829,2024-07-31,2024-12-31,2024-11-28,2025-03-31,123,243,0,False,0,0.0,0.0,0.0,0.0,0.0,0.0,0.0,0.0,0.0,0.0,3,6,2.0,3313.27,844.6883333333334,3039.91,0.0,273.36,0.0,0.0,3,0,3,0,0,M,24,0.0,1.0,0.0,0,0,0,0,Europe
CUST_02832,2024-07-03,2024-12-31,2024-10-31,2025-03-31,151,271,0,False,1,0.0,0.0,0.0,0.0,0.0,0.0,0.0,0.0,0.0,0.0,1,1,1.0,446.0,446.0,0.0,0.0,0.0,0.0,446.0,0,0,0,0,1,F,40,0.0,0.0,1.0,0,0,0,0,North America
CUST_02835,2024-08-08,2024-12-31,2024-12-06,2025-03-31,115,235,0,False,1,0.0,0.0,0.0,0.0,0.0,0.0,0.0,0.0,0.0,0.0,1,1,1.0,959.46,959.46,0.0,0.0,0.0,0.0,959.46,0,0,0,0,1,F,26,0.0,0.0,1.0,0,0,0,0,North America
CUST_02836,2024-07-03,2024-12-31,2024-10-31,2025-03-31,151,271,0,False,1,0.0,0.0,0.0,0.0,0.0,0.0,0.0,0.0,0.0,0.0,1,2,2.0,1565.62,782.81,0.0,0.0,1565.62,0.0,0.0,0,0,2,0,0,F,31,0.0,1.0,0.0,0,0,0,0,Europe
CUST_02843,2024-07-04,2024-12-31,2024-11-01,2025-03-31,150,270,0,False,1,0.0,0.0,0.0,0.0,0.0,0.0,0.0,0.0,0.0,0.0,2,2,1.0,2841.45,1420.725,0.0,0.0,0.0,1895.81,945.64,0,0,0,1,1,F,75,0.0,1.0,0.0,0,0,0,0,Europe
CUST_02849,2024-07-03,2024-12-31,2024-10-31,2025-03-31,151,271,0,False,1,0.0,0.0,0.0,0.0,0.0,0.0,0.0,0.0,0.0,0.0,1,1,1.0,991.62,991.62,0.0,0.0,0.0,991.62,0.0,0,0,0,1,0,F,72,0.0,1.0,0.0,0,0,0,0,Europe
CUST_02850,2024-07-18,2024-12-31,2024-11-15,2025-03-31,136,256,0,False,1,0.0,0.0,0.0,0.0,0.0,0.0,0.0,0.0,0.0,0.0,1,1,1.0,379.03,379.03,0.0,379.03,0.0,0.0,0.0,0,1,0,0,0,F,58,0.0,1.0,0.0,0,0,0,0,Europe
CUST_02858,2024-06-29,2024-12-31,2024-10-27,2025-03-31,155,275,0,False,1,0.0,0.0,0.0,0.0,0.0,0.0,0.0,0.0,0.0,0.0,1,2,2.0,1953.85,976.925,0.0,0.0,0.0,0.0,1953.85,0,0,0,0,2,F,39,1.0,0.0,0.0,0,0,0,0,Asia
CUST_02861,2024-08-06,2024-12-31,2024-12-04,2025-03-31,117,237,0,False,1,0.0,0.0,0.0,0.0,0.0,0.0,0.0,0.0,0.0,0.0,2,2,1.0,281.21000000000004,140.60500000000002,0.0,0.0,144.1,0.0,137.11,0,0,1,0,1,F,64,0.0,1.0,0.0,0,0,0,0,Europe
CUST_02864,2024-08-18,2024-12-31,2024-12-16,2025-03-31,105,225,0,False,0,0.0,0.0,0.0,0.0,0.0,0.0,0.0,0.0,0.0,0.0,1,1,1.0,1479.41,1479.41,1479.41,0.0,0.0,0.0,0.0,1,0,0,0,0,F,34,1.0,0.0,0.0,0,0,0,0,Asia
CUST_02874,2024-07-23,2024-12-31,2024-11-20,2025-03-31,131,251,0,False,1,0.0,0.0,0.0,0.0,0.0,0.0,0.0,0.0,0.0,0.0,4,8,2.0,4637.52,822.58,0.0,0.0,2913.91,0.0,1723.61,0,0,5,0,3,F,70,1.0,0.0,0.0,0,0,0,0,Asia
CUST_02881,2024-08-31,2024-12-31,2024-12-29,2025-03-31,92,212,0,False,0,0.0,0.0,0.0,0.0,0.0,0.0,0.0,0.0,0.0,0.0,1,3,3.0,728.8,242.9333333333333,728.8,0.0,0.0,0.0,0.0,3,0,0,0,0,F,61,0.0,1.0,0.0,0,0,0,0,Europe
CUST_02882,2024-06-20,2024-12-31,2024-10-18,2025-03-31,164,284,0,False,1,0.0,0.0,0.0,0.0,0.0,0.0,0.0,0.0,0.0,0.0,1,1,1.0,1077.86,1077.86,0.0,0.0,0.0,0.0,1077.86,0,0,0,0,1,M,55,1.0,0.0,0.0,0,0,0,0,Asia
CUST_02883,2024-06-25,2024-12-31,2024-10-23,2025-03-31,159,279,0,False,1,0.0,0.0,0.0,0.0,0.0,0.0,0.0,0.0,0.0,0.0,1,2,2.0,366.07,183.035,366.07,0.0,0.0,0.0,0.0,2,0,0,0,0,M,41,0.0,1.0,0.0,0,0,0,0,Europe
CUST_02885,2024-07-06,2024-12-31,2024-11-03,2025-03-31,148,268,0,False,0,0.0,0.0,0.0,0.0,0.0,0.0,0.0,0.0,0.0,0.0,1,1,1.0,1535.78,1535.78,0.0,0.0,1535.78,0.0,0.0,0,0,1,0,0,M,49,0.0,1.0,0.0,0,0,0,0,Europe
CUST_02887,2024-07-07,2024-12-31,2024-11-04,2025-03-31,147,267,0,False,1,0.0,0.0,0.0,0.0,0.0,0.0,0.0,0.0,0.0,0.0,2,6,3.0,1319.24,215.57625000000002,913.87,0.0,0.0,405.37,0.0,4,0,0,2,0,M,41,1.0,0.0,0.0,0,0,0,0,Asia
CUST_02888,2024-06-18,2024-12-31,2024-10-16,2025-03-31,166,286,0,False,1,0.0,0.0,0.0,0.0,0.0,0.0,0.0,0.0,0.0,0.0,1,2,2.0,1513.75,756.875,0.0,0.0,0.0,0.0,1513.75,0,0,0,0,2,F,58,0.0,1.0,0.0,0,0,0,0,Europe
CUST_02892,2024-08-13,2024-12-31,2024-12-11,2025-03-31,110,230,0,False,1,0.0,0.0,0.0,0.0,0.0,0.0,0.0,0.0,0.0,0.0,1,3,3.0,1808.0,602.6666666666666,0.0,0.0,1808.0,0.0,0.0,0,0,3,0,0,F,66,0.0,1.0,0.0,0,0,0,0,Europe
CUST_02894,2024-06-13,2024-12-31,2024-10-11,2025-03-31,171,291,0,False,0,0.0,0.0,0.0,0.0,0.0,0.0,0.0,0.0,0.0,0.0,1,2,2.0,1089.08,544.54,0.0,0.0,0.0,1089.08,0.0,0,0,0,2,0,F,74,0.0,0.0,1.0,0,0,0,0,North America
CUST_02904,2024-07-02,2024-12-31,2024-10-30,2025-03-31,152,272,0,False,1,0.0,0.0,0.0,0.0,0.0,0.0,0.0,0.0,0.0,0.0,1,3,3.0,1645.04,548.3466666666667,0.0,0.0,0.0,1645.04,0.0,0,0,0,3,0,F,22,0.0,1.0,0.0,0,0,0,0,Europe
CUST_02922,2024-07-10,2024-12-31,2024-11-07,2025-03-31,144,264,0,False,1,0.0,0.0,0.0,0.0,0.0,0.0,0.0,0.0,0.0,0.0,3,7,2.3333333333333335,4237.33,943.3316666666666,0.0,0.0,3336.1099999999997,0.0,901.22,0,0,3,0,4,M,31,1.0,0.0,0.0,0,0,0,0,Asia
CUST_02934,2024-06-01,2024-12-31,2024-09-29,2025-03-31,183,303,0,False,1,0.0,0.0,0.0,0.0,0.0,0.0,0.0,0.0,0.0,0.0,1,2,2.0,784.29,392.145,0.0,0.0,0.0,0.0,784.29,0,0,0,0,2,F,44,0.0,0.0,1.0,0,0,0,0,North America
CUST_02941,2024-07-29,2024-12-31,2024-11-26,2025-03-31,125,245,0,False,1,0.0,0.0,0.0,0.0,0.0,0.0,0.0,0.0,0.0,0.0,1,3,3.0,1576.55,525.5166666666667,0.0,1576.55,0.0,0.0,0.0,0,3,0,0,0,M,25,1.0,0.0,0.0,0,0,0,0,Asia
CUST_02947,2024-08-14,2024-12-31,2024-12-12,2025-03-31,109,229,0,False,1,0.0,0.0,0.0,0.0,0.0,0.0,0.0,0.0,0.0,0.0,1,2,2.0,1469.96,734.98,0.0,0.0,0.0,1469.96,0.0,0,0,0,2,0,F,74,1.0,0.0,0.0,0,0,0,0,Asia
CUST_02950,2024-08-20,2024-12-31,2024-12-18,2025-03-31,103,223,0,False,1,0.0,0.0,0.0,0.0,0.0,0.0,0.0,0.0,0.0,0.0,1,3,3.0,1248.67,416.22333333333336,0.0,0.0,0.0,1248.67,0.0,0,0,0,3,0,M,45,0.0,1.0,0.0,0,0,0,0,Europe
CUST_02964,2024-08-23,2024-12-31,2024-12-21,2025-03-31,100,220,0,False,1,0.0,0.0,0.0,0.0,0.0,0.0,0.0,0.0,0.0,0.0,1,2,2.0,1679.0,839.5,0.0,0.0,0.0,1679.0,0.0,0,0,0,2,0,M,60,1.0,0.0,0.0,0,0,0,0,Asia
CUST_02966,2024-08-22,2024-12-31,2024-12-20,2025-03-31,101,221,0,False,1,0.0,0.0,0.0,0.0,0.0,0.0,0.0,0.0,0.0,0.0,2,5,2.5,3360.9,701.6016666666667,1697.42,1663.48,0.0,0.0,0.0,2,3,0,0,0,F,72,0.0,1.0,0.0,0,0,0,0,Europe
CUST_02979,2024-06-08,2024-12-31,2024-10-06,2025-03-31,176,296,0,False,1,0.0,0.0,0.0,0.0,0.0,0.0,0.0,0.0,0.0,0.0,2,4,2.0,2384.9300000000003,719.4216666666666,0.0,965.8,1419.13,0.0,0.0,0,1,3,0,0,F,26,1.0,0.0,0.0,0,0,0,0,Asia
CUST_02983,2024-07-27,2024-12-31,2024-11-24,2025-03-31,127,247,0,False,1,0.0,0.0,0.0,0.0,0.0,0.0,0.0,0.0,0.0,0.0,2,3,1.5,3530.24,1334.745,0.0,1808.74,0.0,1721.5,0.0,0,1,0,2,0,M,69,0.0,1.0,0.0,0,0,0,0,Europe
CUST_02986,2024-07-15,2024-12-31,2024-11-12,2025-03-31,139,259,0,False,1,0.0,0.0,0.0,0.0,0.0,0.0,0.0,0.0,0.0,0.0,1,2,2.0,893.3,446.65,0.0,893.3,0.0,0.0,0.0,0,2,0,0,0,F,54,0.0,1.0,0.0,0,0,0,0,Europe
CUST_02996,2024-06-19,2024-12-31,2024-10-17,2025-03-31,165,285,0,False,1,0.0,0.0,0.0,0.0,0.0,0.0,0.0,0.0,0.0,0.0,1,2,2.0,1180.45,590.225,0.0,0.0,0.0,1180.45,0.0,0,0,0,2,0,F,22,0.0,1.0,0.0,0,0,0,0,Europe
CUST_03013,2024-08-08,2024-12-31,2024-12-06,2025-03-31,115,235,0,False,1,0.0,0.0,0.0,0.0,0.0,0.0,0.0,0.0,0.0,0.0,3,4,1.3333333333333333,2597.91,616.995,957.9,0.0,0.0,146.16,1493.85,1,0,0,1,2,F,39,0.0,1.0,0.0,0,0,0,0,Europe
CUST_03019,2024-07-05,2024-12-31,2024-11-02,2025-03-31,149,269,0,False,1,0.0,0.0,0.0,0.0,0.0,0.0,0.0,0.0,0.0,0.0,2,4,2.0,2390.8,1054.8500000000001,0.0,0.0,421.65,1969.15,0.0,0,0,3,1,0,F,27,1.0,0.0,0.0,0,0,0,0,Asia
CUST_03022,2024-08-23,2024-12-31,2024-12-21,2025-03-31,100,220,0,False,1,0.0,0.0,0.0,0.0,0.0,0.0,0.0,0.0,0.0,0.0,2,4,2.0,3416.8500000000004,1089.3816666666667,0.0,0.0,0.0,3416.8500000000004,0.0,0,0,0,4,0,F,24,0.0,1.0,0.0,0,0,0,0,Europe
CUST_03030,2024-07-29,2024-12-31,2024-11-26,2025-03-31,125,245,0,False,1,0.0,0.0,0.0,0.0,0.0,0.0,0.0,0.0,0.0,0.0,1,1,1.0,737.7,737.7,0.0,737.7,0.0,0.0,0.0,0,1,0,0,0,M,58,0.0,0.0,1.0,0,0,0,0,North America
CUST_03043,2024-07-23,2024-12-31,2024-11-20,2025-03-31,131,251,0,False,1,0.0,0.0,0.0,0.0,0.0,0.0,0.0,0.0,0.0,0.0,2,5,2.5,2813.83,989.915,0.0,0.0,1701.83,0.0,1112.0,0,0,1,0,4,M,35,0.0,1.0,0.0,0,0,0,0,Europe
CUST_03045,2024-06-25,2024-12-31,2024-10-23,2025-03-31,159,279,0,False,1,0.0,0.0,0.0,0.0,0.0,0.0,0.0,0.0,0.0,0.0,1,1,1.0,995.54,995.54,0.0,0.0,0.0,995.54,0.0,0,0,0,1,0,M,67,0.0,0.0,1.0,0,0,0,0,North America
CUST_03046,2024-07-09,2024-12-31,2024-11-06,2025-03-31,145,265,0,False,1,0.0,0.0,0.0,0.0,0.0,0.0,0.0,0.0,0.0,0.0,1,2,2.0,1841.06,920.53,0.0,0.0,1841.06,0.0,0.0,0,0,2,0,0,Other,35,1.0,0.0,0.0,0,0,0,0,Asia
CUST_03052,2024-08-11,2024-12-31,2024-12-09,2025-03-31,112,232,0,False,1,0.0,0.0,0.0,0.0,0.0,0.0,0.0,0.0,0.0,0.0,2,4,2.0,3101.46,775.365,0.0,0.0,1311.19,0.0,1790.27,0,0,2,0,2,F,66,1.0,0.0,0.0,0,0,0,0,Asia
CUST_03054,2024-09-01,2024-12-31,2024-12-30,2025-03-31,91,211,0,False,1,0.0,0.0,0.0,0.0,0.0,0.0,0.0,0.0,0.0,0.0,1,1,1.0,715.08,715.08,0.0,0.0,0.0,0.0,715.08,0,0,0,0,1,F,36,0.0,1.0,0.0,0,0,0,0,Europe
CUST_03067,2024-07-24,2024-12-31,2024-11-21,2025-03-31,130,250,0,False,0,0.0,0.0,0.0,0.0,0.0,0.0,0.0,0.0,0.0,0.0,2,2,1.0,2320.36,1160.18,0.0,0.0,0.0,2320.36,0.0,0,0,0,2,0,Other,52,0.0,0.0,1.0,0,0,0,0,North America
CUST_03070,2024-08-29,2024-12-31,2024-12-27,2025-03-31,94,214,0,False,1,0.0,0.0,0.0,0.0,0.0,0.0,0.0,0.0,0.0,0.0,1,3,3.0,1845.09,615.03,1845.09,0.0,0.0,0.0,0.0,3,0,0,0,0,F,71,1.0,0.0,0.0,0,0,0,0,Asia
CUST_03071,2024-08-28,2024-12-31,2024-12-26,2025-03-31,95,215,0,False,1,0.0,0.0,0.0,0.0,0.0,0.0,0.0,0.0,0.0,0.0,1,1,1.0,1876.86,1876.86,0.0,0.0,1876.86,0.0,0.0,0,0,1,0,0,M,44,0.0,1.0,0.0,0,0,0,0,Europe
CUST_03074,2024-08-17,2024-12-31,2024-12-15,2025-03-31,106,226,0,False,1,0.0,0.0,0.0,0.0,0.0,0.0,0.0,0.0,0.0,0.0,3,10,3.3333333333333335,3847.23,372.29138888888883,0.0,1986.43,0.0,1655.58,205.22,0,4,0,3,3,F,53,0.0,1.0,0.0,0,0,0,0,Europe
CUST_03076,2024-08-20,2024-12-31,2024-12-18,2025-03-31,103,223,0,False,1,0.0,0.0,0.0,0.0,0.0,0.0,0.0,0.0,0.0,0.0,1,1,1.0,1538.11,1538.11,0.0,0.0,0.0,1538.11,0.0,0,0,0,1,0,M,68,1.0,0.0,0.0,0,0,0,0,Asia
CUST_03078,2024-07-26,2024-12-31,2024-11-23,2025-03-31,128,248,0,False,1,0.0,0.0,0.0,0.0,0.0,0.0,0.0,0.0,0.0,0.0,1,3,3.0,543.82,181.27333333333334,0.0,0.0,0.0,543.82,0.0,0,0,0,3,0,M,68,0.0,1.0,0.0,0,0,0,0,Europe
CUST_03079,2024-08-04,2024-12-31,2024-12-02,2025-03-31,119,239,0,False,1,0.0,0.0,0.0,0.0,0.0,0.0,0.0,0.0,0.0,0.0,1,2,2.0,1625.32,812.66,0.0,0.0,0.0,0.0,1625.32,0,0,0,0,2,M,53,0.0,1.0,0.0,0,0,0,0,Europe
CUST_03080,2024-06-19,2024-12-31,2024-10-17,2025-03-31,165,285,0,False,1,0.0,0.0,0.0,0.0,0.0,0.0,0.0,0.0,0.0,0.0,2,3,1.5,2981.58,1206.0175,0.0,0.0,0.0,1139.09,1842.49,0,0,0,2,1,M,33,0.0,1.0,0.0,0,0,0,0,Europe
CUST_03082,2024-07-28,2024-12-31,2024-11-25,2025-03-31,126,246,0,False,1,0.0,0.0,0.0,0.0,0.0,0.0,0.0,0.0,0.0,0.0,2,2,1.0,2191.1800000000003,1095.5900000000001,2191.1800000000003,0.0,0.0,0.0,0.0,2,0,0,0,0,M,31,0.0,1.0,0.0,0,0,0,0,Europe
CUST_03088,2024-07-13,2024-12-31,2024-11-10,2025-03-31,141,261,0,False,1,0.0,0.0,0.0,0.0,0.0,0.0,0.0,0.0,0.0,0.0,1,1,1.0,220.43,220.43,0.0,0.0,0.0,220.43,0.0,0,0,0,1,0,F,71,0.0,1.0,0.0,0,0,0,0,Europe
CUST_03091,2024-06-25,2024-12-31,2024-10-23,2025-03-31,159,279,0,False,1,0.0,0.0,0.0,0.0,0.0,0.0,0.0,0.0,0.0,0.0,1,2,2.0,1326.77,663.385,1326.77,0.0,0.0,0.0,0.0,2,0,0,0,0,F,36,0.0,0.0,1.0,0,0,0,0,North America
CUST_03101,2024-07-08,2024-12-31,2024-11-05,2025-03-31,146,266,0,False,1,0.0,0.0,0.0,0.0,0.0,0.0,0.0,0.0,0.0,0.0,2,2,1.0,3294.2,1647.1,0.0,1538.17,1756.03,0.0,0.0,0,1,1,0,0,F,48,1.0,0.0,0.0,0,0,0,0,Asia
CUST_03109,2024-07-02,2024-12-31,2024-10-30,2025-03-31,152,272,0,False,1,0.0,0.0,0.0,0.0,0.0,0.0,0.0,0.0,0.0,0.0,1,2,2.0,1025.58,512.79,0.0,1025.58,0.0,0.0,0.0,0,2,0,0,0,F,68,0.0,1.0,0.0,0,0,0,0,Europe
CUST_03110,2024-06-10,2024-12-31,2024-10-08,2025-03-31,174,294,0,False,1,0.0,0.0,0.0,0.0,0.0,0.0,0.0,0.0,0.0,0.0,1,1,1.0,517.97,517.97,0.0,0.0,517.97,0.0,0.0,0,0,1,0,0,M,66,0.0,1.0,0.0,0,0,0,0,Europe
CUST_03116,2024-08-23,2024-12-31,2024-12-21,2025-03-31,100,220,0,False,1,0.0,0.0,0.0,0.0,0.0,0.0,0.0,0.0,0.0,0.0,2,4,2.0,2553.2799999999997,638.3199999999999,2553.2799999999997,0.0,0.0,0.0,0.0,4,0,0,0,0,M,59,1.0,0.0,0.0,0,0,0,0,Asia
CUST_03122,2024-08-22,2024-12-31,2024-12-20,2025-03-31,101,221,0,False,1,0.0,0.0,0.0,0.0,0.0,0.0,0.0,0.0,0.0,0.0,2,3,1.5,2949.31,1046.385,0.0,0.0,0.0,2949.31,0.0,0,0,0,3,0,M,74,1.0,0.0,0.0,0,0,0,0,Asia
CUST_03123,2024-09-01,2024-12-31,2024-12-30,2025-03-31,91,211,0,False,1,0.0,0.0,0.0,0.0,0.0,0.0,0.0,0.0,0.0,0.0,2,2,1.0,2178.5299999999997,1089.2649999999999,725.52,1453.01,0.0,0.0,0.0,1,1,0,0,0,M,61,1.0,0.0,0.0,0,0,0,0,Asia
CUST_03129,2024-07-09,2024-12-31,2024-11-06,2025-03-31,145,265,0,False,1,0.0,0.0,0.0,0.0,0.0,0.0,0.0,0.0,0.0,0.0,1,1,1.0,624.81,624.81,0.0,0.0,0.0,0.0,624.81,0,0,0,0,1,F,62,1.0,0.0,0.0,0,0,0,0,Asia
CUST_03133,2024-06-25,2024-12-31,2024-10-23,2025-03-31,159,279,0,False,1,0.0,0.0,0.0,0.0,0.0,0.0,0.0,0.0,0.0,0.0,2,7,3.5,3701.18,537.9316666666666,0.0,0.0,1806.82,0.0,1894.36,0,0,3,0,4,M,21,1.0,0.0,0.0,0,0,0,0,Asia
CUST_03136,2024-09-01,2024-12-31,2024-12-30,2025-03-31,91,211,0,False,1,0.0,0.0,0.0,0.0,0.0,0.0,0.0,0.0,0.0,0.0,2,2,1.0,1935.15,967.575,1935.15,0.0,0.0,0.0,0.0,2,0,0,0,0,F,55,0.0,1.0,0.0,0,0,0,0,Europe
CUST_03141,2024-07-14,2024-12-31,2024-11-11,2025-03-31,140,260,0,False,1,0.0,0.0,0.0,0.0,0.0,0.0,0.0,0.0,0.0,0.0,2,2,1.0,1794.69,897.345,220.75,1573.94,0.0,0.0,0.0,1,1,0,0,0,Other,74,0.0,1.0,0.0,0,0,0,0,Europe
CUST_03146,2024-08-25,2024-12-31,2024-12-23,2025-03-31,98,218,0,False,1,0.0,0.0,0.0,0.0,0.0,0.0,0.0,0.0,0.0,0.0,1,1,1.0,476.17,476.17,0.0,476.17,0.0,0.0,0.0,0,1,0,0,0,M,45,0.0,1.0,0.0,0,0,0,0,Europe
CUST_03171,2024-08-08,2024-12-31,2024-12-06,2025-03-31,115,235,0,False,1,0.0,0.0,0.0,0.0,0.0,0.0,0.0,0.0,0.0,0.0,1,4,4.0,1194.11,298.5275,0.0,0.0,0.0,0.0,1194.11,0,0,0,0,4,M,25,1.0,0.0,0.0,0,0,0,0,Asia
CUST_03173,2024-08-20,2024-12-31,2024-12-18,2025-03-31,103,223,0,False,1,0.0,0.0,0.0,0.0,0.0,0.0,0.0,0.0,0.0,0.0,1,1,1.0,809.23,809.23,0.0,0.0,0.0,809.23,0.0,0,0,0,1,0,F,27,1.0,0.0,0.0,0,0,0,0,Asia
CUST_03176,2024-06-25,2024-12-31,2024-10-23,2025-03-31,159,279,0,False,1,0.0,0.0,0.0,0.0,0.0,0.0,0.0,0.0,0.0,0.0,1,1,1.0,1078.22,1078.22,1078.22,0.0,0.0,0.0,0.0,1,0,0,0,0,M,44,0.0,1.0,0.0,0,0,0,0,Europe
CUST_03191,2024-06-23,2024-12-31,2024-10-21,2025-03-31,161,281,0,False,1,0.0,0.0,0.0,0.0,0.0,0.0,0.0,0.0,0.0,0.0,2,5,2.5,1769.02,389.52000000000004,1136.2,0.0,0.0,632.82,0.0,2,0,0,3,0,M,30,1.0,0.0,0.0,0,0,0,0,Asia
CUST_03195,2024-07-25,2024-12-31,2024-11-22,2025-03-31,129,249,0,False,1,0.0,0.0,0.0,0.0,0.0,0.0,0.0,0.0,0.0,0.0,1,3,3.0,1135.08,378.35999999999996,0.0,0.0,1135.08,0.0,0.0,0,0,3,0,0,M,44,1.0,0.0,0.0,0,0,0,0,Asia
CUST_03196,2024-06-07,2024-12-31,2024-10-05,2025-03-31,177,297,0,False,0,0.0,0.0,0.0,0.0,0.0,0.0,0.0,0.0,0.0,0.0,1,4,4.0,153.94,38.485,153.94,0.0,0.0,0.0,0.0,4,0,0,0,0,F,65,1.0,0.0,0.0,0,0,0,0,Asia
CUST_03204,2024-08-02,2024-12-31,2024-11-30,2025-03-31,121,241,0,False,1,0.0,0.0,0.0,0.0,0.0,0.0,0.0,0.0,0.0,0.0,1,2,2.0,835.98,417.99,0.0,0.0,0.0,0.0,835.98,0,0,0,0,2,F,63,1.0,0.0,0.0,0,0,0,0,Asia
CUST_03206,2024-07-03,2024-12-31,2024-10-31,2025-03-31,151,271,0,False,1,0.0,0.0,0.0,0.0,0.0,0.0,0.0,0.0,0.0,0.0,1,4,4.0,897.92,224.48,897.92,0.0,0.0,0.0,0.0,4,0,0,0,0,M,74,0.0,1.0,0.0,0,0,0,0,Europe
CUST_03219,2024-08-13,2024-12-31,2024-12-11,2025-03-31,110,230,0,False,1,0.0,0.0,0.0,0.0,0.0,0.0,0.0,0.0,0.0,0.0,4,7,1.75,2149.63,373.05916666666667,0.0,174.0,1120.04,0.0,855.59,0,2,2,0,3,M,63,1.0,0.0,0.0,0,0,0,0,Asia
CUST_03223,2024-08-11,2024-12-31,2024-12-09,2025-03-31,112,232,0,False,1,0.0,0.0,0.0,0.0,0.0,0.0,0.0,0.0,0.0,0.0,2,5,2.5,2645.94,982.4399999999999,0.0,0.0,1737.86,0.0,908.08,0,0,1,0,4,M,43,0.0,1.0,0.0,0,0,0,0,Europe
CUST_03224,2024-08-31,2024-12-31,2024-12-29,2025-03-31,92,212,0,False,0,0.0,0.0,0.0,0.0,0.0,0.0,0.0,0.0,0.0,0.0,4,9,2.25,4304.1900000000005,549.12375,0.0,3296.73,1007.4599999999999,0.0,0.0,0,6,3,0,0,M,73,0.0,0.0,1.0,0,0,0,0,North America
CUST_03225,2024-07-28,2024-12-31,2024-11-25,2025-03-31,126,246,0,False,1,0.0,0.0,0.0,0.0,0.0,0.0,0.0,0.0,0.0,0.0,1,2,2.0,1509.65,754.825,0.0,1509.65,0.0,0.0,0.0,0,2,0,0,0,F,22,0.0,1.0,0.0,0,0,0,0,Europe
CUST_03230,2024-06-14,2024-12-31,2024-10-12,2025-03-31,170,290,0,False,1,0.0,0.0,0.0,0.0,0.0,0.0,0.0,0.0,0.0,0.0,1,2,2.0,1090.41,545.205,1090.41,0.0,0.0,0.0,0.0,2,0,0,0,0,F,37,0.0,1.0,0.0,0,0,0,0,Europe
CUST_03232,2024-06-01,2024-12-31,2024-09-29,2025-03-31,183,303,0,False,1,0.0,0.0,0.0,0.0,0.0,0.0,0.0,0.0,0.0,0.0,1,2,2.0,401.13,200.565,0.0,0.0,401.13,0.0,0.0,0,0,2,0,0,Other,29,0.0,1.0,0.0,0,0,0,0,Europe
CUST_03245,2024-08-28,2024-12-31,2024-12-26,2025-03-31,95,215,0,False,1,0.0,0.0,0.0,0.0,0.0,0.0,0.0,0.0,0.0,0.0,2,3,1.5,3176.14,1088.17,0.0,1176.54,1999.6,0.0,0.0,0,1,2,0,0,F,72,0.0,1.0,0.0,0,0,0,0,Europe
CUST_03246,2024-08-17,2024-12-31,2024-12-15,2025-03-31,106,226,0,False,1,0.0,0.0,0.0,0.0,0.0,0.0,0.0,0.0,0.0,0.0,4,9,2.25,5086.6900000000005,614.2,671.85,1822.98,738.4,0.0,1853.46,2,4,1,0,2,F,36,0.0,1.0,0.0,0,0,0,0,Europe
CUST_03250,2024-06-10,2024-12-31,2024-10-08,2025-03-31,174,294,0,False,1,0.0,0.0,0.0,0.0,0.0,0.0,0.0,0.0,0.0,0.0,1,2,2.0,1859.83,929.915,1859.83,0.0,0.0,0.0,0.0,2,0,0,0,0,F,42,0.0,0.0,1.0,0,0,0,0,North America
CUST_03256,2024-07-19,2024-12-31,2024-11-16,2025-03-31,135,255,0,False,1,0.0,0.0,0.0,0.0,0.0,0.0,0.0,0.0,0.0,0.0,2,7,3.5,1981.04,258.72208333333333,0.0,0.0,1714.83,266.21,0.0,0,0,4,3,0,F,37,1.0,0.0,0.0,0,0,0,0,Asia
CUST_03258,2024-08-22,2024-12-31,2024-12-20,2025-03-31,101,221,0,False,1,0.0,0.0,0.0,0.0,0.0,0.0,0.0,0.0,0.0,0.0,1,2,2.0,665.06,332.53,0.0,0.0,665.06,0.0,0.0,0,0,2,0,0,M,49,0.0,1.0,0.0,0,0,0,0,Europe
CUST_03262,2024-06-30,2024-12-31,2024-10-28,2025-03-31,154,274,0,False,1,0.0,0.0,0.0,0.0,0.0,0.0,0.0,0.0,0.0,0.0,1,4,4.0,1474.25,368.5625,0.0,0.0,0.0,1474.25,0.0,0,0,0,4,0,F,63,0.0,1.0,0.0,0,0,0,0,Europe
CUST_03269,2024-08-14,2024-12-31,2024-12-12,2025-03-31,109,229,0,False,1,0.0,0.0,0.0,0.0,0.0,0.0,0.0,0.0,0.0,0.0,1,1,1.0,435.58,435.58,0.0,0.0,0.0,0.0,435.58,0,0,0,0,1,F,22,1.0,0.0,0.0,0,0,0,0,Asia
CUST_03285,2024-08-08,2024-12-31,2024-12-06,2025-03-31,115,235,0,False,1,0.0,0.0,0.0,0.0,0.0,0.0,0.0,0.0,0.0,0.0,1,2,2.0,1501.68,750.84,1501.68,0.0,0.0,0.0,0.0,2,0,0,0,0,M,72,0.0,0.0,1.0,0,0,0,0,North America
CUST_03293,2024-06-19,2024-12-31,2024-10-17,2025-03-31,165,285,0,False,1,0.0,0.0,0.0,0.0,0.0,0.0,0.0,0.0,0.0,0.0,1,4,4.0,410.38,102.595,0.0,0.0,410.38,0.0,0.0,0,0,4,0,0,F,50,0.0,1.0,0.0,0,0,0,0,Europe
CUST_03294,2024-07-31,2024-12-31,2024-11-28,2025-03-31,123,243,0,False,1,0.0,0.0,0.0,0.0,0.0,0.0,0.0,0.0,0.0,0.0,1,2,2.0,1304.77,652.385,0.0,0.0,0.0,0.0,1304.77,0,0,0,0,2,M,39,0.0,1.0,0.0,0,0,0,0,Europe
CUST_03296,2024-08-17,2024-12-31,2024-12-15,2025-03-31,106,226,0,False,1,0.0,0.0,0.0,0.0,0.0,0.0,0.0,0.0,0.0,0.0,2,4,2.0,3728.5299999999997,1286.2350000000001,1734.09,0.0,0.0,0.0,1994.44,3,0,0,0,1,M,55,0.0,0.0,1.0,0,0,0,0,North America
CUST_03304,2024-07-19,2024-12-31,2024-11-16,2025-03-31,135,255,0,False,1,0.0,0.0,0.0,0.0,0.0,0.0,0.0,0.0,0.0,0.0,1,1,1.0,536.01,536.01,0.0,0.0,0.0,0.0,536.01,0,0,0,0,1,F,72,1.0,0.0,0.0,0,0,0,0,Asia
CUST_03305,2024-06-17,2024-12-31,2024-10-15,2025-03-31,167,287,0,False,1,0.0,0.0,0.0,0.0,0.0,0.0,0.0,0.0,0.0,0.0,1,1,1.0,1945.04,1945.04,0.0,1945.04,0.0,0.0,0.0,0,1,0,0,0,M,31,1.0,0.0,0.0,0,0,0,0,Asia
CUST_03310,2024-06-07,2024-12-31,2024-10-05,2025-03-31,177,297,0,False,0,0.0,0.0,0.0,0.0,0.0,0.0,0.0,0.0,0.0,0.0,1,2,2.0,1100.4,550.2,0.0,0.0,0.0,0.0,1100.4,0,0,0,0,2,F,72,1.0,0.0,0.0,0,0,0,0,Asia
CUST_03312,2024-07-20,2024-12-31,2024-11-17,2025-03-31,134,254,0,False,1,0.0,0.0,0.0,0.0,0.0,0.0,0.0,0.0,0.0,0.0,2,2,1.0,2070.05,1035.025,0.0,0.0,2070.05,0.0,0.0,0,0,2,0,0,M,62,1.0,0.0,0.0,0,0,0,0,Asia
CUST_03323,2024-08-24,2024-12-31,2024-12-22,2025-03-31,99,219,0,False,1,0.0,0.0,0.0,0.0,0.0,0.0,0.0,0.0,0.0,0.0,2,7,3.5,1845.25,359.3125,1845.25,0.0,0.0,0.0,0.0,7,0,0,0,0,M,58,0.0,1.0,0.0,0,0,0,0,Europe
CUST_03333,2024-07-23,2024-12-31,2024-11-20,2025-03-31,131,251,0,False,1,0.0,0.0,0.0,0.0,0.0,0.0,0.0,0.0,0.0,0.0,1,4,4.0,1545.58,386.395,1545.58,0.0,0.0,0.0,0.0,4,0,0,0,0,M,64,0.0,1.0,0.0,0,0,0,0,Europe
CUST_03335,2024-06-26,2024-12-31,2024-10-24,2025-03-31,158,278,0,False,1,0.0,0.0,0.0,0.0,0.0,0.0,0.0,0.0,0.0,0.0,1,4,4.0,989.36,247.34,0.0,989.36,0.0,0.0,0.0,0,4,0,0,0,F,38,1.0,0.0,0.0,0,0,0,0,Asia
CUST_03337,2024-07-19,2024-12-31,2024-11-16,2025-03-31,135,255,0,False,1,0.0,0.0,0.0,0.0,0.0,0.0,0.0,0.0,0.0,0.0,2,4,2.0,3096.71,1080.295,3096.71,0.0,0.0,0.0,0.0,4,0,0,0,0,F,45,1.0,0.0,0.0,0,0,0,0,Asia
CUST_03341,2024-08-23,2024-12-31,2024-12-21,2025-03-31,100,220,0,False,1,0.0,0.0,0.0,0.0,0.0,0.0,0.0,0.0,0.0,0.0,3,5,1.6666666666666667,3566.41,655.2866666666667,0.0,3201.1000000000004,365.31,0.0,0.0,0,4,1,0,0,M,31,1.0,0.0,0.0,0,0,0,0,Asia
CUST_03345,2024-07-28,2024-12-31,2024-11-25,2025-03-31,126,246,0,False,1,0.0,0.0,0.0,0.0,0.0,0.0,0.0,0.0,0.0,0.0,1,3,3.0,1031.78,343.9266666666667,0.0,0.0,0.0,1031.78,0.0,0,0,0,3,0,F,27,0.0,1.0,0.0,0,0,0,0,Europe
CUST_03347,2024-07-01,2024-12-31,2024-10-29,2025-03-31,153,273,0,False,1,0.0,0.0,0.0,0.0,0.0,0.0,0.0,0.0,0.0,0.0,1,1,1.0,1273.71,1273.71,0.0,0.0,0.0,1273.71,0.0,0,0,0,1,0,F,43,1.0,0.0,0.0,0,0,0,0,Asia
CUST_03357,2024-08-07,2024-12-31,2024-12-05,2025-03-31,116,236,0,False,1,0.0,0.0,0.0,0.0,0.0,0.0,0.0,0.0,0.0,0.0,2,3,1.5,3259.8100000000004,1203.74,0.0,0.0,0.0,0.0,3259.8100000000004,0,0,0,0,3,F,59,1.0,0.0,0.0,0,0,0,0,Asia
CUST_03363,2024-06-15,2024-12-31,2024-10-13,2025-03-31,169,289,0,False,1,0.0,0.0,0.0,0.0,0.0,0.0,0.0,0.0,0.0,0.0,1,1,1.0,707.14,707.14,0.0,0.0,0.0,0.0,707.14,0,0,0,0,1,F,49,0.0,1.0,0.0,0,0,0,0,Europe
CUST_03365,2024-08-18,2024-12-31,2024-12-16,2025-03-31,105,225,0,False,1,0.0,0.0,0.0,0.0,0.0,0.0,0.0,0.0,0.0,0.0,2,4,2.0,2827.7200000000003,956.2933333333333,1455.02,0.0,0.0,1372.7,0.0,1,0,0,3,0,M,70,0.0,1.0,0.0,0,0,0,0,Europe
CUST_03369,2024-07-12,2024-12-31,2024-11-09,2025-03-31,142,262,0,False,1,0.0,0.0,0.0,0.0,0.0,0.0,0.0,0.0,0.0,0.0,1,1,1.0,1356.55,1356.55,0.0,0.0,1356.55,0.0,0.0,0,0,1,0,0,M,37,1.0,0.0,0.0,0,0,0,0,Asia
CUST_03371,2024-06-23,2024-12-31,2024-10-21,2025-03-31,161,281,0,False,0,0.0,0.0,0.0,0.0,0.0,0.0,0.0,0.0,0.0,0.0,1,1,1.0,1798.48,1798.48,0.0,0.0,1798.48,0.0,0.0,0,0,1,0,0,M,50,0.0,1.0,0.0,0,0,0,0,Europe
CUST_03373,2024-07-21,2024-12-31,2024-11-18,2025-03-31,133,253,0,False,1,0.0,0.0,0.0,0.0,0.0,0.0,0.0,0.0,0.0,0.0,2,5,2.5,1971.41,330.505,224.21,0.0,0.0,1747.2,0.0,1,0,0,4,0,F,71,1.0,0.0,0.0,0,0,0,0,Asia
CUST_03386,2024-07-09,2024-12-31,2024-11-06,2025-03-31,145,265,0,False,1,0.0,0.0,0.0,0.0,0.0,0.0,0.0,0.0,0.0,0.0,2,3,1.5,1759.27,585.96,584.57,0.0,0.0,0.0,1174.7,1,0,0,0,2,M,31,0.0,1.0,0.0,0,0,0,0,Europe
CUST_03411,2024-07-13,2024-12-31,2024-11-10,2025-03-31,141,261,0,False,1,0.0,0.0,0.0,0.0,0.0,0.0,0.0,0.0,0.0,0.0,1,2,2.0,867.02,433.51,0.0,0.0,0.0,867.02,0.0,0,0,0,2,0,F,75,1.0,0.0,0.0,0,0,0,0,Asia
CUST_03415,2024-07-11,2024-12-31,2024-11-08,2025-03-31,143,263,0,False,1,0.0,0.0,0.0,0.0,0.0,0.0,0.0,0.0,0.0,0.0,1,3,3.0,1522.9,507.6333333333334,0.0,0.0,0.0,1522.9,0.0,0,0,0,3,0,M,35,0.0,1.0,0.0,0,0,0,0,Europe
CUST_03416,2024-07-12,2024-12-31,2024-11-09,2025-03-31,142,262,0,False,1,0.0,0.0,0.0,0.0,0.0,0.0,0.0,0.0,0.0,0.0,1,1,1.0,1068.85,1068.85,1068.85,0.0,0.0,0.0,0.0,1,0,0,0,0,F,22,0.0,0.0,1.0,0,0,0,0,North America
CUST_03418,2024-08-29,2024-12-31,2024-12-27,2025-03-31,94,214,0,False,1,0.0,0.0,0.0,0.0,0.0,0.0,0.0,0.0,0.0,0.0,4,8,2.0,3266.12,574.8766666666666,3000.8099999999995,265.31,0.0,0.0,0.0,5,3,0,0,0,M,32,0.0,1.0,0.0,0,0,0,0,Europe
CUST_03433,2024-08-05,2024-12-31,2024-12-03,2025-03-31,118,238,0,False,1,0.0,0.0,0.0,0.0,0.0,0.0,0.0,0.0,0.0,0.0,1,2,2.0,1068.74,534.37,1068.74,0.0,0.0,0.0,0.0,2,0,0,0,0,F,41,0.0,1.0,0.0,0,0,0,0,Europe
CUST_03451,2024-07-13,2024-12-31,2024-11-10,2025-03-31,141,261,0,False,1,0.0,0.0,0.0,0.0,0.0,0.0,0.0,0.0,0.0,0.0,1,2,2.0,1813.17,906.585,0.0,0.0,0.0,0.0,1813.17,0,0,0,0,2,F,56,0.0,0.0,1.0,0,0,0,0,North America
CUST_03455,2024-08-02,2024-12-31,2024-11-30,2025-03-31,121,241,0,False,1,0.0,0.0,0.0,0.0,0.0,0.0,0.0,0.0,0.0,0.0,3,7,2.3333333333333335,2627.8599999999997,416.65777777777777,0.0,383.74,1822.58,0.0,421.54,0,3,2,0,2,F,72,1.0,0.0,0.0,0,0,0,0,Asia
CUST_03467,2024-06-23,2024-12-31,2024-10-21,2025-03-31,161,281,0,False,1,0.0,0.0,0.0,0.0,0.0,0.0,0.0,0.0,0.0,0.0,1,1,1.0,620.85,620.85,0.0,0.0,0.0,0.0,620.85,0,0,0,0,1,M,61,0.0,1.0,0.0,0,0,0,0,Europe
CUST_03472,2024-07-03,2024-12-31,2024-10-31,2025-03-31,151,271,0,False,1,0.0,0.0,0.0,0.0,0.0,0.0,0.0,0.0,0.0,0.0,1,3,3.0,1120.44,373.48,0.0,1120.44,0.0,0.0,0.0,0,3,0,0,0,M,50,0.0,1.0,0.0,0,0,0,0,Europe
CUST_03479,2024-07-16,2024-12-31,2024-11-13,2025-03-31,138,258,0,False,1,0.0,0.0,0.0,0.0,0.0,0.0,0.0,0.0,0.0,0.0,1,3,3.0,1830.32,610.1066666666667,0.0,0.0,0.0,0.0,1830.32,0,0,0,0,3,F,73,0.0,1.0,0.0,0,0,0,0,Europe
CUST_03486,2024-08-24,2024-12-31,2024-12-22,2025-03-31,99,219,0,False,1,0.0,0.0,0.0,0.0,0.0,0.0,0.0,0.0,0.0,0.0,4,8,2.0,5362.92,691.975,3693.57,0.0,0.0,1669.35,0.0,5,0,0,3,0,F,25,1.0,0.0,0.0,0,0,0,0,Asia
CUST_03489,2024-07-29,2024-12-31,2024-11-26,2025-03-31,125,245,0,False,1,0.0,0.0,0.0,0.0,0.0,0.0,0.0,0.0,0.0,0.0,2,3,1.5,2390.92,989.325,0.0,824.54,0.0,1566.38,0.0,0,2,0,1,0,M,64,1.0,0.0,0.0,0,0,0,0,Asia
CUST_03500,2024-07-11,2024-12-31,2024-11-08,2025-03-31,143,263,0,False,0,0.0,0.0,0.0,0.0,0.0,0.0,0.0,0.0,0.0,0.0,1,1,1.0,1748.13,1748.13,0.0,0.0,0.0,0.0,1748.13,0,0,0,0,1,M,59,0.0,0.0,1.0,0,0,0,0,North America
