customer_id,event_type,event_date,product_category,quantity,net_sale_euro
CUST_02071,purchase,2024-11-15,slg,2,335.78
CUST_01676,purchase,2024-11-23,slg,2,889.56
CUST_01703,purchase,2024-11-29,slg,2,1571.01
CUST_02002,purchase,2024-07-13,bags,2,1868.94
CUST_02316,purchase,2024-06-08,shoes,2,1655.78
CUST_01197,purchase,2024-06-09,rtw,1,1200.52
CUST_00921,purchase,2024-10-16,rtw,2,1790.46
CUST_00689,purchase,2024-12-17,slg,2,1898.61
CUST_02317,purchase,2024-12-08,slg,3,276.43
CUST_02252,purchase,2024-10-09,bags,2,230.34
CUST_02346,purchase,2024-06-30,rtw,2,114.69
CUST_03175,purchase,2024-10-18,rtw,2,404.98
CUST_02221,purchase,2024-12-28,bags,1,489.68
CUST_03113,purchase,2024-12-02,slg,3,1062.45
CUST_02238,purchase,2024-07-26,slg,1,231.7
CUST_00420,purchase,2024-12-06,shoes,1,1133.41
CUST_01220,purchase,2024-06-09,slg,3,324.82
CUST_01077,purchase,2024-08-29,bags,2,1498.5
CUST_01799,purchase,2024-07-01,shoes,3,1849.96
CUST_00860,purchase,2024-12-25,textile,2,604.79
CUST_02823,purchase,2024-08-29,textile,3,922.14
CUST_02592,purchase,2024-09-18,shoes,1,1054.81
CUST_02524,purchase,2024-07-06,shoes,2,236.14
CUST_03333,purchase,2024-07-23,bags,4,1545.58
CUST_02336,purchase,2024-08-29,textile,2,336.4
CUST_01152,purchase,2024-10-31,textile,1,361.35
CUST_00690,purchase,2024-08-22,rtw,2,938.17
CUST_01186,purchase,2024-10-25,rtw,2,1185.57
CUST_02108,purchase,2025-02-19,bags,1,1589.43
CUST_00556,purchase,2024-12-10,slg,1,1223.55
CUST_00243,purchase,2024-08-10,shoes,4,837.95
CUST_02874,purchase,2024-07-04,shoes,3,297.19
CUST_00600,purchase,2024-10-15,rtw,2,920.14
CUST_03394,purchase,2024-10-13,slg,1,881.51
CUST_02005,purchase,2024-07-07,textile,3,496.14
CUST_02591,purchase,2024-08-08,slg,1,180.46
CUST_01537,purchase,2024-09-24,bags,2,489.94
CUST_02596,purchase,2024-12-21,bags,3,753.79
CUST_01651,purchase,2024-10-10,rtw,3,960.18
CUST_02846,purchase,2024-09-03,slg,4,1884.52
CUST_02000,purchase,2024-08-23,textile,2,857.4
CUST_00011,purchase,2024-12-16,bags,3,197.36
CUST_02994,purchase,2024-09-26,rtw,2,1049.37
CUST_03483,purchase,2024-06-17,textile,3,452.6
CUST_01630,purchase,2024-07-26,slg,1,589.94
CUST_03379,purchase,2024-07-25,slg,2,486.0
CUST_01100,purchase,2024-08-22,rtw,1,425.72
CUST_01384,purchase,2024-10-19,textile,4,1071.89
CUST_00535,purchase,2025-01-14,slg,2,1407.95
CUST_03229,purchase,2024-12-20,bags,1,1680.92
CUST_00189,purchase,2024-06-26,slg,1,1568.96
CUST_00067,purchase,2024-07-02,shoes,1,1774.26
CUST_01808,purchase,2024-12-08,bags,1,1343.35
CUST_01753,purchase,2024-11-17,shoes,2,1326.34
CUST_02663,purchase,2024-08-17,shoes,2,1845.82
CUST_01123,purchase,2024-06-24,rtw,3,996.5
CUST_01026,purchase,2024-06-22,rtw,2,1115.85
CUST_02722,purchase,2024-11-14,shoes,1,401.34
CUST_00213,purchase,2024-09-10,rtw,3,372.29
CUST_02974,purchase,2024-11-27,shoes,2,1041.76
CUST_01759,purchase,2024-10-06,bags,3,1791.59
CUST_02883,purchase,2024-06-25,bags,2,366.07
CUST_00875,purchase,2024-10-01,bags,2,932.92
CUST_00544,purchase,2024-12-14,shoes,1,388.06
CUST_02128,purchase,2024-11-22,slg,1,555.51
CUST_00039,purchase,2024-06-03,rtw,1,1414.63
CUST_03347,purchase,2024-07-01,slg,1,1273.71
CUST_02843,purchase,2024-07-04,slg,1,1895.81
CUST_00291,purchase,2024-07-29,slg,2,1267.4
CUST_00366,purchase,2024-12-05,bags,1,1870.4
CUST_00423,purchase,2024-08-20,rtw,2,750.75
CUST_01226,purchase,2024-07-06,slg,1,846.59
CUST_03169,purchase,2024-12-26,shoes,2,829.07
CUST_02628,purchase,2024-11-21,shoes,1,565.38
CUST_00281,purchase,2024-10-14,textile,1,1634.25
CUST_00035,purchase,2024-11-04,shoes,1,1231.21
CUST_01803,purchase,2024-08-29,shoes,1,529.36
CUST_02573,purchase,2024-12-09,shoes,2,860.28
CUST_01687,purchase,2024-11-05,slg,2,676.62
CUST_00890,purchase,2024-06-23,bags,3,985.16
CUST_00574,purchase,2024-11-07,bags,1,454.17
CUST_02415,purchase,2024-12-04,slg,4,896.3
CUST_01440,purchase,2024-09-18,rtw,2,1554.32
CUST_03241,purchase,2024-07-06,shoes,3,511.7
CUST_01135,purchase,2024-10-02,bags,4,1234.23
CUST_01017,purchase,2024-10-20,textile,2,1075.69
CUST_02458,purchase,2024-12-02,textile,2,619.33
CUST_01168,purchase,2024-12-17,bags,2,1730.23
CUST_03473,purchase,2024-11-16,rtw,1,606.65
CUST_00842,purchase,2024-10-11,textile,3,1564.38
CUST_02088,purchase,2024-07-19,slg,1,152.22
CUST_01211,purchase,2024-11-13,bags,1,611.76
CUST_03211,purchase,2024-12-21,shoes,5,1427.96
CUST_02028,purchase,2024-09-07,bags,5,1439.09
CUST_00988,purchase,2024-10-06,textile,3,1057.47
CUST_00291,purchase,2024-11-27,bags,2,1240.9
CUST_01480,purchase,2024-08-21,shoes,1,733.57
CUST_01585,purchase,2024-10-24,slg,2,953.8
CUST_01497,purchase,2025-02-13,shoes,2,402.03
CUST_03125,purchase,2024-09-29,bags,1,472.36
CUST_00069,purchase,2024-10-29,bags,3,306.26
CUST_00057,purchase,2024-08-07,shoes,2,1907.85
CUST_00164,purchase,2024-06-16,slg,2,650.13
CUST_02076,purchase,2024-08-13,textile,2,323.59
CUST_03143,purchase,2024-09-15,slg,1,1571.97
CUST_02875,purchase,2024-09-11,bags,2,1379.68
CUST_02624,purchase,2024-10-16,textile,2,506.82
CUST_02524,purchase,2024-07-10,rtw,3,639.44
CUST_00343,purchase,2024-08-19,bags,1,572.24
CUST_02095,purchase,2024-07-23,shoes,2,1834.43
CUST_02198,purchase,2024-08-23,slg,1,1131.6
CUST_02403,purchase,2024-11-10,bags,2,924.75
CUST_01271,purchase,2024-11-26,slg,1,1027.62
CUST_02990,purchase,2024-08-01,bags,2,1550.85
CUST_01002,purchase,2024-06-23,slg,1,268.19
CUST_00476,purchase,2024-09-25,textile,4,1100.38
CUST_02494,purchase,2024-06-15,rtw,3,556.85
CUST_02729,purchase,2024-12-07,shoes,2,1883.88
CUST_00490,purchase,2024-06-04,shoes,3,190.65
CUST_02874,purchase,2024-06-03,shoes,1,762.84
CUST_02034,purchase,2024-08-28,textile,3,1277.36
CUST_02119,purchase,2024-12-18,rtw,3,969.85
CUST_00684,purchase,2024-09-04,shoes,2,933.45
CUST_03072,purchase,2024-12-17,rtw,1,1988.6
CUST_03003,purchase,2024-07-01,bags,2,1913.77
CUST_01373,purchase,2024-12-24,slg,1,459.55
CUST_01115,purchase,2024-10-10,bags,2,1618.53
CUST_01078,purchase,2024-11-30,textile,1,163.06
CUST_02571,purchase,2024-06-20,slg,2,1539.91
CUST_01865,purchase,2024-11-05,rtw,4,1620.3
CUST_00228,purchase,2024-10-06,textile,3,1190.27
CUST_00684,purchase,2024-09-03,shoes,2,666.12
CUST_01045,purchase,2024-12-15,bags,1,1271.52
CUST_02351,purchase,2024-11-20,bags,1,251.84
CUST_00936,purchase,2024-12-07,textile,1,1255.81
CUST_00011,purchase,2024-06-12,bags,1,1529.39
CUST_01002,purchase,2024-06-12,slg,2,873.46
CUST_01491,purchase,2024-09-07,shoes,2,1931.16
CUST_00734,purchase,2024-06-10,textile,4,1119.22
CUST_03290,purchase,2024-11-16,slg,4,1995.98
CUST_00920,purchase,2024-08-22,shoes,1,1682.7
CUST_01705,purchase,2024-12-02,rtw,3,1592.64
CUST_01112,purchase,2024-12-29,bags,2,1288.44
CUST_02342,purchase,2024-09-04,bags,3,533.81
CUST_02057,purchase,2024-11-20,bags,2,244.57
CUST_00735,purchase,2024-07-28,textile,4,1987.44
CUST_00189,purchase,2024-09-11,bags,2,123.59
CUST_01906,purchase,2024-08-12,rtw,1,1692.53
CUST_01341,purchase,2024-06-23,textile,1,542.98
CUST_01871,purchase,2024-06-03,rtw,3,1517.69
CUST_00822,purchase,2024-08-14,textile,1,1795.77
CUST_03214,purchase,2024-08-17,textile,1,1151.45
CUST_00994,purchase,2024-11-22,rtw,2,1954.84
CUST_02424,purchase,2024-10-05,shoes,2,1880.8
CUST_03001,purchase,2024-10-18,shoes,3,1686.0
CUST_00617,purchase,2024-06-02,slg,1,609.92
CUST_00098,purchase,2024-07-30,textile,2,1441.22
CUST_01419,purchase,2024-11-10,bags,2,106.42
CUST_01373,purchase,2024-06-01,slg,3,1172.01
CUST_03478,purchase,2024-12-06,rtw,1,1282.18
CUST_00426,purchase,2024-07-23,textile,1,1028.42
CUST_00976,purchase,2024-09-16,slg,3,1553.86
CUST_00246,purchase,2024-07-07,rtw,3,706.28
CUST_00382,purchase,2024-06-12,shoes,2,359.13
CUST_03464,purchase,2024-10-12,slg,1,1701.91
CUST_02871,purchase,2024-10-26,slg,1,1737.15
CUST_03064,purchase,2024-06-22,textile,2,863.13
CUST_00392,purchase,2024-10-08,shoes,1,1286.36
CUST_02611,purchase,2024-12-27,slg,2,176.99
CUST_00307,purchase,2024-10-30,textile,4,480.97
CUST_00256,purchase,2024-09-20,shoes,2,125.47
CUST_00970,purchase,2024-08-14,rtw,4,578.31
CUST_03486,purchase,2024-08-20,slg,3,1669.35
CUST_02871,purchase,2024-12-30,rtw,1,1636.31
CUST_01303,purchase,2024-09-24,rtw,3,1624.22
CUST_00957,purchase,2024-06-20,shoes,2,1283.38
CUST_00558,purchase,2024-12-17,textile,1,1705.1
CUST_00447,purchase,2024-07-10,bags,1,1871.34
CUST_00674,purchase,2024-09-24,slg,1,1494.37
CUST_01287,purchase,2025-01-05,bags,1,703.79
CUST_02196,purchase,2024-08-31,shoes,1,1521.0
CUST_01852,purchase,2024-08-18,slg,3,1414.79
CUST_01086,purchase,2024-07-01,bags,2,861.12
CUST_00646,purchase,2025-04-05,rtw,2,712.01
CUST_03385,purchase,2024-11-28,textile,2,1447.84
CUST_00166,purchase,2024-11-11,rtw,3,230.97
CUST_00608,purchase,2024-06-24,shoes,2,1268.6
CUST_01458,purchase,2024-09-10,textile,4,214.7
CUST_00201,purchase,2024-11-21,rtw,2,1431.25
CUST_01066,purchase,2024-12-27,shoes,1,1738.38
CUST_00128,purchase,2024-11-10,slg,1,1077.12
CUST_02278,purchase,2024-12-09,textile,2,747.45
CUST_01024,purchase,2024-06-25,slg,2,932.43
CUST_00418,purchase,2025-03-22,shoes,1,1175.79
CUST_00498,purchase,2024-06-04,bags,1,1978.45
CUST_03402,purchase,2024-12-17,shoes,2,1006.43
CUST_00536,purchase,2024-07-21,slg,2,1391.15
CUST_01525,purchase,2024-11-23,bags,2,1653.21
CUST_02386,purchase,2024-10-29,rtw,2,1673.44
CUST_03330,purchase,2024-06-20,bags,3,1507.55
CUST_00265,purchase,2024-07-21,slg,2,1574.49
CUST_03315,purchase,2024-07-03,bags,2,1066.3
CUST_03471,purchase,2024-12-30,rtw,1,1498.3
CUST_00502,purchase,2024-06-11,slg,3,1251.46
CUST_00208,purchase,2024-07-14,textile,1,1266.72
CUST_01775,purchase,2024-12-28,slg,4,246.82
CUST_02033,purchase,2024-06-08,slg,1,1405.53
CUST_02799,purchase,2024-11-08,shoes,2,1150.15
CUST_01450,purchase,2024-07-25,shoes,2,1638.53
CUST_01127,purchase,2024-10-21,slg,2,210.32
CUST_00609,purchase,2024-06-09,textile,4,1883.34
CUST_02537,purchase,2024-11-05,shoes,4,1009.53
CUST_02652,purchase,2024-08-15,slg,1,654.83
CUST_01688,purchase,2024-12-26,slg,4,264.37
CUST_00250,purchase,2024-06-23,rtw,1,811.22
CUST_01569,purchase,2024-07-06,slg,2,112.33
CUST_00817,purchase,2024-11-12,textile,2,1711.38
CUST_01021,purchase,2024-11-09,textile,2,1615.37
CUST_03256,purchase,2024-06-05,slg,3,266.21
CUST_03203,purchase,2024-11-30,rtw,3,600.67
CUST_01965,purchase,2024-10-18,slg,2,1342.49
CUST_01410,purchase,2024-10-23,textile,2,890.0
CUST_01318,purchase,2024-11-15,rtw,1,192.21
CUST_00737,purchase,2024-06-07,rtw,4,563.06
CUST_02446,purchase,2024-07-27,bags,1,1636.56
CUST_03321,purchase,2024-12-17,rtw,2,293.67
CUST_00240,purchase,2024-12-25,slg,1,762.85
CUST_02169,purchase,2024-08-31,textile,6,516.89
CUST_00954,purchase,2024-07-11,bags,2,607.69
CUST_01016,purchase,2024-12-01,shoes,1,1078.47
CUST_01092,purchase,2024-10-15,bags,1,392.9
CUST_03130,purchase,2024-10-28,textile,3,1768.84
CUST_03468,purchase,2024-12-22,slg,1,417.25
CUST_01454,purchase,2024-07-15,shoes,2,1354.33
CUST_00969,purchase,2024-10-30,rtw,4,492.13
CUST_03303,purchase,2025-03-01,rtw,2,648.82
CUST_02424,purchase,2024-06-08,rtw,1,853.47
CUST_02326,purchase,2024-10-23,shoes,1,160.5
CUST_02307,purchase,2024-07-19,slg,3,1354.73
CUST_02221,purchase,2024-11-02,shoes,1,653.05
CUST_02009,purchase,2024-10-06,bags,1,1701.65
CUST_00231,purchase,2024-07-30,textile,2,748.49
CUST_00897,purchase,2024-06-06,textile,4,499.1
CUST_01958,purchase,2024-06-01,rtw,3,1150.01
CUST_02516,purchase,2024-07-22,shoes,3,770.26
CUST_01396,purchase,2024-12-01,shoes,2,1137.99
CUST_03287,purchase,2024-08-22,bags,3,913.38
CUST_00090,purchase,2024-07-08,textile,4,715.48
CUST_02887,purchase,2024-07-07,bags,4,913.87
CUST_03468,purchase,2024-10-13,rtw,3,873.77
CUST_00298,purchase,2024-09-04,slg,1,1174.23
CUST_02401,purchase,2024-06-26,rtw,1,1685.45
CUST_01237,purchase,2024-08-22,shoes,2,915.5
CUST_00646,purchase,2024-12-05,slg,2,573.14
CUST_03244,purchase,2024-11-11,slg,4,372.26
CUST_02660,purchase,2024-08-21,shoes,1,550.38
CUST_02897,purchase,2024-10-22,textile,2,1485.3
CUST_03224,purchase,2024-08-31,shoes,1,851.06
CUST_02727,purchase,2024-10-29,shoes,2,815.1
CUST_01550,purchase,2024-08-18,rtw,1,308.29
CUST_00522,purchase,2024-07-16,bags,2,1420.29
CUST_02876,purchase,2024-10-27,slg,3,1275.95
CUST_03485,purchase,2024-12-15,textile,1,1271.08
CUST_00133,purchase,2024-07-17,textile,2,1656.76
CUST_01304,purchase,2024-12-25,textile,3,1214.62
CUST_00905,purchase,2024-11-11,textile,2,1658.05
CUST_00427,purchase,2024-10-06,shoes,1,106.93
CUST_01357,purchase,2024-12-08,bags,5,540.77
CUST_00975,purchase,2024-08-28,rtw,2,1396.24
CUST_00688,purchase,2024-11-10,bags,2,642.0
CUST_03366,purchase,2024-11-29,rtw,3,1281.58
CUST_01830,purchase,2024-06-03,rtw,2,326.57
CUST_00859,purchase,2024-08-03,bags,2,501.01
CUST_01436,purchase,2024-08-05,bags,2,184.16
CUST_02951,purchase,2024-06-01,bags,2,248.4
CUST_01581,purchase,2024-09-21,slg,2,1724.18
CUST_00682,purchase,2024-09-14,slg,1,1776.33
CUST_01552,purchase,2024-08-29,textile,1,1539.84
CUST_01538,purchase,2024-06-26,slg,1,1502.61
CUST_03231,purchase,2024-10-26,shoes,2,1558.26
CUST_00667,purchase,2024-09-24,bags,1,1852.03
CUST_03274,purchase,2024-06-09,rtw,1,1010.72
CUST_00083,purchase,2024-08-21,rtw,2,512.74
CUST_00429,purchase,2024-06-19,rtw,4,1061.88
CUST_00697,purchase,2024-09-05,shoes,1,588.46
CUST_02999,purchase,2024-06-20,textile,2,913.48
CUST_00382,purchase,2024-08-26,textile,2,1843.81
CUST_02514,purchase,2024-10-02,bags,2,1580.49
CUST_01767,purchase,2024-11-15,shoes,2,281.76
CUST_02488,purchase,2024-09-20,shoes,1,967.95
CUST_00220,purchase,2024-06-26,rtw,2,829.9
CUST_00842,purchase,2024-07-19,slg,4,322.38
CUST_02856,purchase,2024-11-06,textile,1,303.32
CUST_01087,purchase,2025-01-28,rtw,1,1148.4
CUST_01219,purchase,2024-07-31,bags,1,358.83
CUST_00204,purchase,2024-09-09,textile,1,1300.77
CUST_02252,purchase,2024-11-01,shoes,2,575.95
CUST_00224,purchase,2024-09-01,bags,2,530.28
CUST_01752,purchase,2024-06-23,rtw,5,163.07
CUST_03375,purchase,2024-11-17,textile,2,1397.02
CUST_01968,purchase,2024-07-22,bags,1,844.76
CUST_00106,purchase,2024-11-05,shoes,2,576.04
CUST_02615,purchase,2024-08-14,bags,1,748.94
CUST_01940,purchase,2024-06-30,rtw,3,479.66
CUST_03215,purchase,2024-09-10,slg,2,499.88
CUST_02004,purchase,2024-11-17,rtw,1,1772.66
CUST_00374,purchase,2024-10-29,textile,1,332.24
CUST_01588,purchase,2024-11-01,rtw,2,1180.58
CUST_01563,purchase,2024-10-20,shoes,2,312.75
CUST_01826,purchase,2024-06-12,rtw,1,1660.05
CUST_01802,purchase,2024-09-28,rtw,2,315.57
CUST_00927,purchase,2024-08-08,textile,1,1255.77
CUST_00253,purchase,2024-07-09,bags,2,1391.38
CUST_00352,purchase,2024-11-19,rtw,3,465.35
CUST_03311,purchase,2024-10-17,slg,1,1749.19
CUST_03099,purchase,2024-10-29,shoes,3,619.29
CUST_02268,purchase,2024-06-16,slg,1,1165.41
CUST_03353,purchase,2024-10-12,slg,1,238.62
CUST_02194,purchase,2024-11-23,slg,2,959.51
CUST_02346,purchase,2024-07-31,slg,1,1624.84
CUST_01225,purchase,2024-06-21,slg,3,1888.71
CUST_03498,purchase,2024-11-30,bags,4,794.72
CUST_02057,purchase,2024-10-25,textile,1,1219.48
CUST_03279,purchase,2024-10-25,textile,3,943.9
CUST_00604,purchase,2024-07-01,slg,1,1358.04
CUST_00709,purchase,2024-07-13,shoes,1,1817.91
CUST_03312,purchase,2024-07-20,shoes,1,653.66
CUST_00175,purchase,2024-09-17,bags,3,1039.71
CUST_02799,purchase,2024-09-20,shoes,1,1972.15
CUST_03370,purchase,2024-11-08,shoes,2,1171.06
CUST_03417,purchase,2024-10-31,rtw,1,1619.79
CUST_01310,purchase,2025-01-26,bags,3,718.96
CUST_00357,purchase,2024-09-08,textile,1,1337.66
CUST_01628,purchase,2024-10-20,rtw,2,1824.5
CUST_01132,purchase,2024-10-12,slg,1,118.37
CUST_00051,purchase,2024-12-19,textile,1,524.41
CUST_02407,purchase,2024-10-12,slg,1,1055.4
CUST_00461,purchase,2024-09-15,shoes,1,442.92
CUST_00608,purchase,2024-10-24,textile,2,1406.45
CUST_02387,purchase,2025-03-09,bags,1,1072.47
CUST_00433,purchase,2024-10-23,bags,2,1050.5
CUST_03219,purchase,2024-08-13,textile,3,855.59
CUST_01409,purchase,2024-09-14,rtw,3,235.92
CUST_01569,purchase,2024-11-15,slg,1,542.28
CUST_02344,purchase,2024-11-03,slg,1,520.41
CUST_00154,purchase,2024-07-15,rtw,1,348.19
CUST_01651,purchase,2024-10-08,textile,2,488.37
CUST_02494,purchase,2024-11-22,slg,1,1872.73
CUST_00159,purchase,2024-09-10,rtw,3,1688.99
CUST_02829,purchase,2024-07-31,bags,2,1193.93
CUST_03055,purchase,2024-09-30,rtw,5,905.33
CUST_01526,purchase,2024-06-06,rtw,1,1770.71
CUST_03349,purchase,2024-12-21,rtw,1,1736.8
CUST_01274,purchase,2024-08-11,slg,1,799.45
CUST_02852,purchase,2024-11-23,bags,1,721.07
CUST_00934,purchase,2024-07-05,rtw,2,872.02
CUST_03047,purchase,2024-09-22,rtw,1,804.75
CUST_01104,purchase,2024-12-04,slg,1,579.21
CUST_02478,purchase,2024-11-13,bags,3,1219.74
CUST_00770,purchase,2024-09-22,shoes,1,592.84
CUST_03375,purchase,2024-09-13,slg,2,1390.34
CUST_03111,purchase,2024-10-11,rtw,3,320.03
CUST_03363,purchase,2024-06-15,textile,1,707.14
CUST_03242,purchase,2024-07-11,bags,1,1639.58
CUST_01275,purchase,2024-11-29,textile,3,213.13
CUST_01653,purchase,2024-07-05,textile,3,604.08
CUST_02330,purchase,2024-06-08,shoes,2,1135.26
CUST_00790,purchase,2024-12-31,shoes,2,1465.87
CUST_03429,purchase,2024-06-15,shoes,2,1873.87
CUST_00136,purchase,2024-09-25,bags,2,1725.69
CUST_01477,purchase,2024-10-13,shoes,3,402.42
CUST_01123,purchase,2024-09-03,slg,4,1098.43
CUST_02069,purchase,2024-11-06,bags,1,1962.0
CUST_02791,purchase,2024-06-08,shoes,1,1513.95
CUST_01526,purchase,2024-10-05,textile,2,847.61
CUST_01828,purchase,2024-07-16,slg,4,1188.07
CUST_02404,purchase,2024-10-20,rtw,4,100.63
CUST_01411,purchase,2024-07-12,rtw,2,1951.61
CUST_03068,purchase,2024-12-30,bags,1,998.06
CUST_01168,purchase,2024-06-08,slg,1,1091.89
CUST_00204,purchase,2024-07-12,textile,2,736.74
CUST_03195,purchase,2024-07-25,shoes,3,1135.08
CUST_02652,purchase,2024-07-28,shoes,6,309.84
CUST_01103,purchase,2024-11-14,slg,2,1060.14
CUST_02103,purchase,2024-06-06,bags,3,1763.83
CUST_01942,purchase,2024-07-04,shoes,2,1744.29
CUST_02463,purchase,2025-04-16,bags,2,1141.26
CUST_00917,purchase,2024-08-04,textile,2,1210.49
CUST_03298,purchase,2024-10-13,rtw,2,1801.35
CUST_01736,purchase,2024-09-05,rtw,1,1740.06
CUST_01881,purchase,2024-08-04,shoes,1,1314.74
CUST_01912,purchase,2024-08-17,textile,2,1177.21
CUST_03377,purchase,2024-11-07,slg,3,1287.0
CUST_02395,purchase,2024-06-27,bags,4,1993.78
CUST_02096,purchase,2024-11-17,rtw,2,788.97
CUST_02300,purchase,2024-12-27,textile,1,330.74
CUST_02495,purchase,2024-08-12,rtw,1,201.41
CUST_02804,purchase,2024-06-28,slg,2,486.25
CUST_00262,purchase,2024-08-26,rtw,1,220.02
CUST_02624,purchase,2024-08-23,rtw,1,1186.61
CUST_01070,purchase,2024-11-15,rtw,4,603.32
CUST_00772,purchase,2024-07-09,textile,1,1579.09
CUST_03136,purchase,2024-08-01,bags,1,1157.72
CUST_03300,purchase,2024-12-23,textile,1,562.55
CUST_01656,purchase,2024-11-17,rtw,4,1754.93
CUST_02789,purchase,2024-07-06,bags,3,1231.11
CUST_02685,purchase,2024-10-06,rtw,2,1771.45
CUST_01063,purchase,2025-01-12,slg,3,996.68
CUST_01591,purchase,2024-12-06,bags,3,1130.12
CUST_02389,purchase,2024-11-29,textile,1,1579.22
CUST_03343,purchase,2024-07-19,rtw,1,996.81
CUST_02976,purchase,2024-11-30,shoes,2,401.23
CUST_02812,purchase,2024-10-15,slg,2,742.01
CUST_02752,purchase,2024-08-31,textile,5,664.45
CUST_01230,purchase,2024-07-14,textile,1,1677.22
CUST_00742,purchase,2024-08-15,bags,2,816.29
CUST_01929,purchase,2024-07-03,rtw,2,1788.58
CUST_02971,purchase,2024-12-24,textile,2,938.6
CUST_03125,purchase,2024-07-17,rtw,4,490.84
CUST_02681,purchase,2024-06-23,shoes,2,1317.69
CUST_01456,purchase,2024-07-28,rtw,2,958.53
CUST_01723,purchase,2024-12-19,rtw,1,1798.8
CUST_01523,purchase,2024-08-06,textile,3,1592.06
CUST_01205,purchase,2024-09-27,bags,2,1786.07
CUST_01928,purchase,2024-06-14,textile,3,665.28
CUST_02377,purchase,2024-11-06,bags,2,674.16
CUST_01935,purchase,2024-07-20,textile,1,580.14
CUST_00491,purchase,2024-11-22,slg,1,1129.88
CUST_02171,purchase,2024-08-16,slg,2,837.54
CUST_00222,purchase,2024-07-09,shoes,2,1004.84
CUST_00821,purchase,2024-08-27,slg,3,195.69
CUST_02333,purchase,2024-11-07,shoes,5,1193.2
CUST_01296,purchase,2024-12-01,shoes,2,399.16
CUST_03191,purchase,2024-06-21,slg,3,632.82
CUST_01363,purchase,2024-11-09,shoes,1,1399.15
CUST_01284,purchase,2024-11-10,bags,1,1828.12
CUST_00020,purchase,2024-09-24,rtw,3,186.98
CUST_00858,purchase,2024-12-12,shoes,4,1449.21
CUST_02361,purchase,2024-12-13,shoes,1,1300.3
CUST_02006,purchase,2025-01-25,bags,4,1953.26
CUST_00531,purchase,2024-12-08,slg,2,1879.25
CUST_02595,purchase,2024-11-28,slg,1,1409.64
CUST_01758,purchase,2024-10-01,slg,1,1938.73
CUST_00020,purchase,2024-06-10,textile,1,1045.72
CUST_00817,purchase,2024-12-05,rtw,2,1326.51
CUST_00058,purchase,2024-08-22,textile,1,1461.66
CUST_00781,purchase,2024-06-05,bags,4,717.28
CUST_02567,purchase,2024-12-05,shoes,2,1896.18
CUST_00927,purchase,2024-11-25,rtw,1,1815.72
CUST_01279,purchase,2024-07-04,bags,1,1662.99
CUST_01572,purchase,2024-10-07,textile,1,172.45
CUST_01254,purchase,2024-07-13,bags,2,1457.54
CUST_03375,purchase,2024-06-12,rtw,2,1871.05
CUST_01192,purchase,2024-09-25,textile,2,1051.94
CUST_02443,purchase,2024-10-13,rtw,2,480.68
CUST_01777,purchase,2024-11-23,shoes,2,841.22
CUST_01404,purchase,2024-10-04,rtw,3,743.61
CUST_03073,purchase,2024-07-19,shoes,2,548.21
CUST_03326,purchase,2024-09-12,bags,1,1992.86
CUST_00936,purchase,2024-07-28,shoes,2,138.47
CUST_00866,purchase,2024-12-05,bags,2,1594.91
CUST_02416,purchase,2024-10-08,shoes,3,1586.17
CUST_00505,purchase,2024-10-05,bags,4,824.9
CUST_01537,purchase,2024-11-11,rtw,4,426.11
CUST_03160,purchase,2024-10-15,textile,1,1110.87
CUST_00200,purchase,2024-12-17,bags,1,1306.49
CUST_02712,purchase,2024-06-28,bags,1,1603.91
CUST_00198,purchase,2024-11-24,bags,3,1328.87
CUST_01708,purchase,2024-09-22,slg,3,132.86
CUST_00507,purchase,2024-10-19,rtw,1,471.99
CUST_01944,purchase,2024-11-27,shoes,3,718.73
CUST_00842,purchase,2024-11-25,bags,1,1825.93
CUST_01234,purchase,2024-09-16,bags,2,889.42
CUST_02714,purchase,2024-10-12,rtw,2,745.39
CUST_02551,purchase,2024-11-03,shoes,3,383.76
CUST_01716,purchase,2024-12-30,bags,2,1294.5
CUST_02096,purchase,2024-12-02,textile,2,562.96
CUST_00483,purchase,2024-08-12,bags,1,1054.36
CUST_03215,purchase,2024-06-28,slg,2,560.59
CUST_00814,purchase,2024-11-03,shoes,5,1821.38
CUST_03187,purchase,2024-08-07,textile,1,475.4
CUST_00827,purchase,2024-08-31,slg,1,1443.0
CUST_01210,purchase,2024-07-12,bags,2,1310.19
CUST_02246,purchase,2024-10-06,shoes,5,764.86
CUST_02819,purchase,2024-10-02,rtw,2,102.71
CUST_00961,purchase,2024-06-01,bags,4,1092.35
CUST_02752,purchase,2024-06-23,bags,1,130.47
CUST_03422,purchase,2024-10-25,slg,2,252.08
CUST_00611,purchase,2024-06-24,textile,2,1922.12
CUST_00308,purchase,2024-12-03,bags,3,1208.71
CUST_01049,purchase,2024-11-12,shoes,1,1702.62
CUST_01871,purchase,2024-10-02,rtw,1,594.93
CUST_01902,purchase,2024-06-13,bags,2,131.98
CUST_03331,purchase,2024-07-15,bags,2,583.28
CUST_03491,purchase,2024-08-14,rtw,2,1217.38
CUST_03284,purchase,2024-11-21,rtw,2,898.44
CUST_01745,purchase,2024-12-07,bags,1,483.69
CUST_00390,purchase,2025-02-16,bags,1,1015.21
CUST_00040,purchase,2024-07-06,shoes,3,1239.75
CUST_01347,purchase,2024-08-31,slg,2,1759.0
CUST_02547,purchase,2024-08-08,bags,1,177.47
CUST_01527,purchase,2024-12-26,rtw,2,133.42
CUST_00750,purchase,2024-06-30,slg,1,687.72
CUST_01640,purchase,2024-10-20,rtw,2,884.8
CUST_03424,purchase,2024-09-07,slg,2,1950.49
CUST_03277,purchase,2024-10-27,shoes,1,1906.84
CUST_00464,purchase,2024-07-04,bags,3,962.29
CUST_03459,purchase,2024-07-11,bags,3,478.56
CUST_01705,purchase,2024-10-30,slg,3,1338.83
CUST_03287,purchase,2024-10-24,slg,3,864.66
CUST_00743,purchase,2024-11-04,slg,4,1372.9
CUST_03192,purchase,2024-08-31,textile,1,565.68
CUST_00119,purchase,2024-11-23,shoes,3,611.93
CUST_01979,purchase,2024-10-03,bags,2,1234.22
CUST_01685,purchase,2025-01-08,bags,1,1459.36
CUST_00260,purchase,2024-08-06,rtw,2,671.18
CUST_00051,purchase,2024-11-28,textile,3,1397.13
CUST_03144,purchase,2024-12-08,textile,2,584.15
CUST_02965,purchase,2024-10-23,shoes,1,1415.9
CUST_02744,purchase,2024-08-26,textile,1,1881.81
CUST_02143,purchase,2024-11-24,textile,4,1708.73
CUST_00391,purchase,2024-09-19,shoes,1,141.12
CUST_01974,purchase,2024-08-28,slg,2,1978.2
CUST_00609,purchase,2024-12-29,textile,3,1380.34
CUST_02511,purchase,2024-06-14,bags,1,1691.87
CUST_02636,purchase,2024-07-11,textile,1,1424.98
CUST_03477,purchase,2024-09-29,slg,1,230.06
CUST_00678,purchase,2024-06-20,slg,2,1485.94
CUST_01314,purchase,2024-08-01,rtw,1,750.7
CUST_01140,purchase,2024-06-13,textile,2,818.18
CUST_00913,purchase,2024-10-19,slg,2,256.18
CUST_01652,purchase,2024-12-27,shoes,1,906.32
CUST_00323,purchase,2025-01-02,slg,2,1600.83
CUST_03282,purchase,2024-10-25,slg,1,920.36
CUST_00361,purchase,2024-10-06,slg,2,1935.92
CUST_01295,purchase,2024-07-01,slg,3,158.65
CUST_03053,purchase,2024-11-15,bags,1,850.74
CUST_00421,purchase,2024-09-12,slg,1,284.4
CUST_00147,purchase,2024-10-21,textile,2,332.98
CUST_00001,purchase,2024-12-16,bags,1,1784.23
CUST_03244,purchase,2024-11-02,textile,1,1456.52
CUST_02612,purchase,2024-08-17,textile,2,554.15
CUST_02304,purchase,2024-07-23,slg,2,766.43
CUST_01397,purchase,2024-09-02,bags,1,321.28
CUST_03345,purchase,2024-07-28,slg,3,1031.78
CUST_01360,purchase,2024-10-22,textile,3,1856.74
CUST_02458,purchase,2024-09-30,rtw,2,437.64
CUST_02933,purchase,2024-12-26,bags,3,1153.46
CUST_00400,purchase,2024-12-12,shoes,2,1392.38
CUST_00009,purchase,2024-08-27,rtw,1,1926.43
CUST_03400,purchase,2024-11-10,rtw,3,405.82
CUST_02244,purchase,2024-10-12,rtw,2,1304.05
CUST_02876,purchase,2024-06-28,bags,2,1646.12
CUST_00673,purchase,2024-10-05,shoes,1,956.18
CUST_03367,purchase,2024-12-01,slg,3,1081.69
CUST_00439,purchase,2024-11-30,textile,2,1032.99
CUST_00803,purchase,2024-07-19,bags,1,403.59
CUST_03491,purchase,2024-09-09,shoes,2,1931.01
CUST_01873,purchase,2024-12-29,shoes,2,1315.52
CUST_02936,purchase,2024-08-26,bags,3,100.48
CUST_03102,purchase,2024-09-15,bags,3,1815.55
CUST_02594,purchase,2024-09-30,textile,3,1993.39
CUST_00505,purchase,2024-12-15,slg,1,716.77
CUST_01874,purchase,2024-11-16,textile,1,1802.15
CUST_02066,purchase,2024-10-30,slg,2,1965.36
CUST_00018,purchase,2024-10-03,bags,3,1059.43
CUST_02267,purchase,2024-09-19,textile,3,1653.96
CUST_01979,purchase,2024-10-09,shoes,2,409.54
CUST_02834,purchase,2024-10-27,shoes,1,182.36
CUST_02993,purchase,2024-12-26,shoes,1,821.83
CUST_00425,purchase,2024-11-06,textile,3,1339.02
CUST_02483,purchase,2024-08-22,textile,1,442.52
CUST_01576,purchase,2024-12-29,textile,3,865.7
CUST_02837,purchase,2024-12-13,shoes,4,1148.19
CUST_01121,purchase,2024-09-10,rtw,3,1094.11
CUST_01205,purchase,2024-09-24,shoes,1,1099.2
CUST_00566,purchase,2024-12-18,textile,1,190.46
CUST_02868,purchase,2024-12-09,textile,2,445.69
CUST_01225,purchase,2024-10-20,textile,1,193.63
CUST_01286,purchase,2025-02-27,textile,4,1816.3
CUST_02592,purchase,2024-07-26,shoes,2,1034.41
CUST_00859,purchase,2024-11-07,rtw,3,376.53
CUST_02813,purchase,2024-08-28,shoes,2,282.35
CUST_02910,purchase,2024-11-14,shoes,2,1671.1
CUST_02064,purchase,2024-11-20,rtw,1,762.14
CUST_02910,purchase,2024-06-30,rtw,3,1706.14
CUST_02304,purchase,2024-10-01,textile,2,1955.52
CUST_02338,purchase,2025-02-23,slg,2,367.1
CUST_02762,purchase,2025-02-26,textile,1,157.92
CUST_01172,purchase,2024-09-17,bags,1,851.49
CUST_02142,purchase,2024-06-28,bags,4,111.27
CUST_01561,purchase,2024-07-08,bags,1,147.07
CUST_02746,purchase,2024-06-15,shoes,2,1751.19
CUST_01094,purchase,2025-01-26,shoes,2,399.67
CUST_01174,purchase,2024-11-22,rtw,4,1216.03
CUST_00600,purchase,2024-06-16,rtw,1,1998.38
CUST_00836,purchase,2024-12-10,textile,3,1274.49
CUST_00133,purchase,2024-08-31,slg,1,154.84
CUST_00420,purchase,2024-11-05,textile,2,1289.97
CUST_00919,purchase,2024-12-08,textile,1,1781.49
CUST_01593,purchase,2024-07-31,textile,1,563.16
CUST_03213,purchase,2024-12-21,rtw,1,1196.68
CUST_02839,purchase,2024-11-18,bags,2,1463.32
CUST_01563,purchase,2024-09-08,slg,1,1585.92
CUST_03229,purchase,2024-11-23,rtw,1,1586.98
CUST_02262,purchase,2024-06-14,bags,3,1367.3
CUST_03047,purchase,2024-10-18,shoes,1,1717.95
CUST_02542,purchase,2024-12-17,slg,1,382.61
CUST_03400,purchase,2024-07-28,rtw,3,1849.45
CUST_03093,purchase,2024-10-29,textile,3,1508.65
CUST_03025,purchase,2024-10-02,shoes,1,1037.2
CUST_03180,purchase,2024-12-03,shoes,4,541.69
CUST_01205,purchase,2024-09-23,shoes,1,938.49
CUST_02797,purchase,2024-06-20,shoes,1,811.0
CUST_00712,purchase,2024-12-06,textile,3,1647.4
CUST_00489,purchase,2024-09-05,bags,1,190.69
CUST_01756,purchase,2024-08-11,textile,3,199.92
CUST_01083,purchase,2024-07-04,shoes,1,1312.87
CUST_02393,purchase,2024-08-05,bags,4,1682.79
CUST_01354,purchase,2024-11-28,shoes,2,1819.66
CUST_00164,purchase,2024-07-10,rtw,3,1096.31
CUST_02445,purchase,2024-06-14,textile,2,1609.86
CUST_03454,purchase,2025-01-03,rtw,1,1635.43
CUST_02010,purchase,2024-12-20,textile,2,999.37
CUST_02254,purchase,2024-10-06,bags,3,1808.8
CUST_03212,purchase,2025-03-02,rtw,2,218.28
CUST_02153,purchase,2024-07-27,shoes,2,1103.85
CUST_02133,purchase,2024-06-18,textile,2,1102.01
CUST_00653,purchase,2024-09-15,textile,1,1543.42
CUST_02200,purchase,2024-09-12,bags,4,1478.24
CUST_01432,purchase,2024-07-27,shoes,2,1331.42
CUST_02718,purchase,2024-08-24,rtw,3,838.03
CUST_01478,purchase,2024-08-15,shoes,2,1047.04
CUST_03083,purchase,2024-11-06,textile,2,789.36
CUST_01946,purchase,2024-10-22,bags,4,180.92
CUST_00470,purchase,2024-11-19,rtw,3,379.6
CUST_01826,purchase,2024-10-11,textile,1,418.71
CUST_02545,purchase,2024-08-02,bags,1,1814.09
CUST_02796,purchase,2024-08-22,slg,3,1603.93
CUST_03262,purchase,2024-06-30,slg,4,1474.25
CUST_01051,purchase,2024-10-17,rtw,1,1395.39
CUST_00102,purchase,2024-10-11,rtw,3,1211.33
CUST_02107,purchase,2024-12-23,textile,1,730.94
CUST_01826,purchase,2024-10-03,bags,1,1091.56
CUST_01215,purchase,2024-11-14,shoes,2,1102.14
CUST_01313,purchase,2024-10-10,bags,1,329.31
CUST_00394,purchase,2024-11-04,textile,2,1215.97
CUST_02185,purchase,2024-06-02,bags,1,302.76
CUST_00864,purchase,2024-11-19,shoes,2,155.08
CUST_02808,purchase,2024-09-17,bags,3,349.25
CUST_00843,purchase,2024-12-18,slg,3,1725.16
CUST_02649,purchase,2024-12-27,bags,5,1389.39
CUST_03060,purchase,2024-11-23,shoes,3,814.33
CUST_00098,purchase,2024-09-26,rtw,2,1427.76
CUST_00156,purchase,2024-06-23,bags,5,1671.32
CUST_00223,purchase,2024-07-16,rtw,1,947.51
CUST_02286,purchase,2024-06-19,textile,1,610.25
CUST_03366,purchase,2024-07-29,rtw,2,1303.34
CUST_01670,purchase,2024-09-08,slg,2,506.07
CUST_02582,purchase,2024-09-12,slg,4,1720.78
CUST_01296,purchase,2024-06-05,slg,2,273.61
CUST_02758,purchase,2024-07-01,textile,2,583.03
CUST_00025,purchase,2024-11-12,textile,3,1222.9
CUST_00260,purchase,2024-12-11,textile,2,1948.15
CUST_00187,purchase,2024-11-27,bags,2,537.17
CUST_01466,purchase,2024-10-07,bags,2,114.63
CUST_01188,purchase,2024-12-19,rtw,4,787.91
CUST_02485,purchase,2024-06-23,rtw,3,398.41
CUST_03135,purchase,2024-09-21,slg,2,1396.23
CUST_01619,purchase,2024-12-28,bags,2,218.23
CUST_01942,purchase,2024-07-11,textile,2,1910.26
CUST_00901,purchase,2024-07-05,slg,3,177.33
CUST_03264,purchase,2024-12-22,textile,2,729.84
CUST_01209,purchase,2024-11-10,shoes,4,1495.21
CUST_01221,purchase,2024-11-21,rtw,2,1857.09
CUST_00046,purchase,2024-10-20,textile,1,607.94
CUST_00580,purchase,2024-07-02,bags,1,1611.36
CUST_00021,purchase,2024-10-25,textile,2,411.25
CUST_01615,purchase,2024-10-16,textile,1,416.82
CUST_00349,purchase,2024-08-18,shoes,2,592.07
CUST_03066,purchase,2025-01-25,rtw,3,167.85
CUST_00868,purchase,2024-09-14,textile,1,1010.42
CUST_00584,purchase,2024-11-09,shoes,1,328.36
CUST_00905,purchase,2024-11-05,rtw,3,763.14
CUST_00796,purchase,2024-06-30,shoes,2,1322.92
CUST_02749,purchase,2024-12-22,textile,4,483.96
CUST_03491,purchase,2024-06-14,textile,5,1357.46
CUST_01890,purchase,2024-11-13,textile,3,550.22
CUST_00300,purchase,2024-08-14,bags,2,660.1
CUST_01027,purchase,2024-06-26,shoes,4,1333.46
CUST_02973,purchase,2024-10-27,slg,1,1816.81
CUST_01356,purchase,2024-08-31,shoes,1,1346.71
CUST_02750,purchase,2024-11-15,shoes,2,1912.86
CUST_00410,purchase,2024-08-12,textile,2,114.33
CUST_00286,purchase,2024-10-21,rtw,1,634.49
CUST_01991,purchase,2024-09-24,rtw,3,995.46
CUST_02525,purchase,2024-11-16,rtw,2,817.25
CUST_02841,purchase,2024-10-28,shoes,1,1118.51
CUST_02317,purchase,2024-10-24,rtw,3,1644.6
CUST_03309,purchase,2024-08-20,slg,3,1798.39
CUST_00691,purchase,2024-06-02,rtw,3,1872.34
CUST_01009,purchase,2025-03-08,shoes,4,320.12
CUST_02918,purchase,2024-12-07,slg,1,1940.8
CUST_01134,purchase,2024-09-01,shoes,1,277.18
CUST_02784,purchase,2024-12-05,rtw,3,665.58
CUST_01966,purchase,2024-09-27,slg,2,1599.71
CUST_01470,purchase,2024-12-16,rtw,1,1722.15
CUST_01995,purchase,2024-10-20,bags,3,1081.0
CUST_00720,purchase,2024-11-13,textile,2,1711.46
CUST_00336,purchase,2024-08-11,shoes,3,367.95
CUST_02207,purchase,2024-07-21,rtw,3,1094.0
CUST_03005,purchase,2024-11-08,bags,1,1465.54
CUST_02980,purchase,2024-06-20,bags,1,1189.32
CUST_03480,purchase,2024-10-08,bags,3,360.42
CUST_03329,purchase,2024-10-27,textile,2,487.21
CUST_01660,purchase,2024-12-14,textile,1,1075.26
CUST_00872,purchase,2024-06-10,textile,1,991.85
CUST_01068,purchase,2024-11-13,textile,3,526.0
CUST_01934,purchase,2024-11-15,shoes,3,1643.66
CUST_01499,purchase,2024-09-09,shoes,2,1919.85
CUST_03163,purchase,2024-10-29,rtw,3,1153.29
CUST_00549,purchase,2024-09-27,textile,2,1183.47
CUST_02091,purchase,2024-06-24,slg,1,372.41
CUST_01491,purchase,2024-10-07,bags,2,1840.76
CUST_02715,purchase,2024-11-10,textile,2,295.77
CUST_02803,purchase,2024-07-13,textile,4,587.31
CUST_00575,purchase,2024-09-23,shoes,3,1397.79
CUST_00734,purchase,2024-10-23,textile,2,1736.75
CUST_02701,purchase,2024-07-08,slg,3,734.6
CUST_01470,purchase,2024-06-11,shoes,1,1679.76
CUST_03119,purchase,2024-10-03,shoes,3,245.94
CUST_00258,purchase,2024-08-07,rtw,4,1674.52
CUST_00959,purchase,2024-06-11,shoes,3,1814.02
CUST_02122,purchase,2024-12-20,rtw,2,258.59
CUST_01590,purchase,2024-09-29,slg,1,1133.08
CUST_00191,purchase,2024-06-11,rtw,1,520.35
CUST_00423,purchase,2024-11-28,textile,2,1620.78
CUST_02596,purchase,2024-12-30,rtw,2,380.03
CUST_03420,purchase,2024-12-07,rtw,1,879.17
CUST_02371,purchase,2024-10-18,textile,3,1270.74
CUST_00713,purchase,2024-09-05,slg,1,1977.67
CUST_01497,purchase,2024-10-29,bags,4,1469.9
CUST_02117,purchase,2024-08-04,slg,4,1713.61
CUST_00913,purchase,2025-01-23,slg,3,805.41
CUST_01446,purchase,2024-12-27,rtw,1,1060.95
CUST_01995,purchase,2025-02-18,slg,3,1594.25
CUST_02475,purchase,2024-06-02,textile,1,1679.94
CUST_00570,purchase,2024-11-08,shoes,3,1142.41
CUST_00943,purchase,2024-06-20,textile,3,1806.72
CUST_02636,purchase,2024-11-09,shoes,5,912.13
CUST_00616,purchase,2024-07-18,shoes,1,107.97
CUST_01484,purchase,2024-11-02,bags,1,107.72
CUST_02708,purchase,2024-07-29,slg,2,693.89
CUST_03323,purchase,2024-08-24,bags,5,680.0
CUST_01973,purchase,2024-11-20,slg,1,504.56
CUST_01963,purchase,2024-07-24,textile,3,474.69
CUST_00661,purchase,2024-11-29,slg,1,1462.53
CUST_00092,purchase,2024-08-02,bags,1,968.8
CUST_00524,purchase,2025-02-04,textile,1,869.49
CUST_00660,purchase,2024-07-05,textile,1,1112.78
CUST_00161,purchase,2024-11-01,shoes,1,1601.97
CUST_00230,purchase,2024-07-13,rtw,3,824.83
CUST_00738,purchase,2024-10-11,slg,1,1095.33
CUST_02455,purchase,2024-10-23,bags,2,1506.98
CUST_02948,purchase,2024-12-04,rtw,3,1281.91
CUST_00352,purchase,2024-07-26,slg,1,1419.78
CUST_02485,purchase,2024-10-22,slg,2,1737.9
CUST_00699,purchase,2024-07-27,slg,2,158.38
CUST_02462,purchase,2024-07-07,textile,3,1946.14
CUST_03361,purchase,2024-12-14,shoes,1,1179.78
CUST_02553,purchase,2024-11-16,textile,3,1207.48
CUST_01084,purchase,2024-07-13,rtw,3,1564.47
CUST_01858,purchase,2025-01-30,textile,2,868.05
CUST_00282,purchase,2024-07-29,slg,3,1117.52
CUST_01579,purchase,2024-07-04,bags,1,528.25
CUST_00068,purchase,2024-10-09,textile,2,118.57
CUST_02066,purchase,2024-11-23,slg,4,1229.65
CUST_03386,purchase,2024-07-09,textile,2,1174.7
CUST_00395,purchase,2024-07-16,slg,2,1941.86
CUST_02519,purchase,2024-11-01,bags,4,1528.08
CUST_03211,purchase,2024-10-15,textile,2,436.72
CUST_03082,purchase,2024-07-01,bags,1,1147.54
CUST_01976,purchase,2024-11-16,shoes,1,906.05
CUST_02472,purchase,2024-10-17,bags,3,788.67
CUST_03174,purchase,2024-11-21,slg,1,876.48
CUST_02139,purchase,2024-12-04,rtw,3,521.06
CUST_00178,purchase,2024-11-26,textile,2,844.32
CUST_01758,purchase,2024-07-29,slg,2,1053.61
CUST_03235,purchase,2024-12-14,slg,2,1465.52
CUST_01436,purchase,2024-10-29,textile,2,1638.59
CUST_00401,purchase,2024-09-17,shoes,1,1778.03
CUST_01043,purchase,2024-10-01,shoes,2,1762.61
CUST_00344,purchase,2024-11-13,textile,4,1140.02
CUST_02228,purchase,2024-09-13,rtw,1,270.73
CUST_00775,purchase,2024-06-02,bags,2,421.86
CUST_02368,purchase,2024-10-12,bags,2,636.57
CUST_02129,purchase,2024-06-02,slg,2,1576.59
CUST_02682,purchase,2024-07-23,rtw,2,1478.09
CUST_01675,purchase,2024-09-01,bags,2,1805.77
CUST_00634,purchase,2024-09-18,textile,2,106.74
CUST_01039,purchase,2024-08-06,textile,2,1057.88
CUST_01735,purchase,2025-01-01,rtw,3,1593.72
CUST_02507,purchase,2024-08-10,slg,1,1492.76
CUST_03093,purchase,2024-07-23,slg,2,1819.75
CUST_02262,purchase,2024-12-18,textile,1,1980.22
CUST_01977,purchase,2024-07-16,rtw,1,600.62
CUST_02291,purchase,2024-10-21,slg,1,126.59
CUST_01040,purchase,2024-08-18,textile,4,944.24
CUST_01411,purchase,2024-11-10,slg,2,1424.92
CUST_03014,purchase,2024-07-06,bags,2,1583.98
CUST_03064,purchase,2024-07-29,slg,3,609.19
CUST_03208,purchase,2024-11-27,shoes,2,532.84
CUST_00411,purchase,2024-07-25,textile,3,529.31
CUST_01641,purchase,2024-12-19,rtw,2,1610.41
CUST_03281,purchase,2024-10-19,textile,5,487.26
CUST_02856,purchase,2024-11-23,bags,1,113.55
CUST_00659,purchase,2024-12-20,bags,2,1648.85
CUST_03295,purchase,2024-06-24,shoes,1,1011.92
CUST_01932,purchase,2024-11-01,slg,2,1470.38
CUST_00362,purchase,2024-06-17,rtw,2,1051.89
CUST_00909,purchase,2024-12-25,bags,1,1566.62
CUST_02495,purchase,2024-06-10,slg,2,1580.79
CUST_01642,purchase,2024-11-05,textile,1,1531.88
CUST_01174,purchase,2024-11-30,textile,4,1965.44
CUST_00236,purchase,2024-12-16,shoes,2,406.04
CUST_02623,purchase,2024-10-05,slg,4,1550.49
CUST_00044,purchase,2024-11-16,textile,3,1030.41
CUST_01172,purchase,2024-07-20,bags,1,996.02
CUST_03212,purchase,2024-11-01,textile,1,763.28
CUST_02113,purchase,2024-11-18,shoes,1,537.1
CUST_02520,purchase,2024-07-14,bags,1,1847.81
CUST_01474,purchase,2024-08-01,bags,2,1116.56
CUST_00645,purchase,2024-06-23,rtw,3,661.55
CUST_03194,purchase,2024-09-11,rtw,2,142.87
CUST_02743,purchase,2024-09-10,slg,1,150.04
CUST_02401,purchase,2024-07-22,textile,2,1854.73
CUST_00063,purchase,2024-12-10,bags,3,255.02
CUST_00370,purchase,2024-10-19,rtw,2,1251.74
CUST_02975,purchase,2024-12-30,textile,3,1418.08
CUST_02388,purchase,2024-08-29,rtw,2,536.5
CUST_03341,purchase,2024-08-10,shoes,1,365.31
CUST_02484,purchase,2024-07-20,slg,2,904.03
CUST_01655,purchase,2024-10-26,bags,2,1127.54
CUST_01070,purchase,2024-10-02,slg,1,705.14
CUST_02074,purchase,2024-06-28,textile,3,223.32
CUST_00297,purchase,2024-10-07,rtw,2,536.98
CUST_01393,purchase,2024-06-30,textile,2,982.98
CUST_01056,purchase,2024-10-16,textile,2,136.34
CUST_01025,purchase,2024-11-25,slg,2,1579.3
CUST_01545,purchase,2024-10-23,slg,1,1002.53
CUST_03154,purchase,2024-08-02,rtw,2,141.52
CUST_03177,purchase,2024-09-26,slg,1,1790.03
CUST_02404,purchase,2024-06-08,slg,2,1223.19
CUST_00477,purchase,2024-10-23,bags,3,1748.88
CUST_01568,purchase,2024-11-10,shoes,1,962.74
CUST_02773,purchase,2024-11-27,shoes,5,1851.59
CUST_03278,purchase,2024-08-20,slg,1,604.97
CUST_01447,purchase,2024-10-11,textile,2,1248.95
CUST_00040,purchase,2024-11-27,rtw,3,620.65
CUST_01017,purchase,2024-08-13,bags,2,1258.17
CUST_01635,purchase,2024-11-20,rtw,2,1419.04
CUST_00312,purchase,2024-10-20,shoes,1,1720.0
CUST_01952,purchase,2024-08-20,rtw,1,861.54
CUST_00896,purchase,2024-10-25,rtw,1,1135.9
CUST_00749,purchase,2024-12-09,shoes,4,1871.97
CUST_02044,purchase,2024-12-06,shoes,2,1232.59
CUST_00962,purchase,2024-12-06,shoes,2,451.83
CUST_01088,purchase,2024-07-23,shoes,3,1779.44
CUST_00831,purchase,2024-12-31,shoes,2,849.05
CUST_03426,purchase,2024-11-06,rtw,4,362.9
CUST_00639,purchase,2024-12-17,bags,3,1085.43
CUST_00492,purchase,2024-06-21,slg,4,1456.49
CUST_02515,purchase,2024-06-02,textile,3,1137.69
CUST_00174,purchase,2024-10-02,rtw,2,847.49
CUST_02543,purchase,2024-08-20,slg,3,774.95
CUST_02354,purchase,2024-10-14,slg,1,1412.37
CUST_00750,purchase,2024-12-13,textile,4,268.07
CUST_01148,purchase,2024-09-10,shoes,3,1807.74
CUST_03073,purchase,2024-10-26,shoes,5,306.88
CUST_00222,purchase,2024-10-13,slg,2,152.68
CUST_01960,purchase,2024-10-17,bags,1,227.6
CUST_02059,purchase,2024-08-28,slg,2,800.91
CUST_02812,purchase,2024-12-16,shoes,1,1491.26
CUST_01873,purchase,2024-07-01,textile,1,604.12
CUST_01885,purchase,2024-08-20,bags,2,788.58
CUST_00049,purchase,2024-11-20,shoes,2,1610.18
CUST_01555,purchase,2024-10-27,bags,1,401.79
CUST_01333,purchase,2024-09-01,textile,3,320.87
CUST_01064,purchase,2024-07-18,textile,3,1350.58
CUST_01077,purchase,2024-07-31,rtw,1,1063.39
CUST_01931,purchase,2024-11-04,rtw,1,844.04
CUST_01499,purchase,2024-07-18,slg,1,1002.78
CUST_01737,purchase,2024-07-24,slg,2,186.13
CUST_02871,purchase,2024-12-10,rtw,1,1537.32
CUST_01496,purchase,2024-10-28,rtw,2,802.01
CUST_01847,purchase,2024-10-06,textile,2,1906.3
CUST_00538,purchase,2024-10-26,shoes,1,162.54
CUST_03335,purchase,2024-06-26,rtw,4,989.36
CUST_03294,purchase,2024-07-31,textile,2,1304.77
CUST_01771,purchase,2024-11-06,shoes,3,977.54
CUST_00598,purchase,2025-04-08,shoes,2,969.78
CUST_01938,purchase,2024-12-24,bags,1,430.72
CUST_00724,purchase,2024-09-16,slg,3,1093.02
CUST_00551,purchase,2024-10-02,textile,1,299.13
CUST_02188,purchase,2024-12-02,rtw,3,1467.6
CUST_03217,purchase,2024-10-03,rtw,1,1990.21
CUST_01028,purchase,2024-10-22,textile,1,553.6
CUST_00196,purchase,2024-09-10,bags,3,1447.87
CUST_02829,purchase,2024-07-12,bags,1,1845.98
CUST_00883,purchase,2024-12-26,rtw,1,1837.04
CUST_01952,purchase,2024-11-09,bags,2,1949.28
CUST_01843,purchase,2024-12-08,rtw,3,1061.72
CUST_01065,purchase,2024-09-01,rtw,2,1182.03
CUST_02296,purchase,2024-10-21,rtw,1,1451.33
CUST_01410,purchase,2024-10-02,slg,2,1183.45
CUST_00497,purchase,2024-08-29,textile,3,1290.36
CUST_00815,purchase,2024-10-26,textile,1,1063.31
CUST_02662,purchase,2024-11-14,textile,3,1223.25
CUST_00715,purchase,2024-12-17,rtw,2,1720.52
CUST_01455,purchase,2024-08-23,textile,3,646.99
CUST_01997,purchase,2024-12-16,slg,2,219.73
CUST_00322,purchase,2024-09-06,textile,2,1613.53
CUST_01174,purchase,2024-09-27,shoes,4,824.03
CUST_00687,purchase,2024-11-11,rtw,2,1947.49
CUST_01728,purchase,2024-10-14,textile,2,1771.97
CUST_02342,purchase,2025-01-03,bags,1,367.0
CUST_00325,purchase,2024-07-12,rtw,3,649.19
CUST_00935,purchase,2024-08-20,rtw,1,751.49
CUST_02675,purchase,2024-08-14,rtw,1,561.53
CUST_02480,purchase,2024-11-13,slg,3,454.72
CUST_01112,purchase,2024-09-22,rtw,4,374.08
CUST_03064,purchase,2024-10-29,textile,2,1012.33
CUST_01845,purchase,2024-09-14,shoes,2,1011.27
CUST_00754,purchase,2024-06-06,shoes,2,1390.95
CUST_02981,purchase,2024-07-31,rtw,2,676.85
CUST_03047,purchase,2024-11-27,bags,2,1370.2
CUST_00863,purchase,2024-07-13,slg,2,187.46
CUST_00422,purchase,2024-06-25,bags,2,340.58
CUST_01939,purchase,2024-10-19,bags,2,658.44
CUST_00108,purchase,2024-12-15,slg,2,323.75
CUST_02147,purchase,2024-12-13,bags,1,1477.25
CUST_00426,purchase,2024-08-07,textile,2,410.31
CUST_00637,purchase,2024-06-22,slg,3,1231.09
CUST_01268,purchase,2024-07-29,shoes,1,691.62
CUST_03022,purchase,2024-08-12,slg,1,1559.72
CUST_02567,purchase,2024-07-03,shoes,2,1445.91
CUST_02158,purchase,2024-07-14,bags,2,451.71
CUST_00144,purchase,2024-11-17,rtw,4,773.48
CUST_01333,purchase,2024-09-30,slg,2,1177.95
CUST_02215,purchase,2024-08-09,textile,2,548.35
CUST_01823,purchase,2024-07-05,textile,1,312.53
CUST_00726,purchase,2024-10-30,textile,2,627.48
CUST_01871,purchase,2024-11-09,textile,3,1475.35
CUST_01782,purchase,2024-10-12,textile,2,951.65
CUST_01269,purchase,2024-08-28,slg,2,1567.57
CUST_02211,purchase,2024-07-29,bags,3,530.04
CUST_01810,purchase,2024-08-18,rtw,3,1443.29
CUST_01689,purchase,2024-08-06,shoes,1,607.77
CUST_01244,purchase,2024-06-03,bags,2,222.35
CUST_02144,purchase,2024-12-26,shoes,1,1253.2
CUST_01409,purchase,2024-08-13,slg,1,996.03
CUST_02192,purchase,2024-06-03,slg,3,1652.96
CUST_03095,purchase,2024-10-01,rtw,1,1385.86
CUST_00038,purchase,2024-12-14,slg,2,1457.1
CUST_03269,purchase,2024-08-14,textile,1,435.58
CUST_00948,purchase,2024-12-21,bags,1,1341.25
CUST_02246,purchase,2024-09-04,shoes,1,448.96
CUST_01687,purchase,2024-10-22,slg,1,996.12
CUST_01617,purchase,2024-10-09,shoes,2,201.94
CUST_02929,purchase,2024-12-06,slg,2,1459.04
CUST_03394,purchase,2024-09-05,shoes,2,1936.2
CUST_01078,purchase,2024-06-21,slg,1,1981.76
CUST_02562,purchase,2024-08-01,textile,1,995.92
CUST_03132,purchase,2024-12-22,textile,1,775.95
CUST_03308,purchase,2024-11-25,rtw,5,271.14
CUST_01167,purchase,2024-11-14,textile,4,1140.66
CUST_03313,purchase,2024-08-08,slg,2,655.51
CUST_00771,purchase,2024-06-18,shoes,1,1605.21
CUST_00560,purchase,2024-08-14,bags,1,255.1
CUST_02609,purchase,2024-09-25,textile,1,1076.96
CUST_01855,purchase,2024-08-09,textile,2,1919.23
CUST_02016,purchase,2024-07-19,rtw,2,1489.9
CUST_00080,purchase,2024-07-09,bags,2,598.13
CUST_02192,purchase,2024-06-06,shoes,2,653.34
CUST_00419,purchase,2024-08-12,rtw,3,459.62
CUST_00513,purchase,2024-12-01,slg,2,1100.19
CUST_02979,purchase,2024-06-03,shoes,3,1419.13
CUST_00370,purchase,2024-07-09,bags,3,1391.45
CUST_02022,purchase,2024-07-26,rtw,1,1757.01
CUST_01722,purchase,2024-08-19,slg,2,208.31
CUST_01522,purchase,2024-11-21,bags,2,139.87
CUST_01353,purchase,2024-06-21,shoes,3,913.53
CUST_00230,purchase,2024-08-08,slg,2,420.34
CUST_00293,purchase,2024-10-18,slg,1,1258.64
CUST_00744,purchase,2024-07-20,rtw,2,500.81
CUST_03348,purchase,2024-09-06,bags,2,611.59
CUST_00500,purchase,2024-12-14,shoes,2,1887.82
CUST_01577,purchase,2024-12-15,slg,3,1585.79
CUST_01013,purchase,2024-12-06,bags,1,192.93
CUST_00816,purchase,2024-09-26,bags,2,1534.36
CUST_02135,purchase,2024-11-18,shoes,2,346.8
CUST_01937,purchase,2024-09-08,rtw,4,1932.47
CUST_01324,purchase,2024-07-11,bags,3,1274.24
CUST_03051,purchase,2024-11-27,textile,2,682.68
CUST_00501,purchase,2024-08-04,slg,2,913.46
CUST_02616,purchase,2024-08-16,shoes,1,1545.83
CUST_01477,purchase,2024-06-14,shoes,2,799.8
CUST_00463,purchase,2024-07-31,slg,3,1882.55
CUST_01330,purchase,2024-06-04,shoes,1,1926.35
CUST_03254,purchase,2024-08-10,textile,1,117.28
CUST_00491,purchase,2024-09-10,shoes,2,1124.27
CUST_00037,purchase,2024-06-11,textile,3,916.71
CUST_03210,purchase,2024-11-24,slg,1,190.34
CUST_02820,purchase,2024-10-31,shoes,2,1494.28
CUST_01522,purchase,2024-12-15,bags,2,1125.09
CUST_01019,purchase,2024-07-11,slg,1,933.6
CUST_00375,purchase,2024-11-23,textile,3,1475.27
CUST_01387,purchase,2024-12-12,bags,1,1503.24
CUST_00245,purchase,2024-08-31,shoes,2,1717.73
CUST_02873,purchase,2024-10-16,bags,2,662.73
CUST_00516,purchase,2024-10-03,shoes,2,1135.98
CUST_01298,purchase,2024-10-21,rtw,3,1478.81
CUST_03300,purchase,2024-09-21,shoes,3,864.6
CUST_00088,purchase,2024-11-24,slg,2,1764.98
CUST_01468,purchase,2024-10-15,shoes,1,749.95
CUST_01027,purchase,2024-06-11,slg,3,1361.02
CUST_02895,purchase,2024-09-21,textile,4,1764.67
CUST_01208,purchase,2024-10-17,slg,3,217.9
CUST_00778,purchase,2024-10-24,shoes,2,1458.94
CUST_02227,purchase,2024-08-29,rtw,4,1566.12
CUST_03000,purchase,2024-09-28,rtw,3,1289.15
CUST_03406,purchase,2024-11-01,textile,2,1638.2
CUST_00657,purchase,2024-06-18,textile,3,1500.35
CUST_00635,purchase,2024-09-24,rtw,2,1775.13
CUST_03357,purchase,2024-08-07,textile,2,1704.66
CUST_01504,purchase,2024-09-25,bags,3,158.43
CUST_03179,purchase,2024-11-11,textile,2,1638.34
CUST_01553,purchase,2024-12-05,shoes,3,1368.06
CUST_00077,purchase,2024-10-30,rtw,3,941.43
CUST_03179,purchase,2024-11-06,shoes,1,1794.85
CUST_01314,purchase,2024-12-02,bags,5,1368.3
CUST_02697,purchase,2024-10-16,slg,6,221.07
CUST_00778,purchase,2024-10-13,slg,3,207.38
CUST_03137,purchase,2025-02-17,shoes,2,988.77
CUST_02512,purchase,2024-10-13,rtw,4,836.79
CUST_01679,purchase,2024-11-12,rtw,1,807.61
CUST_00453,purchase,2024-10-11,textile,1,1945.1
CUST_02699,purchase,2024-06-18,bags,2,770.33
CUST_03421,purchase,2024-07-04,shoes,2,167.46
CUST_00129,purchase,2024-07-22,bags,2,130.75
CUST_01989,purchase,2024-07-20,bags,1,1202.37
CUST_00131,purchase,2024-10-25,slg,1,179.28
CUST_02695,purchase,2024-10-04,textile,2,312.5
CUST_02556,purchase,2024-11-27,textile,1,893.75
CUST_01049,purchase,2024-06-13,rtw,1,1061.54
CUST_00905,purchase,2024-11-03,bags,1,188.39
CUST_00054,purchase,2024-07-24,slg,2,281.21
CUST_03409,purchase,2024-06-21,slg,3,1649.67
CUST_03281,purchase,2025-02-17,bags,5,445.12
CUST_01479,purchase,2025-01-26,slg,3,1474.99
CUST_03368,purchase,2024-09-03,bags,2,879.58
CUST_03374,purchase,2024-11-05,rtw,2,1522.67
CUST_02167,purchase,2024-06-11,bags,3,1802.23
CUST_03418,purchase,2024-08-17,bags,1,687.68
CUST_00885,purchase,2024-10-11,bags,2,200.64
CUST_00415,purchase,2024-12-03,shoes,2,721.22
CUST_02178,purchase,2024-10-22,shoes,3,1804.55
CUST_00792,purchase,2024-10-13,shoes,2,705.96
CUST_02335,purchase,2024-11-08,shoes,2,124.93
CUST_02288,purchase,2024-12-09,textile,1,1581.7
CUST_01701,purchase,2024-12-09,bags,4,1396.15
CUST_03139,purchase,2024-11-11,textile,3,485.26
CUST_01467,purchase,2025-01-07,slg,1,1417.77
CUST_02878,purchase,2024-11-18,slg,2,256.46
CUST_00427,purchase,2024-07-13,shoes,3,816.84
CUST_02253,purchase,2024-09-11,textile,2,1766.6
CUST_01383,purchase,2024-11-16,shoes,1,172.17
CUST_02187,purchase,2024-11-01,slg,1,643.57
CUST_01444,purchase,2024-08-20,textile,1,224.81
CUST_01330,purchase,2024-10-03,slg,2,1836.45
CUST_03131,purchase,2024-11-10,slg,2,528.26
CUST_03384,purchase,2024-12-03,rtw,1,1191.95
CUST_02493,purchase,2024-08-01,textile,3,1374.31
CUST_02235,purchase,2024-07-25,slg,3,1981.38
CUST_03137,purchase,2024-10-19,rtw,2,709.13
CUST_01475,purchase,2024-09-24,slg,3,1593.65
CUST_01627,purchase,2024-06-01,bags,1,449.43
CUST_01166,purchase,2024-10-31,bags,1,1189.3
CUST_02121,purchase,2024-07-05,rtw,2,1265.81
CUST_00027,purchase,2024-08-16,shoes,1,288.66
CUST_00880,purchase,2024-08-20,bags,2,1375.53
CUST_03161,purchase,2024-12-28,rtw,3,1023.94
CUST_02268,purchase,2024-10-09,textile,4,465.82
CUST_02338,purchase,2024-10-25,shoes,3,298.94
CUST_00387,purchase,2024-06-10,slg,2,416.09
CUST_01457,purchase,2024-07-10,shoes,1,698.33
CUST_01086,purchase,2024-09-02,textile,2,139.26
CUST_01024,purchase,2024-07-30,rtw,1,651.96
CUST_03323,purchase,2024-08-16,bags,2,1165.25
CUST_02337,purchase,2024-11-16,textile,1,502.07
CUST_00891,purchase,2024-12-05,bags,1,227.73
CUST_02964,purchase,2024-08-23,slg,2,1679.0
CUST_00709,purchase,2024-11-11,textile,1,374.99
CUST_03357,purchase,2024-06-25,textile,1,1555.15
CUST_02631,purchase,2024-12-02,bags,1,876.0
CUST_02994,purchase,2024-12-24,textile,1,252.43
CUST_01563,purchase,2024-06-21,bags,4,1077.08
CUST_03158,purchase,2024-08-25,rtw,1,1321.19
CUST_03348,purchase,2025-01-05,slg,1,887.33
CUST_00494,purchase,2024-12-15,shoes,3,1375.91
CUST_03063,purchase,2024-10-02,textile,1,757.64
CUST_00047,purchase,2024-11-10,slg,1,1467.01
CUST_00222,purchase,2024-11-07,textile,2,266.62
CUST_00169,purchase,2024-10-17,textile,3,188.88
CUST_02314,purchase,2024-07-09,rtw,3,1851.42
CUST_02058,purchase,2024-11-26,shoes,2,976.0
CUST_00628,purchase,2024-06-13,slg,3,1919.45
CUST_01826,purchase,2024-12-10,textile,1,1516.58
CUST_02357,purchase,2024-10-08,bags,2,424.39
CUST_00910,purchase,2024-09-19,rtw,2,1343.7
CUST_03221,purchase,2024-09-09,shoes,2,1010.56
CUST_00542,purchase,2024-12-02,bags,1,790.43
CUST_01950,purchase,2024-10-25,bags,3,1875.75
CUST_02246,purchase,2025-01-03,rtw,2,1997.99
CUST_00349,purchase,2024-12-17,textile,2,550.62
CUST_01780,purchase,2025-01-30,shoes,3,588.24
CUST_03122,purchase,2024-07-05,slg,1,1236.23
CUST_02291,purchase,2024-07-21,slg,1,298.06
CUST_01620,purchase,2024-10-02,textile,3,791.28
CUST_00804,purchase,2024-10-22,textile,2,1923.97
CUST_03014,purchase,2024-10-13,shoes,2,829.96
CUST_00993,purchase,2024-06-19,rtw,2,989.55
CUST_03182,purchase,2024-09-19,rtw,3,1723.42
CUST_02805,purchase,2024-10-16,bags,4,608.53
CUST_00461,purchase,2024-11-19,slg,4,1292.74
CUST_01735,purchase,2024-09-02,rtw,1,1057.4
CUST_00781,purchase,2024-08-22,rtw,1,343.35
CUST_02433,purchase,2024-11-15,bags,1,1297.45
CUST_03153,purchase,2024-08-18,shoes,1,299.86
CUST_01433,purchase,2024-11-05,slg,1,420.99
CUST_02553,purchase,2024-10-24,slg,2,734.51
CUST_00184,purchase,2024-12-27,shoes,4,1897.77
CUST_00818,purchase,2024-11-23,rtw,1,1979.17
CUST_00639,purchase,2024-12-11,bags,3,1332.77
CUST_00461,purchase,2024-12-07,bags,1,514.23
CUST_00996,purchase,2024-11-06,shoes,3,1547.87
CUST_03410,purchase,2025-03-21,rtw,2,1498.85
CUST_00057,purchase,2024-12-06,bags,2,1917.65
CUST_01250,purchase,2024-09-24,slg,1,969.72
CUST_00094,purchase,2024-12-22,shoes,1,1246.24
CUST_03032,purchase,2024-10-16,shoes,2,1671.26
CUST_00835,purchase,2024-12-11,textile,1,1616.1
CUST_03074,purchase,2024-08-06,textile,3,205.22
CUST_01979,purchase,2024-11-07,shoes,1,1777.99
CUST_02848,purchase,2024-11-26,bags,2,1274.26
CUST_01543,purchase,2024-10-28,textile,6,512.83
CUST_00179,purchase,2024-08-05,shoes,4,261.82
CUST_00247,purchase,2024-12-05,shoes,3,848.82
CUST_03233,purchase,2024-11-26,textile,2,812.4
CUST_01112,purchase,2024-06-14,slg,1,1887.42
CUST_02682,purchase,2024-06-03,bags,2,1554.67
CUST_01592,purchase,2024-11-17,rtw,2,802.25
CUST_02716,purchase,2025-02-05,rtw,2,1578.17
CUST_00442,purchase,2024-06-05,rtw,2,1955.19
CUST_02660,purchase,2024-12-20,shoes,1,1463.62
CUST_01560,purchase,2024-10-09,bags,1,725.12
CUST_01293,purchase,2025-01-13,textile,2,954.92
CUST_02178,purchase,2024-06-23,shoes,1,1162.11
CUST_00815,purchase,2024-10-07,slg,2,1755.15
CUST_02297,purchase,2025-03-04,bags,1,528.19
CUST_00163,purchase,2024-08-03,textile,2,1048.85
CUST_01249,purchase,2024-10-29,slg,1,1630.9
CUST_01612,purchase,2024-12-08,shoes,2,810.6
CUST_00076,purchase,2024-08-28,rtw,3,808.28
CUST_01456,purchase,2024-11-08,rtw,1,1083.18
CUST_00968,purchase,2024-11-21,rtw,3,1820.17
CUST_03326,purchase,2024-10-06,rtw,2,597.63
CUST_01586,purchase,2024-12-26,bags,2,854.02
CUST_02274,purchase,2024-08-11,shoes,4,977.91
CUST_00622,purchase,2024-08-27,slg,1,680.9
CUST_02691,purchase,2024-07-06,bags,2,1776.31
CUST_02990,purchase,2024-11-30,textile,1,1065.86
CUST_02778,purchase,2024-11-04,shoes,2,1789.53
CUST_01710,purchase,2024-08-01,textile,2,346.91
CUST_00626,purchase,2024-09-18,rtw,1,1394.24
CUST_02480,purchase,2024-08-24,slg,2,870.4
CUST_02221,purchase,2024-07-04,shoes,3,1125.06
CUST_02673,purchase,2024-07-06,textile,1,880.49
CUST_02218,purchase,2024-11-23,shoes,2,1811.49
CUST_00566,purchase,2024-08-19,textile,3,1462.87
CUST_00554,purchase,2024-09-19,shoes,2,751.52
CUST_02688,purchase,2024-10-23,shoes,1,730.38
CUST_01301,purchase,2024-10-14,textile,3,1814.66
CUST_02184,purchase,2024-12-02,bags,1,462.84
CUST_00755,purchase,2024-08-21,shoes,2,184.23
CUST_02979,purchase,2024-06-08,rtw,1,965.8
CUST_01696,purchase,2024-09-14,rtw,1,1453.98
CUST_01815,purchase,2024-12-08,rtw,2,1799.48
CUST_00623,purchase,2024-11-10,shoes,1,1489.15
CUST_00438,purchase,2024-07-04,shoes,4,736.26
CUST_00108,purchase,2024-12-13,textile,2,931.54
CUST_02528,purchase,2024-08-08,textile,2,1775.73
CUST_02323,purchase,2024-11-15,shoes,3,787.43
CUST_02443,purchase,2024-11-04,shoes,2,1221.41
CUST_02816,purchase,2024-06-07,rtw,4,321.94
CUST_00326,purchase,2024-11-24,slg,2,1774.3
CUST_00550,purchase,2024-10-07,textile,4,384.95
CUST_01921,purchase,2025-01-24,rtw,1,360.14
CUST_00754,purchase,2024-09-08,slg,2,1434.02
CUST_01941,purchase,2024-07-06,shoes,2,356.93
CUST_00792,purchase,2024-07-28,bags,1,708.18
CUST_01674,purchase,2024-10-14,bags,2,1675.23
CUST_01106,purchase,2024-09-14,shoes,2,1466.41
CUST_03041,purchase,2024-11-19,shoes,3,399.42
CUST_03104,purchase,2024-07-23,bags,1,795.16
CUST_00726,purchase,2025-01-07,textile,4,121.96
CUST_02007,purchase,2025-02-02,rtw,2,734.75
CUST_01875,purchase,2024-08-03,slg,2,1321.12
CUST_01659,purchase,2024-12-16,bags,1,1302.16
CUST_02491,purchase,2024-12-06,slg,2,1868.66
CUST_02950,purchase,2024-08-20,slg,3,1248.67
CUST_02505,purchase,2024-12-08,textile,2,1251.23
CUST_02433,purchase,2024-10-16,textile,3,517.96
CUST_02628,purchase,2024-11-28,bags,3,1024.56
CUST_02133,purchase,2024-10-17,slg,3,503.05
CUST_01872,purchase,2024-12-29,bags,4,1509.55
CUST_01007,purchase,2024-10-11,textile,2,1146.55
CUST_01621,purchase,2024-11-24,bags,2,1671.64
CUST_02285,purchase,2024-09-08,textile,4,824.73
CUST_03135,purchase,2024-11-09,bags,3,1063.95
CUST_00778,purchase,2024-08-14,slg,1,1414.1
CUST_01631,purchase,2024-08-17,rtw,1,595.25
CUST_01890,purchase,2024-07-13,slg,4,1694.43
CUST_01206,purchase,2024-11-04,bags,4,1892.42
CUST_02827,purchase,2024-10-11,shoes,2,333.2
CUST_01899,purchase,2024-12-30,slg,2,1995.63
CUST_00371,purchase,2024-12-02,textile,3,1983.41
CUST_00464,purchase,2024-11-02,textile,3,1061.08
CUST_02852,purchase,2025-01-16,shoes,5,1471.15
CUST_01611,purchase,2024-09-30,rtw,2,315.0
CUST_01847,purchase,2024-06-07,shoes,1,1476.28
CUST_01859,purchase,2024-10-30,shoes,1,988.69
CUST_01863,purchase,2024-06-24,rtw,1,1145.96
CUST_01328,purchase,2024-11-25,shoes,3,982.24
CUST_02943,purchase,2024-12-05,bags,2,728.62
CUST_00374,purchase,2024-06-30,slg,1,1512.3
CUST_02598,purchase,2024-09-01,bags,1,1709.3
CUST_02146,purchase,2024-11-29,slg,1,1433.7
CUST_02978,purchase,2025-04-18,textile,1,832.57
CUST_02508,purchase,2024-07-11,slg,1,1651.69
CUST_02255,purchase,2024-09-06,bags,3,1429.42
CUST_03147,purchase,2024-07-14,rtw,3,1455.24
CUST_02317,purchase,2024-11-16,shoes,2,577.49
CUST_00665,purchase,2024-07-08,shoes,6,646.89
CUST_03151,purchase,2024-11-30,bags,1,278.81
CUST_01719,purchase,2024-08-18,rtw,1,1056.76
CUST_02991,purchase,2024-12-14,slg,5,1789.17
CUST_01183,purchase,2024-11-08,shoes,2,1841.18
CUST_00482,purchase,2024-07-04,shoes,2,724.84
CUST_00015,purchase,2024-11-07,rtw,3,1809.71
CUST_00051,purchase,2024-09-26,slg,1,792.03
CUST_02043,purchase,2024-10-18,bags,1,1538.95
CUST_02491,purchase,2024-10-05,shoes,1,1151.62
CUST_00889,purchase,2024-10-29,slg,1,353.97
CUST_01859,purchase,2024-10-30,slg,2,524.98
CUST_00326,purchase,2024-11-01,textile,1,1214.86
CUST_00027,purchase,2024-10-01,textile,2,559.55
CUST_01140,purchase,2024-11-06,textile,2,1779.92
CUST_03360,purchase,2024-12-29,shoes,3,1431.28
CUST_00201,purchase,2024-07-18,shoes,4,1186.3
CUST_00226,purchase,2024-11-15,rtw,1,1516.99
CUST_00151,purchase,2024-10-20,bags,1,1581.03
CUST_02733,purchase,2024-10-26,textile,3,465.71
CUST_01223,purchase,2024-08-24,bags,1,1512.39
CUST_00201,purchase,2024-06-28,slg,3,1876.3
CUST_00731,purchase,2024-07-12,rtw,3,1576.73
CUST_02504,purchase,2024-11-17,textile,3,1203.38
CUST_02345,purchase,2024-12-19,textile,5,1678.45
CUST_00727,purchase,2024-10-10,textile,2,581.36
CUST_01476,purchase,2024-06-10,bags,3,206.65
CUST_03148,purchase,2024-11-22,rtw,4,234.95
CUST_01510,purchase,2024-11-06,bags,2,597.4
CUST_03107,purchase,2024-09-18,textile,1,525.85
CUST_00266,purchase,2024-08-14,slg,1,1912.42
CUST_00552,purchase,2024-07-02,rtw,1,943.41
CUST_01349,purchase,2024-10-13,slg,4,1674.76
CUST_02149,purchase,2024-07-24,shoes,4,626.85
CUST_02507,purchase,2024-06-15,bags,4,855.28
CUST_02341,purchase,2024-12-04,textile,2,1888.92
CUST_00360,purchase,2024-10-02,textile,4,1752.27
CUST_03229,purchase,2024-11-28,rtw,4,1953.42
CUST_01750,purchase,2024-11-03,rtw,1,364.02
CUST_01064,purchase,2024-10-13,textile,2,1587.2
CUST_02553,purchase,2024-08-30,shoes,1,1954.58
CUST_02517,purchase,2024-10-23,slg,1,914.96
CUST_02129,purchase,2024-12-04,slg,1,1200.79
CUST_02018,purchase,2024-12-24,shoes,1,384.39
CUST_02497,purchase,2024-07-30,rtw,2,547.48
CUST_00793,purchase,2024-06-01,bags,2,931.2
CUST_00099,purchase,2024-09-28,bags,1,758.93
CUST_03021,purchase,2024-10-04,textile,2,1787.84
CUST_01699,purchase,2024-10-08,bags,2,1982.39
CUST_01368,purchase,2024-08-29,textile,1,259.79
CUST_03302,purchase,2024-11-11,shoes,1,876.19
CUST_00047,purchase,2025-03-11,shoes,2,1689.76
CUST_02827,purchase,2024-08-12,rtw,2,1495.19
CUST_03237,purchase,2024-06-18,rtw,2,681.6
CUST_01230,purchase,2024-10-08,textile,2,1130.17
CUST_01327,purchase,2024-12-14,bags,1,1367.79
CUST_00467,purchase,2024-11-23,rtw,3,1006.24
CUST_01399,purchase,2024-09-10,textile,1,1032.97
CUST_02524,purchase,2024-06-08,shoes,3,933.79
CUST_00795,purchase,2024-08-24,rtw,3,574.56
CUST_02755,purchase,2024-11-04,slg,2,1999.76
CUST_03266,purchase,2024-06-10,shoes,3,773.53
CUST_01973,purchase,2024-07-10,slg,4,229.2
CUST_02200,purchase,2024-08-25,slg,2,575.95
CUST_03212,purchase,2024-12-26,slg,1,1505.02
CUST_03042,purchase,2024-06-15,textile,2,1272.01
CUST_01227,purchase,2024-10-23,rtw,3,1447.05
CUST_02275,purchase,2024-10-16,bags,1,1545.85
CUST_00854,purchase,2024-10-26,rtw,3,950.25
CUST_03275,purchase,2024-12-21,rtw,2,880.15
CUST_00272,purchase,2024-07-09,rtw,4,1463.88
CUST_03444,purchase,2024-06-08,rtw,2,1944.61
CUST_01537,purchase,2024-11-08,textile,1,1802.4
CUST_03451,purchase,2024-07-13,textile,2,1813.17
CUST_02481,purchase,2024-09-08,shoes,2,838.79
CUST_02438,purchase,2024-06-30,rtw,3,1334.36
CUST_02889,purchase,2024-08-20,bags,1,882.65
CUST_01113,purchase,2024-12-31,bags,1,141.83
CUST_02036,purchase,2024-07-31,rtw,1,1119.11
CUST_01852,purchase,2024-12-17,rtw,2,570.61
CUST_00886,purchase,2025-01-01,rtw,3,1774.22
CUST_00717,purchase,2024-06-29,rtw,3,101.16
CUST_03216,purchase,2024-06-10,shoes,3,810.8
CUST_00380,purchase,2024-10-15,textile,4,916.89
CUST_00103,purchase,2024-12-22,slg,1,840.23
CUST_02049,purchase,2024-07-10,shoes,1,1806.72
CUST_01394,purchase,2024-10-02,textile,3,532.17
CUST_01272,purchase,2024-12-16,rtw,1,834.71
CUST_00587,purchase,2024-12-14,bags,2,488.84
CUST_03368,purchase,2024-10-11,shoes,1,251.03
CUST_00841,purchase,2024-12-03,bags,2,1479.74
CUST_01882,purchase,2024-11-16,textile,2,371.49
CUST_00475,purchase,2024-06-02,rtw,3,247.1
CUST_00181,purchase,2024-11-23,textile,1,647.5
CUST_00357,purchase,2024-08-25,slg,1,537.14
CUST_00189,purchase,2024-10-25,textile,2,298.13
CUST_03139,purchase,2024-11-16,rtw,4,1386.58
CUST_00093,purchase,2024-10-26,rtw,1,1274.85
CUST_02617,purchase,2024-07-24,rtw,1,103.95
CUST_00822,purchase,2024-07-20,rtw,4,722.79
CUST_01134,purchase,2024-10-15,rtw,2,1175.04
CUST_03166,purchase,2024-09-21,bags,2,1445.57
CUST_01117,purchase,2024-07-09,shoes,1,442.44
CUST_01121,purchase,2024-06-30,bags,2,360.32
CUST_02552,purchase,2024-10-22,textile,1,875.51
CUST_00420,purchase,2024-07-23,textile,2,382.24
CUST_01435,purchase,2024-10-19,rtw,1,1943.45
CUST_01111,purchase,2024-07-07,rtw,4,230.83
CUST_02352,purchase,2024-08-02,shoes,1,1840.61
CUST_00292,purchase,2024-08-19,textile,4,192.2
CUST_01388,purchase,2024-10-17,slg,1,226.49
CUST_00208,purchase,2024-07-04,bags,1,880.01
CUST_01929,purchase,2024-11-20,bags,1,416.79
CUST_00434,purchase,2024-09-07,bags,2,988.55
CUST_00353,purchase,2024-09-18,slg,2,1880.66
CUST_00734,purchase,2024-11-28,textile,1,288.59
CUST_02428,purchase,2024-11-09,slg,3,509.3
CUST_02525,purchase,2024-10-24,rtw,4,1801.06
CUST_01362,purchase,2024-12-27,shoes,3,1618.03
CUST_02921,purchase,2024-12-12,textile,1,522.53
CUST_00322,purchase,2024-12-11,slg,2,1356.56
CUST_02326,purchase,2024-07-04,bags,2,1346.43
CUST_03330,purchase,2024-12-23,slg,2,1234.42
CUST_00399,purchase,2024-09-25,rtw,1,973.26
CUST_02804,purchase,2024-11-12,slg,1,772.85
CUST_01928,purchase,2024-07-30,shoes,1,1964.95
CUST_00589,purchase,2024-11-05,rtw,2,829.06
CUST_01489,purchase,2024-09-09,shoes,2,783.83
CUST_02866,purchase,2024-11-18,rtw,2,442.09
CUST_03231,purchase,2024-08-23,slg,3,162.2
CUST_01997,purchase,2024-06-08,bags,1,1961.47
CUST_01947,purchase,2024-06-29,rtw,4,1968.23
CUST_01961,purchase,2024-09-27,shoes,1,556.58
CUST_01157,purchase,2024-12-14,rtw,2,1290.09
CUST_02476,purchase,2024-10-26,shoes,1,1274.04
CUST_02081,purchase,2024-06-27,slg,1,196.85
CUST_03349,purchase,2024-11-30,bags,6,339.29
CUST_01335,purchase,2024-10-21,bags,1,649.99
CUST_03246,purchase,2024-08-17,textile,2,1853.46
CUST_01889,purchase,2024-09-11,textile,3,611.16
CUST_01694,purchase,2024-08-01,textile,2,663.39
CUST_00999,purchase,2024-10-19,shoes,1,345.24
CUST_01976,purchase,2024-09-07,bags,1,1320.42
CUST_01396,purchase,2024-07-24,textile,2,332.49
CUST_01766,purchase,2024-12-18,slg,3,828.68
CUST_02324,purchase,2024-12-19,rtw,1,1605.0
CUST_02231,purchase,2025-03-22,shoes,3,966.96
CUST_00709,purchase,2024-11-17,bags,1,805.35
CUST_03029,purchase,2025-02-24,textile,2,1458.25
CUST_03428,purchase,2024-10-03,bags,3,1816.31
CUST_02426,purchase,2024-10-31,slg,5,461.29
CUST_01333,purchase,2024-10-21,bags,4,615.6
CUST_03368,purchase,2024-09-22,shoes,3,719.4
CUST_01262,purchase,2024-09-12,bags,2,142.22
CUST_02451,purchase,2024-06-28,textile,1,1744.2
CUST_03160,purchase,2024-12-27,slg,1,914.97
CUST_01342,purchase,2024-10-05,bags,4,1905.73
CUST_00371,purchase,2024-07-26,shoes,1,1517.24
CUST_02379,purchase,2024-12-11,bags,2,1063.91
CUST_03101,purchase,2024-07-08,shoes,1,1756.03
CUST_01856,purchase,2024-10-15,rtw,1,1289.48
CUST_01598,purchase,2024-11-05,textile,1,491.71
CUST_01832,purchase,2024-07-21,shoes,4,412.67
CUST_02792,purchase,2024-08-21,rtw,2,432.4
CUST_02336,purchase,2024-12-21,rtw,2,454.09
CUST_01781,purchase,2024-12-01,rtw,1,1170.95
CUST_00366,purchase,2024-10-28,bags,2,1098.63
CUST_02505,purchase,2024-10-09,slg,1,1837.91
CUST_03472,purchase,2024-07-03,rtw,3,1120.44
CUST_00256,purchase,2024-09-03,textile,5,1911.23
CUST_00218,purchase,2024-06-01,textile,3,707.37
CUST_03362,purchase,2024-08-31,bags,2,778.43
CUST_01156,purchase,2024-06-08,shoes,2,386.67
CUST_01769,purchase,2024-11-27,textile,1,865.84
CUST_01615,purchase,2024-11-08,rtw,2,376.42
CUST_02916,purchase,2024-09-06,slg,3,1528.24
CUST_01563,purchase,2024-09-20,textile,3,1983.62
CUST_00866,purchase,2024-11-17,shoes,1,545.31
CUST_01946,purchase,2024-07-06,shoes,2,1850.6
CUST_02276,purchase,2024-09-07,rtw,2,874.94
CUST_03441,purchase,2024-09-15,shoes,3,1307.74
CUST_01182,purchase,2024-11-19,shoes,3,550.67
CUST_00551,purchase,2024-06-03,bags,6,1907.67
CUST_02656,purchase,2024-06-05,shoes,1,1045.68
CUST_02955,purchase,2024-11-26,slg,2,1694.87
CUST_00557,purchase,2024-06-22,shoes,4,1497.37
CUST_02631,purchase,2024-12-24,slg,2,405.12
CUST_01868,purchase,2024-12-19,textile,4,517.96
CUST_01744,purchase,2024-11-07,shoes,1,824.92
CUST_01862,purchase,2024-10-09,slg,2,1972.77
CUST_02262,purchase,2024-12-27,slg,5,149.96
CUST_01576,purchase,2024-08-30,shoes,1,1896.06
CUST_00762,purchase,2024-09-17,textile,1,1137.39
CUST_00031,purchase,2024-10-26,slg,1,644.15
CUST_03469,purchase,2024-12-05,shoes,1,1733.1
CUST_02917,purchase,2024-10-07,rtw,3,1944.96
CUST_01683,purchase,2024-10-18,textile,2,1194.99
CUST_01504,purchase,2024-06-09,bags,3,1622.49
CUST_02328,purchase,2025-01-25,rtw,2,1335.31
CUST_00464,purchase,2024-10-27,slg,1,1208.31
CUST_02829,purchase,2024-06-21,shoes,3,273.36
CUST_02991,purchase,2024-12-05,textile,1,856.89
CUST_03075,purchase,2024-12-17,rtw,5,267.49
CUST_01905,purchase,2024-10-11,bags,1,1719.05
CUST_02144,purchase,2025-01-03,bags,3,821.82
CUST_01005,purchase,2024-11-26,bags,2,1570.09
CUST_02802,purchase,2024-11-10,textile,1,174.2
CUST_03270,purchase,2024-10-27,rtw,2,1472.08
CUST_02512,purchase,2024-06-14,rtw,3,1203.97
CUST_02192,purchase,2024-12-17,bags,1,1494.82
CUST_01921,purchase,2024-09-25,textile,2,1813.12
CUST_01922,purchase,2024-10-25,rtw,4,1064.55
CUST_01725,purchase,2024-08-30,rtw,2,1800.78
CUST_01185,purchase,2024-07-13,bags,2,1259.58
CUST_02847,purchase,2024-10-19,rtw,4,765.6
CUST_02978,purchase,2024-12-18,textile,2,1049.97
CUST_01067,purchase,2024-06-16,slg,3,615.88
CUST_02369,purchase,2024-07-14,textile,1,654.41
CUST_00212,purchase,2024-10-28,rtw,2,1179.89
CUST_03314,purchase,2024-12-06,textile,1,1068.53
CUST_00112,purchase,2024-08-13,slg,2,902.81
CUST_00338,purchase,2024-07-03,textile,1,1817.81
CUST_00315,purchase,2024-12-18,rtw,1,1394.59
CUST_01033,purchase,2024-07-04,textile,4,1038.2
CUST_01151,purchase,2024-08-10,rtw,2,942.19
CUST_00059,purchase,2024-12-07,bags,2,1882.83
CUST_02474,purchase,2024-07-15,textile,1,722.21
CUST_03027,purchase,2024-07-09,slg,2,1572.14
CUST_01515,purchase,2024-12-24,shoes,2,1449.2
CUST_01071,purchase,2024-12-18,shoes,3,409.58
CUST_01987,purchase,2024-07-17,textile,1,546.82
CUST_00136,purchase,2024-08-27,bags,3,464.99
CUST_00595,purchase,2025-02-14,shoes,1,829.63
CUST_03431,purchase,2024-10-05,slg,2,845.65
CUST_03156,purchase,2024-09-07,shoes,2,249.92
CUST_02707,purchase,2024-11-17,shoes,1,577.39
CUST_00864,purchase,2024-10-26,rtw,1,739.05
CUST_00223,purchase,2024-11-12,rtw,3,1719.75
CUST_03095,purchase,2024-12-27,bags,1,1781.6
CUST_00216,purchase,2024-07-13,slg,2,870.17
CUST_01634,purchase,2024-09-30,rtw,1,1953.43
CUST_01951,purchase,2024-12-09,textile,1,747.68
CUST_00958,purchase,2024-09-06,slg,1,241.89
CUST_01944,purchase,2024-08-07,shoes,1,185.23
CUST_02173,purchase,2024-09-20,bags,1,1746.65
CUST_01183,purchase,2024-12-22,slg,1,335.01
CUST_01565,purchase,2024-11-21,rtw,3,631.18
CUST_02172,purchase,2024-11-22,bags,2,1071.31
CUST_00399,purchase,2024-10-15,rtw,1,1871.47
CUST_03459,purchase,2024-09-19,textile,3,866.63
CUST_02671,purchase,2024-08-09,rtw,1,1792.44
CUST_01108,purchase,2024-08-08,bags,3,414.55
CUST_01046,purchase,2024-11-15,textile,2,832.27
CUST_01603,purchase,2024-09-27,shoes,1,101.9
CUST_03008,purchase,2025-01-06,textile,5,611.64
CUST_03156,purchase,2024-07-20,textile,4,1705.98
CUST_01383,purchase,2024-11-21,shoes,1,518.47
CUST_01284,purchase,2024-10-19,bags,4,786.96
CUST_02756,purchase,2024-06-03,bags,3,653.79
CUST_00049,purchase,2024-09-14,bags,4,753.68
CUST_02152,purchase,2024-06-27,slg,2,1073.4
CUST_01440,purchase,2024-10-07,rtw,2,635.6
CUST_01032,purchase,2024-10-24,bags,1,1859.65
CUST_00098,purchase,2024-11-06,bags,2,466.77
CUST_00233,purchase,2024-10-31,shoes,2,1259.9
CUST_02456,purchase,2024-11-11,bags,3,1234.21
CUST_02901,purchase,2024-07-01,bags,1,1771.61
CUST_02477,purchase,2024-07-04,slg,3,1419.03
CUST_02689,purchase,2025-02-15,textile,1,1515.79
CUST_03290,purchase,2024-07-18,bags,1,767.58
CUST_02850,purchase,2024-07-18,rtw,1,379.03
CUST_01207,purchase,2024-09-28,bags,1,723.59
CUST_02617,purchase,2024-09-25,rtw,2,1476.29
CUST_03152,purchase,2024-09-18,rtw,1,1223.09
CUST_01055,purchase,2024-07-12,bags,4,1572.77
CUST_01136,purchase,2024-10-13,bags,1,1168.44
CUST_01568,purchase,2024-09-08,rtw,1,761.37
CUST_00247,purchase,2024-08-06,rtw,1,1465.93
CUST_00729,purchase,2024-09-21,bags,3,264.32
CUST_02015,purchase,2024-11-12,textile,4,1531.81
CUST_01609,purchase,2024-07-16,slg,2,412.02
CUST_00445,purchase,2024-10-21,textile,1,707.84
CUST_03149,purchase,2024-09-19,shoes,3,1479.86
CUST_02515,purchase,2024-11-12,bags,2,211.16
CUST_01809,purchase,2024-12-01,rtw,4,1803.09
CUST_00424,purchase,2024-06-09,bags,2,1236.68
CUST_00289,purchase,2024-10-25,rtw,1,248.94
CUST_03184,purchase,2024-09-23,bags,1,804.58
CUST_02039,purchase,2024-07-09,bags,2,1251.12
CUST_00155,purchase,2024-11-18,slg,1,1614.29
CUST_01092,purchase,2024-07-09,rtw,3,640.68
CUST_01603,purchase,2024-10-26,bags,2,650.54
CUST_02112,purchase,2024-11-29,slg,1,1381.0
CUST_01959,purchase,2024-09-20,slg,3,290.32
CUST_03458,purchase,2024-12-04,bags,3,1218.77
CUST_02213,purchase,2024-07-28,bags,1,351.84
CUST_01575,purchase,2024-11-24,slg,2,564.15
CUST_00497,purchase,2024-10-24,textile,3,1410.01
CUST_01471,purchase,2024-08-25,rtw,2,1683.72
CUST_01641,purchase,2024-06-15,bags,2,664.58
CUST_01497,purchase,2024-10-15,rtw,2,560.95
CUST_00330,purchase,2024-09-26,rtw,2,952.61
CUST_02654,purchase,2024-07-22,shoes,3,1948.56
CUST_02272,purchase,2024-06-11,slg,1,106.39
CUST_02707,purchase,2024-07-19,rtw,2,1295.48
CUST_02851,purchase,2024-09-08,bags,2,423.95
CUST_02584,purchase,2024-11-24,rtw,4,1235.6
CUST_01993,purchase,2024-06-22,slg,1,913.68
CUST_03012,purchase,2024-07-19,shoes,3,1911.76
CUST_00147,purchase,2024-07-20,bags,2,1271.27
CUST_02949,purchase,2024-10-30,shoes,2,1055.76
CUST_02004,purchase,2024-09-08,bags,2,1687.62
CUST_03248,purchase,2024-10-17,rtw,2,225.09
CUST_02047,purchase,2024-10-15,slg,1,877.38
CUST_00068,purchase,2024-06-10,rtw,2,1328.29
CUST_00230,purchase,2024-08-26,bags,2,1241.06
CUST_01661,purchase,2024-07-01,shoes,2,739.76
CUST_03306,purchase,2024-11-15,textile,3,844.3
CUST_01878,purchase,2024-11-21,textile,2,1151.01
CUST_00611,purchase,2024-12-07,textile,1,330.7
CUST_00955,purchase,2024-06-19,bags,2,863.39
CUST_03013,purchase,2024-07-07,slg,1,146.16
CUST_02679,purchase,2024-06-05,slg,3,1124.67
CUST_02533,purchase,2024-06-12,shoes,1,1037.8
CUST_02873,purchase,2024-11-14,shoes,2,1430.75
CUST_00059,purchase,2024-07-15,bags,1,200.84
CUST_01259,purchase,2024-12-28,bags,3,988.8
CUST_01869,purchase,2024-11-04,shoes,2,846.5
CUST_03422,purchase,2024-10-30,bags,2,1414.61
CUST_03350,purchase,2024-12-09,bags,2,885.73
CUST_00468,purchase,2024-10-06,textile,2,961.37
CUST_03274,purchase,2024-11-05,shoes,6,1930.75
CUST_00259,purchase,2024-12-23,shoes,1,199.71
CUST_01746,purchase,2024-08-26,slg,3,502.88
CUST_01329,purchase,2024-07-01,textile,2,698.84
CUST_02236,purchase,2024-07-06,rtw,4,720.77
CUST_03427,purchase,2024-12-21,shoes,2,290.61
CUST_03131,purchase,2024-06-12,textile,2,1771.66
CUST_00711,purchase,2024-08-25,bags,2,1978.16
CUST_00495,purchase,2024-08-10,shoes,3,1085.18
CUST_03103,purchase,2024-09-15,shoes,1,1283.11
CUST_02853,purchase,2024-09-03,textile,1,1280.13
CUST_00676,purchase,2024-09-21,shoes,1,133.51
CUST_02384,purchase,2024-06-11,shoes,2,910.48
CUST_00410,purchase,2024-12-20,textile,1,1797.35
CUST_01541,purchase,2024-12-17,shoes,2,1070.77
CUST_00065,purchase,2024-10-03,bags,2,1253.03
CUST_00027,purchase,2024-06-02,shoes,3,1738.36
CUST_00366,purchase,2024-11-28,textile,1,1898.37
CUST_01163,purchase,2024-09-15,slg,1,1023.8
CUST_02836,purchase,2024-07-03,shoes,2,1565.62
CUST_00587,purchase,2024-11-11,rtw,2,1255.9
CUST_02143,purchase,2024-09-24,slg,2,1991.92
CUST_00980,purchase,2024-07-15,textile,2,1128.03
CUST_02834,purchase,2024-06-10,textile,1,1573.44
CUST_00738,purchase,2025-02-09,slg,2,1630.61
CUST_02507,purchase,2024-06-23,rtw,2,1883.0
CUST_01425,purchase,2024-09-16,bags,2,1377.63
CUST_02285,purchase,2024-07-31,shoes,1,717.11
CUST_00482,purchase,2024-11-02,bags,4,1133.2
CUST_02536,purchase,2024-09-01,textile,2,404.91
CUST_02079,purchase,2024-07-27,slg,2,403.2
CUST_03156,purchase,2024-11-08,shoes,5,1431.87
CUST_01133,purchase,2024-06-14,shoes,1,399.51
CUST_00462,purchase,2024-12-21,shoes,1,118.77
CUST_02807,purchase,2024-10-30,slg,1,845.48
CUST_00723,purchase,2024-07-11,bags,1,222.75
CUST_00222,purchase,2024-11-13,rtw,2,1612.47
CUST_01168,purchase,2024-07-24,slg,1,1700.8
CUST_01030,purchase,2024-08-25,textile,5,1989.67
CUST_03298,purchase,2024-12-12,slg,3,1136.98
CUST_00178,purchase,2024-06-27,bags,3,256.53
CUST_02202,purchase,2024-07-16,shoes,1,924.6
CUST_03218,purchase,2024-06-08,slg,1,427.99
CUST_02110,purchase,2024-06-30,bags,1,796.13
CUST_00964,purchase,2024-12-02,slg,2,1898.27
CUST_02428,purchase,2024-10-27,rtw,3,1247.22
CUST_01717,purchase,2024-07-21,rtw,4,1716.54
CUST_00943,purchase,2024-10-19,bags,1,128.91
CUST_01336,purchase,2024-07-29,bags,2,319.32
CUST_00972,purchase,2024-12-06,slg,2,1294.4
CUST_00820,purchase,2024-11-16,shoes,2,512.57
CUST_00302,purchase,2024-09-29,textile,1,347.88
CUST_01985,purchase,2024-06-14,slg,1,266.52
CUST_00594,purchase,2024-07-26,textile,2,1442.47
CUST_01864,purchase,2024-07-16,slg,3,294.64
CUST_01530,purchase,2024-07-05,slg,2,262.74
CUST_02949,purchase,2024-07-20,rtw,2,514.67
CUST_01105,purchase,2024-07-22,rtw,3,774.12
CUST_00522,purchase,2024-06-09,textile,3,1227.35
CUST_00245,purchase,2024-08-11,shoes,2,1826.77
CUST_00456,purchase,2024-09-28,slg,2,1532.98
CUST_01714,purchase,2024-07-14,rtw,1,1501.46
CUST_00901,purchase,2024-08-15,textile,2,1460.15
CUST_00643,purchase,2024-12-20,textile,2,418.64
CUST_00697,purchase,2024-10-26,textile,1,1193.23
CUST_00941,purchase,2024-06-23,slg,3,1119.58
CUST_02138,purchase,2024-10-04,shoes,1,409.83
CUST_02424,purchase,2024-09-30,slg,2,1091.67
CUST_01144,purchase,2024-06-04,slg,3,343.25
CUST_03016,purchase,2024-08-03,shoes,4,1054.04
CUST_01341,purchase,2024-09-20,textile,2,1410.03
CUST_00911,purchase,2024-10-30,shoes,2,264.0
CUST_02350,purchase,2024-06-02,slg,2,1285.34
CUST_00182,purchase,2024-06-11,slg,2,1648.77
CUST_03005,purchase,2024-12-14,textile,3,1750.29
CUST_00138,purchase,2024-09-17,textile,1,562.66
CUST_01616,purchase,2024-10-01,bags,1,939.96
CUST_01854,purchase,2024-10-05,shoes,3,721.64
CUST_00341,purchase,2024-10-21,bags,1,1801.57
CUST_02840,purchase,2024-12-05,slg,2,549.62
CUST_00893,purchase,2024-07-04,rtw,4,1036.06
CUST_01212,purchase,2024-08-01,bags,3,677.03
CUST_00066,purchase,2024-10-01,rtw,2,1487.0
CUST_00663,purchase,2024-11-28,slg,1,758.62
CUST_02337,purchase,2024-12-09,textile,2,1503.28
CUST_00100,purchase,2024-09-25,slg,2,1448.18
CUST_03162,purchase,2024-07-06,slg,1,887.51
CUST_00758,purchase,2024-12-20,rtw,1,358.22
CUST_02568,purchase,2024-09-27,bags,1,749.77
CUST_02570,purchase,2024-06-19,slg,5,722.54
CUST_02830,purchase,2024-08-25,textile,1,720.34
CUST_00134,purchase,2024-08-15,slg,2,832.31
CUST_03084,purchase,2024-08-09,textile,1,142.06
CUST_02222,purchase,2024-10-26,shoes,1,304.2
CUST_03227,purchase,2024-11-23,bags,2,1476.03
CUST_02542,purchase,2024-08-25,bags,2,1644.19
CUST_02109,purchase,2024-11-20,rtw,2,1799.89
CUST_00212,purchase,2024-06-29,slg,1,483.46
CUST_01498,purchase,2024-09-28,textile,3,217.85
CUST_00168,purchase,2024-09-02,rtw,2,471.86
CUST_00718,purchase,2024-11-13,textile,3,1555.03
CUST_02888,purchase,2024-06-18,textile,2,1513.75
CUST_02906,purchase,2024-12-16,shoes,2,372.93
CUST_00567,purchase,2024-08-25,shoes,3,1189.19
CUST_02211,purchase,2024-06-30,slg,4,657.48
CUST_03021,purchase,2024-12-10,textile,2,1229.74
CUST_02879,purchase,2024-07-24,shoes,2,991.91
CUST_01313,purchase,2024-08-30,rtw,3,413.95
CUST_02063,purchase,2024-11-22,slg,2,884.43
CUST_01136,purchase,2024-06-14,bags,2,558.32
CUST_01528,purchase,2024-08-28,slg,2,1097.29
CUST_01992,purchase,2024-12-10,textile,1,227.42
CUST_03398,purchase,2024-07-02,slg,2,1443.11
CUST_02908,purchase,2024-10-15,textile,3,1300.21
CUST_01198,purchase,2024-09-24,textile,2,1234.7
CUST_01508,purchase,2024-12-22,bags,2,1820.97
CUST_00772,purchase,2024-11-07,bags,1,685.94
CUST_00329,purchase,2024-09-09,shoes,1,1290.09
CUST_01182,purchase,2024-09-30,bags,1,1776.46
CUST_00675,purchase,2024-08-10,bags,3,1872.62
CUST_02856,purchase,2024-07-08,slg,3,1177.17
CUST_00617,purchase,2024-07-23,textile,2,977.96
CUST_02570,purchase,2024-06-06,rtw,1,778.96
CUST_01707,purchase,2024-11-22,textile,4,1252.58
CUST_00541,purchase,2024-09-30,rtw,1,1421.09
CUST_01721,purchase,2024-09-22,bags,1,640.9
CUST_01195,purchase,2024-07-19,bags,2,194.71
CUST_00091,purchase,2024-12-23,shoes,2,219.9
CUST_03420,purchase,2024-11-12,rtw,1,578.34
CUST_01687,purchase,2024-10-27,rtw,1,1571.17
CUST_02686,purchase,2024-11-13,rtw,1,1628.92
CUST_01992,purchase,2024-10-30,textile,1,1036.47
CUST_03449,purchase,2024-10-19,slg,3,1857.16
CUST_01876,purchase,2024-08-17,textile,1,1038.07
CUST_00541,purchase,2024-12-20,rtw,2,206.19
CUST_00704,purchase,2024-12-20,rtw,1,1302.74
CUST_00929,purchase,2024-10-30,rtw,1,461.46
CUST_01181,purchase,2024-12-15,bags,2,572.26
CUST_00608,purchase,2024-10-23,rtw,1,1265.76
CUST_01868,purchase,2024-07-13,textile,4,617.28
CUST_00659,purchase,2024-11-30,textile,2,966.97
CUST_01169,purchase,2024-07-17,shoes,3,186.28
CUST_03438,purchase,2024-11-29,shoes,1,830.3
CUST_00661,purchase,2024-07-31,bags,1,1754.26
CUST_00169,purchase,2024-08-21,textile,1,700.01
CUST_00519,purchase,2024-09-21,rtw,1,1869.92
CUST_01515,purchase,2024-07-18,shoes,4,545.21
CUST_02304,purchase,2024-11-29,bags,1,523.55
CUST_02727,purchase,2024-12-07,rtw,2,197.59
CUST_00606,purchase,2024-09-04,slg,3,806.57
CUST_02212,purchase,2024-07-12,textile,3,1614.49
CUST_01236,purchase,2024-07-02,bags,2,843.57
CUST_01658,purchase,2024-10-06,shoes,2,1748.65
CUST_01877,purchase,2024-08-21,shoes,1,1587.72
CUST_00018,purchase,2024-12-07,textile,3,519.34
CUST_02079,purchase,2024-08-24,rtw,1,557.35
CUST_01942,purchase,2024-08-14,textile,1,1682.98
CUST_02732,purchase,2024-07-08,textile,1,1533.78
CUST_02985,purchase,2024-09-22,rtw,2,1954.92
CUST_02823,purchase,2024-06-29,slg,1,1738.45
CUST_00165,purchase,2024-07-06,textile,3,905.5
CUST_00479,purchase,2024-08-18,bags,1,233.07
CUST_01646,purchase,2025-01-03,shoes,4,1671.69
CUST_01827,purchase,2024-10-21,bags,2,127.18
CUST_01337,purchase,2024-06-15,textile,1,1766.88
CUST_02627,purchase,2024-07-20,textile,2,641.87
CUST_02157,purchase,2024-07-27,rtw,4,561.08
CUST_00802,purchase,2024-06-06,bags,2,1635.22
CUST_02206,purchase,2024-09-23,bags,2,825.06
CUST_02097,purchase,2024-09-09,shoes,2,936.25
CUST_02009,purchase,2024-08-21,textile,2,1901.59
CUST_02479,purchase,2024-10-09,bags,2,1694.85
CUST_02732,purchase,2024-09-01,slg,4,315.13
CUST_00606,purchase,2024-12-01,slg,2,982.03
CUST_01515,purchase,2024-09-07,rtw,1,868.98
CUST_00050,purchase,2024-08-12,rtw,5,602.26
CUST_01440,purchase,2024-08-18,slg,1,1702.19
CUST_02298,purchase,2024-06-23,shoes,1,537.34
CUST_02982,purchase,2024-09-22,slg,3,516.38
CUST_03292,purchase,2024-11-24,rtw,3,898.97
CUST_00671,purchase,2024-12-24,slg,4,1831.94
CUST_02985,purchase,2024-09-15,shoes,1,397.68
CUST_03423,purchase,2024-10-29,textile,3,254.2
CUST_00353,purchase,2024-07-07,shoes,2,1344.23
CUST_01243,purchase,2024-12-11,textile,1,1258.2
CUST_01374,purchase,2024-06-17,textile,2,509.28
CUST_03098,purchase,2024-09-05,bags,3,579.69
CUST_00028,purchase,2024-09-13,rtw,1,1903.35
CUST_01698,purchase,2024-07-15,textile,1,106.85
CUST_01893,purchase,2024-11-29,textile,3,1971.32
CUST_03094,purchase,2024-07-06,shoes,2,826.22
CUST_00762,purchase,2024-12-31,slg,2,642.96
CUST_01186,purchase,2024-10-20,slg,1,1542.33
CUST_00173,purchase,2024-11-18,rtw,2,515.09
CUST_03419,purchase,2024-10-28,rtw,3,1622.56
CUST_02024,purchase,2024-10-22,slg,1,1540.46
CUST_00920,purchase,2024-06-07,bags,1,1147.21
CUST_00631,purchase,2024-08-07,rtw,3,938.66
CUST_02624,purchase,2024-12-31,slg,1,1759.35
CUST_00509,purchase,2024-11-15,rtw,2,314.26
CUST_01709,purchase,2024-07-16,slg,3,765.41
CUST_02818,purchase,2024-11-13,shoes,1,1243.44
CUST_00117,purchase,2024-07-01,rtw,3,1670.35
CUST_02020,purchase,2024-06-18,textile,2,1968.49
CUST_03054,purchase,2024-09-01,textile,1,715.08
CUST_01969,purchase,2024-10-23,slg,2,1545.01
CUST_01057,purchase,2024-11-08,slg,3,812.61
CUST_02844,purchase,2025-04-22,bags,1,890.76
CUST_01529,purchase,2024-10-10,textile,2,920.66
CUST_00072,purchase,2024-08-06,shoes,2,1726.96
CUST_02383,purchase,2024-06-15,shoes,1,1661.18
CUST_01310,purchase,2024-09-27,shoes,2,660.74
CUST_01464,purchase,2024-07-12,bags,1,1283.12
CUST_01117,purchase,2024-09-01,slg,1,1848.63
CUST_02607,purchase,2024-08-31,bags,3,750.96
CUST_01188,purchase,2024-12-02,textile,1,617.28
CUST_02618,purchase,2024-06-20,textile,2,928.68
CUST_00794,purchase,2024-12-14,shoes,1,892.0
CUST_03133,purchase,2024-06-25,textile,4,1894.36
CUST_03083,purchase,2024-07-13,textile,2,910.28
CUST_01322,purchase,2024-08-20,rtw,4,525.02
CUST_01112,purchase,2024-11-23,rtw,3,1285.64
CUST_00393,purchase,2024-12-18,textile,1,1608.48
CUST_01441,purchase,2024-12-28,shoes,3,871.41
CUST_00053,purchase,2024-07-06,textile,3,1860.62
CUST_01153,purchase,2024-12-07,slg,2,179.84
CUST_01688,purchase,2024-08-27,shoes,1,114.1
CUST_00420,purchase,2024-07-26,shoes,3,1706.24
CUST_02062,purchase,2024-11-10,shoes,3,1684.43
CUST_03257,purchase,2024-10-29,textile,1,200.98
CUST_02825,purchase,2024-10-05,textile,1,608.7
CUST_03466,purchase,2024-10-15,textile,1,1373.98
CUST_02877,purchase,2024-12-11,bags,1,1385.65
CUST_01710,purchase,2024-09-26,bags,1,379.68
CUST_00478,purchase,2024-12-27,shoes,5,1384.05
CUST_00072,purchase,2024-10-01,rtw,3,1133.1
CUST_01277,purchase,2024-11-11,rtw,2,1094.84
CUST_00570,purchase,2024-12-27,slg,1,783.03
CUST_02448,purchase,2024-10-12,rtw,1,1961.37
CUST_00706,purchase,2025-03-05,rtw,1,591.2
CUST_00118,purchase,2024-12-08,bags,3,830.04
CUST_00911,purchase,2024-07-03,shoes,1,480.41
CUST_02819,purchase,2024-07-29,rtw,1,932.63
CUST_00514,purchase,2024-07-24,shoes,3,481.11
CUST_00322,purchase,2025-01-05,bags,1,1705.96
CUST_00319,purchase,2024-06-05,slg,1,1730.07
CUST_03103,purchase,2025-01-14,bags,3,743.8
CUST_00805,purchase,2024-06-28,bags,3,1948.46
CUST_03249,purchase,2024-11-16,textile,1,230.16
CUST_02430,purchase,2024-06-16,slg,4,148.05
CUST_00488,purchase,2024-08-04,bags,2,922.6
CUST_00272,purchase,2024-08-17,bags,2,1023.37
CUST_03091,purchase,2024-06-25,bags,2,1326.77
CUST_02465,purchase,2024-10-27,textile,1,491.66
CUST_00820,purchase,2024-07-18,rtw,1,440.01
CUST_00120,purchase,2024-06-24,shoes,4,878.86
CUST_03465,purchase,2024-12-09,rtw,1,1831.04
CUST_02375,purchase,2024-08-29,rtw,3,1563.23
CUST_00658,purchase,2024-10-07,textile,1,1554.62
CUST_00991,purchase,2024-10-08,textile,2,1956.04
CUST_00280,purchase,2024-06-26,textile,4,1205.82
CUST_03127,purchase,2024-06-04,textile,2,904.99
CUST_00889,purchase,2024-12-01,shoes,2,733.49
CUST_01155,purchase,2024-07-14,textile,1,1524.04
CUST_00018,purchase,2024-12-03,bags,2,1933.0
CUST_00877,purchase,2024-10-08,slg,1,1220.93
CUST_01502,purchase,2024-11-26,textile,3,1822.19
CUST_00759,purchase,2024-09-21,bags,3,185.25
CUST_00741,purchase,2024-12-31,rtw,2,1568.33
CUST_01555,purchase,2024-09-17,shoes,2,292.68
CUST_02107,purchase,2024-11-08,slg,1,365.45
CUST_00463,purchase,2024-11-29,rtw,1,1128.52
CUST_00507,purchase,2024-09-28,bags,3,1393.19
CUST_02129,purchase,2024-10-01,slg,1,787.71
CUST_03123,purchase,2024-09-01,rtw,1,1453.01
CUST_02283,purchase,2025-03-28,bags,1,124.75
CUST_00337,purchase,2024-08-23,slg,3,1587.55
CUST_00474,purchase,2024-09-07,rtw,2,1464.95
CUST_01872,purchase,2024-11-01,rtw,2,738.65
CUST_02815,purchase,2024-09-22,shoes,1,959.13
CUST_02269,purchase,2024-11-27,rtw,2,811.49
CUST_01753,purchase,2024-07-19,bags,3,1735.52
CUST_03445,purchase,2024-12-23,slg,2,262.72
CUST_02782,purchase,2024-12-02,shoes,1,868.31
CUST_00053,purchase,2024-11-04,slg,5,1931.65
CUST_02753,purchase,2024-06-27,slg,2,1433.18
CUST_01795,purchase,2024-10-12,bags,1,377.69
CUST_00489,purchase,2024-07-07,slg,3,1051.27
CUST_01641,purchase,2024-11-25,textile,3,328.62
CUST_00417,purchase,2024-12-07,shoes,1,1958.85
CUST_00266,purchase,2024-09-02,shoes,2,1047.34
CUST_01388,purchase,2024-07-22,textile,4,155.27
CUST_03458,purchase,2024-09-12,bags,8,355.3
CUST_00954,purchase,2024-09-17,slg,3,1748.87
CUST_01141,purchase,2024-12-13,textile,1,734.95
CUST_02432,purchase,2024-08-09,slg,1,198.04
CUST_01459,purchase,2024-12-23,textile,1,467.01
CUST_01657,purchase,2024-10-03,textile,2,667.53
CUST_01143,purchase,2024-07-08,slg,1,1421.69
CUST_00443,purchase,2024-07-02,rtw,3,495.71
CUST_02005,purchase,2024-11-05,shoes,3,1024.98
CUST_02574,purchase,2024-07-05,bags,1,419.4
CUST_00408,purchase,2024-12-06,bags,3,689.0
CUST_03401,purchase,2024-06-18,slg,4,1285.23
CUST_02778,purchase,2024-06-07,shoes,2,862.03
CUST_01568,purchase,2024-11-02,rtw,2,1711.11
CUST_00626,purchase,2024-08-17,textile,1,797.55
CUST_02553,purchase,2024-06-25,bags,1,869.18
CUST_02708,purchase,2024-12-10,textile,1,617.84
CUST_03144,purchase,2024-10-05,slg,2,1133.02
CUST_00828,purchase,2024-08-15,slg,1,1093.78
CUST_02009,purchase,2024-10-08,rtw,2,1677.38
CUST_02222,purchase,2024-08-27,textile,2,1899.94
CUST_02239,purchase,2024-06-05,bags,4,633.64
CUST_01763,purchase,2024-07-01,slg,4,725.3
CUST_01844,purchase,2024-08-20,slg,3,1964.68
CUST_01813,purchase,2024-09-26,bags,2,1109.03
CUST_00135,purchase,2024-07-16,textile,3,927.68
CUST_02701,purchase,2024-12-17,rtw,2,1513.15
CUST_02893,purchase,2024-07-13,slg,1,869.34
CUST_01765,purchase,2024-07-05,rtw,3,749.57
CUST_02932,purchase,2024-09-08,slg,2,172.7
CUST_03130,purchase,2024-06-29,textile,3,1971.01
CUST_02765,purchase,2024-10-04,textile,3,996.56
CUST_02808,purchase,2024-10-17,textile,2,1114.03
CUST_01925,purchase,2024-09-30,textile,2,594.83
CUST_03500,purchase,2024-07-11,textile,1,1748.13
CUST_00229,purchase,2024-09-09,rtw,4,1966.96
CUST_02027,purchase,2024-12-10,slg,1,453.91
CUST_02527,purchase,2024-11-21,rtw,2,1801.19
CUST_03140,purchase,2024-08-12,rtw,2,1511.01
CUST_00252,purchase,2024-06-08,textile,2,1195.96
CUST_00185,purchase,2024-07-03,rtw,4,265.26
CUST_01429,purchase,2024-12-25,textile,2,784.52
CUST_00111,purchase,2024-11-25,rtw,1,1869.62
CUST_01559,purchase,2024-06-25,slg,3,375.33
CUST_01414,purchase,2024-08-31,slg,1,1270.96
CUST_01439,purchase,2024-06-15,shoes,1,1700.99
CUST_01015,purchase,2024-07-31,rtw,2,961.97
CUST_02428,purchase,2024-06-22,bags,4,421.24
CUST_01249,purchase,2024-06-30,rtw,3,1053.92
CUST_00696,purchase,2024-06-06,textile,2,1755.45
CUST_01336,purchase,2024-06-10,slg,1,1586.17
CUST_02695,purchase,2024-12-24,textile,2,1469.77
CUST_02109,purchase,2024-11-02,rtw,3,1403.43
CUST_00084,purchase,2024-11-26,slg,2,1791.79
CUST_02409,purchase,2024-06-06,rtw,1,636.01
CUST_01548,purchase,2024-10-25,slg,2,1824.95
CUST_01321,purchase,2024-10-25,bags,2,1647.93
CUST_03311,purchase,2024-10-04,bags,2,105.23
CUST_02830,purchase,2024-11-20,shoes,1,363.7
CUST_01377,purchase,2024-10-06,textile,2,673.34
CUST_03324,purchase,2024-12-13,rtw,2,1857.66
CUST_00683,purchase,2024-11-05,rtw,1,1744.29
CUST_01489,purchase,2024-09-20,shoes,2,674.95
CUST_02036,purchase,2024-11-10,bags,2,1218.87
CUST_03443,purchase,2024-10-16,shoes,5,496.53
CUST_01178,purchase,2024-08-07,bags,2,753.63
CUST_01218,purchase,2025-02-18,slg,3,1767.15
CUST_03296,purchase,2024-07-28,textile,1,1994.44
CUST_03043,purchase,2024-06-24,textile,4,1112.0
CUST_00389,purchase,2024-10-02,rtw,1,593.38
CUST_01120,purchase,2024-06-18,textile,2,1941.97
CUST_03282,purchase,2024-10-14,slg,2,1079.3
CUST_01750,purchase,2024-11-07,rtw,3,628.41
CUST_03259,purchase,2024-06-20,rtw,2,1922.74
CUST_02068,purchase,2025-03-11,rtw,1,270.2
CUST_01774,purchase,2024-11-05,textile,4,1353.51
CUST_01284,purchase,2024-07-22,slg,2,1232.09
CUST_01648,purchase,2024-08-04,textile,1,717.48
CUST_02111,purchase,2024-09-25,textile,2,1885.67
CUST_00740,purchase,2024-06-05,textile,1,697.67
CUST_00765,purchase,2024-10-26,slg,3,1776.02
CUST_00873,purchase,2024-11-17,slg,1,1852.17
CUST_01098,purchase,2024-11-11,textile,1,1780.05
CUST_03314,purchase,2024-11-05,slg,2,1376.16
CUST_02319,purchase,2024-12-04,bags,1,1844.29
CUST_02140,purchase,2024-07-22,rtw,1,563.87
CUST_01895,purchase,2024-07-08,shoes,2,521.87
CUST_00617,purchase,2024-12-09,rtw,3,1140.57
CUST_03458,purchase,2025-01-11,slg,5,923.88
CUST_01306,purchase,2024-12-30,bags,1,1448.5
CUST_02597,purchase,2024-07-23,slg,3,1042.89
CUST_01094,purchase,2024-12-28,rtw,3,1160.41
CUST_02647,purchase,2024-07-12,rtw,1,1890.18
CUST_02814,purchase,2024-11-23,shoes,2,712.41
CUST_01663,purchase,2024-08-01,bags,3,172.78
CUST_00615,purchase,2024-07-20,bags,1,639.44
CUST_01006,purchase,2024-11-06,rtw,2,1304.27
CUST_01902,purchase,2024-10-03,textile,2,299.66
CUST_01787,purchase,2024-10-17,bags,1,394.23
CUST_00828,purchase,2024-07-11,rtw,1,1317.83
CUST_00559,purchase,2024-06-08,rtw,4,1497.16
CUST_03235,purchase,2024-12-23,rtw,1,1986.72
CUST_02698,purchase,2024-10-19,shoes,1,507.54
CUST_02640,purchase,2024-06-11,slg,1,1953.13
CUST_03205,purchase,2024-06-06,bags,4,1944.18
CUST_00344,purchase,2024-08-20,textile,3,734.17
CUST_01221,purchase,2024-06-17,slg,2,1897.26
CUST_01489,purchase,2024-11-19,bags,3,1460.32
CUST_01626,purchase,2025-02-05,shoes,2,1058.31
CUST_00967,purchase,2024-06-29,textile,3,1828.39
CUST_03009,purchase,2024-10-07,bags,1,806.05
CUST_02138,purchase,2024-11-18,textile,1,1809.94
CUST_03175,purchase,2024-10-13,rtw,1,591.94
CUST_02034,purchase,2024-06-24,shoes,3,1561.72
CUST_02457,purchase,2024-07-02,rtw,2,1667.91
CUST_01349,purchase,2024-12-31,textile,2,1036.42
CUST_03020,purchase,2024-09-08,shoes,2,1549.14
CUST_01733,purchase,2024-07-26,shoes,1,965.07
CUST_00438,purchase,2024-07-15,shoes,1,1664.79
CUST_01125,purchase,2024-09-21,slg,1,962.78
CUST_01042,purchase,2024-10-29,bags,2,1014.17
CUST_02009,purchase,2024-10-15,rtw,2,464.03
CUST_02866,purchase,2024-06-29,rtw,3,181.86
CUST_02236,purchase,2024-09-17,slg,1,1318.19
CUST_02797,purchase,2024-08-03,rtw,2,236.67
CUST_03213,purchase,2024-07-08,rtw,1,670.05
CUST_01947,purchase,2024-12-01,rtw,3,1893.23
CUST_03365,purchase,2024-08-18,bags,1,1455.02
CUST_02644,purchase,2024-10-20,bags,2,1707.83
CUST_03447,purchase,2024-12-06,bags,2,1218.35
CUST_02830,purchase,2024-12-19,shoes,1,1410.72
CUST_01037,purchase,2024-10-20,slg,1,1703.75
CUST_01267,purchase,2024-11-11,rtw,1,128.13
CUST_03327,purchase,2024-11-23,bags,1,463.0
CUST_02191,purchase,2024-07-31,slg,2,1550.06
CUST_01592,purchase,2024-06-03,slg,1,1443.24
CUST_01047,purchase,2024-08-17,bags,6,1531.23
CUST_03370,purchase,2024-12-11,shoes,2,1122.04
CUST_01219,purchase,2024-07-24,shoes,1,1159.97
CUST_01798,purchase,2024-12-29,rtw,2,1146.83
CUST_03327,purchase,2024-12-14,slg,4,932.39
CUST_03234,purchase,2024-06-09,rtw,2,821.6
CUST_00329,purchase,2024-12-28,slg,2,1309.23
CUST_01930,purchase,2024-12-06,slg,1,700.08
CUST_03446,purchase,2024-08-25,slg,2,580.76
CUST_03360,purchase,2024-06-26,shoes,1,237.96
CUST_02861,purchase,2024-08-06,textile,1,137.11
CUST_00272,purchase,2024-08-30,slg,1,1344.46
CUST_02467,purchase,2024-12-04,textile,1,929.8
CUST_03022,purchase,2024-08-23,slg,3,1857.13
CUST_02848,purchase,2024-06-08,bags,1,237.78
CUST_02628,purchase,2024-11-12,shoes,4,1375.33
CUST_02582,purchase,2025-01-11,shoes,1,480.09
CUST_00013,purchase,2024-09-11,shoes,3,1586.76
CUST_02574,purchase,2024-08-18,rtw,1,1008.62
CUST_02359,purchase,2024-06-22,bags,3,895.35
CUST_00647,purchase,2024-08-03,textile,2,356.68
CUST_02923,purchase,2024-12-14,shoes,2,407.47
CUST_03470,purchase,2024-10-31,slg,3,1321.0
CUST_03247,purchase,2024-08-21,slg,1,112.25
CUST_01960,purchase,2024-12-06,shoes,1,903.52
CUST_01068,purchase,2024-07-15,textile,2,1288.78
CUST_03387,purchase,2024-08-23,rtw,2,1077.07
CUST_00814,purchase,2024-06-22,slg,4,1607.57
CUST_01506,purchase,2024-07-17,slg,1,1503.01
CUST_01546,purchase,2024-12-31,textile,2,936.69
CUST_00920,purchase,2024-06-06,bags,3,1947.15
CUST_02288,purchase,2025-01-29,textile,2,138.99
CUST_02567,purchase,2024-11-01,bags,2,368.0
CUST_01895,purchase,2024-07-21,rtw,2,1405.09
CUST_02873,purchase,2024-07-14,bags,2,1951.28
CUST_01643,purchase,2025-01-12,slg,1,1435.75
CUST_02460,purchase,2024-11-29,shoes,4,1116.75
CUST_00365,purchase,2024-09-03,shoes,4,223.94
CUST_02324,purchase,2024-07-01,bags,1,1511.66
CUST_02944,purchase,2024-11-08,slg,1,1282.66
CUST_03168,purchase,2024-12-22,slg,1,968.91
CUST_00486,purchase,2024-07-28,shoes,1,1745.6
CUST_00781,purchase,2024-12-26,rtw,3,335.43
CUST_01180,purchase,2024-12-09,slg,1,1979.24
CUST_01565,purchase,2024-07-04,slg,2,1437.18
CUST_00847,purchase,2024-11-01,shoes,2,392.72
CUST_03376,purchase,2024-11-06,shoes,2,650.69
CUST_01714,purchase,2024-07-17,slg,1,405.72
CUST_03246,purchase,2024-07-08,bags,2,671.85
CUST_01189,purchase,2024-08-07,shoes,2,784.87
CUST_02531,purchase,2024-09-24,shoes,2,1636.55
CUST_01515,purchase,2024-10-28,slg,1,1756.32
CUST_00352,purchase,2024-06-03,slg,3,141.12
CUST_00546,purchase,2024-08-22,slg,3,505.15
CUST_02814,purchase,2024-07-25,slg,1,1429.23
CUST_02902,purchase,2024-09-17,textile,2,153.56
CUST_01050,purchase,2024-06-19,bags,2,1441.4
CUST_02282,purchase,2024-06-16,bags,3,1396.91
CUST_01364,purchase,2024-07-31,slg,4,1526.5
CUST_01452,purchase,2024-11-03,textile,3,1912.28
CUST_02907,purchase,2024-12-09,bags,2,308.58
CUST_00022,purchase,2024-08-04,textile,2,279.52
CUST_02539,purchase,2024-09-06,rtw,4,1410.57
CUST_01617,purchase,2024-11-19,rtw,1,679.71
CUST_00542,purchase,2024-10-22,bags,2,841.75
CUST_02378,purchase,2024-07-16,rtw,1,769.46
CUST_00696,purchase,2024-10-07,slg,4,451.78
CUST_01390,purchase,2024-09-28,shoes,1,1598.95
CUST_00368,purchase,2024-08-21,textile,1,341.64
CUST_01774,purchase,2024-07-07,rtw,2,275.48
CUST_00479,purchase,2024-12-17,bags,1,620.99
CUST_00524,purchase,2024-10-06,rtw,3,808.18
CUST_03064,purchase,2024-09-01,slg,3,1428.01
CUST_01159,purchase,2024-08-07,textile,1,1453.83
CUST_03398,purchase,2024-12-12,rtw,3,455.91
CUST_02118,purchase,2024-08-20,slg,3,149.56
CUST_00676,purchase,2024-08-20,slg,2,494.31
CUST_03129,purchase,2024-07-09,textile,1,624.81
CUST_03495,purchase,2024-11-16,slg,3,661.75
CUST_00218,purchase,2024-07-19,shoes,3,281.0
CUST_00224,purchase,2024-07-29,shoes,1,1917.86
CUST_00147,purchase,2024-09-29,rtw,1,726.81
CUST_00670,purchase,2024-11-28,slg,1,1633.02
CUST_01788,purchase,2024-06-30,slg,1,727.49
CUST_00168,purchase,2024-09-22,rtw,2,881.55
CUST_02905,purchase,2024-10-22,slg,3,1616.79
CUST_01875,purchase,2024-12-02,bags,1,1619.39
CUST_03465,purchase,2024-12-02,shoes,1,336.98
CUST_00507,purchase,2024-11-15,bags,6,1264.51
CUST_00835,purchase,2024-08-12,shoes,2,417.54
CUST_03420,purchase,2024-07-14,textile,2,356.63
CUST_03370,purchase,2024-11-15,textile,1,781.41
CUST_02717,purchase,2024-10-28,shoes,3,1940.86
CUST_02391,purchase,2024-06-02,textile,4,537.8
CUST_03142,purchase,2024-10-25,shoes,1,1358.4
CUST_01706,purchase,2024-06-20,shoes,2,1403.54
CUST_03147,purchase,2024-10-06,bags,1,202.68
CUST_01347,purchase,2024-06-07,rtw,2,1301.81
CUST_02791,purchase,2024-11-22,bags,2,674.67
CUST_01615,purchase,2024-11-19,textile,5,467.52
CUST_00435,purchase,2024-08-22,shoes,3,586.39
CUST_00119,purchase,2024-06-21,slg,1,1499.77
CUST_03403,purchase,2024-11-04,slg,2,1762.4
CUST_01860,purchase,2024-11-08,rtw,2,753.57
CUST_02434,purchase,2024-12-29,bags,1,965.41
CUST_01350,purchase,2024-06-12,textile,1,1141.1
CUST_01856,purchase,2024-08-23,textile,3,1104.61
CUST_00530,purchase,2024-07-25,bags,2,248.76
CUST_03284,purchase,2024-11-12,rtw,2,501.68
CUST_01324,purchase,2024-12-22,bags,4,1527.61
CUST_03047,purchase,2024-06-19,textile,1,1174.06
CUST_02467,purchase,2024-09-06,bags,2,1704.69
CUST_01634,purchase,2024-08-05,shoes,1,1088.34
CUST_00984,purchase,2025-01-23,slg,1,1512.65
CUST_00366,purchase,2024-06-06,shoes,1,1679.95
CUST_00668,purchase,2024-09-08,slg,3,1297.77
CUST_01168,purchase,2024-11-13,shoes,1,1711.13
CUST_00494,purchase,2024-08-16,slg,3,279.22
CUST_03282,purchase,2024-09-19,rtw,2,1947.98
CUST_02806,purchase,2024-11-02,shoes,4,1811.67
CUST_01471,purchase,2024-11-18,bags,1,1492.31
CUST_03409,purchase,2024-09-03,textile,2,786.01
CUST_00819,purchase,2024-10-04,slg,1,1994.47
CUST_01590,purchase,2024-09-30,rtw,1,1131.34
CUST_02307,purchase,2024-11-01,slg,2,1021.6
CUST_00370,purchase,2024-12-11,slg,2,1579.26
CUST_03322,purchase,2024-09-03,textile,1,500.94
CUST_00764,purchase,2024-09-20,slg,2,1848.54
CUST_00381,purchase,2024-06-11,textile,3,718.48
CUST_01400,purchase,2024-09-27,shoes,1,1134.64
CUST_02653,purchase,2025-01-03,shoes,2,461.18
CUST_02029,purchase,2024-10-13,textile,2,1432.43
CUST_00344,purchase,2024-08-14,slg,2,670.85
CUST_01792,purchase,2024-06-21,slg,2,1752.67
CUST_01231,purchase,2024-07-09,shoes,2,1484.65
CUST_02803,purchase,2024-08-16,shoes,1,1679.92
CUST_02143,purchase,2024-12-13,rtw,2,354.04
CUST_02329,purchase,2024-06-13,textile,3,1468.47
CUST_00314,purchase,2024-06-12,textile,3,595.5
CUST_00441,purchase,2024-10-09,slg,2,796.47
CUST_01692,purchase,2024-06-25,slg,2,147.19
CUST_02707,purchase,2024-12-02,textile,1,1332.41
CUST_03330,purchase,2024-10-19,rtw,3,704.82
CUST_01044,purchase,2025-02-20,bags,1,139.87
CUST_03149,purchase,2024-10-07,bags,1,953.31
CUST_00467,purchase,2024-12-07,slg,1,265.96
CUST_00736,purchase,2024-11-10,shoes,5,1507.64
CUST_03453,purchase,2024-09-09,bags,1,1372.52
CUST_00342,purchase,2024-09-15,rtw,5,597.31
CUST_01286,purchase,2024-10-29,slg,2,1819.3
CUST_03103,purchase,2024-11-19,slg,1,347.31
CUST_02556,purchase,2025-03-28,rtw,2,1680.97
CUST_01399,purchase,2024-12-25,shoes,1,1780.97
CUST_00865,purchase,2024-07-18,bags,3,212.87
CUST_03060,purchase,2024-11-02,rtw,2,807.29
CUST_02759,purchase,2024-06-28,slg,2,477.46
CUST_02189,purchase,2024-06-05,bags,1,334.17
CUST_01618,purchase,2024-06-30,bags,2,1956.33
CUST_00704,purchase,2024-12-22,slg,1,309.61
CUST_01885,purchase,2024-11-25,slg,2,1244.66
CUST_02695,purchase,2024-12-08,textile,2,1619.75
CUST_02974,purchase,2024-11-12,rtw,2,434.58
CUST_02534,purchase,2024-12-26,textile,2,1746.89
CUST_01478,purchase,2024-11-24,slg,2,982.5
CUST_03296,purchase,2024-08-17,bags,3,1734.09
CUST_00513,purchase,2024-09-30,bags,1,1828.89
CUST_00782,purchase,2024-06-29,bags,4,1382.81
CUST_02851,purchase,2024-11-11,bags,2,1180.84
CUST_00858,purchase,2024-10-02,shoes,1,936.53
CUST_02662,purchase,2024-08-01,slg,1,333.49
CUST_03450,purchase,2024-11-08,textile,1,1718.78
CUST_00782,purchase,2024-06-23,rtw,2,432.88
CUST_03153,purchase,2024-09-27,shoes,2,363.38
CUST_01942,purchase,2024-09-17,bags,3,1001.4
CUST_00478,purchase,2024-07-13,shoes,2,136.5
CUST_03027,purchase,2024-11-27,slg,2,1961.89
CUST_01987,purchase,2024-09-29,bags,2,916.99
CUST_01842,purchase,2024-10-28,shoes,2,1867.04
CUST_00825,purchase,2024-08-15,textile,2,1168.9
CUST_03398,purchase,2024-12-31,slg,1,133.35
CUST_00209,purchase,2024-08-25,bags,3,448.62
CUST_00421,purchase,2024-11-09,slg,2,1257.55
CUST_01703,purchase,2024-10-05,textile,2,1801.4
CUST_02441,purchase,2024-12-05,textile,8,193.19
CUST_01192,purchase,2024-06-10,slg,3,694.54
CUST_01638,purchase,2024-12-07,textile,2,1839.12
CUST_02421,purchase,2024-12-03,textile,1,1736.81
CUST_02780,purchase,2024-12-27,slg,2,774.91
CUST_00950,purchase,2024-11-30,bags,1,129.91
CUST_02164,purchase,2024-06-05,slg,2,468.6
CUST_02361,purchase,2024-08-20,textile,3,456.21
CUST_00261,purchase,2024-08-08,slg,4,1705.17
CUST_01939,purchase,2024-06-30,slg,3,614.59
CUST_02551,purchase,2025-03-04,rtw,1,116.49
CUST_01837,purchase,2024-11-26,slg,1,1772.93
CUST_00086,purchase,2024-07-12,rtw,1,1943.29
CUST_02975,purchase,2024-07-20,slg,2,1044.55
CUST_01409,purchase,2024-09-21,shoes,1,1969.55
CUST_02080,purchase,2024-07-27,textile,2,1900.77
CUST_02806,purchase,2024-11-21,textile,2,1374.21
CUST_03496,purchase,2024-12-01,slg,2,1541.05
CUST_00538,purchase,2024-08-15,slg,1,1029.95
CUST_01708,purchase,2024-12-31,rtw,1,1940.6
CUST_03261,purchase,2024-09-29,shoes,2,749.18
CUST_02548,purchase,2024-07-24,rtw,1,1556.57
CUST_02830,purchase,2024-12-09,bags,1,1696.77
CUST_02733,purchase,2024-10-02,shoes,3,784.17
CUST_00710,purchase,2024-07-22,shoes,2,1370.46
CUST_02482,purchase,2024-12-02,bags,2,1792.74
CUST_03251,purchase,2024-09-15,slg,1,985.89
CUST_01244,purchase,2024-10-02,shoes,2,1440.14
CUST_02281,purchase,2024-06-13,bags,3,442.26
CUST_01470,purchase,2024-10-10,rtw,1,544.01
CUST_02773,purchase,2024-07-11,shoes,3,1866.43
CUST_03392,purchase,2024-10-07,bags,2,819.87
CUST_03305,purchase,2024-06-17,rtw,1,1945.04
CUST_01764,purchase,2024-06-30,textile,3,1735.6
CUST_00929,purchase,2024-07-01,textile,1,1965.97
CUST_00918,purchase,2024-10-11,rtw,2,1571.97
CUST_01394,purchase,2024-12-18,rtw,3,984.49
CUST_03152,purchase,2024-06-12,textile,3,1706.88
CUST_01096,purchase,2024-07-09,textile,1,1585.89
CUST_02476,purchase,2024-11-19,bags,1,643.63
CUST_02894,purchase,2024-06-13,slg,2,1089.08
CUST_03273,purchase,2024-09-26,bags,2,432.93
CUST_00434,purchase,2025-01-06,textile,2,1061.1
CUST_02498,purchase,2024-12-18,bags,4,1693.26
CUST_03374,purchase,2024-10-22,bags,4,973.27
CUST_02078,purchase,2024-06-27,shoes,1,1349.35
CUST_02581,purchase,2024-07-01,shoes,1,299.38
CUST_01482,purchase,2024-09-30,rtw,1,655.52
CUST_02901,purchase,2024-10-30,textile,2,656.22
CUST_02042,purchase,2024-12-05,bags,2,937.85
CUST_00632,purchase,2024-11-13,rtw,1,595.19
CUST_01371,purchase,2024-12-27,shoes,1,1163.07
CUST_00504,purchase,2024-07-22,slg,2,799.03
CUST_01703,purchase,2024-12-14,bags,1,1695.09
CUST_01005,purchase,2024-12-31,slg,2,793.25
CUST_01399,purchase,2024-11-06,textile,3,774.96
CUST_00702,purchase,2024-06-22,rtw,5,1039.42
CUST_01526,purchase,2024-12-01,slg,1,1972.59
CUST_01478,purchase,2024-11-09,shoes,2,123.02
CUST_00621,purchase,2025-04-07,textile,3,446.61
CUST_01728,purchase,2024-12-19,shoes,1,773.94
CUST_00566,purchase,2024-12-23,slg,5,1222.3
CUST_01694,purchase,2024-09-13,slg,3,1371.49
CUST_03492,purchase,2024-10-11,rtw,1,604.82
CUST_00122,purchase,2024-09-22,shoes,4,1861.25
CUST_03155,purchase,2024-06-03,textile,2,1236.92
CUST_00286,purchase,2024-06-22,rtw,2,1784.94
CUST_01290,purchase,2024-09-11,shoes,1,296.97
CUST_01778,purchase,2024-06-16,slg,1,696.6
CUST_03110,purchase,2024-06-10,shoes,1,517.97
CUST_02354,purchase,2024-06-15,textile,1,531.67
CUST_01212,purchase,2024-09-16,slg,1,159.98
CUST_02789,purchase,2024-11-27,textile,2,284.37
CUST_01247,purchase,2024-12-02,rtw,4,1611.22
CUST_01410,purchase,2024-06-03,rtw,1,220.94
CUST_02162,purchase,2024-11-04,shoes,1,711.3
CUST_02869,purchase,2024-09-12,slg,2,1523.21
CUST_02638,purchase,2024-07-23,textile,1,711.36
CUST_02558,purchase,2024-12-19,textile,1,789.2
CUST_02671,purchase,2024-09-22,rtw,5,840.51
CUST_03326,purchase,2024-12-18,slg,2,1673.82
CUST_03177,purchase,2024-11-06,rtw,2,1572.23
CUST_00346,purchase,2024-06-10,textile,2,1368.84
CUST_01371,purchase,2024-09-08,shoes,1,1105.98
CUST_02132,purchase,2025-01-20,rtw,1,155.46
CUST_00876,purchase,2024-06-24,textile,2,1510.82
CUST_02261,purchase,2024-08-19,textile,2,1476.59
CUST_01396,purchase,2024-12-11,shoes,2,1338.03
CUST_00096,purchase,2024-06-08,textile,2,1860.3
CUST_02427,purchase,2024-08-06,shoes,3,320.12
CUST_03409,purchase,2024-12-16,rtw,2,1234.55
CUST_02976,purchase,2024-09-17,textile,2,285.64
CUST_00453,purchase,2024-12-05,bags,2,1396.04
CUST_03448,purchase,2024-11-10,rtw,3,1111.6
CUST_02569,purchase,2024-10-08,rtw,3,376.47
CUST_00508,purchase,2024-06-13,bags,2,1430.54
CUST_01839,purchase,2024-08-16,textile,2,1907.93
CUST_03019,purchase,2024-06-02,slg,1,1969.15
CUST_01389,purchase,2024-07-31,textile,4,178.81
CUST_02317,purchase,2024-11-30,textile,1,265.98
CUST_03460,purchase,2025-02-04,shoes,2,1734.39
CUST_01435,purchase,2024-12-11,rtw,2,1340.46
CUST_02732,purchase,2024-12-18,textile,1,562.02
CUST_02755,purchase,2024-07-06,slg,1,1613.65
CUST_02129,purchase,2024-12-06,shoes,2,1653.91
CUST_00432,purchase,2024-08-23,textile,1,1428.45
CUST_02386,purchase,2024-07-20,rtw,2,1862.18
CUST_01861,purchase,2024-06-26,shoes,2,386.85
CUST_02915,purchase,2025-01-15,slg,3,1466.21
CUST_00336,purchase,2024-06-24,bags,1,192.89
CUST_01741,purchase,2024-07-04,slg,3,1461.13
CUST_00880,purchase,2024-12-19,bags,2,1406.92
CUST_01513,purchase,2024-11-21,textile,2,1030.29
CUST_01650,purchase,2024-10-29,textile,1,1518.82
CUST_02126,purchase,2024-12-17,slg,2,1651.27
CUST_01081,purchase,2024-10-28,slg,2,1411.55
CUST_02607,purchase,2024-09-17,slg,1,1870.42
CUST_02823,purchase,2024-10-04,slg,2,1362.85
CUST_03375,purchase,2024-07-12,shoes,3,1824.74
CUST_02072,purchase,2024-07-03,slg,2,1835.77
CUST_02913,purchase,2024-09-26,shoes,4,914.33
CUST_02886,purchase,2024-10-10,textile,1,1297.81
CUST_00484,purchase,2024-11-25,shoes,3,1593.81
CUST_01866,purchase,2024-09-30,bags,3,1254.92
CUST_03058,purchase,2024-07-11,textile,5,567.55
CUST_01513,purchase,2024-07-01,textile,2,463.1
CUST_03492,purchase,2025-01-03,bags,2,1247.25
CUST_00496,purchase,2024-09-03,textile,1,1849.17
CUST_01187,purchase,2024-06-11,textile,2,925.15
CUST_00628,purchase,2024-07-01,rtw,3,887.06
CUST_01249,purchase,2024-09-04,rtw,1,547.23
CUST_01205,purchase,2024-10-03,bags,2,1509.74
CUST_03241,purchase,2024-07-07,shoes,2,1552.81
CUST_03211,purchase,2025-02-13,slg,1,1006.39
CUST_00200,purchase,2024-08-18,rtw,3,1324.82
CUST_00884,purchase,2024-07-17,slg,5,1189.32
CUST_00009,purchase,2024-07-02,textile,1,811.51
CUST_01429,purchase,2024-06-18,bags,3,1924.11
CUST_01711,purchase,2024-10-02,textile,1,1514.68
CUST_01269,purchase,2024-12-27,slg,2,1624.75
CUST_01384,purchase,2024-12-18,slg,1,283.94
CUST_01947,purchase,2024-12-31,textile,2,1614.62
CUST_00544,purchase,2024-12-13,shoes,2,1224.21
CUST_02068,purchase,2024-11-10,slg,5,406.9
CUST_03120,purchase,2024-09-24,slg,2,1477.88
CUST_00611,purchase,2024-12-04,rtw,3,1482.49
CUST_00366,purchase,2024-12-22,textile,1,408.91
CUST_02722,purchase,2024-11-07,slg,1,1792.64
CUST_01587,purchase,2024-07-30,slg,1,1622.87
CUST_01389,purchase,2024-10-17,bags,1,990.02
CUST_02747,purchase,2024-09-22,rtw,3,639.77
CUST_02646,purchase,2024-06-23,shoes,3,973.87
CUST_02897,purchase,2024-06-07,textile,2,1403.76
CUST_02581,purchase,2024-12-21,rtw,2,1599.12
CUST_02299,purchase,2024-11-13,bags,3,677.45
CUST_02638,purchase,2024-11-21,bags,2,106.59
CUST_00789,purchase,2024-11-06,textile,2,887.55
CUST_02363,purchase,2024-12-11,bags,3,1795.33
CUST_02336,purchase,2024-10-12,shoes,2,718.67
CUST_03075,purchase,2024-10-06,textile,1,1285.71
CUST_00077,purchase,2024-07-01,textile,3,1072.41
CUST_00737,purchase,2024-06-05,rtw,2,907.19
CUST_03223,purchase,2024-07-23,shoes,1,1737.86
CUST_03399,purchase,2024-10-28,textile,2,1260.56
CUST_01820,purchase,2024-06-22,textile,2,164.3
CUST_02486,purchase,2024-10-19,slg,2,1471.46
CUST_02413,purchase,2024-06-12,slg,1,813.08
CUST_00096,purchase,2024-08-27,slg,1,1092.21
CUST_00740,purchase,2024-09-15,bags,2,806.09
CUST_02163,purchase,2024-08-21,slg,3,1861.65
CUST_01054,purchase,2024-06-24,bags,3,1928.89
CUST_00407,purchase,2024-10-17,shoes,3,1913.05
CUST_01169,purchase,2024-07-07,shoes,3,541.88
CUST_01047,purchase,2024-12-16,bags,3,1695.89
CUST_00632,purchase,2024-08-18,slg,1,892.19
CUST_02780,purchase,2024-07-14,bags,2,684.62
CUST_02517,purchase,2024-08-23,shoes,1,428.53
CUST_00112,purchase,2024-11-30,bags,3,666.15
CUST_01221,purchase,2024-10-16,bags,1,1677.27
CUST_01311,purchase,2024-07-07,slg,2,652.81
CUST_01328,purchase,2024-11-30,slg,3,1297.14
CUST_03391,purchase,2024-07-01,bags,3,1995.03
CUST_00830,purchase,2024-08-01,textile,2,1187.59
CUST_02401,purchase,2024-07-31,slg,2,851.93
CUST_02084,purchase,2024-12-10,textile,1,1028.9
CUST_01578,purchase,2024-06-30,rtw,2,1877.68
CUST_00249,purchase,2024-08-21,slg,1,877.53
CUST_02266,purchase,2024-09-13,bags,1,1118.01
CUST_01984,purchase,2024-06-08,slg,1,1029.62
CUST_02595,purchase,2024-07-30,bags,1,202.17
CUST_01103,purchase,2024-10-20,textile,3,190.24
CUST_02766,purchase,2024-06-26,shoes,2,1868.41
CUST_03126,purchase,2024-10-21,shoes,2,1509.34
CUST_01248,purchase,2024-10-24,slg,2,873.95
CUST_01827,purchase,2024-06-22,textile,3,570.53
CUST_00834,purchase,2024-12-18,shoes,1,537.7
CUST_01530,purchase,2024-10-17,shoes,1,537.35
CUST_03204,purchase,2024-08-02,textile,2,835.98
CUST_01736,purchase,2024-10-21,slg,2,224.02
CUST_00172,purchase,2024-06-01,slg,1,339.34
CUST_03398,purchase,2024-11-06,rtw,3,843.03
CUST_02675,purchase,2024-07-13,bags,1,1198.28
CUST_00247,purchase,2024-10-02,rtw,2,697.57
CUST_02449,purchase,2024-08-04,slg,1,1510.52
CUST_01440,purchase,2024-11-09,shoes,3,1505.83
CUST_02397,purchase,2024-11-12,rtw,3,1510.14
CUST_00187,purchase,2024-07-12,textile,1,1299.37
CUST_02307,purchase,2024-06-18,rtw,1,1560.93
CUST_00368,purchase,2024-09-10,bags,2,1098.61
CUST_03402,purchase,2024-07-06,textile,1,892.12
CUST_01145,purchase,2024-10-27,shoes,1,447.93
CUST_02501,purchase,2024-10-08,rtw,2,1307.9
CUST_02794,purchase,2024-08-27,rtw,4,1653.12
CUST_03084,purchase,2024-11-29,slg,1,1852.56
CUST_01119,purchase,2024-08-02,rtw,3,1207.25
CUST_01400,purchase,2024-07-24,slg,3,1884.4
CUST_02456,purchase,2024-08-24,bags,1,1267.59
CUST_02834,purchase,2024-07-05,bags,2,191.22
CUST_02494,purchase,2024-09-30,bags,2,303.51
CUST_00040,purchase,2024-11-20,shoes,4,128.92
CUST_01693,purchase,2024-10-21,slg,3,1645.05
CUST_03124,purchase,2024-09-09,textile,2,1885.97
CUST_00333,purchase,2024-12-19,bags,2,1873.48
CUST_02207,purchase,2024-06-08,slg,3,1994.52
CUST_02754,purchase,2024-07-02,rtw,2,1163.69
CUST_03330,purchase,2024-09-05,textile,3,1664.7
CUST_01467,purchase,2024-09-08,shoes,5,317.86
CUST_03438,purchase,2024-12-14,bags,3,319.09
CUST_00512,purchase,2024-10-21,rtw,1,1526.85
CUST_00791,purchase,2024-12-03,bags,2,1709.15
CUST_00908,purchase,2024-12-08,bags,1,1606.67
CUST_03107,purchase,2024-08-11,rtw,2,824.64
CUST_00785,purchase,2024-06-24,textile,1,1698.58
CUST_02561,purchase,2024-08-17,shoes,1,1952.0
CUST_00960,purchase,2024-10-05,rtw,2,1293.3
CUST_00151,purchase,2024-08-11,slg,1,1076.7
CUST_02884,purchase,2024-11-03,textile,2,1472.33
CUST_00857,purchase,2024-06-02,shoes,2,489.29
CUST_03364,purchase,2024-11-11,slg,3,1309.25
CUST_00455,purchase,2024-08-11,textile,2,1268.73
CUST_02050,purchase,2024-10-05,shoes,2,1810.18
CUST_02261,purchase,2024-07-20,textile,2,885.22
CUST_02754,purchase,2024-11-22,textile,5,1837.5
CUST_02315,purchase,2024-07-15,bags,2,849.59
CUST_02410,purchase,2024-07-03,bags,2,595.59
CUST_00522,purchase,2024-08-06,textile,1,368.34
CUST_00934,purchase,2024-10-12,rtw,2,1552.58
CUST_00786,purchase,2024-11-21,bags,1,1843.18
CUST_02839,purchase,2024-11-21,textile,4,932.46
CUST_02517,purchase,2024-08-04,textile,1,1976.63
CUST_01860,purchase,2024-06-01,slg,1,1212.13
CUST_02626,purchase,2024-11-20,bags,4,985.37
CUST_03498,purchase,2024-08-22,slg,2,1779.45
CUST_03459,purchase,2024-11-09,rtw,2,1847.81
CUST_00499,purchase,2024-11-22,textile,3,1649.93
CUST_01912,purchase,2024-10-05,rtw,1,569.43
CUST_02119,purchase,2024-12-12,bags,3,936.08
CUST_02955,purchase,2024-07-28,bags,1,1939.98
CUST_01139,purchase,2024-09-16,textile,1,462.78
CUST_01839,purchase,2024-12-15,bags,2,1883.67
CUST_01606,purchase,2024-07-20,rtw,1,110.93
CUST_00336,purchase,2024-10-25,bags,2,410.39
CUST_03021,purchase,2024-07-28,slg,2,1791.63
CUST_00305,purchase,2024-08-03,shoes,1,1954.91
CUST_00674,purchase,2024-08-24,rtw,2,188.84
CUST_00258,purchase,2024-11-08,bags,2,672.21
CUST_00115,purchase,2024-10-01,slg,1,1335.33
CUST_03310,purchase,2024-06-07,textile,2,1100.4
CUST_03266,purchase,2024-11-08,rtw,2,1790.5
CUST_03443,purchase,2024-12-01,shoes,3,1987.77
CUST_00442,purchase,2024-09-30,shoes,2,1079.03
CUST_01396,purchase,2024-12-31,bags,1,1885.31
CUST_03366,purchase,2024-08-25,textile,2,139.81
CUST_03253,purchase,2024-07-31,bags,1,1257.85
CUST_03178,purchase,2024-11-01,textile,2,682.86
CUST_01797,purchase,2024-12-13,bags,2,136.89
CUST_02562,purchase,2024-09-23,textile,1,201.05
CUST_00512,purchase,2024-06-22,bags,4,1769.12
CUST_00137,purchase,2024-09-05,rtw,2,522.89
CUST_03473,purchase,2024-11-25,bags,3,433.24
CUST_03206,purchase,2024-07-03,bags,4,897.92
CUST_03287,purchase,2024-09-22,bags,2,1565.6
CUST_01235,purchase,2024-11-04,slg,2,1882.18
CUST_00270,purchase,2024-06-27,bags,3,1660.27
CUST_02291,purchase,2024-06-14,rtw,2,1931.64
CUST_03482,purchase,2024-09-06,slg,1,1560.55
CUST_00393,purchase,2024-11-06,slg,2,1331.41
CUST_00955,purchase,2024-11-01,textile,4,1650.22
CUST_00044,purchase,2024-09-25,slg,1,534.32
CUST_01902,purchase,2024-12-21,slg,2,455.77
CUST_02541,purchase,2024-11-06,bags,2,1611.59
CUST_01392,purchase,2024-11-14,bags,1,1369.17
CUST_01860,purchase,2024-10-11,rtw,4,1818.72
CUST_02408,purchase,2024-07-20,bags,2,1752.57
CUST_00421,purchase,2024-06-04,textile,2,1450.01
CUST_02922,purchase,2024-06-18,textile,4,901.22
CUST_03234,purchase,2024-07-20,textile,1,570.33
CUST_00517,purchase,2024-11-11,textile,2,1279.05
CUST_01050,purchase,2024-08-30,slg,3,679.14
CUST_01972,purchase,2024-12-03,textile,2,1967.52
CUST_01822,purchase,2024-07-18,shoes,3,760.54
CUST_00564,purchase,2024-12-22,bags,2,1567.41
CUST_00248,purchase,2024-07-03,rtw,2,619.2
CUST_02395,purchase,2024-10-26,textile,2,238.67
CUST_02670,purchase,2024-12-11,rtw,3,1545.27
CUST_01275,purchase,2024-10-28,textile,1,1215.5
CUST_03177,purchase,2024-07-08,shoes,3,1499.24
CUST_01924,purchase,2024-08-19,textile,1,1430.9
CUST_01405,purchase,2024-08-14,rtw,2,1753.21
CUST_00034,purchase,2024-10-11,textile,1,966.25
CUST_02694,purchase,2024-11-21,shoes,5,1347.09
CUST_00235,purchase,2024-07-31,textile,2,920.03
CUST_03356,purchase,2024-12-31,textile,3,1515.92
CUST_00224,purchase,2024-09-17,rtw,1,1297.45
CUST_00801,purchase,2024-07-22,shoes,2,1654.91
CUST_03217,purchase,2024-06-18,rtw,3,1150.4
CUST_00776,purchase,2024-11-18,slg,2,151.46
CUST_02846,purchase,2024-11-25,slg,1,931.37
CUST_02457,purchase,2024-11-25,rtw,1,1970.1
CUST_03490,purchase,2024-10-27,textile,2,629.76
CUST_01375,purchase,2024-11-05,rtw,1,737.38
CUST_01715,purchase,2024-08-24,shoes,2,1083.6
CUST_00430,purchase,2024-09-25,bags,3,1576.06
CUST_02032,purchase,2024-07-27,bags,3,877.83
CUST_02617,purchase,2024-07-28,shoes,1,1960.67
CUST_01911,purchase,2025-01-15,shoes,3,517.53
CUST_00980,purchase,2024-10-02,rtw,2,1819.06
CUST_03307,purchase,2024-12-18,slg,3,1201.69
CUST_00841,purchase,2024-09-11,shoes,2,1581.4
CUST_03384,purchase,2024-06-02,rtw,5,488.63
CUST_00041,purchase,2024-06-19,rtw,2,1571.28
CUST_00123,purchase,2024-10-21,bags,1,1059.55
CUST_00584,purchase,2024-08-14,slg,1,1762.33
CUST_00797,purchase,2024-11-09,textile,1,1366.27
CUST_03136,purchase,2024-09-01,bags,1,777.43
CUST_00122,purchase,2024-07-21,shoes,2,280.51
CUST_01164,purchase,2024-07-15,shoes,1,1058.77
CUST_01074,purchase,2024-12-02,shoes,2,1411.49
CUST_01392,purchase,2024-10-20,shoes,1,1728.94
CUST_00732,purchase,2024-07-21,bags,4,858.62
CUST_00722,purchase,2024-08-07,bags,2,696.63
CUST_00086,purchase,2024-12-30,shoes,1,964.28
CUST_01553,purchase,2024-11-15,bags,2,150.6
CUST_01387,purchase,2024-07-24,rtw,2,1949.46
CUST_01869,purchase,2024-08-01,rtw,1,1361.41
CUST_03316,purchase,2024-09-04,shoes,2,997.15
CUST_02159,purchase,2024-12-22,textile,3,250.67
CUST_01777,purchase,2024-11-30,bags,1,692.59
CUST_00486,purchase,2024-07-07,shoes,1,968.11
CUST_03256,purchase,2024-07-19,shoes,4,1714.83
CUST_02182,purchase,2024-09-05,rtw,1,1532.27
CUST_01303,purchase,2025-01-23,slg,2,758.92
CUST_02606,purchase,2024-08-02,bags,3,1171.49
CUST_03126,purchase,2024-11-05,textile,2,774.82
CUST_00775,purchase,2024-10-16,rtw,1,1382.05
CUST_03235,purchase,2024-07-09,rtw,3,1663.43
CUST_01013,purchase,2024-06-14,rtw,1,911.94
CUST_00518,purchase,2024-10-09,textile,3,403.75
CUST_02003,purchase,2024-07-24,bags,2,1994.69
CUST_03214,purchase,2024-09-29,textile,5,1866.87
CUST_00266,purchase,2024-07-13,textile,2,243.89
CUST_01590,purchase,2024-12-10,textile,5,1158.77
CUST_01533,purchase,2024-10-06,textile,1,472.44
CUST_01902,purchase,2024-07-16,rtw,1,521.82
CUST_02919,purchase,2024-09-04,textile,4,251.81
CUST_02845,purchase,2024-10-02,slg,1,584.61
CUST_01941,purchase,2024-08-08,textile,1,838.08
CUST_01643,purchase,2024-11-11,textile,2,1132.52
CUST_02662,purchase,2024-06-10,shoes,1,1442.27
CUST_00900,purchase,2024-07-22,slg,2,262.52
CUST_00961,purchase,2024-09-30,shoes,1,361.0
CUST_01254,purchase,2024-09-17,slg,2,979.41
CUST_02341,purchase,2024-07-11,rtw,1,1503.59
CUST_01043,purchase,2025-01-30,bags,1,1154.02
CUST_00551,purchase,2024-12-10,bags,1,101.88
CUST_01209,purchase,2024-09-22,textile,3,1361.74
CUST_01441,purchase,2024-11-18,textile,2,896.59
CUST_00169,purchase,2024-09-28,textile,2,856.79
CUST_02545,purchase,2024-08-26,slg,1,1565.28
CUST_01848,purchase,2024-09-28,slg,6,1967.32
CUST_01676,purchase,2024-09-03,slg,1,1304.69
CUST_01299,purchase,2024-08-09,slg,6,113.15
CUST_00102,purchase,2024-07-16,slg,1,1134.81
CUST_00958,purchase,2024-08-07,bags,2,860.77
CUST_01471,purchase,2024-06-22,rtw,2,1726.83
CUST_03452,purchase,2024-10-07,textile,3,1545.94
CUST_02240,purchase,2024-11-12,bags,2,294.84
CUST_03219,purchase,2024-08-10,shoes,1,348.95
CUST_00404,purchase,2024-07-01,bags,1,597.46
CUST_01476,purchase,2024-06-10,textile,5,1482.97
CUST_00821,purchase,2024-08-25,shoes,2,1707.93
CUST_02766,purchase,2024-08-24,rtw,3,1605.81
CUST_01240,purchase,2025-03-25,rtw,1,118.79
CUST_00781,purchase,2024-11-28,textile,3,1837.91
CUST_00565,purchase,2024-12-10,textile,2,652.26
CUST_01070,purchase,2024-06-03,rtw,1,1613.43
CUST_01155,purchase,2024-12-28,rtw,2,279.6
CUST_03208,purchase,2024-09-12,slg,2,1341.57
CUST_03367,purchase,2024-12-13,bags,2,1064.83
CUST_01934,purchase,2024-11-15,textile,2,1410.53
CUST_03118,purchase,2024-07-09,slg,3,1889.05
CUST_00933,purchase,2024-07-29,shoes,3,1504.88
CUST_01944,purchase,2024-07-30,textile,2,829.51
CUST_02405,purchase,2024-12-19,textile,2,1497.69
CUST_03104,purchase,2024-09-28,slg,1,462.12
CUST_01396,purchase,2024-12-20,bags,2,1946.5
CUST_01283,purchase,2024-07-19,slg,5,1713.88
CUST_03155,purchase,2024-11-26,slg,1,885.35
CUST_00859,purchase,2024-12-02,slg,3,651.97
CUST_03494,purchase,2024-12-13,bags,2,1572.55
CUST_01535,purchase,2024-10-08,textile,2,377.27
CUST_00526,purchase,2024-08-18,bags,2,421.02
CUST_02048,purchase,2024-12-25,rtw,1,675.79
CUST_01392,purchase,2024-07-28,slg,1,1139.13
CUST_01744,purchase,2024-11-23,slg,3,342.38
CUST_03125,purchase,2024-12-17,textile,2,1384.4
CUST_01228,purchase,2024-08-23,textile,3,279.03
CUST_00096,purchase,2024-10-24,bags,4,1404.98
CUST_00570,purchase,2024-07-10,rtw,4,1263.75
CUST_02328,purchase,2024-11-09,textile,1,1480.8
CUST_02490,purchase,2024-12-13,slg,3,1342.09
CUST_01562,purchase,2024-07-23,slg,1,1544.52
CUST_00261,purchase,2024-12-07,slg,1,1399.56
CUST_00772,purchase,2024-09-30,bags,1,117.09
CUST_01347,purchase,2024-10-24,slg,2,1352.65
CUST_02618,purchase,2024-08-17,bags,3,1637.58
CUST_00703,purchase,2024-06-27,textile,1,1810.87
CUST_00728,purchase,2024-06-09,textile,2,873.56
CUST_02002,purchase,2024-06-07,shoes,1,1591.84
CUST_00816,purchase,2024-10-10,slg,2,1244.63
CUST_01163,purchase,2024-07-23,shoes,4,1675.97
CUST_01193,purchase,2024-11-16,textile,2,673.95
CUST_00287,purchase,2024-09-25,bags,1,925.45
CUST_01510,purchase,2024-10-11,bags,1,1042.79
CUST_00704,purchase,2024-08-23,slg,2,1365.01
CUST_01602,purchase,2024-10-18,bags,1,1764.38
CUST_00529,purchase,2024-10-16,slg,4,1615.15
CUST_01959,purchase,2024-12-08,bags,1,875.22
CUST_01594,purchase,2024-07-23,shoes,1,1212.62
CUST_00843,purchase,2024-08-19,slg,1,1310.9
CUST_03351,purchase,2024-11-29,slg,1,1735.5
CUST_00651,purchase,2024-11-02,textile,2,738.65
CUST_01272,purchase,2024-10-29,shoes,2,1118.02
CUST_02059,purchase,2024-12-01,slg,2,658.56
CUST_01129,purchase,2024-07-22,bags,2,640.0
CUST_00585,purchase,2025-01-04,bags,1,677.54
CUST_03378,purchase,2024-09-11,textile,1,1927.48
CUST_03308,purchase,2024-08-03,textile,3,302.42
CUST_01348,purchase,2024-10-24,slg,3,869.11
CUST_01885,purchase,2024-12-19,textile,3,1233.77
CUST_00161,purchase,2024-12-06,bags,4,1448.2
CUST_01180,purchase,2024-11-13,slg,5,299.05
CUST_01421,purchase,2024-11-27,rtw,2,211.23
CUST_01602,purchase,2024-11-04,shoes,2,340.47
CUST_01701,purchase,2024-08-03,shoes,2,308.5
CUST_02531,purchase,2025-01-23,slg,1,258.84
CUST_01876,purchase,2024-12-16,shoes,4,1094.17
CUST_02862,purchase,2025-01-23,bags,1,634.43
CUST_01612,purchase,2024-11-26,bags,3,663.72
CUST_00982,purchase,2024-07-11,rtw,5,647.28
CUST_02573,purchase,2024-10-16,rtw,2,578.89
CUST_02731,purchase,2024-06-18,shoes,2,482.92
CUST_02022,purchase,2024-11-24,textile,3,626.26
CUST_00497,purchase,2024-09-03,bags,1,821.72
CUST_03095,purchase,2024-06-27,textile,3,111.94
CUST_03140,purchase,2024-12-17,rtw,1,524.27
CUST_01680,purchase,2024-09-24,shoes,1,378.21
CUST_01036,purchase,2024-07-24,textile,2,1525.04
CUST_00183,purchase,2024-09-27,bags,3,1791.16
CUST_00300,purchase,2024-11-11,slg,2,1438.82
CUST_01562,purchase,2024-08-27,slg,3,1009.26
CUST_00797,purchase,2024-09-10,bags,2,1866.7
CUST_00044,purchase,2024-08-04,bags,2,1212.56
CUST_02905,purchase,2024-07-05,rtw,2,781.01
CUST_02746,purchase,2024-10-14,slg,3,333.29
CUST_01986,purchase,2024-12-19,bags,2,735.39
CUST_00339,purchase,2024-10-19,shoes,2,375.77
CUST_02923,purchase,2024-12-02,shoes,2,1773.73
CUST_01929,purchase,2024-12-28,rtw,1,1380.45
CUST_03448,purchase,2024-07-12,shoes,2,1553.29
CUST_03435,purchase,2024-06-05,textile,2,1059.86
CUST_00412,purchase,2024-07-16,rtw,3,1269.67
CUST_00509,purchase,2024-10-15,slg,3,1196.52
CUST_00690,purchase,2024-06-20,bags,1,781.73
CUST_02775,purchase,2024-08-09,shoes,2,1075.45
CUST_01805,purchase,2024-11-15,shoes,2,982.54
CUST_00888,purchase,2025-03-06,bags,2,159.89
CUST_02765,purchase,2024-10-15,shoes,2,963.48
CUST_01811,purchase,2024-11-26,bags,2,583.34
CUST_03427,purchase,2024-11-10,textile,2,851.93
CUST_02626,purchase,2025-02-27,bags,4,782.28
CUST_01600,purchase,2024-11-24,rtw,1,511.99
CUST_01819,purchase,2024-06-14,textile,4,1119.94
CUST_00020,purchase,2024-10-09,slg,3,1563.02
CUST_03143,purchase,2024-10-05,shoes,1,440.92
CUST_01535,purchase,2024-08-01,shoes,1,122.76
CUST_00375,purchase,2024-06-05,slg,1,274.31
CUST_00115,purchase,2024-06-04,rtw,1,1293.6
CUST_03361,purchase,2024-07-20,bags,3,354.76
CUST_00904,purchase,2024-06-25,shoes,1,1944.87
CUST_02966,purchase,2024-07-13,bags,2,1697.42
CUST_01703,purchase,2025-02-03,bags,2,595.29
CUST_03341,purchase,2024-08-23,rtw,2,1795.97
CUST_02303,purchase,2024-11-08,shoes,3,866.38
CUST_02559,purchase,2024-07-24,textile,4,1110.81
CUST_01619,purchase,2024-09-18,bags,2,1717.79
CUST_00952,purchase,2024-07-25,bags,2,746.54
CUST_01461,purchase,2024-10-21,shoes,1,1884.57
CUST_00062,purchase,2024-09-11,rtw,1,1621.31
CUST_00050,purchase,2024-09-08,shoes,4,1806.11
CUST_01880,purchase,2024-07-27,bags,1,1290.75
CUST_02696,purchase,2024-12-26,rtw,2,1507.43
CUST_02663,purchase,2024-11-07,rtw,3,1395.05
CUST_00180,purchase,2024-06-18,shoes,1,1504.18
CUST_01684,purchase,2024-08-17,textile,2,890.1
CUST_02047,purchase,2024-06-27,textile,1,438.26
CUST_03242,purchase,2024-10-24,shoes,1,1274.34
CUST_01032,purchase,2024-06-25,textile,2,225.86
CUST_01329,purchase,2024-11-09,slg,2,399.64
CUST_02777,purchase,2025-01-21,shoes,1,540.81
CUST_01361,purchase,2024-07-15,rtw,2,769.94
CUST_03488,purchase,2024-11-18,slg,3,1311.72
CUST_00277,purchase,2024-08-25,bags,3,1479.72
CUST_02493,purchase,2024-10-28,slg,2,1816.12
CUST_01567,purchase,2025-01-03,shoes,2,377.13
CUST_02063,purchase,2024-10-29,bags,1,1213.6
CUST_00953,purchase,2024-06-06,textile,1,1049.42
CUST_03109,purchase,2024-07-02,rtw,2,1025.58
CUST_00969,purchase,2024-12-06,slg,1,1334.39
CUST_03102,purchase,2024-08-02,textile,2,278.88
CUST_00326,purchase,2024-06-16,shoes,1,525.17
CUST_01535,purchase,2024-10-06,rtw,3,363.75
CUST_00828,purchase,2024-07-09,slg,1,1218.85
CUST_00838,purchase,2024-11-12,bags,1,1047.26
CUST_00976,purchase,2024-12-03,textile,2,708.93
CUST_01818,purchase,2024-12-07,rtw,2,923.37
CUST_00550,purchase,2024-10-24,rtw,3,1057.57
CUST_02637,purchase,2024-12-19,bags,4,1018.15
CUST_02134,purchase,2024-11-01,slg,2,1938.56
CUST_02655,purchase,2024-12-26,rtw,1,1815.08
CUST_03075,purchase,2024-06-07,shoes,2,1771.09
CUST_03470,purchase,2024-12-05,rtw,1,142.28
CUST_01404,purchase,2024-08-02,shoes,1,1352.32
CUST_02210,purchase,2024-06-14,shoes,2,977.7
CUST_03283,purchase,2024-11-23,shoes,1,1515.57
CUST_02491,purchase,2024-09-06,textile,1,555.7
CUST_01318,purchase,2024-07-17,slg,1,1149.79
CUST_02580,purchase,2024-06-02,bags,3,1170.44
CUST_02014,purchase,2024-06-18,shoes,2,238.15
CUST_00214,purchase,2024-11-10,shoes,1,1517.56
CUST_00837,purchase,2024-07-03,bags,2,574.01
CUST_00712,purchase,2025-01-29,textile,1,1935.18
CUST_03405,purchase,2024-12-21,shoes,1,1813.13
CUST_00968,purchase,2024-10-08,bags,2,987.89
CUST_01746,purchase,2024-12-03,slg,3,587.21
CUST_01276,purchase,2024-07-13,shoes,4,1315.41
CUST_01004,purchase,2024-10-08,shoes,1,581.12
CUST_02482,purchase,2024-08-03,rtw,1,277.64
CUST_01169,purchase,2024-10-26,slg,1,710.13
CUST_02604,purchase,2024-07-22,rtw,3,1977.3
CUST_03201,purchase,2024-10-02,bags,1,1004.5
CUST_01473,purchase,2024-09-10,slg,2,1462.3
CUST_00688,purchase,2024-12-10,slg,1,366.54
CUST_01732,purchase,2024-10-08,textile,1,1864.89
CUST_03011,purchase,2024-09-19,shoes,3,656.33
CUST_03358,purchase,2024-12-21,slg,2,376.29
CUST_00082,purchase,2024-12-13,slg,2,462.27
CUST_01751,purchase,2024-06-22,rtw,3,894.59
CUST_02438,purchase,2024-10-29,shoes,2,1506.01
CUST_02265,purchase,2025-03-01,shoes,4,1659.18
CUST_01054,purchase,2024-09-06,slg,2,204.43
CUST_01253,purchase,2024-10-01,rtw,4,403.87
CUST_01537,purchase,2025-01-23,textile,1,543.09
CUST_01970,purchase,2024-06-19,rtw,1,1201.12
CUST_00560,purchase,2024-12-01,slg,1,1165.33
CUST_00802,purchase,2024-10-05,shoes,2,281.27
CUST_00018,purchase,2024-06-04,textile,2,103.14
CUST_02992,purchase,2024-12-03,rtw,4,530.71
CUST_02013,purchase,2025-01-01,slg,4,127.3
CUST_01617,purchase,2024-12-08,rtw,1,1262.76
CUST_01574,purchase,2024-12-04,rtw,1,1987.9
CUST_02626,purchase,2024-10-29,bags,1,1450.34
CUST_01675,purchase,2024-06-10,bags,1,1126.18
CUST_01577,purchase,2024-10-23,shoes,1,1556.88
CUST_00796,purchase,2024-12-13,slg,2,1712.31
CUST_01046,purchase,2024-12-15,rtw,5,329.82
CUST_02088,purchase,2024-11-29,slg,3,1562.36
CUST_02601,purchase,2024-11-24,rtw,1,1481.71
CUST_02853,purchase,2024-06-15,slg,3,863.08
CUST_01737,purchase,2024-12-06,shoes,2,418.01
CUST_00993,purchase,2024-10-01,bags,2,1110.25
CUST_03331,purchase,2024-09-01,bags,3,1359.94
CUST_02857,purchase,2024-11-18,shoes,2,1326.08
CUST_01071,purchase,2024-11-02,slg,1,749.66
CUST_02790,purchase,2024-07-08,rtw,4,1722.63
CUST_01014,purchase,2024-11-02,textile,3,889.72
CUST_02715,purchase,2024-07-12,bags,1,903.33
CUST_00479,purchase,2024-12-15,bags,4,1101.59
CUST_02640,purchase,2024-11-30,slg,1,481.41
CUST_01629,purchase,2024-11-28,textile,3,222.33
CUST_00330,purchase,2024-10-11,shoes,2,353.47
CUST_01733,purchase,2024-07-13,slg,1,222.64
CUST_01036,purchase,2024-11-25,rtw,7,1084.68
CUST_02051,purchase,2024-10-15,slg,2,445.93
CUST_02401,purchase,2024-08-18,slg,1,1901.0
CUST_03083,purchase,2024-12-04,bags,1,1955.98
CUST_00448,purchase,2024-11-10,textile,2,1425.86
CUST_03182,purchase,2024-12-22,rtw,2,1564.7
CUST_03336,purchase,2024-07-07,rtw,2,179.66
CUST_03067,purchase,2024-07-24,slg,1,481.23
CUST_02864,purchase,2024-08-18,bags,1,1479.41
CUST_00690,purchase,2024-12-26,slg,2,579.13
CUST_00007,purchase,2024-06-25,bags,2,1767.18
CUST_03170,purchase,2025-01-06,slg,2,1747.33
CUST_02151,purchase,2024-09-15,rtw,1,250.91
CUST_03003,purchase,2024-09-19,shoes,2,158.48
CUST_00723,purchase,2024-11-09,shoes,2,1864.23
CUST_02884,purchase,2024-07-05,shoes,1,629.79
CUST_01993,purchase,2024-10-21,textile,2,1499.06
CUST_00452,purchase,2024-10-15,textile,5,1970.93
CUST_03336,purchase,2024-11-05,shoes,1,1457.29
CUST_00824,purchase,2024-06-16,shoes,3,1589.48
CUST_03315,purchase,2024-11-01,shoes,4,489.42
CUST_01063,purchase,2024-09-13,slg,4,184.34
CUST_02568,purchase,2024-11-07,bags,2,501.77
CUST_02607,purchase,2024-07-13,bags,1,1065.99
CUST_01201,purchase,2024-06-22,slg,2,1216.04
CUST_00511,purchase,2024-08-10,bags,3,1861.82
CUST_01402,purchase,2024-06-08,textile,1,282.04
CUST_00962,purchase,2024-10-01,slg,2,909.18
CUST_02756,purchase,2024-12-12,bags,1,1317.89
CUST_00039,purchase,2024-06-16,rtw,1,1939.34
CUST_03080,purchase,2024-06-02,textile,1,1842.49
CUST_03233,purchase,2024-06-11,bags,1,552.37
CUST_00865,purchase,2024-11-16,bags,1,1992.69
CUST_01539,purchase,2024-11-01,textile,1,1315.31
CUST_03119,purchase,2024-11-04,slg,3,1920.79
CUST_01939,purchase,2024-12-11,rtw,3,1938.29
CUST_02476,purchase,2024-09-18,rtw,4,806.44
CUST_01519,purchase,2024-11-22,rtw,1,497.45
CUST_01292,purchase,2024-12-27,shoes,2,539.15
CUST_01480,purchase,2024-11-18,slg,2,1975.98
CUST_01551,purchase,2024-11-04,bags,2,1836.44
CUST_01459,purchase,2024-08-24,bags,1,1369.01
CUST_00013,purchase,2024-09-25,slg,3,662.26
CUST_02971,purchase,2024-12-31,shoes,1,1190.9
CUST_00106,purchase,2024-11-02,bags,5,863.46
CUST_02174,purchase,2024-08-11,shoes,2,282.32
CUST_01510,purchase,2024-09-24,textile,3,1274.52
CUST_02811,purchase,2024-11-16,slg,1,1041.07
CUST_02110,purchase,2024-09-14,shoes,3,1109.6
CUST_00013,purchase,2024-11-11,rtw,2,223.27
CUST_00069,purchase,2025-02-27,rtw,2,111.1
CUST_00188,purchase,2024-12-24,rtw,1,493.85
CUST_02777,purchase,2024-09-22,shoes,1,1128.0
CUST_02486,purchase,2024-10-03,slg,1,624.75
CUST_03028,purchase,2024-11-04,bags,2,1041.37
CUST_01427,purchase,2024-10-26,slg,4,137.87
CUST_02697,purchase,2024-11-27,bags,3,978.1
CUST_03008,purchase,2024-09-07,rtw,2,976.09
CUST_02487,purchase,2024-07-20,shoes,3,1542.61
CUST_02131,purchase,2024-10-25,textile,1,236.87
CUST_00131,purchase,2024-07-03,slg,1,1391.6
CUST_03264,purchase,2024-06-23,rtw,3,1301.63
CUST_03410,purchase,2024-11-20,textile,2,976.28
CUST_01913,purchase,2024-07-14,slg,3,1962.19
CUST_00474,purchase,2025-01-06,textile,2,464.16
CUST_00987,purchase,2024-08-02,shoes,1,960.57
CUST_00699,purchase,2024-12-10,bags,1,945.59
CUST_00433,purchase,2024-10-22,bags,4,998.89
CUST_00657,purchase,2024-08-23,slg,1,1798.79
CUST_03139,purchase,2024-08-11,shoes,1,971.59
CUST_02946,purchase,2024-10-01,slg,2,1677.46
CUST_02747,purchase,2024-07-02,shoes,1,817.04
CUST_02190,purchase,2024-11-10,slg,3,155.94
CUST_00371,purchase,2024-12-21,rtw,5,540.19
CUST_00917,purchase,2024-10-26,textile,1,1341.46
CUST_00265,purchase,2024-11-12,rtw,3,1977.11
CUST_01545,purchase,2024-12-01,slg,2,644.81
CUST_02679,purchase,2024-11-12,textile,3,1958.01
CUST_01790,purchase,2024-12-24,shoes,3,523.79
CUST_00916,purchase,2024-08-06,bags,1,195.2
CUST_01192,purchase,2024-10-09,bags,2,1465.1
CUST_00366,purchase,2024-08-27,textile,2,1135.22
CUST_00771,purchase,2024-12-08,bags,3,1576.14
CUST_02347,purchase,2024-09-03,shoes,3,1731.87
CUST_03496,purchase,2024-08-20,slg,1,1887.9
CUST_02364,purchase,2024-12-06,bags,1,1861.01
CUST_01274,purchase,2024-06-16,textile,2,1951.55
CUST_02194,purchase,2024-07-19,slg,1,515.28
CUST_01736,purchase,2024-08-21,rtw,3,1145.78
CUST_03267,purchase,2024-11-21,shoes,4,675.68
CUST_02129,purchase,2024-11-17,textile,1,1324.46
CUST_02420,purchase,2024-07-27,bags,1,589.07
CUST_01620,purchase,2024-06-03,textile,2,1176.63
CUST_03492,purchase,2024-09-26,rtw,2,789.44
CUST_00593,purchase,2024-12-26,rtw,2,716.46
CUST_03430,purchase,2024-10-19,slg,2,1542.02
CUST_02786,purchase,2024-09-25,shoes,4,1660.87
CUST_02464,purchase,2024-08-12,shoes,2,675.54
CUST_03060,purchase,2025-03-03,bags,1,375.49
CUST_02454,purchase,2024-11-02,rtw,1,220.04
CUST_02058,purchase,2024-11-24,bags,5,1813.18
CUST_01121,purchase,2024-11-28,textile,2,368.49
CUST_01960,purchase,2025-02-15,shoes,1,182.76
CUST_02028,purchase,2024-08-14,slg,1,213.87
CUST_00241,purchase,2024-12-25,rtw,1,604.77
CUST_00626,purchase,2024-12-29,shoes,2,554.45
CUST_03474,purchase,2024-12-05,shoes,3,1763.67
CUST_02869,purchase,2025-01-11,bags,1,474.33
CUST_03179,purchase,2024-07-16,slg,1,1257.78
CUST_02980,purchase,2024-09-09,rtw,1,1378.5
CUST_03339,purchase,2024-11-16,shoes,1,1431.89
CUST_00089,purchase,2024-10-19,slg,1,966.15
CUST_01383,purchase,2024-10-31,slg,3,1688.3
CUST_01427,purchase,2024-12-11,slg,2,1952.45
CUST_01602,purchase,2024-06-19,textile,2,399.3
CUST_02977,purchase,2024-08-12,rtw,2,916.03
CUST_02853,purchase,2024-07-20,textile,2,465.53
CUST_01613,purchase,2024-06-25,shoes,2,943.58
CUST_01325,purchase,2024-12-10,textile,3,833.79
CUST_03298,purchase,2024-06-14,rtw,1,1230.06
CUST_01875,purchase,2024-11-15,shoes,1,1478.83
CUST_02365,purchase,2024-07-06,slg,2,689.51
CUST_02851,purchase,2024-10-02,rtw,1,841.6
CUST_00594,purchase,2024-07-24,shoes,2,1533.59
CUST_03295,purchase,2024-12-09,shoes,1,1898.3
CUST_03012,purchase,2024-11-14,bags,1,670.47
CUST_01484,purchase,2024-12-03,textile,3,1519.01
CUST_00418,purchase,2024-11-21,shoes,3,1672.0
CUST_01543,purchase,2024-12-13,shoes,5,227.72
CUST_00231,purchase,2024-06-25,rtw,2,659.08
CUST_01941,purchase,2024-07-16,bags,2,1402.25
CUST_00481,purchase,2024-10-10,rtw,2,1810.26
CUST_02431,purchase,2024-09-20,shoes,1,1696.22
CUST_02569,purchase,2024-12-02,slg,2,667.56
CUST_01004,purchase,2024-06-09,bags,1,1641.65
CUST_00987,purchase,2024-09-10,slg,2,1225.92
CUST_01240,purchase,2024-11-24,textile,1,990.68
CUST_00707,purchase,2024-11-15,slg,2,1900.37
CUST_03178,purchase,2024-11-25,bags,3,505.69
CUST_03186,purchase,2024-09-27,slg,1,1476.93
CUST_01128,purchase,2024-11-09,slg,2,1603.18
CUST_01505,purchase,2024-06-03,bags,1,356.49
CUST_00478,purchase,2024-06-22,bags,2,600.16
CUST_02004,purchase,2024-11-12,textile,2,1605.84
CUST_00922,purchase,2024-06-06,textile,2,1180.43
CUST_02347,purchase,2024-10-25,slg,1,1479.16
CUST_01122,purchase,2024-11-25,bags,3,1397.67
CUST_03254,purchase,2024-10-30,shoes,2,408.38
CUST_01573,purchase,2024-10-02,slg,2,337.56
CUST_01223,purchase,2024-10-25,shoes,2,1649.45
CUST_00408,purchase,2024-08-23,bags,2,685.69
CUST_02924,purchase,2024-12-21,textile,1,837.29
CUST_00758,purchase,2024-09-12,bags,3,1977.31
CUST_01613,purchase,2024-10-21,textile,3,216.61
CUST_03210,purchase,2024-12-25,textile,1,359.52
CUST_02002,purchase,2024-06-17,textile,2,1192.59
CUST_03429,purchase,2024-10-14,textile,4,743.18
CUST_02924,purchase,2024-12-27,bags,1,435.95
CUST_03087,purchase,2024-12-10,shoes,2,531.77
CUST_02698,purchase,2024-07-01,shoes,3,851.94
CUST_02454,purchase,2024-11-25,shoes,3,581.98
CUST_00022,purchase,2024-10-21,slg,1,289.56
CUST_03279,purchase,2024-08-20,bags,2,655.36
CUST_00161,purchase,2024-07-03,textile,1,1584.63
CUST_00845,purchase,2024-11-15,shoes,1,685.77
CUST_00360,purchase,2024-10-22,rtw,2,636.32
CUST_03488,purchase,2025-03-19,bags,1,1615.8
CUST_00347,purchase,2024-07-02,textile,2,174.38
CUST_01223,purchase,2024-09-02,textile,1,1542.51
CUST_00703,purchase,2024-09-17,bags,3,1824.26
CUST_01018,purchase,2024-08-16,bags,3,685.44
CUST_02128,purchase,2024-12-18,rtw,2,1259.52
CUST_02700,purchase,2024-11-15,slg,1,1345.68
CUST_00573,purchase,2024-10-26,slg,2,555.25
CUST_02848,purchase,2024-08-20,textile,2,1763.08
CUST_01443,purchase,2024-11-03,textile,2,178.3
CUST_02092,purchase,2024-07-24,bags,2,1980.21
CUST_02715,purchase,2024-12-27,bags,2,1349.59
CUST_00972,purchase,2024-06-10,shoes,1,1658.52
CUST_00581,purchase,2024-08-16,shoes,1,1977.67
CUST_00550,purchase,2024-11-02,textile,3,761.77
CUST_00885,purchase,2024-10-30,rtw,3,776.79
CUST_01137,purchase,2024-07-03,textile,1,1265.4
CUST_01729,purchase,2024-06-20,textile,1,687.2
CUST_01045,purchase,2024-08-06,slg,1,877.15
CUST_02662,purchase,2024-07-12,slg,1,1928.88
CUST_01869,purchase,2024-06-22,rtw,1,1835.28
CUST_02772,purchase,2024-09-17,shoes,2,539.51
CUST_02196,purchase,2024-07-23,bags,3,205.84
CUST_02579,purchase,2024-12-30,rtw,4,955.57
CUST_02594,purchase,2024-11-26,shoes,1,246.91
CUST_02927,purchase,2024-09-04,textile,3,1206.0
CUST_02693,purchase,2024-11-13,textile,2,448.19
CUST_02478,purchase,2024-07-12,slg,2,464.77
CUST_03366,purchase,2024-07-10,rtw,2,1760.79
CUST_03227,purchase,2024-09-20,slg,2,1115.34
CUST_00107,purchase,2024-11-02,shoes,2,494.66
CUST_00318,purchase,2024-08-09,bags,3,375.71
CUST_02177,purchase,2024-06-29,textile,2,1344.32
CUST_01667,purchase,2024-06-17,rtw,1,210.26
CUST_02623,purchase,2024-06-23,rtw,3,777.31
CUST_01367,purchase,2024-12-17,rtw,3,833.14
CUST_00600,purchase,2024-12-22,shoes,1,1073.22
CUST_01121,purchase,2024-06-03,bags,2,405.03
CUST_01545,purchase,2024-07-27,slg,1,1066.5
CUST_00431,purchase,2024-12-18,bags,1,392.11
CUST_00720,purchase,2024-10-16,rtw,3,1416.87
CUST_02412,purchase,2024-12-28,slg,1,1503.86
CUST_00392,purchase,2024-10-14,rtw,3,267.13
CUST_02870,purchase,2024-10-25,rtw,2,745.06
CUST_02260,purchase,2024-11-20,textile,4,1007.36
CUST_00406,purchase,2024-06-13,shoes,1,1297.4
CUST_01303,purchase,2024-12-10,slg,1,433.2
CUST_00741,purchase,2024-08-28,textile,1,1522.61
CUST_02260,purchase,2024-10-31,slg,1,1708.6
CUST_01954,purchase,2024-10-30,shoes,1,166.96
CUST_01062,purchase,2024-06-03,textile,3,293.27
CUST_02922,purchase,2024-07-10,shoes,2,1462.84
CUST_00585,purchase,2024-09-05,textile,1,974.14
CUST_03013,purchase,2024-08-08,bags,1,957.9
CUST_02972,purchase,2025-01-29,rtw,3,1863.91
CUST_02898,purchase,2024-12-17,shoes,1,556.59
CUST_02778,purchase,2024-11-03,slg,3,1254.78
CUST_02895,purchase,2024-09-26,shoes,2,1635.4
CUST_01798,purchase,2024-08-30,slg,2,1309.1
CUST_02058,purchase,2024-08-13,rtw,2,982.83
CUST_01753,purchase,2024-10-12,shoes,2,523.99
CUST_01251,purchase,2024-12-20,bags,1,1161.72
CUST_01252,purchase,2024-09-13,rtw,3,1313.28
CUST_03463,purchase,2024-06-24,bags,3,1305.68
CUST_00315,purchase,2024-10-23,shoes,2,1125.55
CUST_00384,purchase,2024-10-05,textile,2,1934.56
CUST_00236,purchase,2024-06-22,rtw,1,1491.66
CUST_02270,purchase,2024-10-05,bags,1,619.79
CUST_01737,purchase,2024-11-21,textile,2,1572.9
CUST_02994,purchase,2024-10-27,slg,2,1833.47
CUST_02040,purchase,2024-10-10,textile,2,407.4
CUST_02859,purchase,2024-07-02,slg,2,180.83
CUST_00057,purchase,2024-11-05,shoes,1,301.62
CUST_03406,purchase,2025-03-02,bags,2,415.89
CUST_02926,purchase,2024-09-17,textile,3,1198.59
CUST_03071,purchase,2024-08-28,shoes,1,1876.86
CUST_03027,purchase,2024-11-17,textile,1,1995.26
CUST_02802,purchase,2024-11-03,bags,3,1132.6
CUST_02488,purchase,2025-01-19,shoes,1,1800.76
CUST_02763,purchase,2024-12-13,textile,4,1086.05
CUST_00922,purchase,2024-07-15,bags,2,1307.28
CUST_01504,purchase,2024-07-05,textile,5,760.19
CUST_01448,purchase,2024-06-14,slg,2,254.74
CUST_02030,purchase,2024-09-06,shoes,3,1423.67
CUST_01529,purchase,2024-06-29,rtw,3,1444.35
CUST_02782,purchase,2024-08-03,textile,2,1928.51
CUST_03485,purchase,2024-12-14,bags,2,1109.49
CUST_01189,purchase,2024-08-16,slg,1,1910.22
CUST_01203,purchase,2024-08-07,shoes,2,1965.13
CUST_00010,purchase,2024-12-06,textile,2,1261.6
CUST_01613,purchase,2024-10-24,rtw,1,1164.78
CUST_02634,purchase,2024-10-10,bags,1,1135.22
CUST_01897,purchase,2024-11-06,slg,3,574.15
CUST_00236,purchase,2024-10-21,bags,3,421.06
CUST_02522,purchase,2024-09-26,rtw,5,1736.13
CUST_01223,purchase,2024-08-30,bags,2,1370.72
CUST_00022,purchase,2024-12-03,shoes,2,152.24
CUST_01647,purchase,2024-08-30,bags,1,859.58
CUST_00416,purchase,2024-09-19,slg,1,468.66
CUST_00810,purchase,2024-06-22,textile,3,707.52
CUST_02107,purchase,2024-07-10,slg,3,989.77
CUST_00508,purchase,2024-10-12,bags,2,834.6
CUST_00638,purchase,2024-12-14,rtw,2,1547.3
CUST_00927,purchase,2024-09-29,slg,1,1461.92
CUST_01534,purchase,2024-11-09,rtw,3,1812.31
CUST_01755,purchase,2024-07-17,textile,3,260.83
CUST_03325,purchase,2024-08-08,bags,2,1170.14
CUST_01797,purchase,2024-11-16,slg,1,916.72
CUST_00663,purchase,2024-07-06,rtw,3,1976.69
CUST_03061,purchase,2024-09-20,bags,2,461.02
CUST_01472,purchase,2024-11-29,shoes,2,1012.65
CUST_00454,purchase,2024-07-19,rtw,1,923.12
CUST_00165,purchase,2024-07-05,slg,2,410.56
CUST_01725,purchase,2024-12-29,rtw,1,798.33
CUST_00130,purchase,2024-07-12,shoes,1,1210.24
CUST_01964,purchase,2024-11-18,rtw,2,864.39
CUST_00487,purchase,2024-09-16,slg,2,1159.71
CUST_02254,purchase,2024-10-05,shoes,1,891.18
CUST_01331,purchase,2024-12-10,slg,2,1276.32
CUST_02056,purchase,2024-12-03,slg,2,1482.32
CUST_00539,purchase,2024-06-29,bags,2,1368.57
CUST_03247,purchase,2024-06-06,shoes,5,1107.45
CUST_00638,purchase,2024-10-31,textile,1,278.97
CUST_00056,purchase,2024-10-09,shoes,3,1373.2
CUST_00214,purchase,2024-11-21,rtw,2,651.49
CUST_01760,purchase,2024-10-31,bags,2,1327.76
CUST_01780,purchase,2024-10-01,rtw,1,276.01
CUST_01156,purchase,2024-10-07,bags,2,917.38
CUST_03117,purchase,2024-09-18,shoes,1,880.95
CUST_02530,purchase,2024-10-18,textile,4,1373.78
CUST_00766,purchase,2024-08-03,rtw,1,698.98
CUST_03141,purchase,2024-06-30,rtw,1,1573.94
CUST_02872,purchase,2024-08-03,slg,3,549.87
CUST_00813,purchase,2024-09-30,bags,2,1309.53
CUST_02872,purchase,2024-12-04,textile,2,1563.64
CUST_02504,purchase,2024-07-17,shoes,2,965.87
CUST_02422,purchase,2024-11-09,shoes,2,1382.51
CUST_00940,purchase,2024-07-01,shoes,2,225.41
CUST_01644,purchase,2024-06-10,rtw,2,454.36
CUST_00788,purchase,2024-07-08,slg,3,1222.8
CUST_00073,purchase,2024-11-05,shoes,3,1680.27
CUST_00373,purchase,2024-06-14,slg,1,1316.42
CUST_01669,purchase,2024-10-11,rtw,1,230.99
CUST_02868,purchase,2024-11-03,shoes,2,1201.55
CUST_00909,purchase,2024-08-26,slg,2,185.2
CUST_01963,purchase,2024-06-16,textile,4,537.05
CUST_01750,purchase,2024-11-12,bags,1,1419.88
CUST_01247,purchase,2024-06-29,rtw,1,1730.51
CUST_01490,purchase,2024-08-11,rtw,2,1532.48
CUST_02915,purchase,2024-09-16,shoes,6,1440.69
CUST_01311,purchase,2024-06-13,shoes,2,615.82
CUST_00168,purchase,2024-06-01,bags,1,361.08
CUST_02706,purchase,2025-03-31,rtw,2,1813.16
CUST_00869,purchase,2024-08-13,slg,2,572.94
CUST_01148,purchase,2024-11-03,bags,6,575.62
CUST_01765,purchase,2024-11-03,rtw,2,1632.16
CUST_02013,purchase,2024-09-02,rtw,3,1065.25
CUST_01247,purchase,2024-10-28,bags,3,1879.71
CUST_02741,purchase,2024-06-04,textile,4,563.75
CUST_03156,purchase,2024-07-04,rtw,1,1746.05
CUST_01477,purchase,2024-12-07,rtw,2,1268.68
CUST_03044,purchase,2024-12-17,textile,2,1110.53
CUST_02167,purchase,2024-11-02,rtw,1,282.86
CUST_00976,purchase,2024-11-14,rtw,2,189.12
CUST_00861,purchase,2024-10-28,slg,2,158.24
CUST_00358,purchase,2024-06-28,shoes,1,364.16
CUST_02579,purchase,2024-12-08,textile,1,1626.42
CUST_00493,purchase,2024-06-11,textile,2,290.56
CUST_02681,purchase,2024-12-27,shoes,1,1616.23
CUST_00791,purchase,2024-11-28,slg,1,403.8
CUST_00405,purchase,2024-06-20,textile,2,156.21
CUST_02536,purchase,2024-08-27,rtw,2,118.48
CUST_02972,purchase,2024-09-30,shoes,3,749.67
CUST_02186,purchase,2024-12-02,shoes,2,1431.18
CUST_00180,purchase,2024-07-03,shoes,2,1321.88
CUST_01713,purchase,2024-10-19,rtw,2,1763.99
CUST_03111,purchase,2025-02-09,rtw,2,1818.11
CUST_01500,purchase,2024-12-18,bags,2,1646.78
CUST_01787,purchase,2024-06-18,slg,2,1839.36
CUST_01717,purchase,2024-10-13,textile,1,588.24
CUST_03240,purchase,2024-06-06,shoes,1,1732.98
CUST_02455,purchase,2024-10-12,shoes,2,1741.35
CUST_01187,purchase,2024-06-12,textile,1,1944.22
CUST_00250,purchase,2024-12-21,shoes,2,164.85
CUST_03034,purchase,2024-12-26,slg,1,456.39
CUST_02028,purchase,2024-11-23,textile,2,1941.37
CUST_02104,purchase,2024-06-20,shoes,3,1796.14
CUST_01794,purchase,2024-11-28,textile,4,283.52
CUST_01574,purchase,2024-10-22,slg,4,1340.0
CUST_01642,purchase,2024-11-03,rtw,1,552.93
CUST_00848,purchase,2024-07-18,bags,2,1019.04
CUST_00656,purchase,2024-10-25,shoes,5,1642.89
CUST_02426,purchase,2024-11-26,bags,4,175.49
CUST_03239,purchase,2024-10-10,slg,1,1934.54
CUST_02064,purchase,2024-11-29,textile,3,1355.55
CUST_01061,purchase,2024-08-17,shoes,1,574.74
CUST_01214,purchase,2024-11-29,rtw,2,425.89
CUST_02262,purchase,2024-10-13,shoes,2,1653.13
CUST_00918,purchase,2024-06-12,textile,1,1391.54
CUST_00976,purchase,2024-08-14,bags,1,1611.23
CUST_02620,purchase,2024-07-08,rtw,2,1875.18
CUST_00545,purchase,2024-08-09,bags,1,121.12
CUST_02632,purchase,2024-08-03,shoes,3,1039.35
CUST_02190,purchase,2024-06-30,bags,1,465.65
CUST_02657,purchase,2024-08-28,textile,2,1011.37
CUST_01512,purchase,2024-08-23,bags,3,1431.33
CUST_02890,purchase,2024-10-19,rtw,2,777.31
CUST_02958,purchase,2024-10-17,slg,3,226.25
CUST_02505,purchase,2024-08-15,rtw,1,855.69
CUST_00235,purchase,2024-11-29,bags,2,1809.06
CUST_03375,purchase,2024-08-31,shoes,1,1714.97
CUST_02993,purchase,2024-08-11,shoes,1,179.56
CUST_01049,purchase,2024-06-05,textile,2,845.73
CUST_02693,purchase,2025-03-14,textile,2,1441.35
CUST_00436,purchase,2024-12-02,slg,1,185.35
CUST_02679,purchase,2024-10-04,textile,3,1272.86
CUST_02257,purchase,2024-07-23,slg,3,1493.43
CUST_00904,purchase,2024-10-24,rtw,3,343.12
CUST_00836,purchase,2024-10-27,slg,2,1084.05
CUST_00638,purchase,2024-09-23,shoes,3,965.89
CUST_02990,purchase,2024-12-03,slg,2,1905.74
CUST_01510,purchase,2024-07-08,slg,2,1109.92
CUST_00384,purchase,2024-10-05,shoes,3,437.7
CUST_01882,purchase,2024-07-18,shoes,1,741.9
CUST_00774,purchase,2024-10-24,slg,2,1648.44
CUST_02988,purchase,2024-07-17,rtw,1,1835.9
CUST_00087,purchase,2024-08-19,shoes,1,208.18
CUST_00728,purchase,2024-12-27,slg,2,1881.06
CUST_02816,purchase,2024-11-03,shoes,1,883.98
CUST_00285,purchase,2024-07-07,bags,2,276.91
CUST_01747,purchase,2024-08-02,slg,1,1046.22
CUST_02643,purchase,2024-09-12,bags,1,986.47
CUST_02967,purchase,2024-10-13,shoes,3,405.72
CUST_02977,purchase,2024-12-10,bags,1,1230.25
CUST_02472,purchase,2024-06-26,slg,1,1703.68
CUST_01573,purchase,2024-06-06,bags,2,1286.66
CUST_03386,purchase,2024-06-04,bags,1,584.57
CUST_00542,purchase,2024-08-03,bags,1,428.82
CUST_01097,purchase,2024-07-07,textile,2,434.45
CUST_00056,purchase,2024-12-20,bags,3,329.08
CUST_03243,purchase,2024-06-28,textile,3,1903.18
CUST_03016,purchase,2024-12-02,rtw,2,1050.01
CUST_03493,purchase,2024-11-29,bags,2,1741.38
CUST_00829,purchase,2024-10-27,slg,1,935.55
CUST_03112,purchase,2024-10-23,slg,2,624.54
CUST_03341,purchase,2024-07-12,rtw,2,1405.13
CUST_01359,purchase,2024-10-07,shoes,3,1998.96
CUST_00999,purchase,2024-06-15,textile,2,470.7
CUST_02835,purchase,2024-08-08,textile,1,959.46
CUST_00505,purchase,2024-06-06,bags,4,1227.58
CUST_00422,purchase,2024-10-24,rtw,1,307.14
CUST_00421,purchase,2024-10-09,slg,2,1368.63
CUST_00581,purchase,2024-06-01,shoes,3,1588.61
CUST_00099,purchase,2024-11-10,slg,5,1487.95
CUST_01579,purchase,2024-07-08,rtw,3,952.65
CUST_02685,purchase,2024-08-13,shoes,1,1162.23
CUST_02804,purchase,2024-09-07,bags,1,830.42
CUST_02015,purchase,2024-07-14,bags,1,827.3
CUST_00920,purchase,2024-06-27,rtw,3,992.7
CUST_01464,purchase,2024-06-20,textile,1,1007.35
CUST_01367,purchase,2024-07-01,rtw,3,1398.82
CUST_00348,purchase,2024-06-12,textile,3,1109.48
CUST_00619,purchase,2024-07-16,slg,1,1048.45
CUST_02173,purchase,2024-08-25,textile,1,1692.0
CUST_00743,purchase,2024-11-21,slg,1,1075.25
CUST_00616,purchase,2024-11-18,rtw,3,646.9
CUST_02560,purchase,2024-12-27,rtw,1,343.67
CUST_01427,purchase,2024-06-27,rtw,3,177.6
CUST_02045,purchase,2024-11-17,rtw,4,677.51
CUST_01088,purchase,2024-12-25,bags,2,1473.54
CUST_03232,purchase,2024-06-01,shoes,2,401.13
CUST_03186,purchase,2025-01-26,shoes,1,1832.75
CUST_01312,purchase,2024-07-08,slg,1,753.91
CUST_01830,purchase,2024-12-02,slg,1,885.89
CUST_03337,purchase,2024-06-18,bags,3,1404.18
CUST_02367,purchase,2024-09-18,rtw,1,1963.0
CUST_00593,purchase,2024-06-24,rtw,1,113.67
CUST_00523,purchase,2024-07-17,slg,2,184.54
CUST_01445,purchase,2024-08-21,slg,3,1386.08
CUST_01737,purchase,2024-10-02,slg,2,1233.74
CUST_02465,purchase,2024-12-21,rtw,2,610.54
CUST_00567,purchase,2024-12-23,shoes,2,1571.38
CUST_01570,purchase,2024-09-16,textile,1,408.76
CUST_02037,purchase,2024-10-16,textile,1,507.99
CUST_02018,purchase,2024-10-15,textile,2,1446.4
CUST_03365,purchase,2024-07-29,slg,3,1372.7
CUST_00343,purchase,2024-10-27,slg,4,1984.38
CUST_02159,purchase,2024-10-26,shoes,3,592.33
CUST_02880,purchase,2024-06-23,shoes,1,1798.61
CUST_01482,purchase,2024-06-01,shoes,1,1223.81
CUST_03485,purchase,2024-06-05,rtw,2,1780.69
CUST_02288,purchase,2024-09-30,shoes,3,1003.37
CUST_00452,purchase,2024-06-16,rtw,2,295.29
CUST_01479,purchase,2024-12-17,shoes,2,1355.54
CUST_01208,purchase,2024-09-26,shoes,1,919.21
CUST_03422,purchase,2024-10-20,slg,1,1985.82
CUST_00994,purchase,2024-07-24,shoes,2,1128.34
CUST_00229,purchase,2025-01-08,shoes,4,1349.7
CUST_00481,purchase,2024-11-26,shoes,4,560.07
CUST_01547,purchase,2024-12-05,bags,3,770.95
CUST_02852,purchase,2024-09-17,rtw,2,106.17
CUST_00222,purchase,2024-11-27,bags,1,1836.6
CUST_02715,purchase,2024-10-27,bags,3,730.82
CUST_01954,purchase,2024-10-31,shoes,1,1648.92
CUST_00124,purchase,2024-07-08,rtw,1,1025.97
CUST_00579,purchase,2024-06-21,shoes,2,1087.25
CUST_00316,purchase,2024-06-04,textile,3,657.32
CUST_03405,purchase,2024-12-26,slg,3,1973.22
CUST_00614,purchase,2025-04-09,shoes,3,670.8
CUST_01925,purchase,2024-12-08,shoes,1,805.94
CUST_03065,purchase,2024-10-29,rtw,2,1168.51
CUST_01926,purchase,2024-09-14,rtw,1,1454.1
CUST_01819,purchase,2024-12-18,bags,1,346.21
CUST_01175,purchase,2024-06-29,shoes,1,1564.98
CUST_00246,purchase,2024-11-12,bags,1,536.69
CUST_02475,purchase,2024-10-01,shoes,1,1939.99
CUST_02062,purchase,2024-07-12,bags,3,374.29
CUST_01624,purchase,2024-12-31,slg,2,862.35
CUST_02785,purchase,2024-09-25,textile,2,326.24
CUST_02914,purchase,2024-12-30,rtw,1,1616.65
CUST_02344,purchase,2025-01-18,rtw,2,342.09
CUST_02906,purchase,2024-07-29,slg,4,1026.83
CUST_00643,purchase,2024-11-14,bags,1,1283.32
CUST_02137,purchase,2024-09-05,shoes,1,341.76
CUST_03044,purchase,2024-07-25,slg,1,1417.81
CUST_02536,purchase,2024-06-15,shoes,2,1770.67
CUST_01607,purchase,2024-07-18,textile,2,1970.28
CUST_02479,purchase,2024-06-20,slg,2,1986.04
CUST_01956,purchase,2024-08-20,slg,1,1144.78
CUST_03389,purchase,2024-11-22,shoes,1,1056.75
CUST_00224,purchase,2024-12-23,rtw,2,1158.03
CUST_02649,purchase,2024-09-17,shoes,2,828.51
CUST_01106,purchase,2024-06-28,bags,1,1659.06
CUST_00319,purchase,2024-09-01,textile,3,239.8
CUST_03190,purchase,2024-10-27,bags,1,405.93
CUST_00982,purchase,2024-08-12,shoes,3,1921.17
CUST_02219,purchase,2024-06-28,bags,1,1861.06
CUST_00868,purchase,2024-10-31,bags,1,1833.7
CUST_03099,purchase,2024-08-19,shoes,1,1901.62
CUST_02260,purchase,2024-07-22,bags,1,675.16
CUST_00985,purchase,2024-08-08,bags,2,1368.3
CUST_02336,purchase,2024-10-23,bags,4,1292.84
CUST_02310,purchase,2024-12-20,slg,3,1390.96
CUST_00188,purchase,2024-06-13,rtw,1,592.81
CUST_00382,purchase,2024-08-19,bags,2,582.37
CUST_01461,purchase,2024-12-10,rtw,1,1689.82
CUST_01631,purchase,2024-12-16,shoes,1,1785.99
CUST_01289,purchase,2024-12-10,slg,1,224.0
CUST_02973,purchase,2024-12-23,shoes,2,1033.35
CUST_02879,purchase,2024-11-20,bags,2,1359.6
CUST_01358,purchase,2024-09-13,textile,2,1670.35
CUST_00414,purchase,2024-10-06,shoes,2,1710.47
CUST_00098,purchase,2024-10-29,slg,3,1840.01
CUST_01954,purchase,2024-10-29,bags,1,192.0
CUST_01189,purchase,2024-07-12,shoes,1,1481.24
CUST_02796,purchase,2024-12-21,bags,4,215.43
CUST_02564,purchase,2024-06-24,shoes,3,197.88
CUST_00884,purchase,2024-12-24,shoes,1,565.11
CUST_03150,purchase,2024-12-01,shoes,1,182.85
CUST_02055,purchase,2024-10-11,textile,3,227.63
CUST_02669,purchase,2024-10-12,rtw,1,1214.29
CUST_01833,purchase,2024-12-19,shoes,4,244.12
CUST_01389,purchase,2024-11-29,rtw,1,1349.65
CUST_02554,purchase,2024-09-19,bags,2,895.4
CUST_02920,purchase,2024-12-16,slg,3,631.49
CUST_00980,purchase,2024-11-13,textile,3,1889.12
CUST_02486,purchase,2024-06-20,shoes,3,956.66
CUST_02323,purchase,2024-11-08,slg,4,1101.15
CUST_00399,purchase,2024-12-24,bags,1,236.99
CUST_00585,purchase,2024-12-14,rtw,1,204.04
CUST_02242,purchase,2024-12-13,bags,2,1310.97
CUST_02044,purchase,2024-06-25,slg,2,996.76
CUST_01285,purchase,2024-10-26,rtw,1,1910.37
CUST_00662,purchase,2024-06-18,rtw,1,1883.89
CUST_02362,purchase,2024-09-02,rtw,1,1074.06
CUST_00366,purchase,2024-06-19,shoes,1,234.77
CUST_02911,purchase,2024-12-15,slg,2,611.79
CUST_01057,purchase,2024-09-30,rtw,2,838.36
CUST_03126,purchase,2024-09-22,shoes,4,467.05
CUST_00508,purchase,2024-10-24,slg,2,1635.52
CUST_00163,purchase,2024-09-02,rtw,2,799.5
CUST_01643,purchase,2024-09-13,textile,1,1311.18
CUST_02788,purchase,2024-07-04,slg,5,1535.97
CUST_01503,purchase,2024-10-10,textile,3,1120.9
CUST_01285,purchase,2024-09-04,bags,3,495.55
CUST_02795,purchase,2024-09-14,textile,2,1046.96
CUST_01844,purchase,2024-08-07,bags,4,1811.66
CUST_02543,purchase,2024-12-19,bags,2,1302.93
CUST_03036,purchase,2024-10-13,shoes,2,1206.67
CUST_02867,purchase,2024-12-28,textile,2,1298.73
CUST_00033,purchase,2024-07-10,bags,2,1292.32
CUST_01191,purchase,2024-09-05,shoes,1,1530.82
CUST_02336,purchase,2024-09-11,bags,1,683.18
CUST_00914,purchase,2024-09-08,slg,2,684.2
CUST_02741,purchase,2024-06-24,rtw,4,1779.91
CUST_01909,purchase,2024-09-28,textile,3,286.7
CUST_03352,purchase,2024-09-28,bags,3,1368.37
CUST_00352,purchase,2024-07-17,bags,1,372.69
CUST_01626,purchase,2024-12-14,slg,3,1767.22
CUST_00818,purchase,2024-09-11,rtw,1,1272.33
CUST_00265,purchase,2024-08-21,rtw,3,460.87
CUST_02476,purchase,2024-10-03,shoes,1,1904.94
CUST_02877,purchase,2025-02-13,slg,1,170.23
CUST_00469,purchase,2024-08-11,slg,2,1703.69
CUST_00157,purchase,2024-10-18,shoes,4,602.66
CUST_01925,purchase,2024-07-08,shoes,3,1392.46
CUST_01312,purchase,2024-10-24,bags,2,1466.06
CUST_02463,purchase,2024-12-16,slg,3,1917.61
CUST_00256,purchase,2024-12-24,rtw,1,732.1
CUST_03235,purchase,2024-11-07,slg,1,191.44
CUST_00875,purchase,2024-06-14,shoes,2,1776.85
CUST_00094,purchase,2024-12-12,slg,4,1702.89
CUST_01106,purchase,2024-08-04,shoes,2,1017.04
CUST_00343,purchase,2024-07-07,bags,2,1384.12
CUST_01122,purchase,2024-09-12,bags,2,1185.51
CUST_01222,purchase,2024-11-30,slg,3,466.38
CUST_01720,purchase,2024-10-13,shoes,2,146.02
CUST_02743,purchase,2024-08-06,shoes,1,1632.82
CUST_03402,purchase,2024-06-14,bags,3,1201.06
CUST_01756,purchase,2024-08-27,rtw,1,1099.48
CUST_00674,purchase,2024-07-21,rtw,1,1003.56
CUST_01717,purchase,2024-11-19,slg,1,1382.25
CUST_02194,purchase,2024-11-24,shoes,2,113.82
CUST_02854,purchase,2024-09-20,rtw,1,1303.36
CUST_02839,purchase,2024-10-25,slg,1,304.52
CUST_03372,purchase,2024-06-03,textile,3,1030.38
CUST_03208,purchase,2025-01-11,shoes,3,1638.98
CUST_00319,purchase,2024-12-03,textile,3,1571.94
CUST_02526,purchase,2024-07-08,rtw,3,595.98
CUST_02721,purchase,2024-12-28,rtw,1,907.81
CUST_00059,purchase,2024-07-09,slg,3,1285.91
CUST_00605,purchase,2024-10-06,rtw,1,841.56
CUST_00466,purchase,2024-10-09,slg,3,879.84
CUST_01077,purchase,2024-10-12,bags,1,560.52
CUST_01846,purchase,2024-12-31,shoes,2,538.08
CUST_02599,purchase,2024-10-17,textile,1,1577.88
CUST_00400,purchase,2024-06-10,shoes,2,1407.18
CUST_03055,purchase,2024-07-19,slg,1,1863.11
CUST_02853,purchase,2024-10-18,shoes,3,1237.16
CUST_02462,purchase,2024-09-05,shoes,2,598.62
CUST_01426,purchase,2024-07-24,shoes,3,1178.06
CUST_02784,purchase,2024-10-26,bags,1,366.69
CUST_01517,purchase,2024-12-26,rtw,2,937.67
CUST_00067,purchase,2024-08-17,rtw,1,1331.84
CUST_02057,purchase,2024-12-27,bags,3,1506.54
CUST_02865,purchase,2024-10-06,slg,1,1066.63
CUST_01696,purchase,2024-09-14,rtw,2,996.38
CUST_01443,purchase,2024-12-30,textile,1,111.4
CUST_01745,purchase,2024-10-12,rtw,1,1430.12
CUST_00465,purchase,2024-07-16,slg,2,875.28
CUST_01755,purchase,2024-11-15,shoes,1,550.42
CUST_02265,purchase,2024-10-31,shoes,3,589.14
CUST_02224,purchase,2024-09-20,slg,2,734.9
CUST_01168,purchase,2024-11-16,slg,3,1809.51
CUST_02598,purchase,2024-08-12,textile,1,1508.7
CUST_00407,purchase,2024-06-23,bags,1,1269.89
CUST_00368,purchase,2024-11-14,bags,3,1658.75
CUST_02525,purchase,2024-09-14,bags,1,1441.07
CUST_02034,purchase,2024-12-09,textile,3,341.19
CUST_02232,purchase,2024-06-26,slg,1,296.68
CUST_02062,purchase,2024-10-27,bags,2,524.47
CUST_02735,purchase,2024-08-14,slg,2,1174.26
CUST_00868,purchase,2024-10-18,slg,2,253.18
CUST_02260,purchase,2024-09-06,bags,1,903.99
CUST_00802,purchase,2024-09-29,bags,1,1517.55
CUST_01437,purchase,2024-12-21,slg,1,1884.5
CUST_01692,purchase,2024-12-28,slg,2,1583.02
CUST_00032,purchase,2024-09-04,shoes,4,1636.21
CUST_02079,purchase,2024-08-12,rtw,2,593.0
CUST_02698,purchase,2024-08-07,rtw,1,1387.95
CUST_03435,purchase,2024-12-21,slg,1,535.39
CUST_02758,purchase,2024-08-01,bags,1,1389.96
CUST_01699,purchase,2024-06-09,bags,4,230.95
CUST_00108,purchase,2024-07-10,rtw,1,1153.34
CUST_03444,purchase,2024-10-07,textile,1,519.08
CUST_03359,purchase,2024-12-07,textile,2,831.48
CUST_01301,purchase,2024-08-25,shoes,5,1324.98
CUST_02344,purchase,2024-09-19,shoes,4,1221.93
CUST_02277,purchase,2024-09-09,shoes,1,1972.96
CUST_02525,purchase,2024-11-12,slg,4,158.95
CUST_03394,purchase,2024-06-14,textile,2,601.34
CUST_01758,purchase,2024-07-03,slg,2,1338.17
CUST_02983,purchase,2024-07-15,slg,2,1721.5
CUST_01304,purchase,2024-10-11,shoes,1,725.92
CUST_01792,purchase,2024-07-30,bags,3,824.09
CUST_02909,purchase,2024-12-23,shoes,2,1907.33
CUST_02066,purchase,2024-07-01,textile,3,210.26
CUST_03213,purchase,2024-11-06,rtw,3,517.4
CUST_03430,purchase,2024-10-20,shoes,3,163.32
CUST_01321,purchase,2024-07-23,bags,2,836.39
CUST_00383,purchase,2024-06-07,slg,2,891.4
CUST_00048,purchase,2024-11-08,textile,6,106.23
CUST_00627,purchase,2024-06-08,textile,2,175.86
CUST_02899,purchase,2024-10-18,bags,1,762.94
CUST_02343,purchase,2024-09-06,bags,2,148.55
CUST_03041,purchase,2025-03-20,shoes,2,1538.01
CUST_01859,purchase,2024-11-10,rtw,1,513.31
CUST_00765,purchase,2024-08-01,shoes,1,677.11
CUST_01217,purchase,2024-07-20,textile,2,740.1
CUST_03443,purchase,2024-08-02,slg,2,1947.57
CUST_03156,purchase,2024-08-06,bags,1,1654.32
CUST_01127,purchase,2024-06-22,shoes,2,1987.03
CUST_02570,purchase,2024-06-06,textile,3,1154.89
CUST_00424,purchase,2024-06-29,slg,1,167.42
CUST_02441,purchase,2024-10-28,bags,3,1595.41
CUST_00581,purchase,2024-09-30,rtw,2,901.47
CUST_00740,purchase,2024-10-04,bags,2,1691.56
CUST_02025,purchase,2024-09-01,shoes,1,1169.64
CUST_01601,purchase,2024-06-26,slg,3,1098.46
CUST_03259,purchase,2024-06-06,slg,2,907.72
CUST_00302,purchase,2024-10-03,bags,2,1733.04
CUST_00862,purchase,2024-11-23,slg,1,102.76
CUST_01538,purchase,2024-08-20,slg,1,270.05
CUST_03312,purchase,2024-07-12,shoes,1,1416.39
CUST_01224,purchase,2024-06-03,shoes,1,1876.01
CUST_02702,purchase,2024-10-24,textile,2,925.14
CUST_00129,purchase,2024-07-01,rtw,2,344.34
CUST_01421,purchase,2024-10-02,textile,3,1105.8
CUST_02458,purchase,2024-10-18,bags,2,1620.65
CUST_00649,purchase,2024-10-12,rtw,3,1927.64
CUST_00499,purchase,2024-07-20,textile,1,1197.64
CUST_00122,purchase,2024-10-16,bags,1,1515.13
CUST_02122,purchase,2024-10-10,shoes,1,187.2
CUST_00886,purchase,2024-09-02,bags,2,748.24
CUST_00889,purchase,2024-06-08,rtw,3,452.32
CUST_00568,purchase,2024-07-27,bags,3,1622.74
CUST_02981,purchase,2024-11-25,shoes,2,492.8
CUST_01097,purchase,2024-08-10,slg,2,216.75
CUST_00817,purchase,2024-06-24,rtw,1,1796.99
CUST_02901,purchase,2024-10-20,rtw,1,1296.29
CUST_01914,purchase,2024-12-08,slg,1,1251.15
CUST_01787,purchase,2024-10-10,slg,2,1206.7
CUST_00791,purchase,2024-08-04,shoes,3,1050.43
CUST_00811,purchase,2024-11-23,rtw,2,1411.49
CUST_01610,purchase,2024-06-27,textile,3,500.17
CUST_03249,purchase,2024-12-14,textile,1,1847.36
CUST_01277,purchase,2024-07-13,shoes,3,310.69
CUST_02958,purchase,2024-10-03,slg,3,1614.71
CUST_01828,purchase,2024-09-17,textile,2,1504.3
CUST_03061,purchase,2024-11-23,rtw,3,705.32
CUST_02552,purchase,2024-10-16,textile,1,726.53
CUST_01569,purchase,2024-11-04,shoes,2,944.33
CUST_02324,purchase,2024-08-30,rtw,1,1497.06
CUST_02592,purchase,2024-12-27,bags,3,718.45
CUST_01841,purchase,2024-07-13,bags,1,305.91
CUST_02095,purchase,2024-08-04,textile,1,224.38
CUST_01679,purchase,2024-11-09,textile,3,1660.34
CUST_03387,purchase,2024-11-13,textile,1,1372.84
CUST_01443,purchase,2024-09-10,bags,3,699.34
CUST_00470,purchase,2024-10-17,rtw,1,874.03
CUST_01759,purchase,2024-12-20,shoes,4,1778.62
CUST_01466,purchase,2024-08-02,bags,2,1691.41
CUST_00882,purchase,2024-11-16,rtw,1,201.9
CUST_01524,purchase,2024-07-08,rtw,1,1257.21
CUST_00501,purchase,2024-06-03,rtw,2,1481.64
CUST_02820,purchase,2024-06-03,rtw,4,1530.89
CUST_00876,purchase,2024-10-23,textile,1,689.43
CUST_03258,purchase,2024-08-22,shoes,2,665.06
CUST_02301,purchase,2024-06-17,slg,2,339.92
CUST_01162,purchase,2024-11-02,shoes,2,1684.12
CUST_02160,purchase,2024-07-26,bags,2,830.13
CUST_02298,purchase,2024-08-11,textile,1,378.47
CUST_03308,purchase,2024-11-19,bags,3,1437.76
CUST_02351,purchase,2024-11-13,slg,1,1069.58
CUST_02795,purchase,2024-12-11,slg,2,1130.88
CUST_01302,purchase,2024-12-26,rtw,4,366.64
CUST_00812,purchase,2024-07-21,bags,1,600.14
CUST_03288,purchase,2024-10-05,slg,2,1051.58
CUST_00192,purchase,2024-08-10,slg,3,1720.53
CUST_00489,purchase,2024-07-02,slg,2,1591.38
CUST_00701,purchase,2024-11-01,rtw,1,1776.74
CUST_02422,purchase,2024-10-06,shoes,4,277.2
CUST_02361,purchase,2024-06-06,rtw,1,714.87
CUST_00074,purchase,2024-11-12,textile,1,1649.15
CUST_00020,purchase,2024-09-27,rtw,1,1954.18
CUST_00537,purchase,2024-09-12,bags,2,1004.48
CUST_02186,purchase,2024-10-14,bags,2,1117.81
CUST_01382,purchase,2024-11-13,bags,1,1403.97
CUST_00285,purchase,2024-11-05,bags,3,538.02
CUST_03400,purchase,2024-12-23,slg,1,1436.14
CUST_02963,purchase,2024-11-14,rtw,3,397.68
CUST_01300,purchase,2024-12-10,rtw,1,723.05
CUST_01640,purchase,2024-06-21,textile,2,619.01
CUST_03173,purchase,2024-08-20,slg,1,809.23
CUST_02509,purchase,2024-06-13,slg,4,624.21
CUST_01223,purchase,2024-11-26,slg,1,1419.6
CUST_02021,purchase,2024-11-12,bags,2,1534.74
CUST_03454,purchase,2024-09-04,textile,2,1624.89
CUST_00421,purchase,2024-10-03,shoes,2,1121.29
CUST_00196,purchase,2025-01-09,bags,2,893.09
CUST_00569,purchase,2024-06-27,rtw,1,765.78
CUST_02817,purchase,2024-12-03,slg,1,403.7
CUST_00928,purchase,2024-07-14,bags,1,809.13
CUST_00783,purchase,2024-12-03,rtw,2,890.77
CUST_03343,purchase,2024-10-16,bags,1,1596.03
CUST_02820,purchase,2024-06-14,rtw,1,473.43
CUST_03216,purchase,2024-10-09,bags,1,1986.63
CUST_00197,purchase,2024-08-17,bags,2,617.18
CUST_01081,purchase,2024-10-19,textile,1,336.75
CUST_03243,purchase,2024-12-25,slg,3,729.38
CUST_01106,purchase,2024-11-26,shoes,2,685.27
CUST_00565,purchase,2024-10-29,slg,2,1272.72
CUST_00492,purchase,2024-10-20,rtw,2,1805.18
CUST_00607,purchase,2024-10-07,textile,1,762.93
CUST_03483,purchase,2024-09-14,slg,2,283.14
CUST_02738,purchase,2024-07-02,textile,3,1800.75
CUST_02162,purchase,2024-08-01,textile,3,1604.84
CUST_01958,purchase,2024-11-17,slg,1,1778.07
CUST_01150,purchase,2024-08-22,slg,2,461.89
CUST_00926,purchase,2024-06-24,rtw,3,943.29
CUST_03139,purchase,2024-08-15,bags,2,270.3
CUST_01446,purchase,2024-10-21,shoes,2,761.94
CUST_02702,purchase,2025-02-22,shoes,1,1805.1
CUST_02847,purchase,2024-06-20,bags,1,1309.68
CUST_02026,purchase,2024-06-16,shoes,2,1674.7
CUST_00054,purchase,2024-11-19,shoes,2,807.57
CUST_01918,purchase,2024-12-27,slg,2,141.67
CUST_00770,purchase,2024-10-03,bags,2,1665.79
CUST_01395,purchase,2024-07-24,textile,1,845.22
CUST_03120,purchase,2025-01-23,textile,2,1744.84
CUST_01284,purchase,2024-12-12,rtw,2,1358.63
CUST_02903,purchase,2024-09-25,shoes,1,759.85
CUST_03473,purchase,2024-10-08,bags,2,481.47
CUST_00533,purchase,2024-11-01,rtw,3,1100.65
CUST_01580,purchase,2024-09-24,textile,2,892.38
CUST_02104,purchase,2024-07-22,slg,2,1226.18
CUST_00770,purchase,2024-06-18,rtw,4,616.79
CUST_01733,purchase,2024-11-11,rtw,2,1448.4
CUST_02365,purchase,2024-11-04,bags,1,1536.09
CUST_00604,purchase,2024-09-27,bags,2,1039.56
CUST_03052,purchase,2024-06-29,shoes,2,1311.19
CUST_00068,purchase,2024-09-26,shoes,2,1530.66
CUST_01093,purchase,2024-06-08,slg,1,626.04
CUST_02712,purchase,2024-10-14,slg,2,1864.81
CUST_01442,purchase,2024-08-07,bags,1,853.29
CUST_02255,purchase,2024-06-22,rtw,1,1541.25
CUST_01768,purchase,2024-07-25,shoes,2,712.17
CUST_01626,purchase,2024-10-07,slg,4,1077.13
CUST_02081,purchase,2024-08-25,bags,3,1947.44
CUST_01808,purchase,2024-08-09,rtw,1,573.63
CUST_00401,purchase,2024-06-13,slg,2,1555.95
CUST_02999,purchase,2024-10-19,shoes,2,1116.42
CUST_01205,purchase,2024-11-16,slg,2,1717.38
CUST_00724,purchase,2024-10-31,rtw,2,1811.78
CUST_02170,purchase,2024-11-03,slg,1,564.57
CUST_02125,purchase,2024-09-19,bags,1,441.65
CUST_02791,purchase,2024-10-07,shoes,4,1022.71
CUST_00455,purchase,2024-07-27,bags,4,1561.87
CUST_00218,purchase,2024-09-30,textile,1,1108.02
CUST_01091,purchase,2024-08-01,bags,3,1357.23
CUST_02180,purchase,2024-06-26,rtw,1,968.96
CUST_00928,purchase,2024-11-12,slg,2,694.81
CUST_01606,purchase,2024-11-18,bags,1,895.37
CUST_00901,purchase,2024-12-05,rtw,2,1109.73
CUST_02029,purchase,2024-07-23,shoes,2,1810.84
CUST_03219,purchase,2024-07-23,rtw,2,174.0
CUST_02609,purchase,2024-10-30,textile,1,712.81
CUST_01180,purchase,2024-12-05,bags,1,1710.81
CUST_00387,purchase,2024-10-09,textile,1,1318.11
CUST_02870,purchase,2024-11-07,slg,1,1664.11
CUST_03028,purchase,2024-10-12,shoes,3,1305.54
CUST_00698,purchase,2024-08-20,bags,1,461.05
CUST_00683,purchase,2024-07-18,rtw,4,1123.22
CUST_01865,purchase,2024-07-07,bags,3,1828.16
CUST_02729,purchase,2024-09-30,slg,1,285.3
CUST_01369,purchase,2024-06-06,shoes,2,808.98
CUST_01081,purchase,2024-06-20,shoes,2,1984.15
CUST_02783,purchase,2024-12-12,bags,1,813.94
CUST_02434,purchase,2024-08-30,slg,1,1254.47
CUST_02389,purchase,2024-06-01,slg,2,567.08
CUST_01014,purchase,2024-09-29,bags,2,425.25
CUST_00186,purchase,2024-12-27,bags,2,1966.97
CUST_02324,purchase,2024-11-22,rtw,6,966.53
CUST_03422,purchase,2024-11-17,textile,3,746.93
CUST_02061,purchase,2024-07-13,shoes,1,596.56
CUST_03176,purchase,2024-06-25,bags,1,1078.22
CUST_01248,purchase,2025-02-22,rtw,5,757.45
CUST_01854,purchase,2025-01-19,rtw,1,1867.93
CUST_02236,purchase,2024-08-05,slg,1,1508.16
CUST_01039,purchase,2024-12-05,slg,2,897.24
CUST_00056,purchase,2024-12-29,rtw,2,668.27
CUST_01234,purchase,2024-11-29,rtw,3,1878.99
CUST_02122,purchase,2024-12-16,textile,3,834.43
CUST_01984,purchase,2024-06-29,rtw,1,1931.49
CUST_02809,purchase,2025-01-24,bags,3,565.84
CUST_00606,purchase,2024-09-14,shoes,2,1702.77
CUST_02701,purchase,2024-10-20,rtw,1,895.85
CUST_02040,purchase,2024-06-08,shoes,2,772.92
CUST_02366,purchase,2024-12-07,slg,5,486.09
CUST_01473,purchase,2024-07-23,bags,2,880.73
CUST_00794,purchase,2024-09-05,bags,2,1354.93
CUST_01122,purchase,2024-11-08,textile,1,219.81
CUST_01841,purchase,2024-10-13,shoes,2,375.49
CUST_01087,purchase,2024-11-21,rtw,3,1073.43
CUST_01357,purchase,2024-09-09,textile,3,1292.85
CUST_01710,purchase,2024-08-10,rtw,2,272.13
CUST_00781,purchase,2024-10-04,textile,1,358.95
CUST_02131,purchase,2024-11-27,rtw,1,962.8
CUST_03417,purchase,2024-11-04,bags,2,1263.01
CUST_01776,purchase,2024-12-21,slg,3,980.25
CUST_02322,purchase,2024-12-20,rtw,2,273.31
CUST_01182,purchase,2024-06-29,bags,1,838.91
CUST_02044,purchase,2024-11-23,shoes,1,356.96
CUST_01911,purchase,2024-11-22,shoes,1,1396.34
CUST_02143,purchase,2024-08-14,textile,2,1118.98
CUST_02287,purchase,2024-11-26,shoes,2,1090.93
CUST_01244,purchase,2024-10-03,rtw,1,920.31
CUST_00265,purchase,2024-12-22,rtw,2,587.46
CUST_00064,purchase,2024-09-25,bags,1,234.06
CUST_00891,purchase,2024-08-12,textile,1,1960.03
CUST_00506,purchase,2024-06-14,slg,1,975.02
CUST_01253,purchase,2024-06-02,slg,4,1608.51
CUST_01443,purchase,2024-11-17,bags,2,1272.4
CUST_00205,purchase,2024-08-04,shoes,4,934.73
CUST_01435,purchase,2024-08-12,textile,3,157.77
CUST_02726,purchase,2025-01-10,textile,3,140.47
CUST_00636,purchase,2024-06-23,rtw,1,1794.84
CUST_00585,purchase,2024-12-05,shoes,2,203.72
CUST_01770,purchase,2024-10-28,bags,3,672.89
CUST_01192,purchase,2024-07-27,bags,4,1386.22
CUST_01939,purchase,2024-08-30,shoes,3,536.61
CUST_03325,purchase,2024-11-21,slg,1,1720.27
CUST_01731,purchase,2024-09-11,bags,2,1134.09
CUST_01071,purchase,2024-08-17,textile,1,110.18
CUST_01273,purchase,2024-07-15,textile,1,1249.51
CUST_01786,purchase,2024-11-21,rtw,4,1506.98
CUST_03295,purchase,2024-10-27,shoes,1,209.31
CUST_02799,purchase,2024-12-14,shoes,1,952.28
CUST_01025,purchase,2024-07-05,slg,1,645.16
CUST_02271,purchase,2024-07-22,rtw,2,1159.01
CUST_01250,purchase,2024-06-22,rtw,2,240.64
CUST_02322,purchase,2024-11-08,slg,1,209.63
CUST_02236,purchase,2024-07-17,slg,3,835.51
CUST_03205,purchase,2024-10-05,slg,2,326.4
CUST_00394,purchase,2024-07-06,textile,2,1239.34
CUST_01811,purchase,2024-11-25,rtw,2,913.58
CUST_02064,purchase,2024-11-23,rtw,1,1542.33
CUST_01919,purchase,2024-11-11,slg,2,280.91
CUST_01911,purchase,2024-09-16,slg,1,297.62
CUST_01890,purchase,2024-06-08,textile,1,1122.58
CUST_00109,purchase,2024-12-14,slg,3,416.92
CUST_00363,purchase,2024-12-11,shoes,1,465.94
CUST_02520,purchase,2024-08-17,shoes,2,1995.07
CUST_02378,purchase,2024-10-10,rtw,2,779.37
CUST_00522,purchase,2024-11-06,textile,2,725.22
CUST_02317,purchase,2024-08-15,bags,1,1858.74
CUST_03094,purchase,2024-11-04,shoes,1,929.15
CUST_01651,purchase,2024-11-19,bags,1,263.74
CUST_01896,purchase,2024-12-24,textile,1,460.05
CUST_01886,purchase,2024-06-14,bags,2,1585.74
CUST_00225,purchase,2024-08-09,bags,2,1169.54
CUST_01366,purchase,2024-10-31,bags,3,1505.26
CUST_03367,purchase,2024-08-14,textile,1,1489.7
CUST_01973,purchase,2024-11-24,rtw,1,1186.56
CUST_00250,purchase,2024-10-22,textile,1,1693.75
CUST_02763,purchase,2025-01-27,bags,2,1608.76
CUST_02874,purchase,2024-07-23,textile,3,1723.61
CUST_00591,purchase,2024-10-22,slg,3,572.78
CUST_00559,purchase,2024-07-28,shoes,1,1075.07
CUST_01233,purchase,2024-11-08,rtw,2,1304.39
CUST_02946,purchase,2024-06-02,slg,2,1662.3
CUST_02555,purchase,2024-11-24,shoes,1,1421.22
CUST_00470,purchase,2024-06-18,bags,2,714.14
CUST_00627,purchase,2024-11-02,bags,1,1614.5
CUST_02130,purchase,2024-06-25,shoes,1,778.89
CUST_00837,purchase,2024-06-27,slg,1,1047.6
CUST_00101,purchase,2024-12-31,textile,3,1359.89
CUST_01818,purchase,2024-09-09,bags,2,283.58
CUST_00499,purchase,2024-08-16,slg,4,1653.96
CUST_01982,purchase,2024-07-18,shoes,6,1782.88
CUST_03448,purchase,2024-10-18,rtw,1,1717.27
CUST_03366,purchase,2024-11-04,slg,1,1259.13
CUST_02696,purchase,2024-11-22,bags,1,1565.25
CUST_01771,purchase,2024-07-08,bags,1,880.31
CUST_00757,purchase,2024-07-07,shoes,3,865.76
CUST_00700,purchase,2024-10-09,textile,1,1379.65
CUST_00821,purchase,2024-09-30,slg,3,774.94
CUST_01188,purchase,2024-08-14,bags,2,1166.91
CUST_02412,purchase,2024-10-05,rtw,2,1748.04
CUST_02735,purchase,2024-08-10,slg,1,1354.75
CUST_01581,purchase,2024-11-26,bags,2,616.69
CUST_01901,purchase,2024-09-15,slg,2,1640.54
CUST_00607,purchase,2024-06-08,rtw,1,279.69
CUST_01873,purchase,2024-10-30,textile,1,324.37
CUST_01596,purchase,2024-06-03,textile,2,1471.44
CUST_01241,purchase,2024-06-09,textile,3,1877.49
CUST_01821,purchase,2024-06-11,rtw,2,900.99
CUST_00571,purchase,2024-09-28,slg,1,1800.58
CUST_01135,purchase,2024-06-03,shoes,1,1199.33
CUST_01466,purchase,2024-10-07,textile,1,1615.01
CUST_00864,purchase,2024-08-29,textile,2,1394.95
CUST_01600,purchase,2024-10-10,bags,3,1191.46
CUST_00715,purchase,2025-01-20,shoes,1,1373.5
CUST_01442,purchase,2024-11-15,textile,2,1734.0
CUST_01390,purchase,2024-09-26,shoes,1,577.5
CUST_01141,purchase,2024-12-18,rtw,1,167.15
CUST_01614,purchase,2024-06-18,slg,1,1978.1
CUST_01543,purchase,2024-09-29,textile,1,1361.04
CUST_02700,purchase,2024-07-17,textile,1,1243.51
CUST_02903,purchase,2025-01-24,textile,2,1711.34
CUST_01062,purchase,2024-07-04,rtw,3,1379.71
CUST_02412,purchase,2025-02-03,rtw,2,959.78
CUST_02395,purchase,2024-11-06,slg,1,638.38
CUST_00277,purchase,2024-06-12,bags,2,744.25
CUST_03490,purchase,2025-02-25,shoes,2,536.8
CUST_00950,purchase,2024-10-23,bags,2,660.47
CUST_02046,purchase,2024-11-21,slg,1,1089.47
CUST_01326,purchase,2024-12-12,shoes,3,1239.32
CUST_03162,purchase,2024-12-24,shoes,2,1871.06
CUST_00432,purchase,2024-07-15,slg,2,592.03
CUST_03096,purchase,2024-09-16,bags,1,472.5
CUST_00254,purchase,2024-11-04,rtw,3,1227.85
CUST_00469,purchase,2024-06-10,bags,2,1300.23
CUST_01809,purchase,2024-12-13,rtw,2,328.78
CUST_02485,purchase,2024-11-09,bags,1,791.28
CUST_00713,purchase,2024-08-22,bags,1,918.56
CUST_02862,purchase,2024-09-24,slg,3,728.16
CUST_00546,purchase,2024-11-11,textile,3,697.88
CUST_02280,purchase,2024-07-22,shoes,2,719.11
CUST_01035,purchase,2024-10-04,slg,2,441.84
CUST_02781,purchase,2024-08-13,shoes,2,1696.44
CUST_00825,purchase,2024-12-07,shoes,2,511.7
CUST_01778,purchase,2024-12-26,textile,3,490.62
CUST_03313,purchase,2024-12-07,shoes,1,915.65
CUST_00353,purchase,2024-10-28,bags,1,1932.03
CUST_02577,purchase,2024-11-19,bags,1,1972.6
CUST_00834,purchase,2024-06-09,shoes,2,1505.65
CUST_00022,purchase,2024-09-01,slg,2,744.23
CUST_02328,purchase,2024-10-18,bags,2,1131.5
CUST_01396,purchase,2024-07-18,textile,2,1046.7
CUST_02033,purchase,2024-07-19,shoes,2,1787.17
CUST_02337,purchase,2024-12-29,slg,3,1321.73
CUST_02052,purchase,2024-08-30,rtw,2,1999.24
CUST_02534,purchase,2024-10-22,shoes,1,850.78
CUST_03284,purchase,2024-06-18,slg,1,284.16
CUST_01752,purchase,2024-11-08,slg,2,1622.16
CUST_00291,purchase,2024-10-24,bags,1,587.28
CUST_00521,purchase,2024-12-18,textile,1,1270.68
CUST_01222,purchase,2024-06-26,bags,3,1949.8
CUST_02043,purchase,2024-07-30,bags,1,1024.6
CUST_02464,purchase,2024-10-17,rtw,2,609.58
CUST_00093,purchase,2024-07-28,rtw,1,1766.21
CUST_03393,purchase,2024-08-04,slg,3,1239.07
CUST_02881,purchase,2024-08-31,bags,3,728.8
CUST_00647,purchase,2024-08-13,bags,5,326.5
CUST_02189,purchase,2024-10-04,shoes,3,1874.4
CUST_03495,purchase,2024-10-21,textile,1,1486.19
CUST_02049,purchase,2024-08-19,slg,2,743.62
CUST_02534,purchase,2024-06-15,textile,1,1248.55
CUST_02858,purchase,2024-06-29,textile,2,1953.85
CUST_01930,purchase,2024-08-07,bags,1,590.59
CUST_00133,purchase,2024-08-26,slg,1,401.75
CUST_01069,purchase,2024-07-22,rtw,2,870.48
CUST_03133,purchase,2024-06-16,shoes,3,1806.82
CUST_00837,purchase,2024-10-19,rtw,2,1323.1
CUST_03103,purchase,2024-11-17,bags,3,1945.1
CUST_00966,purchase,2024-10-05,bags,2,564.66
CUST_03300,purchase,2025-01-20,textile,2,1919.33
CUST_02880,purchase,2024-10-22,bags,2,1433.04
CUST_01417,purchase,2024-06-19,slg,2,245.61
CUST_02451,purchase,2024-12-07,textile,3,824.84
CUST_00331,purchase,2024-10-20,slg,1,1651.04
CUST_00531,purchase,2024-08-09,bags,2,1484.42
CUST_00427,purchase,2024-06-10,slg,2,1689.31
CUST_02080,purchase,2024-07-28,rtw,1,1107.64
CUST_01768,purchase,2024-11-23,rtw,1,745.63
CUST_03202,purchase,2024-07-29,bags,2,1228.27
CUST_00227,purchase,2024-06-07,shoes,1,1372.02
CUST_02189,purchase,2024-11-03,slg,1,1498.04
CUST_02794,purchase,2024-11-23,bags,4,151.9
CUST_02264,purchase,2024-12-29,bags,3,333.09
CUST_01586,purchase,2025-04-09,slg,4,830.69
CUST_02849,purchase,2024-07-03,slg,1,991.62
CUST_02873,purchase,2024-11-12,textile,3,282.15
CUST_00565,purchase,2024-06-30,slg,2,536.26
CUST_00484,purchase,2024-11-05,rtw,1,1518.97
CUST_01441,purchase,2024-07-20,rtw,3,1077.74
CUST_01789,purchase,2024-06-15,shoes,3,1679.74
CUST_00951,purchase,2024-06-24,textile,1,1604.51
CUST_00042,purchase,2024-07-29,slg,2,214.17
CUST_03062,purchase,2024-10-16,textile,2,1749.42
CUST_02327,purchase,2024-06-12,bags,2,1405.09
CUST_02949,purchase,2024-11-18,bags,1,902.91
CUST_00314,purchase,2024-06-15,shoes,3,1636.13
CUST_01797,purchase,2024-07-17,rtw,2,1051.86
CUST_00180,purchase,2024-08-20,rtw,2,1792.54
CUST_02468,purchase,2024-11-15,shoes,2,1964.24
CUST_01198,purchase,2024-07-04,textile,1,1836.76
CUST_01630,purchase,2024-11-24,bags,1,1549.98
CUST_02690,purchase,2024-06-20,bags,2,395.99
CUST_01025,purchase,2024-10-18,shoes,1,289.73
CUST_02028,purchase,2024-11-28,rtw,2,1419.5
CUST_00903,purchase,2024-09-22,rtw,3,1796.73
CUST_01503,purchase,2024-12-17,textile,1,1500.11
CUST_01199,purchase,2024-12-27,shoes,2,519.19
CUST_02158,purchase,2024-08-08,rtw,2,1845.29
CUST_02859,purchase,2024-10-31,textile,1,1880.27
CUST_00428,purchase,2024-06-14,rtw,3,1675.74
CUST_01683,purchase,2024-11-28,textile,1,1213.67
CUST_01992,purchase,2024-08-11,bags,1,665.48
CUST_00834,purchase,2024-07-06,textile,3,1108.79
CUST_00945,purchase,2024-08-18,textile,2,1051.31
CUST_00864,purchase,2024-07-02,rtw,2,1544.51
CUST_02970,purchase,2024-12-26,shoes,3,1683.22
CUST_00147,purchase,2024-07-31,slg,1,867.28
CUST_02663,purchase,2024-12-13,slg,1,1764.44
CUST_00468,purchase,2024-06-06,slg,2,118.09
CUST_03426,purchase,2024-06-09,rtw,1,372.24
CUST_01139,purchase,2025-01-15,slg,5,110.78
CUST_01231,purchase,2024-11-07,bags,1,1074.97
CUST_00245,purchase,2024-08-11,textile,2,1925.05
CUST_01573,purchase,2024-10-05,bags,2,605.36
CUST_01568,purchase,2024-09-07,slg,3,1488.12
CUST_00182,purchase,2024-07-28,shoes,2,482.76
CUST_01554,purchase,2024-07-18,slg,3,1439.12
CUST_02182,purchase,2024-06-14,rtw,3,1978.63
CUST_00129,purchase,2024-10-17,rtw,1,1241.31
CUST_00107,purchase,2025-03-03,rtw,2,1002.57
CUST_03393,purchase,2024-08-07,textile,3,343.86
CUST_00887,purchase,2024-10-23,bags,1,337.44
CUST_01397,purchase,2024-12-03,textile,4,1392.42
CUST_01778,purchase,2024-09-18,bags,1,1585.91
CUST_03308,purchase,2024-06-28,textile,2,1179.29
CUST_01590,purchase,2024-12-02,rtw,1,1353.19
CUST_02191,purchase,2024-11-29,slg,4,984.1
CUST_02346,purchase,2024-12-02,textile,3,1701.85
CUST_03150,purchase,2024-10-11,rtw,1,424.56
CUST_00666,purchase,2024-09-06,slg,1,248.06
CUST_03055,purchase,2024-11-17,shoes,1,204.55
CUST_00063,purchase,2024-08-11,rtw,2,340.42
CUST_00351,purchase,2024-08-03,textile,2,136.0
CUST_01212,purchase,2024-08-26,textile,2,705.35
CUST_01617,purchase,2024-06-10,textile,2,1271.31
CUST_01124,purchase,2024-09-01,rtw,3,505.49
CUST_02701,purchase,2024-08-04,textile,2,1033.15
CUST_00051,purchase,2024-07-02,rtw,2,1843.48
CUST_02329,purchase,2024-11-17,rtw,2,597.45
CUST_03425,purchase,2024-08-07,shoes,3,1450.19
CUST_01818,purchase,2024-09-27,bags,3,985.35
CUST_01802,purchase,2024-06-03,slg,3,1329.39
CUST_00152,purchase,2024-08-31,slg,3,1413.52
CUST_02613,purchase,2024-10-21,shoes,2,987.93
CUST_01674,purchase,2024-06-15,textile,3,956.68
CUST_00326,purchase,2024-10-15,textile,2,275.03
CUST_02259,purchase,2024-08-20,bags,2,763.28
CUST_01805,purchase,2024-07-17,rtw,1,1376.91
CUST_03138,purchase,2024-12-19,rtw,2,1580.24
CUST_01064,purchase,2024-10-05,shoes,2,1179.01
CUST_00932,purchase,2024-11-09,shoes,3,753.11
CUST_00602,purchase,2024-11-06,bags,1,418.41
CUST_00954,purchase,2024-06-30,bags,1,1172.07
CUST_00755,purchase,2024-11-23,textile,2,1368.25
CUST_01804,purchase,2024-10-27,rtw,3,1201.37
CUST_00172,purchase,2024-10-20,shoes,3,903.6
CUST_00250,purchase,2024-11-30,rtw,2,1466.13
CUST_01055,purchase,2024-06-05,rtw,1,1170.68
CUST_02214,purchase,2024-12-01,bags,1,698.9
CUST_02460,purchase,2024-07-31,rtw,2,686.8
CUST_00448,purchase,2024-06-20,textile,3,1196.81
CUST_01818,purchase,2024-06-29,textile,1,579.32
CUST_00318,purchase,2024-07-31,shoes,2,1987.93
CUST_01335,purchase,2024-10-25,rtw,1,1584.49
CUST_03397,purchase,2024-11-24,slg,3,1760.78
CUST_00293,purchase,2024-11-12,slg,2,1010.93
CUST_01160,purchase,2024-07-07,bags,1,1279.38
CUST_01338,purchase,2024-11-03,rtw,2,1616.02
CUST_01373,purchase,2024-09-13,rtw,1,1631.83
CUST_01928,purchase,2024-08-15,textile,1,1347.97
CUST_00128,purchase,2024-07-12,rtw,1,577.33
CUST_00183,purchase,2024-12-09,shoes,2,1071.23
CUST_02422,purchase,2024-06-07,bags,2,1641.05
CUST_02495,purchase,2024-10-09,rtw,1,340.91
CUST_02093,purchase,2024-12-01,textile,1,1988.79
CUST_03210,purchase,2024-12-08,rtw,1,1803.85
CUST_00881,purchase,2024-09-05,textile,3,1580.27
CUST_00134,purchase,2024-11-16,shoes,2,924.15
CUST_01561,purchase,2024-12-13,bags,3,432.43
CUST_00317,purchase,2024-07-28,textile,2,1496.0
CUST_02063,purchase,2024-10-26,textile,1,1692.01
CUST_03007,purchase,2024-09-16,textile,2,240.48
CUST_03003,purchase,2024-10-30,textile,2,892.56
CUST_03270,purchase,2024-06-14,textile,2,778.21
CUST_01935,purchase,2024-11-16,textile,3,1362.17
CUST_02132,purchase,2024-09-21,rtw,3,100.47
CUST_01103,purchase,2024-07-20,textile,4,1211.92
CUST_01201,purchase,2024-10-21,rtw,2,476.2
CUST_00996,purchase,2024-12-22,rtw,3,1234.21
CUST_00946,purchase,2024-09-25,rtw,3,1299.61
CUST_03065,purchase,2024-06-30,shoes,1,546.38
CUST_01823,purchase,2024-12-05,slg,2,1306.01
CUST_01483,purchase,2024-06-21,rtw,2,1236.45
CUST_02296,purchase,2025-01-21,bags,2,979.65
CUST_01484,purchase,2024-11-15,slg,3,167.17
CUST_02479,purchase,2024-07-29,slg,1,254.49
CUST_03221,purchase,2025-01-08,shoes,2,532.46
CUST_02333,purchase,2024-12-29,shoes,2,568.34
CUST_02203,purchase,2024-08-02,slg,2,1212.25
CUST_02762,purchase,2024-10-28,shoes,1,846.61
CUST_02481,purchase,2024-08-06,rtw,5,1327.84
CUST_01400,purchase,2024-11-22,bags,3,311.05
CUST_00334,purchase,2024-09-13,slg,4,616.07
CUST_02069,purchase,2024-07-08,textile,1,1065.35
CUST_02025,purchase,2024-11-09,shoes,1,832.23
CUST_00737,purchase,2024-09-25,bags,1,603.05
CUST_00684,purchase,2024-10-13,slg,3,1175.2
CUST_01079,purchase,2024-12-13,textile,1,261.97
CUST_02914,purchase,2024-11-05,bags,4,1733.63
CUST_00518,purchase,2024-06-09,slg,1,574.46
CUST_00099,purchase,2024-11-24,shoes,1,1615.32
CUST_00300,purchase,2024-07-04,textile,1,395.47
CUST_02169,purchase,2024-09-08,slg,2,185.31
CUST_01452,purchase,2024-07-03,slg,1,100.46
CUST_02855,purchase,2024-10-21,shoes,3,542.71
CUST_02917,purchase,2024-08-15,bags,3,960.24
CUST_01380,purchase,2024-12-29,rtw,1,1943.77
CUST_02423,purchase,2024-11-18,textile,2,871.57
CUST_00442,purchase,2024-12-02,bags,1,506.77
CUST_00303,purchase,2024-12-07,rtw,3,769.08
CUST_01839,purchase,2024-09-13,slg,2,1223.97
CUST_03034,purchase,2025-04-26,slg,3,1442.73
CUST_01185,purchase,2024-12-11,slg,2,1769.32
CUST_02868,purchase,2024-07-05,shoes,1,647.59
CUST_02965,purchase,2024-12-14,textile,1,1337.29
CUST_03360,purchase,2024-10-09,bags,1,1706.84
CUST_00624,purchase,2024-06-02,textile,2,1458.08
CUST_02430,purchase,2024-09-03,slg,3,1730.05
CUST_01554,purchase,2024-11-16,slg,2,724.4
CUST_00724,purchase,2025-01-15,textile,3,291.83
CUST_01145,purchase,2024-12-15,bags,2,1830.89
CUST_00952,purchase,2024-08-16,slg,1,1065.62
CUST_01398,purchase,2024-06-13,textile,1,1814.28
CUST_02121,purchase,2024-10-13,textile,4,685.71
CUST_02082,purchase,2024-09-18,rtw,2,1860.27
CUST_01323,purchase,2024-09-07,rtw,2,1925.92
CUST_03102,purchase,2024-07-16,shoes,1,1739.15
CUST_00172,purchase,2024-12-26,shoes,2,657.72
CUST_01764,purchase,2024-10-29,rtw,1,151.55
CUST_02356,purchase,2024-11-05,rtw,3,1999.07
CUST_00408,purchase,2024-12-22,rtw,3,839.96
CUST_00679,purchase,2024-07-01,rtw,2,1028.92
CUST_01122,purchase,2025-01-11,slg,2,670.51
CUST_00917,purchase,2024-07-14,rtw,2,505.51
CUST_01063,purchase,2024-11-03,bags,2,1477.68
CUST_00949,purchase,2024-11-18,rtw,2,848.14
CUST_00578,purchase,2024-06-25,shoes,4,853.63
CUST_02262,purchase,2024-10-09,shoes,1,1522.22
CUST_00113,purchase,2024-11-01,bags,1,452.89
CUST_02212,purchase,2024-10-16,shoes,2,872.32
CUST_00028,purchase,2025-01-12,bags,2,801.61
CUST_01514,purchase,2024-07-23,rtw,2,771.89
CUST_02340,purchase,2024-09-18,slg,2,1473.77
CUST_02134,purchase,2024-07-03,slg,3,1032.96
CUST_01209,purchase,2024-06-29,bags,2,833.27
CUST_01821,purchase,2024-10-10,slg,2,930.25
CUST_01078,purchase,2024-10-20,shoes,4,1063.7
CUST_01141,purchase,2024-12-05,bags,1,557.43
CUST_01449,purchase,2024-12-23,bags,2,589.61
CUST_03049,purchase,2024-12-21,shoes,6,1081.47
CUST_02980,purchase,2024-10-19,rtw,2,1684.68
CUST_00642,purchase,2025-01-08,rtw,2,622.43
CUST_01131,purchase,2024-09-25,textile,1,1786.21
CUST_02753,purchase,2024-12-16,bags,2,1062.63
CUST_02896,purchase,2024-11-24,rtw,3,1882.74
CUST_00158,purchase,2024-09-19,bags,5,1733.23
CUST_02889,purchase,2024-12-19,textile,4,401.92
CUST_01301,purchase,2024-07-19,textile,1,1557.85
CUST_02708,purchase,2024-11-27,bags,1,1008.72
CUST_02599,purchase,2024-11-08,bags,2,1877.88
CUST_01008,purchase,2024-07-06,textile,3,1683.8
CUST_01541,purchase,2024-07-27,shoes,1,498.77
CUST_01087,purchase,2024-09-29,shoes,4,815.72
CUST_01985,purchase,2024-10-13,shoes,2,963.95
CUST_03005,purchase,2024-10-06,rtw,2,1305.9
CUST_00540,purchase,2024-07-21,bags,4,1291.16
CUST_02115,purchase,2024-12-03,shoes,1,353.2
CUST_00014,purchase,2024-09-20,bags,2,1617.74
CUST_02010,purchase,2024-10-21,textile,4,850.17
CUST_00855,purchase,2024-11-29,shoes,2,607.36
CUST_00159,purchase,2025-01-09,rtw,4,940.77
CUST_02513,purchase,2024-09-06,textile,2,1055.49
CUST_00962,purchase,2024-11-11,rtw,1,1817.11
CUST_01984,purchase,2024-10-14,shoes,4,254.2
CUST_01230,purchase,2024-07-30,rtw,4,1582.89
CUST_02737,purchase,2024-12-18,slg,1,1126.03
CUST_03264,purchase,2024-10-22,slg,1,1838.55
CUST_02449,purchase,2024-08-31,textile,3,835.99
CUST_01971,purchase,2024-08-15,bags,2,1199.15
CUST_00897,purchase,2024-10-05,rtw,2,345.66
CUST_01719,purchase,2024-09-23,rtw,2,873.33
CUST_01014,purchase,2024-11-17,slg,1,1439.71
CUST_00475,purchase,2024-07-16,slg,2,1264.05
CUST_01307,purchase,2024-11-17,bags,2,1222.28
CUST_01424,purchase,2024-11-26,slg,2,142.97
CUST_02887,purchase,2024-07-03,slg,2,405.37
CUST_03442,purchase,2024-12-24,slg,3,1080.07
CUST_02462,purchase,2024-09-14,shoes,2,1049.12
CUST_00119,purchase,2024-08-14,rtw,2,182.69
CUST_02079,purchase,2024-07-26,slg,1,716.92
CUST_00250,purchase,2024-10-22,rtw,1,1627.16
CUST_01072,purchase,2024-11-20,rtw,2,922.18
CUST_01685,purchase,2024-09-09,slg,1,354.58
CUST_01742,purchase,2024-09-11,rtw,1,848.03
CUST_00224,purchase,2024-11-27,slg,3,566.61
CUST_02983,purchase,2024-07-27,rtw,1,1808.74
CUST_02607,purchase,2024-12-27,bags,1,1932.07
CUST_01264,purchase,2024-09-23,slg,1,1249.27
CUST_00907,purchase,2024-10-25,shoes,2,905.49
CUST_02196,purchase,2024-07-23,bags,2,1410.59
CUST_02513,purchase,2024-11-04,rtw,1,549.39
CUST_00530,purchase,2024-11-02,textile,1,1823.94
CUST_00082,purchase,2024-12-02,bags,1,176.82
CUST_03287,purchase,2024-12-21,bags,2,870.84
CUST_03197,purchase,2024-11-28,rtw,1,1521.65
CUST_01445,purchase,2024-12-14,textile,2,425.99
CUST_00260,purchase,2024-11-15,bags,3,149.13
CUST_02125,purchase,2024-11-14,rtw,1,1396.56
CUST_02194,purchase,2024-11-17,shoes,2,681.69
CUST_03434,purchase,2024-10-16,slg,1,701.06
CUST_02941,purchase,2024-07-29,rtw,3,1576.55
CUST_03283,purchase,2024-07-12,rtw,2,1075.46
CUST_01358,purchase,2025-01-12,shoes,1,1897.79
CUST_02265,purchase,2024-12-05,shoes,1,1235.6
CUST_00056,purchase,2024-06-10,bags,2,1152.4
CUST_03093,purchase,2024-10-13,bags,4,1429.18
CUST_02055,purchase,2024-09-10,slg,4,306.0
CUST_00174,purchase,2024-07-11,rtw,3,1925.07
CUST_01235,purchase,2024-06-07,shoes,7,351.28
CUST_02587,purchase,2024-12-15,shoes,1,144.73
CUST_00139,purchase,2024-08-09,bags,1,1847.52
CUST_03331,purchase,2024-12-18,slg,2,1607.38
CUST_02685,purchase,2024-12-12,shoes,2,1780.55
CUST_03352,purchase,2024-12-07,rtw,1,1427.83
CUST_00348,purchase,2024-06-20,bags,1,1050.14
CUST_02067,purchase,2024-12-02,slg,2,1956.78
CUST_00083,purchase,2024-06-04,textile,1,1114.62
CUST_02478,purchase,2024-07-09,bags,3,373.57
CUST_03015,purchase,2024-10-29,slg,2,1021.95
CUST_00796,purchase,2024-12-30,textile,3,1025.38
CUST_01279,purchase,2024-11-02,rtw,4,458.12
CUST_01742,purchase,2024-10-10,bags,1,1113.04
CUST_01238,purchase,2024-08-10,slg,1,1129.73
CUST_00831,purchase,2024-06-26,rtw,3,1525.82
CUST_02688,purchase,2024-10-26,slg,2,211.86
CUST_01543,purchase,2024-08-14,slg,2,377.6
CUST_00382,purchase,2024-10-11,slg,1,402.86
CUST_02298,purchase,2024-08-11,slg,3,1888.93
CUST_01165,purchase,2025-01-18,textile,3,1219.07
CUST_02076,purchase,2024-08-02,slg,1,868.52
CUST_00071,purchase,2024-10-06,slg,1,511.59
CUST_01527,purchase,2024-12-13,textile,1,836.78
CUST_02927,purchase,2024-06-28,slg,2,1680.12
CUST_00918,purchase,2024-10-26,bags,2,550.09
CUST_01628,purchase,2024-12-15,shoes,2,1408.93
CUST_01832,purchase,2024-09-03,slg,2,556.61
CUST_02307,purchase,2024-10-17,rtw,3,1888.62
CUST_01362,purchase,2024-07-07,bags,1,835.5
CUST_00391,purchase,2024-10-22,shoes,1,1891.6
CUST_00851,purchase,2024-10-04,textile,1,867.91
CUST_01024,purchase,2024-06-22,shoes,3,434.84
CUST_01652,purchase,2024-11-05,slg,3,584.72
CUST_02144,purchase,2024-12-03,textile,1,738.97
CUST_03116,purchase,2024-07-30,bags,2,1258.61
CUST_03144,purchase,2025-02-03,rtw,3,1583.61
CUST_01687,purchase,2024-08-19,rtw,2,1934.23
CUST_03418,purchase,2024-07-09,bags,1,1128.52
CUST_01317,purchase,2024-11-24,textile,1,1102.22
CUST_02453,purchase,2024-12-26,bags,2,1356.16
CUST_01099,purchase,2024-11-24,shoes,3,664.79
CUST_03093,purchase,2024-10-22,slg,2,1387.44
CUST_02235,purchase,2024-10-06,rtw,1,736.37
CUST_02671,purchase,2024-07-31,rtw,5,1086.81
CUST_01890,purchase,2024-11-29,slg,4,1814.58
CUST_02108,purchase,2024-10-21,bags,1,117.52
CUST_00431,purchase,2024-09-17,bags,1,308.08
CUST_01539,purchase,2024-07-03,bags,1,1669.17
CUST_00664,purchase,2024-10-12,bags,2,1598.76
CUST_00681,purchase,2024-07-21,slg,2,788.01
CUST_00466,purchase,2024-06-10,slg,2,278.87
CUST_02029,purchase,2024-07-14,textile,1,1459.17
CUST_01996,purchase,2024-07-06,textile,2,312.39
CUST_01713,purchase,2024-09-11,bags,3,1701.32
CUST_01216,purchase,2024-07-01,slg,2,1196.43
CUST_01206,purchase,2024-12-02,rtw,1,1454.8
CUST_02141,purchase,2024-08-22,textile,2,1529.22
CUST_01523,purchase,2024-10-23,shoes,2,177.89
CUST_00580,purchase,2024-08-14,textile,1,1289.38
CUST_02806,purchase,2024-07-23,textile,3,1619.73
CUST_02927,purchase,2024-09-04,textile,2,1080.81
CUST_02477,purchase,2024-08-04,slg,2,601.59
CUST_01896,purchase,2024-07-24,rtw,1,1656.99
CUST_03059,purchase,2024-12-02,shoes,2,1964.56
CUST_00673,purchase,2025-02-03,slg,3,1793.38
CUST_00041,purchase,2024-08-21,slg,1,124.05
CUST_00735,purchase,2024-07-09,slg,2,305.62
CUST_00275,purchase,2024-06-02,rtw,3,770.03
CUST_02874,purchase,2024-07-19,shoes,1,1853.88
CUST_02843,purchase,2024-06-25,textile,1,945.64
CUST_01879,purchase,2024-08-24,bags,1,1798.23
CUST_00251,purchase,2025-01-21,slg,1,881.74
CUST_02435,purchase,2024-07-11,bags,2,509.44
CUST_01436,purchase,2024-11-10,textile,2,1912.55
CUST_00926,purchase,2024-08-28,bags,3,750.34
CUST_00790,purchase,2024-10-14,rtw,1,1247.58
CUST_03362,purchase,2024-09-18,textile,2,1778.0
CUST_02988,purchase,2024-08-18,rtw,1,1878.64
CUST_02558,purchase,2024-12-14,slg,1,821.48
CUST_01044,purchase,2024-10-22,textile,2,1467.34
CUST_02628,purchase,2024-11-16,shoes,2,157.02
CUST_00318,purchase,2024-10-30,shoes,1,757.43
CUST_00422,purchase,2024-12-05,shoes,2,1448.81
CUST_01147,purchase,2024-07-16,rtw,2,1563.36
CUST_02309,purchase,2024-06-27,shoes,1,1460.71
CUST_03265,purchase,2024-10-12,textile,1,1486.33
CUST_02642,purchase,2024-12-14,slg,2,1412.27
CUST_01353,purchase,2024-10-26,textile,1,524.59
CUST_02478,purchase,2024-08-10,textile,3,591.65
CUST_02739,purchase,2024-10-21,shoes,2,898.2
CUST_00689,purchase,2024-06-01,shoes,3,523.8
CUST_00887,purchase,2024-06-24,textile,2,517.53
CUST_00601,purchase,2024-07-07,shoes,2,1111.71
CUST_01948,purchase,2024-06-01,rtw,1,1781.29
CUST_00319,purchase,2024-10-04,shoes,2,1873.15
CUST_02096,purchase,2024-12-24,slg,1,1415.15
CUST_01743,purchase,2024-11-18,slg,6,679.05
CUST_01340,purchase,2024-08-17,textile,3,240.46
CUST_03113,purchase,2024-07-01,shoes,3,527.14
CUST_02295,purchase,2024-09-09,slg,1,550.87
CUST_03170,purchase,2024-09-07,slg,3,1151.19
CUST_01455,purchase,2024-08-19,textile,2,1182.8
CUST_01299,purchase,2024-10-14,bags,3,1520.93
CUST_02480,purchase,2024-07-25,shoes,1,504.79
CUST_02596,purchase,2024-12-31,rtw,1,781.86
CUST_02914,purchase,2024-07-07,slg,1,637.68
CUST_02296,purchase,2024-09-22,slg,3,646.09
CUST_02848,purchase,2024-12-19,rtw,2,894.18
CUST_02808,purchase,2024-07-01,textile,2,625.15
CUST_01784,purchase,2024-11-14,rtw,1,342.46
CUST_00730,purchase,2024-06-07,rtw,2,1101.47
CUST_01910,purchase,2025-02-22,rtw,2,557.94
CUST_02984,purchase,2024-09-17,shoes,3,812.24
CUST_02528,purchase,2024-10-22,shoes,2,322.48
CUST_01567,purchase,2024-09-04,shoes,1,835.95
CUST_03063,purchase,2024-06-03,shoes,1,1009.49
CUST_01811,purchase,2024-10-21,textile,3,936.28
CUST_00799,purchase,2024-06-02,textile,2,213.71
CUST_01272,purchase,2024-08-24,bags,2,1876.08
CUST_01511,purchase,2024-08-04,textile,2,1439.08
CUST_00054,purchase,2024-11-22,rtw,2,550.74
CUST_00138,purchase,2024-11-13,rtw,2,618.11
CUST_02629,purchase,2024-10-01,slg,1,482.16
CUST_00180,purchase,2024-11-26,rtw,4,1841.26
CUST_01124,purchase,2024-11-08,bags,1,418.22
CUST_02344,purchase,2024-12-28,bags,2,894.3
CUST_02942,purchase,2024-09-29,textile,1,384.06
CUST_02590,purchase,2024-11-07,slg,3,182.37
CUST_00712,purchase,2024-09-30,textile,2,565.68
CUST_03308,purchase,2024-06-27,bags,1,1475.25
CUST_01514,purchase,2024-06-08,textile,3,689.91
CUST_02922,purchase,2024-07-10,shoes,1,1873.27
CUST_03486,purchase,2024-07-04,bags,2,1358.5
CUST_01719,purchase,2024-12-31,bags,3,425.5
CUST_00230,purchase,2024-09-22,bags,2,455.39
CUST_01288,purchase,2024-06-25,textile,3,1328.52
CUST_01137,purchase,2024-07-20,textile,2,763.08
CUST_03021,purchase,2024-06-05,rtw,2,1720.17
CUST_03430,purchase,2024-11-20,rtw,1,295.39
CUST_02906,purchase,2024-07-14,textile,1,1103.4
CUST_02958,purchase,2024-09-02,textile,2,648.47
CUST_00059,purchase,2024-11-18,slg,2,632.55
CUST_01706,purchase,2024-11-18,bags,1,126.39
CUST_00267,purchase,2024-07-20,textile,1,470.16
CUST_00605,purchase,2024-12-04,rtw,1,1659.8
CUST_00344,purchase,2024-07-15,slg,1,1582.44
CUST_00183,purchase,2024-08-10,textile,2,1138.46
CUST_00814,purchase,2024-11-24,textile,2,1823.65
CUST_01677,purchase,2024-07-15,bags,4,493.81
CUST_01275,purchase,2024-08-10,textile,1,1678.48
CUST_01437,purchase,2024-07-01,rtw,3,357.67
CUST_01910,purchase,2024-10-24,bags,3,121.16
CUST_02320,purchase,2024-09-27,bags,1,157.95
CUST_00477,purchase,2024-06-24,shoes,3,881.82
CUST_02989,purchase,2024-10-10,shoes,1,522.18
CUST_01301,purchase,2024-10-30,bags,3,710.12
CUST_03141,purchase,2024-07-14,bags,1,220.75
CUST_00891,purchase,2024-11-11,rtw,2,926.13
CUST_01886,purchase,2024-06-21,shoes,3,406.39
CUST_01261,purchase,2024-11-22,shoes,3,1332.91
CUST_03062,purchase,2024-12-11,shoes,2,1845.94
CUST_01272,purchase,2024-06-14,slg,3,1164.49
CUST_02892,purchase,2024-08-13,shoes,3,1808.0
CUST_01143,purchase,2024-07-06,textile,1,286.67
CUST_01293,purchase,2024-09-14,shoes,4,1683.11
CUST_03422,purchase,2024-07-19,rtw,2,1547.88
CUST_00817,purchase,2024-07-16,rtw,1,549.56
CUST_01063,purchase,2024-11-26,slg,2,711.14
CUST_01084,purchase,2024-06-24,slg,1,658.35
CUST_01455,purchase,2024-10-27,rtw,1,998.53
CUST_01429,purchase,2024-12-15,textile,4,1487.81
CUST_01842,purchase,2024-12-30,shoes,1,205.57
CUST_00151,purchase,2024-12-31,textile,3,1270.6
CUST_01580,purchase,2024-07-10,textile,1,1721.01
CUST_02330,purchase,2024-07-24,slg,4,241.65
CUST_01421,purchase,2024-11-13,rtw,1,276.44
CUST_00850,purchase,2024-08-27,textile,1,973.11
CUST_02260,purchase,2024-12-30,rtw,4,748.64
CUST_00372,purchase,2024-10-10,shoes,2,1622.07
CUST_01058,purchase,2024-07-26,slg,2,1441.1
CUST_01069,purchase,2024-06-09,bags,1,1412.55
CUST_02118,purchase,2024-11-16,shoes,1,386.47
CUST_01947,purchase,2024-07-06,slg,3,1006.99
CUST_02404,purchase,2024-08-22,rtw,5,1420.04
CUST_02310,purchase,2024-09-05,textile,2,414.56
CUST_00139,purchase,2024-08-22,bags,4,149.46
CUST_02579,purchase,2024-08-31,bags,1,899.22
CUST_00651,purchase,2024-09-16,slg,3,1085.85
CUST_01371,purchase,2024-08-26,bags,2,1737.54
CUST_00767,purchase,2024-08-31,rtw,3,417.52
CUST_00667,purchase,2024-09-28,textile,2,1308.99
CUST_00763,purchase,2024-10-07,bags,3,664.03
CUST_01799,purchase,2024-12-25,textile,1,643.15
CUST_01870,purchase,2024-10-30,textile,1,1048.95
CUST_02845,purchase,2024-09-20,slg,3,745.92
CUST_01940,purchase,2024-12-31,shoes,1,298.17
CUST_01035,purchase,2024-12-03,rtw,1,668.71
CUST_02462,purchase,2024-11-05,slg,3,1518.66
CUST_02780,purchase,2024-11-12,rtw,1,1800.44
CUST_00165,purchase,2024-07-30,textile,1,464.99
CUST_00442,purchase,2024-09-16,slg,1,688.39
CUST_03171,purchase,2024-08-08,textile,4,1194.11
CUST_01642,purchase,2024-10-30,bags,4,1371.45
CUST_00672,purchase,2024-10-10,shoes,2,480.87
CUST_01232,purchase,2024-10-31,textile,3,1961.79
CUST_00813,purchase,2025-01-29,shoes,1,891.73
CUST_00533,purchase,2024-11-17,rtw,2,642.22
CUST_03230,purchase,2024-06-14,bags,2,1090.41
CUST_01267,purchase,2025-03-12,shoes,2,1640.5
CUST_03283,purchase,2024-11-10,slg,2,1537.21
CUST_01622,purchase,2024-07-13,slg,1,433.12
CUST_00004,purchase,2024-11-16,shoes,3,174.43
CUST_00821,purchase,2024-07-15,rtw,3,1044.04
CUST_01260,purchase,2024-06-21,shoes,1,744.64
CUST_00968,purchase,2024-07-23,slg,2,495.55
CUST_00370,purchase,2024-12-03,shoes,2,1202.78
CUST_00632,purchase,2024-11-23,textile,1,907.82
CUST_03464,purchase,2024-12-16,rtw,1,1302.71
CUST_00021,purchase,2025-01-12,shoes,2,153.51
CUST_01412,purchase,2024-06-26,slg,2,1211.58
CUST_02253,purchase,2024-11-23,slg,2,1909.55
CUST_02863,purchase,2024-07-25,slg,3,1851.4
CUST_02738,purchase,2024-10-31,slg,1,1671.92
CUST_02893,purchase,2024-08-02,bags,2,696.25
CUST_01588,purchase,2024-07-03,rtw,3,1604.47
CUST_03126,purchase,2024-07-05,slg,1,435.17
CUST_03168,purchase,2024-08-23,rtw,2,1668.92
CUST_03358,purchase,2025-02-15,slg,3,1193.2
CUST_02446,purchase,2024-11-25,textile,1,832.35
CUST_00294,purchase,2024-08-28,slg,2,1639.45
CUST_02744,purchase,2024-12-07,textile,1,165.53
CUST_00111,purchase,2024-07-27,textile,1,1517.17
CUST_00730,purchase,2024-12-14,shoes,1,1342.88
CUST_01512,purchase,2024-09-01,rtw,2,1002.35
CUST_02054,purchase,2024-12-28,bags,3,448.31
CUST_02501,purchase,2025-02-06,slg,1,1372.08
CUST_00317,purchase,2024-11-13,shoes,4,964.81
CUST_00566,purchase,2024-10-06,shoes,3,944.44
CUST_00182,purchase,2024-07-25,rtw,2,1012.97
CUST_01784,purchase,2024-06-24,rtw,3,717.11
CUST_01574,purchase,2024-11-15,shoes,1,1834.2
CUST_01744,purchase,2024-10-25,rtw,4,1425.23
CUST_01275,purchase,2024-09-08,slg,2,1252.72
CUST_00143,purchase,2024-08-06,slg,3,1453.05
CUST_00736,purchase,2024-07-12,slg,2,1382.92
CUST_02795,purchase,2024-10-11,bags,1,642.14
CUST_01905,purchase,2024-12-24,bags,1,417.27
CUST_01419,purchase,2025-03-11,bags,2,1002.0
CUST_02687,purchase,2024-09-12,bags,1,1202.44
CUST_00659,purchase,2024-08-21,shoes,2,1245.74
CUST_02354,purchase,2024-10-08,slg,2,1450.27
CUST_02812,purchase,2024-09-25,bags,1,333.03
CUST_01992,purchase,2024-11-15,slg,2,1660.59
CUST_01731,purchase,2024-12-15,bags,1,287.44
CUST_01241,purchase,2024-09-17,rtw,2,1486.78
CUST_03040,purchase,2024-11-10,bags,1,1699.34
CUST_02473,purchase,2024-12-24,slg,3,1097.21
CUST_02057,purchase,2024-09-04,slg,1,719.61
CUST_02917,purchase,2024-08-25,textile,1,1978.87
CUST_01495,purchase,2024-06-29,shoes,1,1308.21
CUST_01737,purchase,2024-10-15,slg,1,1341.17
CUST_02764,purchase,2024-06-21,shoes,1,1592.01
CUST_00029,purchase,2024-08-26,textile,1,1800.79
CUST_01057,purchase,2024-07-21,textile,3,496.28
CUST_03330,purchase,2024-11-05,slg,2,396.27
CUST_01782,purchase,2024-06-13,slg,2,521.94
CUST_01154,purchase,2024-06-11,bags,2,367.06
CUST_02006,purchase,2024-09-26,rtw,2,1495.58
CUST_00206,purchase,2024-11-01,rtw,1,1279.17
CUST_01034,purchase,2024-09-17,rtw,2,541.35
CUST_02765,purchase,2024-08-15,bags,1,1710.61
CUST_02224,purchase,2024-08-08,shoes,1,1394.07
CUST_01202,purchase,2024-08-31,slg,3,609.72
CUST_00072,purchase,2024-09-23,rtw,4,1705.59
CUST_01220,purchase,2024-10-08,bags,2,1239.2
CUST_02441,purchase,2024-06-29,rtw,2,1634.48
CUST_02998,purchase,2024-06-10,textile,1,1068.91
CUST_03026,purchase,2024-09-10,shoes,1,749.97
CUST_00718,purchase,2024-06-22,textile,3,446.43
CUST_00388,purchase,2024-07-03,shoes,2,300.54
CUST_02593,purchase,2024-10-05,slg,1,143.47
CUST_01126,purchase,2024-08-28,slg,2,452.54
CUST_02823,purchase,2024-11-06,shoes,2,1839.1
CUST_03382,purchase,2025-03-10,textile,2,1929.65
CUST_02331,purchase,2025-01-20,bags,1,954.95
CUST_00314,purchase,2024-08-23,rtw,1,1484.0
CUST_00157,purchase,2024-07-08,textile,2,297.99
CUST_02965,purchase,2025-02-21,bags,2,361.81
CUST_01565,purchase,2024-11-02,bags,3,625.22
CUST_01384,purchase,2024-11-11,rtw,2,1271.78
CUST_01731,purchase,2025-01-10,bags,3,707.83
CUST_00754,purchase,2024-12-09,rtw,1,1903.56
CUST_02956,purchase,2024-11-15,bags,2,1372.43
CUST_03428,purchase,2024-09-19,bags,2,456.59
CUST_03251,purchase,2024-07-20,textile,1,882.73
CUST_01069,purchase,2024-08-17,textile,3,488.27
CUST_02106,purchase,2024-10-17,shoes,2,1262.52
CUST_02844,purchase,2024-12-22,bags,2,282.78
CUST_01533,purchase,2025-02-04,slg,3,1086.57
CUST_00882,purchase,2024-12-12,slg,1,1125.84
CUST_01126,purchase,2024-12-09,shoes,2,1719.2
CUST_01134,purchase,2024-12-31,bags,2,120.76
CUST_02477,purchase,2024-09-11,shoes,2,1651.45
CUST_02778,purchase,2024-08-12,rtw,1,120.5
CUST_00021,purchase,2024-09-13,shoes,1,1972.8
CUST_00077,purchase,2024-12-18,slg,1,306.77
CUST_02692,purchase,2024-07-04,rtw,1,689.65
CUST_01094,purchase,2024-09-27,textile,1,1071.83
CUST_03237,purchase,2024-11-10,rtw,1,1086.69
CUST_00398,purchase,2024-07-27,shoes,1,916.73
CUST_00075,purchase,2024-11-29,rtw,2,857.62
CUST_00906,purchase,2024-06-17,textile,1,556.68
CUST_01179,purchase,2025-02-04,textile,2,1298.33
CUST_03388,purchase,2024-09-26,textile,1,642.85
CUST_01724,purchase,2024-11-10,textile,1,1126.96
CUST_01347,purchase,2024-10-17,slg,2,1593.43
CUST_01949,purchase,2025-01-26,bags,1,1952.3
CUST_01405,purchase,2024-08-27,rtw,1,1568.83
CUST_01419,purchase,2024-12-28,slg,2,240.92
CUST_00622,purchase,2024-09-27,slg,2,1987.0
CUST_00863,purchase,2024-10-15,shoes,2,1296.9
CUST_02757,purchase,2024-09-08,rtw,2,418.78
CUST_01651,purchase,2024-06-09,textile,3,508.1
CUST_00322,purchase,2024-11-09,slg,1,1070.74
CUST_02300,purchase,2024-08-28,bags,1,964.52
CUST_00851,purchase,2024-12-09,textile,1,720.78
CUST_01513,purchase,2024-10-30,rtw,1,1790.45
CUST_03076,purchase,2024-08-20,slg,1,1538.11
CUST_02763,purchase,2024-09-28,bags,1,1001.35
CUST_00639,purchase,2024-11-07,textile,1,1423.24
CUST_00683,purchase,2024-11-07,rtw,2,560.21
CUST_02314,purchase,2024-11-07,slg,2,1315.7
CUST_03134,purchase,2024-06-06,rtw,1,1278.26
CUST_02280,purchase,2024-11-20,slg,2,1333.3
CUST_00962,purchase,2024-12-20,textile,2,771.43
CUST_00540,purchase,2024-09-05,textile,2,1919.46
CUST_03481,purchase,2024-07-02,bags,2,1663.44
CUST_01621,purchase,2024-07-26,shoes,1,1233.92
CUST_00454,purchase,2024-10-25,rtw,1,1493.47
CUST_00732,purchase,2024-07-11,slg,3,582.04
CUST_02254,purchase,2024-09-13,rtw,2,741.55
CUST_03078,purchase,2024-07-26,slg,3,543.82
CUST_02455,purchase,2024-08-11,rtw,3,151.12
CUST_03156,purchase,2024-09-01,bags,3,1230.56
CUST_02721,purchase,2024-11-23,rtw,2,1524.56
CUST_02058,purchase,2024-12-12,textile,2,1082.52
CUST_01607,purchase,2024-07-28,slg,1,1252.35
CUST_02027,purchase,2024-12-11,slg,3,222.5
CUST_01173,purchase,2024-12-29,slg,4,749.86
CUST_00643,purchase,2024-07-16,slg,1,1687.47
CUST_01182,purchase,2024-06-01,textile,3,341.53
CUST_03400,purchase,2024-11-26,slg,2,1420.1
CUST_02688,purchase,2024-07-15,bags,1,864.5
CUST_01571,purchase,2024-10-27,slg,1,1259.27
CUST_01714,purchase,2024-09-14,shoes,3,857.52
CUST_02607,purchase,2024-06-08,textile,1,1820.04
CUST_00919,purchase,2024-07-06,textile,1,721.13
CUST_02540,purchase,2024-10-07,bags,3,486.72
CUST_02456,purchase,2024-12-23,slg,2,571.68
CUST_00094,purchase,2024-08-23,textile,1,400.48
CUST_01024,purchase,2024-07-13,textile,3,1913.22
CUST_02563,purchase,2024-09-29,bags,1,111.24
CUST_01517,purchase,2024-06-06,textile,2,1007.54
CUST_03236,purchase,2024-11-15,slg,1,963.43
CUST_02262,purchase,2024-10-09,shoes,1,621.67
CUST_03483,purchase,2024-10-16,slg,1,731.8
CUST_01512,purchase,2024-12-03,shoes,1,686.67
CUST_00718,purchase,2024-10-21,shoes,6,945.86
CUST_01322,purchase,2024-07-04,rtw,3,1409.82
CUST_00266,purchase,2024-06-08,shoes,1,744.78
CUST_02366,purchase,2024-09-27,slg,1,565.46
CUST_01004,purchase,2024-11-23,textile,1,1773.35
CUST_01818,purchase,2024-08-01,shoes,1,264.11
CUST_01890,purchase,2024-10-07,bags,1,1156.43
CUST_03292,purchase,2024-11-02,rtw,2,289.28
CUST_00653,purchase,2024-08-02,slg,2,659.32
CUST_02958,purchase,2024-06-18,bags,1,906.51
CUST_03067,purchase,2024-06-09,slg,1,1839.13
CUST_02129,purchase,2024-09-29,slg,1,545.68
CUST_00289,purchase,2024-12-18,slg,3,1950.15
CUST_01066,purchase,2024-12-01,textile,2,966.47
CUST_00496,purchase,2024-12-01,textile,1,385.04
CUST_02651,purchase,2024-10-15,bags,1,1202.17
CUST_01797,purchase,2024-10-02,bags,2,761.01
CUST_01200,purchase,2024-12-25,slg,2,1528.07
CUST_03393,purchase,2024-12-28,bags,1,1214.07
CUST_01489,purchase,2025-01-08,textile,2,412.88
CUST_02578,purchase,2024-11-14,slg,1,909.51
CUST_01756,purchase,2024-12-19,bags,4,974.33
CUST_00425,purchase,2024-07-08,rtw,2,1642.73
CUST_03105,purchase,2024-12-29,textile,3,1903.16
CUST_03087,purchase,2024-12-20,bags,2,1850.86
CUST_02958,purchase,2024-07-14,rtw,2,816.34
CUST_01692,purchase,2024-11-16,rtw,1,1214.36
CUST_00582,purchase,2024-08-02,slg,1,969.44
CUST_00861,purchase,2024-08-07,bags,2,157.81
CUST_01352,purchase,2024-11-12,bags,2,894.08
CUST_01877,purchase,2024-12-20,slg,2,106.78
CUST_03083,purchase,2024-08-02,rtw,2,909.55
CUST_01403,purchase,2024-08-15,slg,3,1066.19
CUST_01355,purchase,2024-12-19,slg,4,434.25
CUST_02866,purchase,2024-10-28,textile,2,1256.32
CUST_01128,purchase,2024-10-31,bags,1,223.41
CUST_03119,purchase,2024-07-06,shoes,2,659.48
CUST_02138,purchase,2024-08-13,bags,2,444.78
CUST_00906,purchase,2024-09-03,textile,2,960.26
CUST_01486,purchase,2024-11-30,rtw,2,1356.53
CUST_01257,purchase,2024-12-01,shoes,1,845.34
CUST_02326,purchase,2024-11-10,rtw,2,1220.56
CUST_01947,purchase,2024-11-30,slg,1,295.13
CUST_02758,purchase,2024-08-15,shoes,2,315.4
CUST_03047,purchase,2024-12-24,shoes,2,327.95
CUST_00601,purchase,2024-11-05,rtw,1,422.19
CUST_01574,purchase,2024-08-05,shoes,1,1615.89
CUST_00115,purchase,2024-07-25,textile,2,1906.19
CUST_01241,purchase,2024-10-08,textile,2,620.68
CUST_00050,purchase,2024-08-06,rtw,1,1047.61
CUST_02954,purchase,2024-10-09,textile,1,1080.52
CUST_01663,purchase,2024-10-01,textile,4,320.21
CUST_00698,purchase,2024-08-28,shoes,2,261.37
CUST_02405,purchase,2024-10-07,rtw,2,1536.68
CUST_02144,purchase,2024-09-04,slg,1,1959.56
CUST_01988,purchase,2024-11-13,shoes,2,1066.86
CUST_02152,purchase,2024-10-02,shoes,3,1018.54
CUST_01983,purchase,2024-09-06,bags,2,1897.78
CUST_02740,purchase,2024-06-17,rtw,1,220.5
CUST_00921,purchase,2024-08-19,shoes,1,1728.83
CUST_00919,purchase,2024-11-04,rtw,4,1146.17
CUST_02493,purchase,2024-12-17,bags,1,381.64
CUST_02663,purchase,2024-07-21,rtw,2,1160.29
CUST_02044,purchase,2024-10-24,textile,2,161.01
CUST_02616,purchase,2024-06-04,textile,1,1471.03
CUST_00936,purchase,2024-12-07,shoes,1,1339.18
CUST_01490,purchase,2024-11-18,bags,4,1271.18
CUST_01633,purchase,2025-02-15,bags,1,834.13
CUST_01350,purchase,2024-10-11,bags,3,435.41
CUST_01112,purchase,2024-10-20,textile,2,1658.91
CUST_03468,purchase,2024-12-07,textile,2,177.15
CUST_00326,purchase,2024-12-22,bags,1,1789.23
CUST_01830,purchase,2024-10-24,textile,3,1329.57
CUST_01016,purchase,2024-08-02,rtw,2,684.07
CUST_03266,purchase,2024-12-07,shoes,3,1678.27
CUST_02826,purchase,2024-11-14,shoes,2,247.65
CUST_00936,purchase,2024-11-26,slg,4,368.61
CUST_00727,purchase,2024-06-11,textile,1,755.56
CUST_01089,purchase,2024-10-20,rtw,3,1547.98
CUST_00375,purchase,2024-12-08,shoes,2,1131.54
CUST_03004,purchase,2024-12-30,bags,2,1804.99
CUST_00543,purchase,2024-12-27,rtw,1,245.3
CUST_00250,purchase,2024-07-24,shoes,1,1690.31
CUST_01000,purchase,2024-10-28,textile,2,1109.34
CUST_01955,purchase,2024-10-10,bags,3,1623.86
CUST_02200,purchase,2024-12-18,bags,1,1308.99
CUST_01307,purchase,2024-12-20,bags,3,1248.02
CUST_00805,purchase,2024-10-01,bags,2,302.76
CUST_01811,purchase,2024-06-22,slg,1,1690.28
CUST_00809,purchase,2024-06-26,textile,2,1674.12
CUST_02415,purchase,2024-07-26,textile,1,1287.07
CUST_01996,purchase,2024-08-16,textile,3,1515.94
CUST_00040,purchase,2024-11-04,slg,2,1108.45
CUST_00457,purchase,2024-12-02,slg,2,1221.05
CUST_03185,purchase,2024-11-12,shoes,2,1421.72
CUST_02413,purchase,2024-12-24,textile,3,1669.2
CUST_03095,purchase,2024-09-25,bags,1,1282.18
CUST_01032,purchase,2024-12-11,slg,2,1714.42
CUST_02464,purchase,2024-08-09,slg,3,870.33
CUST_02586,purchase,2024-07-16,rtw,2,1201.25
CUST_02078,purchase,2024-10-02,textile,1,514.0
CUST_01163,purchase,2024-11-13,rtw,2,1972.96
CUST_01083,purchase,2024-10-15,shoes,2,169.0
CUST_01398,purchase,2024-08-10,textile,2,1122.85
CUST_02061,purchase,2024-08-19,slg,2,1322.27
CUST_00457,purchase,2024-12-11,shoes,2,1049.21
CUST_01998,purchase,2024-06-02,rtw,2,415.03
CUST_02088,purchase,2024-11-17,slg,1,503.52
CUST_00669,purchase,2024-07-16,bags,1,817.4
CUST_03115,purchase,2024-09-19,rtw,2,1247.26
CUST_00388,purchase,2024-09-22,rtw,4,142.57
CUST_02613,purchase,2025-02-19,textile,2,490.69
CUST_03370,purchase,2024-07-17,shoes,2,1684.2
CUST_03190,purchase,2024-06-28,shoes,4,1484.9
CUST_00874,purchase,2024-08-18,textile,1,1367.01
CUST_01251,purchase,2024-08-21,textile,1,1440.61
CUST_01933,purchase,2024-06-27,rtw,2,278.27
CUST_02497,purchase,2024-07-24,textile,1,918.07
CUST_02753,purchase,2024-07-10,rtw,1,1633.15
CUST_00641,purchase,2024-07-20,slg,2,1462.37
CUST_03219,purchase,2024-07-14,shoes,1,771.09
CUST_02500,purchase,2024-11-17,shoes,3,373.2
CUST_01334,purchase,2024-10-11,slg,1,768.04
CUST_02677,purchase,2024-10-31,slg,1,1370.19
CUST_03194,purchase,2025-01-10,rtw,2,1169.66
CUST_00937,purchase,2024-08-07,slg,1,1060.98
CUST_03418,purchase,2024-08-17,rtw,3,265.31
CUST_00594,purchase,2024-08-18,rtw,2,409.52
CUST_02977,purchase,2024-12-11,rtw,1,1161.93
CUST_01843,purchase,2024-11-22,slg,1,1995.11
CUST_02308,purchase,2024-09-09,slg,2,1294.81
CUST_00024,purchase,2024-12-13,slg,1,1038.76
CUST_00227,purchase,2024-10-06,rtw,2,1612.56
CUST_02646,purchase,2024-12-24,shoes,1,1818.18
CUST_01872,purchase,2024-12-14,rtw,2,443.14
CUST_00080,purchase,2024-12-27,shoes,1,732.01
CUST_00855,purchase,2024-11-17,rtw,2,1837.28
CUST_01208,purchase,2024-12-31,rtw,1,630.62
CUST_00097,purchase,2024-08-22,slg,1,587.68
CUST_03240,purchase,2024-10-05,rtw,3,1756.34
CUST_02286,purchase,2024-10-22,shoes,4,1052.73
CUST_03267,purchase,2024-07-26,textile,2,1159.08
CUST_02061,purchase,2024-09-21,rtw,4,1420.76
CUST_00438,purchase,2024-06-20,shoes,3,521.14
CUST_00658,purchase,2024-08-23,slg,1,1959.39
CUST_02955,purchase,2024-10-30,slg,1,988.7
CUST_00189,purchase,2024-12-17,slg,2,1585.77
CUST_02818,purchase,2024-11-28,slg,3,1171.94
CUST_01024,purchase,2024-08-11,textile,5,144.05
CUST_02401,purchase,2024-09-05,bags,4,1315.65
CUST_00416,purchase,2024-06-15,rtw,1,956.23
CUST_01131,purchase,2024-10-16,rtw,2,544.9
CUST_01795,purchase,2024-08-12,bags,2,1359.84
CUST_01933,purchase,2024-07-05,bags,3,519.22
CUST_01330,purchase,2024-12-16,slg,2,414.99
CUST_03377,purchase,2024-07-09,shoes,2,185.17
CUST_02416,purchase,2024-08-16,textile,1,1637.9
CUST_00820,purchase,2024-10-22,bags,2,635.71
CUST_01796,purchase,2024-08-02,rtw,2,1672.04
CUST_02346,purchase,2024-10-18,rtw,2,1839.69
CUST_02281,purchase,2024-10-12,rtw,2,1356.67
CUST_02825,purchase,2024-06-06,shoes,2,752.96
CUST_03163,purchase,2024-12-15,bags,2,1449.46
CUST_03220,purchase,2024-11-27,rtw,2,855.92
CUST_03496,purchase,2024-09-01,slg,1,638.59
CUST_03061,purchase,2024-07-25,shoes,1,609.59
CUST_01316,purchase,2024-09-28,shoes,1,1140.6
CUST_01888,purchase,2024-09-01,rtw,2,1895.04
CUST_00816,purchase,2024-11-21,rtw,5,346.1
CUST_01046,purchase,2024-11-02,bags,3,1417.25
CUST_00575,purchase,2024-07-01,slg,2,856.87
CUST_01751,purchase,2024-09-10,slg,5,1832.57
CUST_03270,purchase,2024-06-13,textile,1,1787.15
CUST_00247,purchase,2024-10-10,rtw,1,935.33
CUST_00067,purchase,2024-10-23,slg,3,1389.39
CUST_00132,purchase,2024-10-08,rtw,2,1328.03
CUST_03237,purchase,2024-10-17,slg,1,1418.58
CUST_01158,purchase,2024-10-26,rtw,1,1142.67
CUST_02599,purchase,2024-06-18,bags,2,1079.85
CUST_02316,purchase,2024-06-24,textile,5,845.07
CUST_03198,purchase,2024-06-29,textile,1,782.28
CUST_00649,purchase,2024-12-22,textile,2,977.01
CUST_03467,purchase,2024-06-23,textile,1,620.85
CUST_01919,purchase,2024-11-04,shoes,1,1266.23
CUST_03080,purchase,2024-06-19,slg,2,1139.09
CUST_03350,purchase,2024-08-10,slg,4,772.37
CUST_01849,purchase,2024-12-30,shoes,2,389.98
CUST_02665,purchase,2024-12-12,bags,2,115.58
CUST_00745,purchase,2024-11-13,textile,3,904.64
CUST_01392,purchase,2024-09-25,textile,2,306.55
CUST_03200,purchase,2024-11-25,slg,1,1448.06
CUST_00088,purchase,2024-09-11,textile,2,1185.89
CUST_01204,purchase,2024-06-02,textile,2,285.17
CUST_03393,purchase,2024-09-08,bags,4,1537.31
CUST_00035,purchase,2024-07-28,rtw,2,1791.18
CUST_01750,purchase,2024-07-09,rtw,1,361.99
CUST_00913,purchase,2024-10-28,rtw,1,1468.84
CUST_02181,purchase,2024-09-26,shoes,4,1166.15
CUST_03154,purchase,2024-12-28,textile,3,1917.03
CUST_01453,purchase,2024-12-01,textile,1,1551.6
CUST_00626,purchase,2024-07-19,shoes,3,248.45
CUST_00845,purchase,2024-08-18,shoes,1,1226.62
CUST_00414,purchase,2024-06-07,textile,3,229.29
CUST_02466,purchase,2024-06-11,shoes,1,115.34
CUST_02213,purchase,2024-08-29,bags,4,136.67
CUST_01342,purchase,2024-08-20,shoes,1,1216.76
CUST_02696,purchase,2024-07-24,shoes,2,330.99
CUST_01241,purchase,2024-07-12,slg,3,1644.98
CUST_01111,purchase,2024-07-30,shoes,1,1858.91
CUST_03164,purchase,2024-08-30,bags,1,254.57
CUST_00563,purchase,2024-09-21,bags,1,456.9
CUST_03417,purchase,2024-09-05,bags,2,1032.75
CUST_01819,purchase,2024-12-08,shoes,2,153.05
CUST_01559,purchase,2024-06-13,slg,3,953.44
CUST_01797,purchase,2024-09-11,shoes,2,1198.18
CUST_00843,purchase,2024-12-15,slg,2,368.3
CUST_02418,purchase,2025-02-09,bags,2,563.68
CUST_00381,purchase,2024-07-15,textile,3,1757.88
CUST_02369,purchase,2024-12-03,textile,2,912.23
CUST_00499,purchase,2024-07-12,shoes,2,990.65
CUST_00493,purchase,2024-10-04,textile,2,1255.82
CUST_01468,purchase,2024-12-09,rtw,2,879.39
CUST_01701,purchase,2024-10-27,shoes,3,910.52
CUST_00372,purchase,2024-12-22,textile,2,492.93
CUST_01474,purchase,2024-11-30,rtw,1,534.29
CUST_02084,purchase,2024-06-29,slg,2,437.13
CUST_00067,purchase,2024-06-02,slg,1,1398.36
CUST_03291,purchase,2024-12-13,slg,3,1174.27
CUST_00410,purchase,2024-08-30,rtw,1,690.02
CUST_01270,purchase,2024-06-17,slg,3,933.25
CUST_03473,purchase,2025-02-06,rtw,1,847.06
CUST_00940,purchase,2024-10-30,bags,2,1880.24
CUST_02665,purchase,2024-11-12,slg,3,1356.22
CUST_01931,purchase,2024-06-05,rtw,2,1265.59
CUST_02989,purchase,2024-11-13,rtw,1,323.75
CUST_00186,purchase,2024-07-07,shoes,2,1927.19
CUST_00727,purchase,2024-10-23,bags,2,1717.36
CUST_00525,purchase,2024-10-11,shoes,1,370.29
CUST_00575,purchase,2024-11-25,slg,1,1808.33
CUST_03123,purchase,2024-06-10,bags,1,725.52
CUST_02443,purchase,2024-12-23,shoes,4,1870.71
CUST_03031,purchase,2024-11-17,rtw,1,398.02
CUST_01523,purchase,2024-11-06,slg,3,1027.18
CUST_03373,purchase,2024-07-11,slg,4,1747.2
CUST_00707,purchase,2024-07-15,textile,2,1541.57
CUST_00621,purchase,2024-12-07,shoes,2,765.32
CUST_01496,purchase,2024-06-29,shoes,2,381.93
CUST_00123,purchase,2024-12-26,shoes,1,161.01
CUST_01254,purchase,2024-11-11,rtw,2,336.05
CUST_03447,purchase,2024-08-07,textile,3,543.84
CUST_01316,purchase,2024-06-08,bags,2,1883.32
CUST_01359,purchase,2024-06-08,slg,1,514.33
CUST_00141,purchase,2024-12-21,shoes,1,261.93
CUST_01670,purchase,2024-06-12,textile,7,495.85
CUST_01545,purchase,2024-12-13,textile,2,1762.07
CUST_02960,purchase,2025-01-31,shoes,3,1462.88
CUST_00648,purchase,2024-06-26,bags,2,1861.15
CUST_01429,purchase,2024-07-28,bags,2,1767.95
CUST_01720,purchase,2024-06-17,bags,2,1101.65
CUST_01949,purchase,2024-09-27,slg,1,1043.67
CUST_02199,purchase,2024-09-21,shoes,1,1863.11
CUST_02471,purchase,2024-12-25,bags,1,972.71
CUST_01276,purchase,2024-09-30,slg,4,633.39
CUST_01053,purchase,2024-07-03,rtw,1,271.26
CUST_02689,purchase,2024-10-17,rtw,2,1368.79
CUST_02514,purchase,2024-11-19,bags,1,982.23
CUST_01958,purchase,2024-10-05,textile,3,857.65
CUST_00804,purchase,2024-07-03,shoes,1,243.94
CUST_02109,purchase,2024-07-04,shoes,2,213.62
CUST_00924,purchase,2024-11-16,bags,3,201.51
CUST_03045,purchase,2024-06-25,slg,1,995.54
CUST_01157,purchase,2024-11-05,bags,3,1303.63
CUST_01024,purchase,2024-07-28,rtw,2,1622.72
CUST_00757,purchase,2024-12-04,rtw,1,379.3
CUST_01347,purchase,2024-11-29,slg,2,658.66
CUST_02738,purchase,2024-10-30,textile,4,769.33
CUST_02118,purchase,2024-10-26,rtw,1,1127.97
CUST_03113,purchase,2024-07-04,rtw,1,1408.98
CUST_01729,purchase,2024-09-04,shoes,1,213.4
CUST_02374,purchase,2024-12-06,bags,4,891.98
CUST_03064,purchase,2024-12-22,slg,1,681.32
CUST_02589,purchase,2024-06-13,shoes,2,669.95
CUST_00747,purchase,2024-06-04,shoes,1,1002.44
CUST_02600,purchase,2024-06-09,shoes,1,273.37
CUST_00664,purchase,2024-09-10,rtw,2,1121.28
CUST_00048,purchase,2024-10-25,slg,2,1603.14
CUST_01982,purchase,2024-08-28,shoes,1,941.89
CUST_02576,purchase,2024-12-27,textile,3,401.62
CUST_01662,purchase,2024-09-24,shoes,2,1010.78
CUST_01857,purchase,2024-11-07,rtw,1,1051.57
CUST_02236,purchase,2024-09-21,bags,1,1513.68
CUST_03052,purchase,2024-08-11,textile,2,1790.27
CUST_01382,purchase,2024-08-26,shoes,2,186.72
CUST_01046,purchase,2024-08-27,slg,2,1824.47
CUST_03163,purchase,2024-10-19,slg,1,174.29
CUST_02717,purchase,2024-06-25,rtw,3,1460.46
CUST_03127,purchase,2024-10-11,rtw,1,1432.65
CUST_00259,purchase,2024-10-04,rtw,2,553.66
CUST_01748,purchase,2024-11-12,bags,1,183.28
CUST_02226,purchase,2024-07-03,bags,1,1621.3
CUST_00931,purchase,2024-09-26,bags,1,1037.1
CUST_00493,purchase,2024-10-19,rtw,3,121.99
CUST_00518,purchase,2024-10-08,rtw,2,1552.83
CUST_01854,purchase,2024-09-20,textile,1,1380.96
CUST_00340,purchase,2024-10-08,shoes,3,607.47
CUST_01629,purchase,2024-12-27,textile,2,444.89
CUST_00799,purchase,2024-07-07,shoes,3,1341.54
CUST_03179,purchase,2024-06-05,shoes,2,1281.33
CUST_03005,purchase,2024-12-08,rtw,3,1354.11
CUST_02153,purchase,2024-11-25,shoes,2,1267.29
CUST_02306,purchase,2024-10-06,textile,1,819.28
CUST_00193,purchase,2024-12-22,textile,1,786.21
CUST_01486,purchase,2024-10-17,shoes,2,1150.19
CUST_02842,purchase,2024-10-14,shoes,1,1307.19
CUST_01534,purchase,2024-07-11,bags,2,1064.97
CUST_02787,purchase,2024-07-13,textile,2,794.73
CUST_00927,purchase,2024-12-10,shoes,2,802.82
CUST_02216,purchase,2024-11-04,slg,2,1064.53
CUST_00829,purchase,2024-08-11,bags,3,1982.07
CUST_01642,purchase,2024-08-15,slg,2,573.28
CUST_02138,purchase,2024-12-12,slg,3,1356.8
CUST_01917,purchase,2024-08-22,shoes,1,837.49
CUST_02956,purchase,2024-08-16,bags,1,1440.71
CUST_00307,purchase,2024-08-04,textile,1,462.36
CUST_02737,purchase,2024-08-19,shoes,2,1502.68
CUST_03005,purchase,2025-02-04,textile,1,1822.94
CUST_00274,purchase,2024-06-16,slg,1,194.53
CUST_00575,purchase,2024-07-07,slg,1,321.26
CUST_03369,purchase,2024-07-12,shoes,1,1356.55
CUST_01603,purchase,2024-12-19,shoes,3,1538.07
CUST_02647,purchase,2024-09-16,slg,1,1282.38
CUST_02423,purchase,2024-07-20,shoes,3,211.57
CUST_03418,purchase,2024-08-29,bags,3,1184.61
CUST_00927,purchase,2024-08-10,shoes,1,1924.09
CUST_01645,purchase,2024-07-02,textile,1,228.38
CUST_02754,purchase,2024-07-09,shoes,1,911.82
CUST_01817,purchase,2024-07-07,rtw,1,1514.83
CUST_03116,purchase,2024-08-23,bags,2,1294.67
CUST_02609,purchase,2024-07-01,textile,1,834.47
CUST_01275,purchase,2024-10-13,bags,1,534.38
CUST_03161,purchase,2024-11-08,textile,2,1735.35
CUST_01930,purchase,2024-07-30,slg,5,1041.22
CUST_01224,purchase,2024-12-28,bags,1,1459.59
CUST_02217,purchase,2024-12-08,textile,3,689.48
CUST_01862,purchase,2024-07-10,bags,1,1631.4
CUST_03090,purchase,2025-03-04,rtw,1,965.73
CUST_01115,purchase,2024-06-11,slg,2,880.51
CUST_03433,purchase,2024-08-05,bags,2,1068.74
CUST_02568,purchase,2024-09-28,slg,4,642.47
CUST_02397,purchase,2024-07-14,slg,2,960.51
CUST_03107,purchase,2024-12-10,shoes,1,763.54
CUST_02142,purchase,2024-10-09,bags,1,1513.27
CUST_02998,purchase,2024-11-02,textile,2,644.37
CUST_01486,purchase,2024-08-01,slg,2,733.84
CUST_03428,purchase,2024-11-27,slg,3,1128.09
CUST_01728,purchase,2024-06-15,bags,3,906.5
CUST_03154,purchase,2024-08-11,rtw,1,140.91
CUST_01031,purchase,2025-03-10,textile,1,1955.29
CUST_01347,purchase,2024-09-16,rtw,1,1876.56
CUST_01461,purchase,2024-06-22,bags,1,1869.46
CUST_00415,purchase,2024-11-30,slg,2,1205.64
CUST_00995,purchase,2024-10-28,slg,1,827.99
CUST_00907,purchase,2024-10-30,slg,2,1361.81
CUST_02727,purchase,2024-08-08,bags,2,1856.29
CUST_03199,purchase,2024-12-29,slg,2,128.33
CUST_02297,purchase,2024-11-03,textile,2,628.02
CUST_01540,purchase,2024-12-15,textile,1,1388.83
CUST_02735,purchase,2024-09-06,bags,2,1780.55
CUST_02465,purchase,2024-06-28,textile,2,1398.89
CUST_03434,purchase,2024-12-21,bags,1,989.69
CUST_02358,purchase,2024-06-25,bags,1,178.72
CUST_03130,purchase,2024-08-01,rtw,1,386.4
CUST_02377,purchase,2025-03-07,textile,3,146.76
CUST_01728,purchase,2024-12-26,slg,2,753.43
CUST_02943,purchase,2024-12-08,bags,3,1477.38
CUST_01423,purchase,2024-11-13,slg,1,1468.36
CUST_03491,purchase,2024-09-26,textile,1,507.76
CUST_02142,purchase,2024-06-10,slg,3,214.04
CUST_03331,purchase,2024-12-24,slg,4,1706.1
CUST_02741,purchase,2024-06-07,shoes,3,476.19
CUST_02323,purchase,2024-07-17,bags,2,744.59
CUST_02583,purchase,2024-08-24,bags,2,1631.74
CUST_01198,purchase,2024-09-14,bags,1,1013.89
CUST_02987,purchase,2024-11-10,rtw,2,785.94
CUST_01469,purchase,2024-12-27,rtw,4,1607.54
CUST_01444,purchase,2024-08-03,rtw,1,1772.69
CUST_01827,purchase,2024-12-18,bags,4,643.79
CUST_01330,purchase,2024-09-26,rtw,3,1352.35
CUST_03149,purchase,2024-12-21,shoes,3,986.96
CUST_00858,purchase,2024-10-21,textile,5,763.79
CUST_02656,purchase,2024-08-22,slg,1,1322.5
CUST_03086,purchase,2024-08-29,shoes,2,1544.87
CUST_03460,purchase,2024-10-06,bags,1,1435.18
CUST_01368,purchase,2024-08-30,textile,2,884.64
CUST_02205,purchase,2024-12-07,shoes,2,646.06
CUST_01297,purchase,2024-12-30,rtw,1,507.78
CUST_00415,purchase,2024-12-02,bags,2,1653.14
CUST_02620,purchase,2024-11-06,rtw,1,1236.3
CUST_02547,purchase,2024-10-06,shoes,1,1959.06
CUST_03099,purchase,2024-12-18,shoes,3,1456.02
CUST_01085,purchase,2024-11-29,slg,2,1389.14
CUST_01437,purchase,2024-08-26,slg,1,1593.16
CUST_01481,purchase,2024-12-11,shoes,3,802.15
CUST_00691,purchase,2024-08-22,bags,1,332.36
CUST_00457,purchase,2024-07-19,textile,1,831.29
CUST_01272,purchase,2024-10-08,textile,3,994.94
CUST_01214,purchase,2024-12-11,textile,4,1036.49
CUST_02205,purchase,2024-07-16,slg,3,302.61
CUST_02534,purchase,2024-11-26,bags,1,1761.89
CUST_00814,purchase,2024-06-24,bags,1,680.36
CUST_02915,purchase,2024-11-01,slg,3,1655.65
CUST_03491,purchase,2024-08-07,shoes,1,1713.99
CUST_02933,purchase,2024-08-27,textile,2,345.78
CUST_01450,purchase,2024-09-10,shoes,1,1541.61
CUST_01578,purchase,2024-06-27,rtw,1,594.8
CUST_02513,purchase,2025-01-05,bags,1,775.79
CUST_01327,purchase,2024-07-28,slg,1,1727.81
CUST_03384,purchase,2024-06-11,shoes,2,1262.97
CUST_02245,purchase,2024-07-10,rtw,3,1069.64
CUST_00108,purchase,2024-10-05,shoes,3,727.7
CUST_03413,purchase,2024-11-25,shoes,1,1142.81
CUST_01005,purchase,2024-07-28,slg,1,1126.6
CUST_02654,purchase,2024-12-25,shoes,2,238.95
CUST_00596,purchase,2024-06-04,rtw,2,829.06
CUST_00999,purchase,2024-06-06,textile,2,633.28
CUST_01980,purchase,2024-09-21,slg,5,1097.99
CUST_02279,purchase,2024-10-20,textile,2,392.89
CUST_00788,purchase,2024-09-14,shoes,1,1267.79
CUST_03474,purchase,2024-10-11,textile,1,1826.75
CUST_01637,purchase,2024-11-08,textile,2,573.55
CUST_01586,purchase,2024-12-09,rtw,1,212.52
CUST_02895,purchase,2024-12-21,rtw,1,1031.6
CUST_03291,purchase,2024-12-23,rtw,3,912.65
CUST_01767,purchase,2024-12-09,rtw,1,1056.71
CUST_00962,purchase,2024-08-21,textile,1,1779.03
CUST_01463,purchase,2024-06-20,shoes,2,1316.42
CUST_01318,purchase,2024-12-29,shoes,1,1434.85
CUST_03259,purchase,2024-10-16,textile,3,601.12
CUST_00528,purchase,2024-06-25,textile,4,1581.68
CUST_02902,purchase,2025-01-16,textile,2,1677.56
CUST_01285,purchase,2024-06-27,textile,1,752.24
CUST_00934,purchase,2024-12-02,rtw,1,1063.45
CUST_02940,purchase,2024-11-27,textile,3,578.37
CUST_03364,purchase,2024-07-28,slg,2,1196.12
CUST_01103,purchase,2024-10-26,bags,1,1532.02
CUST_01886,purchase,2024-11-06,slg,3,1836.63
CUST_02037,purchase,2025-02-14,slg,3,594.95
CUST_00265,purchase,2024-10-15,bags,3,1804.62
CUST_02294,purchase,2024-09-23,textile,2,1284.05
CUST_02664,purchase,2024-06-15,rtw,2,1016.41
CUST_01953,purchase,2024-11-28,shoes,3,1995.71
CUST_00262,purchase,2024-12-25,rtw,1,1499.79
CUST_00268,purchase,2024-12-02,rtw,1,1693.85
CUST_02334,purchase,2024-08-04,bags,4,360.87
CUST_02923,purchase,2024-11-01,slg,2,420.27
CUST_01765,purchase,2024-11-28,shoes,1,1171.58
CUST_01624,purchase,2024-07-26,slg,1,1760.1
CUST_01270,purchase,2024-10-16,rtw,3,190.52
CUST_01354,purchase,2024-07-30,textile,3,754.31
CUST_03271,purchase,2024-10-09,slg,1,1381.24
CUST_00591,purchase,2024-12-14,textile,2,988.08
CUST_02791,purchase,2024-10-29,rtw,2,1381.29
CUST_00028,purchase,2024-11-04,bags,3,1721.82
CUST_02917,purchase,2024-12-11,rtw,2,429.17
CUST_02407,purchase,2024-07-01,bags,2,1865.01
CUST_02515,purchase,2024-06-17,textile,1,1850.42
CUST_01695,purchase,2025-02-09,shoes,3,1984.26
CUST_03001,purchase,2024-11-14,shoes,1,602.25
CUST_02464,purchase,2024-12-16,shoes,1,1886.9
CUST_03424,purchase,2024-07-17,bags,2,1406.14
CUST_02660,purchase,2024-10-05,bags,3,1449.61
CUST_01360,purchase,2024-06-23,bags,2,308.37
CUST_01653,purchase,2024-10-25,slg,1,810.7
CUST_03297,purchase,2024-12-02,slg,2,1920.27
CUST_02853,purchase,2024-09-30,shoes,1,1545.66
CUST_03471,purchase,2024-08-27,shoes,2,1269.08
CUST_00393,purchase,2024-08-19,rtw,2,1063.83
CUST_00727,purchase,2024-11-29,slg,1,710.31
CUST_01033,purchase,2024-11-02,bags,4,1827.52
CUST_00756,purchase,2024-10-21,slg,1,1532.57
CUST_00822,purchase,2024-11-18,rtw,3,1812.79
CUST_02652,purchase,2024-11-10,bags,1,1369.49
CUST_01392,purchase,2024-11-26,bags,3,121.38
CUST_02146,purchase,2024-08-05,bags,1,714.27
CUST_02483,purchase,2024-06-16,textile,3,1904.69
CUST_00243,purchase,2024-12-09,rtw,1,887.28
CUST_00392,purchase,2024-07-14,bags,1,1734.63
CUST_02168,purchase,2024-06-04,bags,2,1395.57
CUST_01339,purchase,2024-09-07,rtw,1,826.36
CUST_00114,purchase,2024-12-22,textile,2,1764.99
CUST_02308,purchase,2024-10-21,bags,2,560.03
CUST_00707,purchase,2024-07-19,textile,1,758.51
CUST_02041,purchase,2024-07-17,textile,2,1430.87
CUST_00895,purchase,2024-08-28,bags,2,1884.21
CUST_02799,purchase,2024-07-10,textile,1,856.69
CUST_01533,purchase,2024-10-25,shoes,2,513.21
CUST_01806,purchase,2024-11-28,shoes,1,1742.05
CUST_02079,purchase,2024-07-09,slg,3,1064.73
CUST_00125,purchase,2024-11-07,bags,1,241.2
CUST_02202,purchase,2024-12-21,bags,1,1041.61
CUST_03307,purchase,2024-08-19,rtw,1,267.64
CUST_00442,purchase,2024-10-04,shoes,1,797.45
CUST_02418,purchase,2024-10-11,shoes,2,529.06
CUST_00409,purchase,2024-10-06,shoes,1,228.51
CUST_02472,purchase,2024-07-10,textile,1,237.22
CUST_01382,purchase,2024-09-25,textile,2,720.83
CUST_03407,purchase,2024-09-08,slg,1,530.36
CUST_00477,purchase,2024-11-19,textile,1,1971.89
CUST_00269,purchase,2024-08-26,shoes,2,1271.99
CUST_01498,purchase,2024-10-03,shoes,1,298.32
CUST_03349,purchase,2024-10-04,shoes,2,943.11
CUST_03253,purchase,2024-09-12,bags,2,1957.5
CUST_01468,purchase,2024-06-16,slg,3,115.95
CUST_03322,purchase,2025-01-02,textile,3,1972.49
CUST_00405,purchase,2024-10-19,bags,1,663.37
CUST_02718,purchase,2024-11-15,rtw,1,1002.83
CUST_02160,purchase,2024-10-23,textile,2,1821.83
CUST_02877,purchase,2024-10-15,textile,2,1595.37
CUST_01615,purchase,2024-12-11,textile,1,1570.13
CUST_02635,purchase,2024-07-22,rtw,1,633.54
CUST_01313,purchase,2024-07-05,slg,3,1333.0
CUST_03128,purchase,2024-07-21,rtw,2,1671.74
CUST_02566,purchase,2024-09-18,slg,2,765.22
CUST_01783,purchase,2024-09-05,bags,1,534.56
CUST_02009,purchase,2024-06-07,slg,1,443.77
CUST_00428,purchase,2024-08-22,textile,3,753.08
CUST_01983,purchase,2024-11-04,slg,2,1185.16
CUST_01253,purchase,2024-10-06,rtw,1,1102.46
CUST_03158,purchase,2024-12-24,bags,1,1601.97
CUST_02161,purchase,2024-12-30,bags,3,622.25
CUST_00771,purchase,2024-06-23,rtw,4,1908.37
CUST_02407,purchase,2024-12-09,textile,3,860.64
CUST_02224,purchase,2024-07-15,rtw,3,858.45
CUST_03028,purchase,2024-06-13,textile,4,1824.22
CUST_00115,purchase,2024-06-13,rtw,1,375.91
CUST_01577,purchase,2024-07-19,rtw,1,1877.01
CUST_02203,purchase,2024-06-14,slg,2,710.91
CUST_03026,purchase,2024-10-09,textile,1,1638.16
CUST_03479,purchase,2024-07-16,textile,3,1830.32
CUST_01519,purchase,2024-11-22,bags,1,1295.22
CUST_00879,purchase,2024-06-26,slg,1,254.9
CUST_00761,purchase,2024-07-27,rtw,1,1175.26
CUST_00299,purchase,2024-11-30,shoes,2,651.92
CUST_02029,purchase,2024-07-23,textile,2,511.44
CUST_02624,purchase,2024-11-04,bags,2,584.21
CUST_00186,purchase,2024-09-06,shoes,2,834.25
CUST_02824,purchase,2024-06-30,rtw,1,1392.38
CUST_00020,purchase,2024-08-01,rtw,1,1294.85
CUST_00726,purchase,2024-09-08,shoes,1,836.96
CUST_01523,purchase,2024-12-05,bags,3,1254.65
CUST_00639,purchase,2024-07-07,textile,2,985.03
CUST_01009,purchase,2024-11-07,rtw,1,987.55
CUST_01732,purchase,2025-02-06,textile,2,334.28
CUST_02909,purchase,2024-11-08,rtw,1,1909.32
CUST_00840,purchase,2024-11-15,rtw,2,861.91
CUST_01677,purchase,2024-11-13,bags,1,1312.47
CUST_01704,purchase,2024-12-28,slg,3,1216.93
CUST_01545,purchase,2024-08-11,shoes,3,1405.15
CUST_03346,purchase,2024-12-17,slg,1,927.4
CUST_01039,purchase,2024-11-01,bags,4,1658.11
CUST_02567,purchase,2024-11-25,slg,1,295.22
CUST_00172,purchase,2024-11-26,slg,2,1907.63
CUST_00528,purchase,2024-11-17,shoes,2,1388.35
CUST_00289,purchase,2024-11-11,bags,2,506.6
CUST_00473,purchase,2024-07-11,slg,2,432.71
CUST_00273,purchase,2024-07-17,textile,2,1945.57
CUST_01341,purchase,2024-10-22,rtw,3,1945.29
CUST_02789,purchase,2024-12-01,slg,1,177.32
CUST_01167,purchase,2024-10-16,rtw,1,983.25
CUST_01167,purchase,2024-10-24,rtw,1,1073.12
CUST_00445,purchase,2024-12-12,bags,1,737.7
CUST_01618,purchase,2024-10-29,shoes,2,1556.45
CUST_00355,purchase,2024-10-21,slg,3,1967.16
CUST_00823,purchase,2024-07-03,textile,3,1483.16
CUST_00147,purchase,2024-09-29,slg,2,1200.04
CUST_00448,purchase,2024-10-19,shoes,3,1417.55
CUST_00156,purchase,2024-12-31,slg,1,1653.19
CUST_00756,purchase,2024-06-22,bags,1,361.06
CUST_00991,purchase,2024-09-20,textile,1,1303.39
CUST_01520,purchase,2024-09-21,shoes,2,371.14
CUST_01811,purchase,2024-10-31,bags,2,987.74
CUST_02716,purchase,2024-10-07,shoes,1,1166.29
CUST_03148,purchase,2024-07-24,rtw,1,862.2
CUST_00180,purchase,2024-10-24,bags,1,1627.87
CUST_00626,purchase,2024-08-27,rtw,3,1058.24
CUST_00719,purchase,2024-08-29,slg,1,1519.04
CUST_00822,purchase,2024-11-12,bags,3,1543.48
CUST_01603,purchase,2024-09-06,shoes,2,1368.02
CUST_01196,purchase,2024-10-08,bags,4,1757.3
CUST_00923,purchase,2024-07-18,shoes,2,455.78
CUST_01376,purchase,2024-11-16,slg,1,195.45
CUST_00104,purchase,2024-09-21,bags,2,146.08
CUST_03455,purchase,2024-08-02,textile,2,421.54
CUST_02165,purchase,2024-09-30,textile,1,459.34
CUST_00660,purchase,2024-07-07,textile,2,1154.57
CUST_01301,purchase,2024-06-15,bags,1,471.81
CUST_02805,purchase,2024-06-17,slg,2,429.09
CUST_02122,purchase,2024-10-15,bags,1,726.37
CUST_02534,purchase,2024-12-02,shoes,2,1734.86
CUST_02966,purchase,2024-08-22,rtw,3,1663.48
CUST_00158,purchase,2024-07-07,bags,1,336.38
CUST_02803,purchase,2024-07-30,bags,1,1884.69
CUST_01562,purchase,2024-06-01,textile,1,1843.47
CUST_00240,purchase,2025-04-25,slg,1,1824.38
CUST_03149,purchase,2024-10-24,bags,4,1906.46
CUST_00920,purchase,2024-12-13,bags,1,895.86
CUST_02309,purchase,2024-10-26,bags,2,1532.24
CUST_00082,purchase,2024-11-14,slg,1,1094.65
CUST_02341,purchase,2024-11-09,slg,1,657.31
CUST_01157,purchase,2024-11-23,textile,1,1693.97
CUST_01585,purchase,2024-09-24,shoes,1,1636.05
CUST_02798,purchase,2024-10-04,textile,3,531.1
CUST_01025,purchase,2024-11-03,slg,2,1109.57
CUST_01963,purchase,2024-07-10,slg,2,1189.36
CUST_02198,purchase,2024-09-01,shoes,5,1792.17
CUST_00592,purchase,2024-08-13,shoes,3,887.04
CUST_01592,purchase,2024-10-02,shoes,1,503.6
CUST_01508,purchase,2024-12-07,bags,2,978.91
CUST_01769,purchase,2024-12-24,rtw,1,1614.1
CUST_00590,purchase,2024-06-11,slg,1,317.67
CUST_01681,purchase,2024-11-29,textile,2,213.64
CUST_03489,purchase,2024-07-29,slg,1,1566.38
CUST_00513,purchase,2024-11-08,rtw,2,464.43
CUST_00853,purchase,2024-09-12,slg,3,1644.52
CUST_01712,purchase,2024-09-26,slg,3,1569.04
CUST_01819,purchase,2024-09-08,slg,3,1280.98
CUST_01490,purchase,2024-08-26,rtw,2,1349.92
CUST_02726,purchase,2024-09-11,shoes,2,1357.4
CUST_02963,purchase,2024-10-14,shoes,2,869.97
CUST_01008,purchase,2024-07-26,shoes,2,174.46
CUST_02329,purchase,2024-07-20,textile,1,290.89
CUST_01489,purchase,2024-09-27,textile,1,567.14
CUST_03130,purchase,2024-12-20,slg,3,232.8
CUST_01536,purchase,2024-12-01,rtw,2,1714.88
CUST_00875,purchase,2024-09-09,shoes,3,1469.56
CUST_01927,purchase,2024-06-28,textile,3,1126.4
CUST_02672,purchase,2024-09-24,rtw,1,1370.19
CUST_03412,purchase,2025-03-25,textile,1,137.42
CUST_01689,purchase,2024-06-14,shoes,1,1918.84
CUST_00890,purchase,2024-08-26,textile,1,1749.34
CUST_00642,purchase,2024-11-16,slg,5,387.79
CUST_02120,purchase,2024-09-19,shoes,2,287.62
CUST_01815,purchase,2024-06-07,shoes,3,1257.45
CUST_01581,purchase,2024-10-24,shoes,2,979.3
CUST_01120,purchase,2024-10-17,textile,2,947.82
CUST_03151,purchase,2024-07-10,slg,2,638.11
CUST_02356,purchase,2024-12-18,shoes,1,543.95
CUST_00618,purchase,2024-09-14,rtw,1,1756.18
CUST_01920,purchase,2024-08-02,shoes,2,830.6
CUST_03124,purchase,2025-01-08,rtw,1,1817.67
CUST_02501,purchase,2024-12-13,textile,3,1689.08
CUST_02174,purchase,2024-12-06,bags,1,244.69
CUST_02770,purchase,2024-06-25,bags,1,1251.72
CUST_00352,purchase,2024-06-06,bags,1,942.69
CUST_00217,purchase,2024-08-24,bags,2,686.44
CUST_01284,purchase,2024-08-31,shoes,3,811.5
CUST_03046,purchase,2024-07-09,shoes,2,1841.06
CUST_01260,purchase,2024-06-17,rtw,3,1655.37
CUST_02553,purchase,2024-08-20,textile,2,1677.0
CUST_03393,purchase,2024-09-23,slg,1,518.59
CUST_01387,purchase,2024-11-28,shoes,1,1597.54
CUST_01187,purchase,2024-08-17,bags,2,1997.75
CUST_03287,purchase,2024-10-22,shoes,2,1284.11
CUST_00623,purchase,2024-07-12,slg,2,1275.9
CUST_00486,purchase,2024-10-15,textile,1,1100.03
CUST_01679,purchase,2024-07-11,textile,1,682.62
CUST_02263,purchase,2024-11-18,slg,3,1880.01
CUST_02867,purchase,2024-08-11,shoes,2,604.61
CUST_00465,purchase,2024-11-17,shoes,4,663.82
CUST_01823,purchase,2024-06-25,bags,1,720.46
CUST_00556,purchase,2024-09-06,slg,1,942.58
CUST_01554,purchase,2024-10-01,shoes,2,251.43
CUST_03143,purchase,2024-06-06,textile,2,1157.32
CUST_02819,purchase,2024-12-27,rtw,3,1854.23
CUST_01807,purchase,2024-10-28,textile,2,775.34
CUST_00745,purchase,2024-09-23,bags,2,1405.94
CUST_02015,purchase,2024-11-19,textile,1,1351.8
CUST_01409,purchase,2024-08-26,bags,3,1984.19
CUST_01516,purchase,2024-06-18,shoes,2,1660.86
CUST_00553,purchase,2024-11-07,rtw,1,1455.24
CUST_02775,purchase,2024-09-09,shoes,1,132.07
CUST_00455,purchase,2024-12-20,shoes,1,816.28
CUST_02598,purchase,2024-08-22,rtw,1,475.59
CUST_02914,purchase,2024-12-20,bags,5,1748.34
CUST_01453,purchase,2024-11-27,slg,2,1465.22
CUST_00066,purchase,2024-11-07,textile,1,1600.05
CUST_01712,purchase,2024-07-14,rtw,2,326.69
CUST_03487,purchase,2024-08-04,shoes,1,1792.09
CUST_02103,purchase,2024-10-05,textile,2,655.07
CUST_00097,purchase,2024-10-04,rtw,1,1665.25
CUST_00684,purchase,2024-06-14,shoes,1,1855.77
CUST_02870,purchase,2024-08-18,rtw,3,1412.29
CUST_01839,purchase,2024-09-19,rtw,4,1301.76
CUST_00166,purchase,2024-08-09,slg,4,298.38
CUST_02701,purchase,2024-06-21,rtw,2,505.69
CUST_02259,purchase,2024-06-09,shoes,1,1240.45
CUST_02557,purchase,2024-06-03,textile,2,494.46
CUST_00079,purchase,2024-08-17,slg,3,353.04
CUST_00818,purchase,2024-09-29,slg,4,1786.11
CUST_01591,purchase,2024-06-10,rtw,1,303.85
CUST_02855,purchase,2024-09-05,rtw,3,1929.7
CUST_01503,purchase,2024-12-23,textile,3,304.71
CUST_03497,purchase,2024-11-10,slg,2,154.79
CUST_01668,purchase,2024-11-13,rtw,3,1582.39
CUST_00543,purchase,2024-08-28,rtw,1,641.61
CUST_02263,purchase,2024-07-20,slg,3,719.8
CUST_01154,purchase,2024-10-10,bags,1,1997.68
CUST_01843,purchase,2024-11-19,bags,2,243.74
CUST_03300,purchase,2024-11-18,rtw,3,648.3
CUST_02085,purchase,2024-06-30,bags,3,762.05
CUST_03321,purchase,2024-07-03,bags,3,1196.51
CUST_00996,purchase,2024-06-20,shoes,1,383.77
CUST_01530,purchase,2024-06-17,shoes,2,1526.92
CUST_02343,purchase,2025-01-05,shoes,1,290.19
CUST_03191,purchase,2024-06-23,bags,2,1136.2
CUST_00040,purchase,2024-12-03,bags,1,714.91
CUST_03017,purchase,2024-12-24,rtw,1,999.13
CUST_02530,purchase,2024-06-19,shoes,4,1397.61
CUST_02387,purchase,2024-11-08,slg,2,1715.26
CUST_02585,purchase,2024-08-24,bags,3,1455.48
CUST_02510,purchase,2024-07-02,bags,2,332.63
CUST_02885,purchase,2024-07-06,shoes,1,1535.78
CUST_03056,purchase,2024-06-21,shoes,2,1568.11
CUST_00376,purchase,2024-12-30,bags,1,1522.89
CUST_00016,purchase,2024-09-19,shoes,2,732.77
CUST_00862,purchase,2024-06-13,bags,3,1919.09
CUST_01585,purchase,2024-08-22,textile,2,245.04
CUST_00790,purchase,2024-09-30,shoes,1,1285.94
CUST_02901,purchase,2024-10-05,textile,2,946.78
CUST_02893,purchase,2024-11-11,slg,1,196.1
CUST_01180,purchase,2024-12-05,textile,2,1131.48
CUST_00251,purchase,2024-09-22,shoes,2,103.73
CUST_02080,purchase,2024-06-02,bags,1,979.15
CUST_00721,purchase,2024-07-21,rtw,3,772.53
CUST_00590,purchase,2024-10-17,textile,1,814.94
CUST_00776,purchase,2025-03-19,bags,2,1565.59
CUST_02879,purchase,2024-12-12,bags,2,1052.19
CUST_00771,purchase,2024-07-18,rtw,2,479.09
CUST_03098,purchase,2024-07-29,shoes,2,503.23
CUST_01617,purchase,2024-11-10,textile,4,1675.01
CUST_01216,purchase,2024-11-01,slg,2,1832.15
CUST_02076,purchase,2024-11-11,rtw,1,1891.49
CUST_00894,purchase,2024-09-18,rtw,3,1539.23
CUST_03378,purchase,2024-08-28,shoes,1,1043.67
CUST_02174,purchase,2024-06-02,rtw,3,896.04
CUST_01153,purchase,2024-12-11,shoes,2,941.79
CUST_00265,purchase,2024-06-16,bags,2,921.89
CUST_02024,purchase,2024-08-28,bags,2,1223.89
CUST_02539,purchase,2024-12-11,slg,4,212.12
CUST_00328,purchase,2024-11-20,slg,3,122.89
CUST_00050,purchase,2024-12-08,bags,3,1886.75
CUST_01305,purchase,2024-10-29,rtw,4,1533.95
CUST_02860,purchase,2024-11-22,textile,4,544.1
CUST_02778,purchase,2024-10-06,textile,1,1655.15
CUST_01075,purchase,2025-02-02,rtw,3,1671.15
CUST_01847,purchase,2024-08-31,slg,1,195.34
CUST_01518,purchase,2024-10-06,rtw,3,796.57
CUST_03127,purchase,2024-10-03,rtw,1,1310.15
CUST_02237,purchase,2024-12-08,shoes,3,334.37
CUST_00935,purchase,2024-10-29,shoes,2,526.15
CUST_00175,purchase,2024-11-24,rtw,4,706.92
CUST_01679,purchase,2024-09-28,slg,1,464.42
CUST_01329,purchase,2024-12-21,slg,2,1779.29
CUST_01900,purchase,2024-09-27,slg,1,1092.0
CUST_00626,purchase,2024-11-04,slg,2,722.12
CUST_01719,purchase,2024-06-07,shoes,3,1308.23
CUST_03229,purchase,2024-08-21,slg,1,1283.01
CUST_02590,purchase,2024-07-09,slg,4,255.2
CUST_01498,purchase,2024-06-04,slg,1,1974.56
CUST_03242,purchase,2024-12-27,shoes,1,1378.5
CUST_00619,purchase,2024-11-14,shoes,3,530.76
CUST_00889,purchase,2024-06-25,bags,2,241.77
CUST_01603,purchase,2024-09-29,shoes,1,1188.66
CUST_01110,purchase,2024-08-26,shoes,2,700.06
CUST_00089,purchase,2024-10-06,slg,1,881.86
CUST_00649,purchase,2024-11-01,textile,1,1426.29
CUST_01138,purchase,2024-07-29,shoes,1,1901.66
CUST_01993,purchase,2024-11-03,slg,1,1892.58
CUST_01773,purchase,2024-09-20,shoes,4,435.0
CUST_01997,purchase,2024-11-18,bags,1,565.14
CUST_01448,purchase,2024-06-28,bags,1,1193.7
CUST_01325,purchase,2024-11-28,slg,1,826.32
CUST_02490,purchase,2024-08-14,shoes,1,1252.6
CUST_00964,purchase,2024-10-11,slg,3,799.66
CUST_03292,purchase,2024-07-26,slg,2,1923.56
CUST_02010,purchase,2024-06-04,rtw,2,1950.73
CUST_02587,purchase,2024-07-11,rtw,3,1522.22
CUST_02583,purchase,2024-08-19,textile,1,837.73
CUST_01758,purchase,2024-11-04,bags,1,1094.57
CUST_02454,purchase,2024-07-04,textile,2,1883.59
CUST_01155,purchase,2024-11-12,rtw,1,225.9
CUST_03306,purchase,2024-11-24,shoes,5,1957.56
CUST_01514,purchase,2024-10-23,slg,2,1161.69
CUST_00259,purchase,2024-06-05,slg,2,1970.13
CUST_01516,purchase,2024-10-17,shoes,1,1291.7
CUST_00858,purchase,2024-08-23,shoes,1,1101.93
CUST_01281,purchase,2024-11-10,slg,2,847.38
CUST_03223,purchase,2024-08-11,textile,4,908.08
CUST_01396,purchase,2024-10-26,rtw,3,1357.91
CUST_02861,purchase,2024-07-20,shoes,1,144.1
CUST_01319,purchase,2024-12-18,textile,2,249.93
CUST_00938,purchase,2025-02-23,textile,2,1612.93
CUST_02497,purchase,2024-07-31,shoes,3,600.22
CUST_02002,purchase,2024-10-23,slg,2,1649.28
CUST_00080,purchase,2024-11-07,textile,2,1287.82
CUST_00392,purchase,2024-09-07,shoes,2,307.76
CUST_02555,purchase,2024-08-22,bags,2,174.81
CUST_02168,purchase,2024-10-04,slg,1,986.74
CUST_02469,purchase,2025-03-31,rtw,2,1835.05
CUST_00275,purchase,2024-09-24,slg,3,260.23
CUST_03185,purchase,2024-07-20,rtw,2,1574.58
CUST_02916,purchase,2024-10-23,rtw,1,1546.31
CUST_03473,purchase,2024-12-17,bags,2,557.83
CUST_01941,purchase,2024-08-03,shoes,1,1034.26
CUST_02594,purchase,2024-06-01,rtw,1,1378.55
CUST_01459,purchase,2024-12-29,textile,2,976.44
CUST_01977,purchase,2024-11-14,shoes,2,1444.75
CUST_03210,purchase,2024-08-09,rtw,2,442.74
CUST_01986,purchase,2024-08-20,textile,2,178.38
CUST_02197,purchase,2024-07-22,shoes,2,426.44
CUST_02448,purchase,2025-02-10,bags,2,1816.54
CUST_01211,purchase,2024-12-05,bags,1,1656.06
CUST_03013,purchase,2024-07-20,textile,2,1493.85
CUST_03273,purchase,2024-10-08,rtw,2,1478.62
CUST_01017,purchase,2024-12-20,slg,2,1456.46
CUST_01733,purchase,2024-11-27,bags,1,439.57
CUST_01222,purchase,2024-10-25,shoes,3,1294.86
CUST_00591,purchase,2024-08-15,bags,1,1451.14
CUST_00119,purchase,2024-11-14,slg,4,597.02
CUST_00323,purchase,2024-09-03,slg,2,1469.19
CUST_03178,purchase,2024-07-08,slg,3,508.75
CUST_02564,purchase,2024-09-06,textile,2,1356.97
CUST_00643,purchase,2024-10-31,slg,2,670.44
CUST_03107,purchase,2024-08-20,bags,3,1903.59
CUST_01121,purchase,2024-09-25,rtw,3,1708.62
CUST_00811,purchase,2024-11-28,textile,1,1639.93
CUST_01857,purchase,2024-08-12,shoes,2,876.78
CUST_02403,purchase,2024-07-03,rtw,2,1535.51
CUST_00070,purchase,2024-07-02,bags,1,1837.47
CUST_01338,purchase,2024-12-11,slg,1,1193.64
CUST_01511,purchase,2024-07-07,rtw,1,612.04
CUST_03408,purchase,2024-12-02,slg,2,100.13
CUST_02254,purchase,2024-06-07,slg,2,1570.0
CUST_02648,purchase,2024-08-22,slg,2,495.7
CUST_00730,purchase,2024-08-23,textile,2,412.05
CUST_03425,purchase,2024-12-06,bags,1,227.12
CUST_02637,purchase,2024-08-12,rtw,1,126.17
CUST_02317,purchase,2024-12-11,textile,1,1391.36
CUST_00162,purchase,2024-10-09,bags,1,751.2
CUST_02961,purchase,2025-01-04,shoes,1,1193.39
CUST_02035,purchase,2024-06-17,bags,1,1385.0
CUST_00574,purchase,2024-07-09,bags,3,1066.35
CUST_02142,purchase,2024-07-12,shoes,1,1815.53
CUST_00377,purchase,2024-12-11,rtw,3,1138.84
CUST_01463,purchase,2024-08-26,bags,1,281.39
CUST_01691,purchase,2024-08-27,bags,4,847.53
CUST_02018,purchase,2024-09-11,textile,3,1004.88
CUST_00255,purchase,2024-10-13,slg,4,336.31
CUST_02629,purchase,2025-01-30,slg,3,1210.13
CUST_02846,purchase,2024-07-10,textile,4,1487.54
CUST_03371,purchase,2024-06-23,shoes,1,1798.48
CUST_01838,purchase,2024-07-11,bags,1,1358.46
CUST_03125,purchase,2024-08-06,shoes,3,213.18
CUST_00981,purchase,2024-06-15,textile,2,708.54
CUST_00100,purchase,2024-06-14,shoes,4,1562.95
CUST_01961,purchase,2024-06-11,bags,4,1441.77
CUST_00898,purchase,2024-12-12,shoes,2,968.63
CUST_00626,purchase,2024-07-06,textile,2,737.06
CUST_01309,purchase,2024-08-22,slg,2,1808.34
CUST_03097,purchase,2024-11-10,slg,1,589.64
CUST_00079,purchase,2024-12-16,rtw,2,1349.48
CUST_02017,purchase,2024-06-07,slg,4,251.71
CUST_02253,purchase,2024-06-18,bags,1,168.3
CUST_00820,purchase,2024-10-29,bags,2,1158.35
CUST_00856,purchase,2024-07-29,textile,1,1022.93
CUST_02014,purchase,2024-06-02,rtw,1,470.9
CUST_02875,purchase,2024-06-21,textile,3,1762.03
CUST_01508,purchase,2024-10-09,shoes,3,308.58
CUST_01627,purchase,2024-07-25,shoes,2,775.57
CUST_02197,purchase,2024-06-02,textile,1,470.79
CUST_01153,purchase,2024-08-08,textile,2,953.17
CUST_01534,purchase,2024-10-09,slg,1,1388.07
CUST_00655,purchase,2024-12-31,shoes,2,1591.02
CUST_03090,purchase,2024-11-03,rtw,1,1414.62
CUST_01371,purchase,2024-07-21,rtw,3,278.05
CUST_01067,purchase,2024-10-15,bags,1,333.44
CUST_02665,purchase,2024-08-13,slg,1,734.82
CUST_00119,purchase,2024-09-23,textile,3,1946.34
CUST_02669,purchase,2024-11-19,textile,6,1069.86
CUST_03154,purchase,2024-09-12,shoes,2,179.7
CUST_00758,purchase,2024-06-29,bags,3,243.55
CUST_01588,purchase,2024-12-23,bags,2,1816.21
CUST_03043,purchase,2024-07-23,shoes,1,1701.83
CUST_03112,purchase,2025-02-21,rtw,1,147.68
CUST_03412,purchase,2024-11-24,shoes,1,732.78
CUST_02430,purchase,2024-12-27,rtw,2,930.93
CUST_01479,purchase,2024-09-27,bags,1,1725.08
CUST_02654,purchase,2024-11-08,shoes,1,776.28
CUST_02322,purchase,2024-08-04,shoes,5,1697.75
CUST_02094,purchase,2024-06-07,rtw,3,1832.35
CUST_00051,purchase,2024-10-31,shoes,2,905.94
CUST_01368,purchase,2024-07-23,slg,2,776.26
CUST_02949,purchase,2024-09-08,rtw,3,538.97
CUST_01876,purchase,2024-09-09,textile,3,1525.93
CUST_03088,purchase,2024-07-13,slg,1,220.43
CUST_01967,purchase,2025-01-26,textile,2,459.03
CUST_01169,purchase,2024-12-21,shoes,1,1896.96
CUST_00319,purchase,2024-11-05,bags,1,395.58
CUST_00002,purchase,2024-06-08,textile,2,1392.48
CUST_00205,purchase,2024-06-03,rtw,1,1145.23
CUST_00001,purchase,2024-08-17,slg,3,1209.93
CUST_01563,purchase,2024-12-04,textile,3,1685.21
CUST_00654,purchase,2024-06-25,bags,2,812.59
CUST_01508,purchase,2024-07-26,shoes,2,1188.26
CUST_01734,purchase,2024-11-11,rtw,2,1129.29
CUST_00312,purchase,2024-08-11,slg,3,1840.56
CUST_02678,purchase,2024-06-06,rtw,2,1140.27
CUST_03156,purchase,2024-06-09,bags,1,1558.26
CUST_01238,purchase,2024-07-07,rtw,2,926.34
CUST_01872,purchase,2024-12-22,shoes,2,1608.94
CUST_00493,purchase,2024-11-10,bags,2,1693.73
CUST_01952,purchase,2024-07-15,bags,1,1960.39
CUST_00462,purchase,2024-06-23,shoes,2,247.86
CUST_01865,purchase,2024-10-27,textile,1,1624.47
CUST_01119,purchase,2024-08-09,bags,3,1864.29
CUST_02879,purchase,2024-10-23,slg,3,1686.35
CUST_00260,purchase,2024-12-05,shoes,1,1737.1
CUST_00883,purchase,2024-06-17,slg,3,1555.76
CUST_02778,purchase,2024-09-05,bags,1,1629.94
CUST_00153,purchase,2024-10-06,slg,2,1910.24
CUST_03402,purchase,2024-09-28,slg,3,1333.52
CUST_00717,purchase,2024-06-04,textile,3,654.27
CUST_00181,purchase,2024-11-16,bags,4,1995.11
CUST_03153,purchase,2024-08-11,rtw,3,1823.32
CUST_02945,purchase,2024-10-01,shoes,3,1300.19
CUST_03285,purchase,2024-08-08,bags,2,1501.68
CUST_02750,purchase,2024-08-09,shoes,1,1859.79
CUST_00962,purchase,2024-11-24,slg,2,303.44
CUST_03320,purchase,2024-06-01,bags,2,1016.72
CUST_02307,purchase,2024-12-31,slg,1,999.34
CUST_02290,purchase,2024-11-27,slg,1,198.06
CUST_03244,purchase,2024-07-30,bags,1,1276.35
CUST_01174,purchase,2024-09-02,bags,2,1328.62
CUST_02450,purchase,2024-09-03,slg,2,1680.79
CUST_03362,purchase,2024-09-29,textile,2,812.78
CUST_00672,purchase,2024-09-04,rtw,3,1967.19
CUST_02975,purchase,2024-11-18,textile,2,284.35
CUST_00597,purchase,2024-08-22,rtw,1,1026.45
CUST_01668,purchase,2024-07-15,textile,3,482.42
CUST_01646,purchase,2024-09-04,slg,2,857.24
CUST_01424,purchase,2025-03-27,rtw,2,1687.63
CUST_00605,purchase,2024-12-26,slg,3,821.39
CUST_02768,purchase,2024-10-17,slg,1,1245.18
CUST_01476,purchase,2024-09-19,bags,4,1716.92
CUST_02467,purchase,2024-08-04,shoes,1,1755.41
CUST_01364,purchase,2024-08-31,slg,2,1975.86
CUST_01847,purchase,2024-12-10,textile,4,890.47
CUST_02787,purchase,2024-07-13,bags,1,1088.2
CUST_01407,purchase,2024-10-08,shoes,2,1378.32
CUST_02453,purchase,2024-08-27,textile,1,217.21
CUST_02592,purchase,2024-12-30,shoes,2,707.51
CUST_03487,purchase,2024-12-03,textile,1,743.68
CUST_00572,purchase,2024-12-26,shoes,1,866.56
CUST_03378,purchase,2024-11-25,slg,2,1400.46
CUST_00335,purchase,2024-12-28,slg,1,772.42
CUST_00459,purchase,2024-10-07,textile,1,1880.36
CUST_00172,purchase,2024-10-12,bags,2,1244.68
CUST_02358,purchase,2024-06-02,rtw,1,1885.13
CUST_02255,purchase,2024-11-18,shoes,1,185.04
CUST_03030,purchase,2024-07-29,rtw,1,737.7
CUST_02004,purchase,2024-06-30,rtw,1,1277.96
CUST_02998,purchase,2024-12-22,rtw,1,1295.36
CUST_02247,purchase,2024-09-10,textile,1,1965.89
CUST_02691,purchase,2024-11-04,slg,1,1352.73
CUST_00898,purchase,2024-10-26,rtw,2,312.25
CUST_03072,purchase,2024-09-13,bags,1,568.95
CUST_00925,purchase,2024-11-11,slg,1,1380.6
CUST_00638,purchase,2024-12-31,shoes,2,189.94
CUST_02934,purchase,2024-06-01,textile,2,784.29
CUST_03277,purchase,2024-06-28,slg,1,359.91
CUST_00592,purchase,2024-06-19,rtw,3,1149.06
CUST_00991,purchase,2024-12-11,slg,3,570.34
CUST_01241,purchase,2024-12-29,shoes,1,1141.49
CUST_02220,purchase,2024-11-11,bags,1,1095.65
CUST_03337,purchase,2024-07-19,bags,1,1692.53
CUST_00067,purchase,2024-10-01,rtw,2,1700.42
CUST_00496,purchase,2024-07-24,shoes,3,1536.48
CUST_03391,purchase,2024-12-16,bags,1,1287.11
CUST_00275,purchase,2024-08-04,slg,3,1712.58
CUST_00488,purchase,2024-12-03,rtw,2,1130.81
CUST_02710,purchase,2024-09-12,bags,4,355.93
CUST_02859,purchase,2024-10-31,rtw,1,292.31
CUST_01406,purchase,2024-09-08,rtw,2,316.0
CUST_00854,purchase,2024-08-17,slg,4,879.45
CUST_02537,purchase,2024-10-29,slg,1,933.01
CUST_02602,purchase,2024-11-05,textile,2,1692.04
CUST_00172,purchase,2024-11-21,slg,3,1895.87
CUST_00130,purchase,2024-11-10,rtw,3,244.37
CUST_01440,purchase,2024-06-08,rtw,1,390.93
CUST_02870,purchase,2024-12-17,slg,1,899.27
CUST_03084,purchase,2024-10-16,bags,1,1723.6
CUST_01732,purchase,2024-11-24,textile,2,232.28
CUST_02541,purchase,2024-08-29,slg,2,1512.12
CUST_00112,purchase,2024-12-12,bags,3,1595.04
CUST_01997,purchase,2024-12-12,bags,1,523.04
CUST_01946,purchase,2024-08-04,textile,3,1820.6
CUST_00378,purchase,2024-06-22,shoes,1,258.7
CUST_02967,purchase,2024-12-30,bags,2,701.58
CUST_01863,purchase,2024-10-23,rtw,1,731.27
CUST_00989,purchase,2024-11-02,slg,1,1499.04
CUST_00141,purchase,2024-08-22,rtw,4,1418.99
CUST_02264,purchase,2024-12-16,slg,2,670.18
CUST_00888,purchase,2024-11-05,slg,2,1832.84
CUST_00389,purchase,2024-06-03,shoes,2,1574.59
CUST_02431,purchase,2024-11-20,bags,1,1930.23
CUST_02074,purchase,2024-09-22,bags,3,600.1
CUST_02057,purchase,2024-07-17,slg,3,298.37
CUST_01126,purchase,2024-11-26,textile,1,1063.24
CUST_01590,purchase,2024-12-23,textile,2,503.41
CUST_02678,purchase,2024-12-03,bags,4,346.62
CUST_01038,purchase,2024-10-28,bags,4,1447.61
CUST_02860,purchase,2024-10-11,slg,3,1371.0
CUST_00713,purchase,2024-09-24,rtw,4,283.28
CUST_03497,purchase,2024-07-12,bags,1,1967.04
CUST_01190,purchase,2024-11-01,rtw,2,1915.2
CUST_01748,purchase,2024-06-29,shoes,3,293.23
CUST_03430,purchase,2024-06-20,shoes,3,1699.41
CUST_01975,purchase,2024-10-03,shoes,1,848.35
CUST_00024,purchase,2024-09-08,shoes,2,1058.52
CUST_03165,purchase,2024-09-05,bags,2,192.92
CUST_01239,purchase,2024-07-17,shoes,1,141.21
CUST_01393,purchase,2024-11-22,textile,2,1764.44
CUST_03464,purchase,2024-10-05,shoes,2,1629.78
CUST_02924,purchase,2024-09-22,bags,1,1877.81
CUST_00416,purchase,2024-10-14,shoes,1,418.67
CUST_00541,purchase,2024-12-07,textile,2,169.18
CUST_02306,purchase,2024-06-07,slg,2,117.77
CUST_02033,purchase,2024-09-02,slg,1,1007.0
CUST_00085,purchase,2024-12-01,textile,2,1201.38
CUST_02842,purchase,2024-09-03,textile,3,361.43
CUST_00436,purchase,2024-09-16,slg,3,471.79
CUST_00138,purchase,2024-08-11,slg,1,1893.46
CUST_02283,purchase,2024-11-27,slg,2,661.17
CUST_00275,purchase,2024-10-01,bags,2,1116.57
CUST_01077,purchase,2024-11-18,rtw,2,175.81
CUST_01945,purchase,2024-09-11,textile,1,1813.44
CUST_00997,purchase,2024-07-06,bags,3,1892.84
CUST_00099,purchase,2024-07-12,bags,3,1243.17
CUST_02337,purchase,2024-07-18,shoes,2,1662.34
CUST_01828,purchase,2024-11-16,textile,1,735.38
CUST_01530,purchase,2024-10-21,rtw,2,935.71
CUST_01958,purchase,2024-06-18,shoes,5,1224.53
CUST_02385,purchase,2024-09-14,bags,1,1087.46
CUST_02293,purchase,2024-06-11,shoes,1,1997.48
CUST_00830,purchase,2024-07-08,rtw,1,538.3
CUST_00546,purchase,2024-12-09,slg,2,140.57
CUST_00046,purchase,2024-09-04,bags,1,1640.98
CUST_02090,purchase,2024-12-19,bags,2,983.96
CUST_00462,purchase,2024-10-13,rtw,1,524.82
CUST_02399,purchase,2024-10-14,bags,2,188.22
CUST_01243,purchase,2024-12-25,shoes,3,876.89
CUST_01309,purchase,2024-08-02,slg,2,1178.07
CUST_03282,purchase,2024-07-25,shoes,2,1315.05
CUST_02720,purchase,2024-09-30,slg,2,1647.33
CUST_01961,purchase,2024-07-25,bags,1,981.77
CUST_00707,purchase,2024-09-08,textile,3,1497.54
CUST_02595,purchase,2024-11-08,textile,1,1341.55
CUST_03293,purchase,2024-06-19,shoes,4,410.38
CUST_02733,purchase,2024-07-03,textile,1,1125.95
CUST_00596,purchase,2024-12-12,bags,1,1909.78
CUST_01957,purchase,2024-10-10,bags,2,1167.73
CUST_02319,purchase,2024-07-13,shoes,2,1095.4
CUST_02568,purchase,2024-12-10,slg,2,1268.0
CUST_03440,purchase,2024-11-08,rtw,2,1149.52
CUST_00924,purchase,2025-03-17,rtw,1,1766.2
CUST_01665,purchase,2024-06-16,slg,2,1809.9
CUST_00176,purchase,2024-08-22,slg,1,281.34
CUST_00114,purchase,2024-07-20,rtw,2,1108.41
CUST_01601,purchase,2024-09-24,textile,2,656.61
CUST_03426,purchase,2024-07-28,shoes,2,193.05
CUST_01964,purchase,2024-11-28,textile,1,1623.32
CUST_01666,purchase,2024-11-13,shoes,2,573.6
CUST_00989,purchase,2025-02-19,textile,3,1724.91
CUST_01179,purchase,2024-10-06,bags,3,1949.98
CUST_01773,purchase,2025-01-19,bags,3,1107.16
CUST_01710,purchase,2024-06-17,textile,3,892.26
CUST_00348,purchase,2024-11-28,shoes,3,1216.91
CUST_03166,purchase,2024-11-12,bags,5,1462.33
CUST_01514,purchase,2024-08-11,slg,4,554.16
CUST_01151,purchase,2024-09-27,rtw,3,277.32
CUST_01244,purchase,2024-10-16,textile,1,1564.96
CUST_01340,purchase,2024-08-18,slg,3,807.82
CUST_02095,purchase,2024-10-03,slg,2,1365.77
CUST_03103,purchase,2024-11-24,textile,1,138.65
CUST_02848,purchase,2024-10-22,textile,2,154.73
CUST_02455,purchase,2024-11-17,textile,2,960.21
CUST_00563,purchase,2024-09-29,rtw,1,1247.05
CUST_00373,purchase,2024-11-25,slg,3,1846.62
CUST_01403,purchase,2024-10-15,textile,2,637.31
CUST_02525,purchase,2024-11-09,bags,2,108.72
CUST_01031,purchase,2024-11-09,rtw,2,1811.24
CUST_01112,purchase,2024-08-13,textile,4,1441.72
CUST_02104,purchase,2024-07-29,rtw,1,1804.54
CUST_01328,purchase,2024-08-01,textile,1,720.91
CUST_00784,purchase,2024-08-29,rtw,2,468.54
CUST_00786,purchase,2024-12-29,rtw,2,1330.38
CUST_02121,purchase,2024-11-21,slg,3,1092.11
CUST_01141,purchase,2024-08-07,textile,3,132.52
CUST_01737,purchase,2024-11-19,shoes,1,325.99
CUST_03148,purchase,2024-11-04,shoes,1,323.54
CUST_03286,purchase,2024-12-15,rtw,2,1580.42
CUST_00779,purchase,2024-11-23,rtw,2,1071.53
CUST_02919,purchase,2024-10-17,textile,4,1738.23
CUST_01316,purchase,2024-10-07,slg,2,1947.22
CUST_02383,purchase,2024-10-12,shoes,3,367.92
CUST_00481,purchase,2024-12-03,rtw,2,568.63
CUST_02616,purchase,2024-08-03,shoes,2,113.54
CUST_02450,purchase,2025-01-02,rtw,2,1398.33
CUST_00750,purchase,2024-11-13,slg,1,1700.28
CUST_01536,purchase,2024-08-02,slg,1,846.75
CUST_01984,purchase,2024-12-01,rtw,1,1323.45
CUST_02328,purchase,2024-09-26,textile,1,1008.39
CUST_01399,purchase,2024-07-08,rtw,1,1779.86
CUST_02483,purchase,2024-06-19,rtw,1,1676.42
CUST_00510,purchase,2024-09-05,textile,1,268.3
CUST_01611,purchase,2024-06-01,bags,1,295.04
CUST_00774,purchase,2024-12-25,rtw,3,976.14
CUST_02028,purchase,2024-09-25,textile,2,730.54
CUST_02391,purchase,2024-12-28,rtw,2,1572.34
CUST_02094,purchase,2024-10-06,slg,1,828.26
CUST_00816,purchase,2024-08-08,bags,2,277.76
CUST_01752,purchase,2024-11-08,slg,1,666.45
CUST_02439,purchase,2024-06-28,slg,2,1511.02
CUST_01791,purchase,2024-09-08,rtw,1,1778.58
CUST_00490,purchase,2024-07-06,shoes,2,1973.1
CUST_00504,purchase,2024-09-01,bags,1,1178.48
CUST_00169,purchase,2024-06-18,rtw,2,1907.83
CUST_00441,purchase,2024-10-19,textile,4,284.65
CUST_01100,purchase,2024-07-03,bags,2,461.66
CUST_03044,purchase,2024-11-23,slg,3,1712.53
CUST_00840,purchase,2024-06-11,textile,2,1711.93
CUST_00246,purchase,2024-06-03,bags,2,676.72
CUST_01383,purchase,2024-11-07,rtw,2,119.79
CUST_01165,purchase,2024-09-19,shoes,1,1441.21
CUST_00945,purchase,2024-07-27,textile,2,1757.34
CUST_02473,purchase,2024-10-18,rtw,3,1833.77
CUST_02264,purchase,2024-08-30,shoes,2,1259.51
CUST_00622,purchase,2024-06-06,textile,1,1445.92
CUST_02393,purchase,2024-08-21,shoes,3,1293.67
CUST_00704,purchase,2024-12-24,slg,1,1898.64
CUST_00833,purchase,2024-10-17,textile,2,455.36
CUST_00072,purchase,2024-07-12,bags,2,1498.97
CUST_02340,purchase,2024-12-07,textile,1,1350.04
CUST_01105,purchase,2024-12-25,slg,1,1133.05
CUST_00511,purchase,2024-06-25,shoes,3,1978.65
CUST_03463,purchase,2024-10-23,shoes,1,1464.33
CUST_00992,purchase,2024-09-26,textile,2,436.89
CUST_00679,purchase,2024-07-15,shoes,1,1730.96
CUST_01145,purchase,2024-06-28,bags,3,1779.91
CUST_00979,purchase,2025-01-09,rtw,2,873.98
CUST_01783,purchase,2024-10-27,textile,1,1099.41
CUST_03480,purchase,2024-09-07,slg,2,1803.63
CUST_00875,purchase,2024-10-13,bags,1,1198.79
CUST_03471,purchase,2024-06-21,slg,1,1531.37
CUST_02919,purchase,2025-01-03,slg,1,458.53
CUST_00616,purchase,2024-12-07,slg,2,1288.92
CUST_03485,purchase,2024-10-04,slg,3,709.31
CUST_00095,purchase,2024-10-17,rtw,2,1474.67
CUST_00841,purchase,2025-01-10,slg,3,702.12
CUST_01789,purchase,2024-12-20,textile,2,419.34
CUST_01403,purchase,2024-08-22,bags,1,1338.87
CUST_02045,purchase,2024-10-08,textile,2,1611.61
CUST_01589,purchase,2024-09-22,textile,3,697.92
CUST_00842,purchase,2024-11-17,shoes,2,1799.46
CUST_02882,purchase,2024-06-20,textile,1,1077.86
CUST_03429,purchase,2024-11-26,slg,1,630.96
CUST_00690,purchase,2024-12-19,slg,2,1358.48
CUST_00849,purchase,2024-07-26,rtw,3,1522.91
CUST_01447,purchase,2024-09-12,rtw,2,886.64
CUST_01019,purchase,2024-12-01,rtw,2,1874.15
CUST_00946,purchase,2024-09-06,textile,2,954.77
CUST_01924,purchase,2024-06-07,textile,1,636.19
CUST_01000,purchase,2024-11-13,bags,2,1015.74
CUST_01853,purchase,2024-11-30,bags,1,1624.4
CUST_01593,purchase,2024-11-29,rtw,3,702.56
CUST_01473,purchase,2024-11-21,bags,1,1831.37
CUST_02011,purchase,2024-09-20,slg,2,1433.28
CUST_01738,purchase,2024-06-23,slg,1,152.74
CUST_01045,purchase,2024-08-29,shoes,2,1932.24
CUST_01103,purchase,2024-09-02,rtw,3,717.19
CUST_01961,purchase,2024-10-10,shoes,2,420.92
CUST_00898,purchase,2025-02-24,textile,2,1899.86
CUST_02454,purchase,2024-10-14,shoes,3,361.81
CUST_03465,purchase,2024-06-10,slg,1,1811.36
CUST_01494,purchase,2024-06-13,shoes,2,1183.4
CUST_00369,purchase,2024-11-29,shoes,2,453.06
CUST_00379,purchase,2024-12-16,textile,3,608.38
CUST_00206,purchase,2024-08-04,bags,3,158.17
CUST_02152,purchase,2024-10-26,slg,2,371.19
CUST_00611,purchase,2024-08-15,shoes,2,1919.18
CUST_01786,purchase,2024-08-11,shoes,1,862.6
CUST_00939,purchase,2024-09-13,rtw,1,1408.74
CUST_00683,purchase,2024-10-12,bags,1,1138.93
CUST_00950,purchase,2024-06-24,textile,4,268.19
CUST_00214,purchase,2024-10-25,shoes,2,949.75
CUST_01181,purchase,2024-10-19,slg,5,1513.47
CUST_01734,purchase,2024-07-13,shoes,1,1997.05
CUST_00071,purchase,2024-12-24,shoes,1,1221.01
CUST_02469,purchase,2024-11-30,bags,1,312.93
CUST_00276,purchase,2024-11-18,bags,2,1208.12
CUST_01103,purchase,2024-12-27,shoes,2,334.27
CUST_02188,purchase,2024-07-02,slg,2,698.77
CUST_02267,purchase,2025-01-18,rtw,2,1739.19
CUST_02963,purchase,2024-07-16,shoes,2,1743.82
CUST_02186,purchase,2024-07-18,shoes,3,1539.34
CUST_03224,purchase,2024-06-03,rtw,2,1772.21
CUST_00704,purchase,2024-12-14,rtw,3,292.77
CUST_02103,purchase,2024-12-26,bags,1,1141.71
CUST_02052,purchase,2024-10-08,bags,2,997.14
CUST_01614,purchase,2024-07-05,shoes,1,1243.99
CUST_00199,purchase,2024-09-29,shoes,3,1988.21
CUST_03468,purchase,2024-07-04,shoes,3,1979.89
CUST_02495,purchase,2024-12-31,rtw,3,1396.09
CUST_02351,purchase,2024-12-18,rtw,3,914.58
CUST_01895,purchase,2024-08-02,slg,3,325.45
CUST_00718,purchase,2024-11-29,bags,1,150.65
CUST_02923,purchase,2024-08-03,shoes,1,526.31
CUST_02622,purchase,2024-11-03,bags,3,1170.08
CUST_00275,purchase,2024-09-05,shoes,4,571.52
CUST_00003,purchase,2024-08-13,slg,1,1271.43
CUST_02167,purchase,2024-12-22,slg,2,1722.32
CUST_02776,purchase,2024-12-11,slg,3,308.03
CUST_02255,purchase,2024-10-17,slg,1,148.46
CUST_02151,purchase,2025-01-14,textile,2,1523.06
CUST_01450,purchase,2024-12-19,textile,1,580.18
CUST_02366,purchase,2024-12-01,slg,3,1942.88
CUST_03079,purchase,2024-08-04,textile,2,1625.32
CUST_01670,purchase,2024-10-11,textile,1,605.01
CUST_02047,purchase,2024-10-26,bags,2,358.24
CUST_00848,purchase,2024-06-19,textile,1,1596.9
CUST_01506,purchase,2024-08-16,bags,2,1802.83
CUST_02476,purchase,2024-09-14,slg,2,1827.32
CUST_01540,purchase,2024-08-16,rtw,3,885.96
CUST_00098,purchase,2024-11-28,slg,2,926.01
CUST_00814,purchase,2024-12-10,bags,1,172.55
CUST_00883,purchase,2024-09-20,shoes,3,472.46
CUST_01843,purchase,2024-10-30,shoes,2,425.34
CUST_02659,purchase,2024-12-21,rtw,1,1086.19
CUST_01624,purchase,2024-11-24,shoes,2,763.8
CUST_00068,purchase,2024-07-29,slg,2,548.3
CUST_01036,purchase,2024-11-22,slg,3,1026.3
CUST_01911,purchase,2024-11-30,slg,2,236.59
CUST_01522,purchase,2024-07-23,slg,4,821.88
CUST_00535,purchase,2024-09-15,bags,2,1246.86
CUST_01006,purchase,2024-07-08,bags,3,1461.75
CUST_01211,purchase,2024-09-04,bags,5,448.08
CUST_01436,purchase,2024-12-04,slg,1,1022.85
CUST_02677,purchase,2024-09-19,bags,1,1196.3
CUST_02451,purchase,2024-08-15,rtw,2,169.21
CUST_03364,purchase,2024-11-26,textile,1,315.35
CUST_01955,purchase,2024-06-11,slg,1,1980.78
CUST_00278,purchase,2024-08-30,rtw,1,654.75
CUST_00793,purchase,2024-08-19,textile,1,1307.11
CUST_00680,purchase,2024-06-03,bags,2,1846.56
CUST_00598,purchase,2024-12-08,textile,2,1023.11
CUST_01105,purchase,2024-06-16,bags,2,1653.51
CUST_02087,purchase,2024-07-26,textile,1,889.1
CUST_01521,purchase,2024-06-07,slg,2,1736.56
CUST_01653,purchase,2024-11-03,textile,1,295.55
CUST_01886,purchase,2024-08-28,textile,2,242.37
CUST_01338,purchase,2024-08-12,rtw,2,786.31
CUST_00209,purchase,2024-12-23,textile,1,276.01
CUST_02399,purchase,2024-07-02,slg,2,1936.11
CUST_03107,purchase,2024-10-03,slg,1,1420.8
CUST_03128,purchase,2024-10-10,bags,2,1522.6
CUST_02730,purchase,2024-12-17,textile,2,1985.74
CUST_02985,purchase,2024-12-09,textile,1,512.3
CUST_02073,purchase,2024-06-18,shoes,2,1426.69
CUST_03379,purchase,2024-09-05,rtw,5,514.44
CUST_02706,purchase,2024-11-30,slg,2,970.13
CUST_02997,purchase,2024-12-02,rtw,2,1097.05
CUST_00590,purchase,2024-07-07,shoes,3,1541.62
CUST_00382,purchase,2024-11-05,slg,1,1650.79
CUST_01130,purchase,2024-09-09,shoes,1,731.14
CUST_00172,purchase,2024-09-30,rtw,1,262.1
CUST_00050,purchase,2024-07-05,shoes,2,1755.81
CUST_01714,purchase,2024-10-24,shoes,2,1469.69
CUST_01711,purchase,2025-01-31,shoes,3,417.33
CUST_01749,purchase,2024-10-19,textile,2,979.97
CUST_01046,purchase,2024-07-24,bags,2,1262.72
CUST_00272,purchase,2024-07-12,bags,1,279.98
CUST_01088,purchase,2024-11-21,slg,2,874.26
CUST_03224,purchase,2024-06-17,shoes,2,156.4
CUST_01919,purchase,2024-07-13,slg,1,1642.34
CUST_00468,purchase,2024-10-05,slg,3,477.97
CUST_03325,purchase,2024-12-07,textile,1,1707.76
CUST_02982,purchase,2024-09-04,slg,2,212.72
CUST_01058,purchase,2024-11-24,textile,1,596.62
CUST_02245,purchase,2024-12-26,rtw,3,1209.87
CUST_02587,purchase,2024-11-18,rtw,2,1419.98
CUST_02158,purchase,2024-07-10,textile,2,1691.77
CUST_02131,purchase,2024-11-22,rtw,2,540.06
CUST_03303,purchase,2024-10-31,shoes,2,1103.08
CUST_00927,purchase,2024-12-26,bags,1,1382.51
CUST_01778,purchase,2024-10-02,rtw,1,839.93
CUST_01345,purchase,2024-10-09,rtw,2,271.48
CUST_02044,purchase,2024-12-03,slg,1,480.94
CUST_00211,purchase,2024-10-30,rtw,1,494.43
CUST_03284,purchase,2024-10-17,bags,3,1002.86
CUST_03376,purchase,2024-07-08,textile,1,1922.11
CUST_00916,purchase,2024-12-05,shoes,1,1370.0
CUST_01019,purchase,2024-09-27,shoes,3,700.01
CUST_00404,purchase,2024-10-30,textile,1,1264.24
CUST_02072,purchase,2024-09-01,slg,3,1653.9
CUST_03042,purchase,2024-10-14,slg,2,760.49
CUST_02321,purchase,2024-08-24,rtw,2,318.68
CUST_00333,purchase,2024-10-21,shoes,1,1584.77
CUST_02553,purchase,2024-10-02,bags,1,426.98
CUST_03175,purchase,2024-08-20,bags,3,1010.76
CUST_01785,purchase,2024-09-12,slg,2,1938.87
CUST_00631,purchase,2024-12-06,slg,1,507.67
CUST_00126,purchase,2024-08-25,rtw,1,1350.58
CUST_00485,purchase,2024-08-18,shoes,2,792.62
CUST_01993,purchase,2024-10-04,slg,1,729.82
CUST_02411,purchase,2024-07-25,slg,3,579.77
CUST_01762,purchase,2024-07-31,rtw,1,1458.25
CUST_00997,purchase,2024-11-04,shoes,3,1084.03
CUST_01377,purchase,2024-07-11,textile,3,1107.49
CUST_01340,purchase,2024-10-30,slg,2,440.47
CUST_03495,purchase,2024-06-22,bags,1,633.99
CUST_00337,purchase,2024-06-22,bags,1,1842.19
CUST_00615,purchase,2024-10-17,slg,3,1409.69
CUST_02018,purchase,2024-06-24,shoes,3,783.11
CUST_00211,purchase,2024-06-01,slg,4,666.56
CUST_00728,purchase,2024-10-08,shoes,1,962.57
CUST_01194,purchase,2024-09-02,rtw,2,1474.55
CUST_02729,purchase,2025-01-29,bags,1,1722.39
CUST_00166,purchase,2024-07-13,rtw,1,797.75
CUST_01353,purchase,2024-10-20,bags,3,1707.89
CUST_02388,purchase,2024-06-22,bags,4,1830.48
CUST_02517,purchase,2024-06-01,shoes,5,502.86
CUST_03234,purchase,2024-07-14,slg,3,747.89
CUST_03376,purchase,2024-10-04,bags,2,254.82
CUST_01095,purchase,2024-10-30,rtw,1,1516.73
CUST_02521,purchase,2024-10-13,bags,1,1064.53
CUST_03408,purchase,2024-10-26,rtw,3,286.95
CUST_00568,purchase,2024-06-17,slg,3,806.72
CUST_02483,purchase,2024-08-06,shoes,4,589.62
CUST_02636,purchase,2024-12-16,textile,1,554.03
CUST_00394,purchase,2024-10-06,textile,2,332.77
CUST_00917,purchase,2024-11-24,rtw,3,1975.83
CUST_00132,purchase,2024-09-09,rtw,3,556.25
CUST_02724,purchase,2024-07-12,slg,2,530.32
CUST_03319,purchase,2024-09-24,rtw,2,1412.2
CUST_02085,purchase,2024-08-18,rtw,2,1006.45
CUST_02677,purchase,2024-11-28,slg,2,1966.89
CUST_01713,purchase,2024-12-24,shoes,1,1399.15
CUST_03254,purchase,2024-12-09,rtw,3,1620.4
CUST_00863,purchase,2024-08-01,slg,1,1662.49
CUST_00610,purchase,2024-11-28,shoes,1,148.79
CUST_00151,purchase,2024-06-21,bags,1,1010.64
CUST_02408,purchase,2024-07-01,shoes,2,314.71
CUST_00442,purchase,2024-09-23,shoes,4,1166.22
CUST_00612,purchase,2024-10-07,bags,4,1734.65
CUST_01158,purchase,2024-12-15,rtw,2,1198.52
CUST_02817,purchase,2024-08-21,textile,3,1344.94
CUST_00980,purchase,2024-12-01,slg,1,763.35
CUST_01784,purchase,2024-09-13,bags,5,1697.39
CUST_02640,purchase,2024-10-10,textile,1,1310.52
CUST_02988,purchase,2024-10-29,rtw,2,420.4
CUST_02905,purchase,2024-11-03,slg,1,644.65
CUST_02688,purchase,2024-06-09,rtw,4,679.21
CUST_00642,purchase,2024-09-09,shoes,1,857.75
CUST_01414,purchase,2024-06-17,bags,3,605.01
CUST_00129,purchase,2024-12-23,rtw,1,765.2
CUST_01596,purchase,2024-07-18,slg,4,589.69
CUST_01899,purchase,2024-11-16,slg,1,117.1
CUST_03211,purchase,2024-11-29,rtw,4,1548.22
CUST_01842,purchase,2024-07-05,rtw,1,300.63
CUST_03053,purchase,2025-03-16,slg,2,1650.63
CUST_02697,purchase,2024-08-20,textile,2,529.68
CUST_02867,purchase,2024-07-18,bags,1,334.98
CUST_03209,purchase,2024-07-13,rtw,1,1484.34
CUST_01704,purchase,2024-06-24,slg,1,1687.18
CUST_01371,purchase,2024-07-08,bags,2,883.59
CUST_00575,purchase,2024-08-01,textile,2,113.83
CUST_02474,purchase,2024-11-13,rtw,2,1883.38
CUST_00829,purchase,2024-12-02,shoes,1,1564.86
CUST_01712,purchase,2024-06-10,bags,2,238.28
CUST_02587,purchase,2024-09-01,rtw,1,1577.34
CUST_03278,purchase,2024-11-05,rtw,3,213.89
CUST_01382,purchase,2024-06-01,bags,2,204.53
CUST_01978,purchase,2024-12-15,textile,2,122.73
CUST_00827,purchase,2024-07-25,shoes,1,1428.48
CUST_01362,purchase,2024-11-22,textile,1,1745.33
CUST_01121,purchase,2024-10-14,slg,1,268.47
CUST_02166,purchase,2024-10-30,textile,3,871.59
CUST_02508,purchase,2024-07-21,slg,1,1359.13
CUST_03153,purchase,2024-12-05,bags,1,1456.67
CUST_01864,purchase,2024-12-02,textile,3,1299.2
CUST_02242,purchase,2024-08-14,textile,2,327.21
CUST_03096,purchase,2024-09-25,bags,3,1739.1
CUST_01166,purchase,2024-10-05,bags,2,133.24
CUST_01669,purchase,2024-10-29,bags,2,270.52
CUST_01944,purchase,2024-12-30,slg,3,1139.05
CUST_01899,purchase,2024-10-21,textile,2,1918.9
CUST_00946,purchase,2024-08-20,textile,3,494.88
CUST_00913,purchase,2024-09-24,rtw,1,1087.2
CUST_01230,purchase,2024-11-14,bags,1,1422.02
CUST_03346,purchase,2024-07-29,textile,2,1513.71
CUST_01041,purchase,2024-09-10,rtw,1,1667.28
CUST_00018,purchase,2024-10-14,shoes,1,743.38
CUST_00167,purchase,2024-07-27,slg,1,1976.69
CUST_00979,purchase,2024-09-10,bags,2,283.58
CUST_01762,purchase,2024-06-13,bags,2,1977.73
CUST_03287,purchase,2024-12-23,rtw,4,631.84
CUST_02193,purchase,2024-12-26,textile,1,236.82
CUST_01708,purchase,2024-06-05,textile,2,1727.71
CUST_03002,purchase,2024-12-21,rtw,2,135.73
CUST_03150,purchase,2025-02-09,bags,1,487.59
CUST_02035,purchase,2024-10-16,shoes,2,1212.06
CUST_02188,purchase,2024-10-31,textile,2,404.69
CUST_01178,purchase,2024-12-17,bags,2,645.08
CUST_00962,purchase,2024-09-08,textile,4,1056.0
CUST_02973,purchase,2024-08-24,shoes,1,1925.85
CUST_02233,purchase,2024-11-15,shoes,1,475.12
CUST_00059,purchase,2024-11-23,slg,4,1023.13
CUST_00327,purchase,2024-08-24,shoes,3,426.59
CUST_01966,purchase,2024-06-06,bags,3,808.82
CUST_00532,purchase,2024-12-09,rtw,3,1382.1
CUST_00693,purchase,2024-11-16,rtw,1,331.31
CUST_02752,purchase,2024-08-05,slg,4,557.12
CUST_00663,purchase,2024-11-04,shoes,2,1655.83
CUST_02987,purchase,2024-07-12,rtw,1,1884.98
CUST_00400,purchase,2024-12-13,rtw,2,1563.79
CUST_01268,purchase,2024-11-27,textile,1,509.02
CUST_02618,purchase,2024-06-18,bags,2,719.02
CUST_00638,purchase,2024-07-02,bags,2,142.44
CUST_00982,purchase,2024-06-17,rtw,2,1410.34
CUST_00734,purchase,2024-10-09,slg,3,115.9
CUST_01383,purchase,2024-07-02,textile,3,1409.68
CUST_03138,purchase,2025-04-19,textile,1,382.74
CUST_01906,purchase,2024-12-11,bags,2,967.0
CUST_01972,purchase,2025-03-02,textile,2,1237.05
CUST_01140,purchase,2024-12-19,bags,1,1980.4
CUST_01460,purchase,2024-12-19,bags,2,463.53
CUST_01447,purchase,2024-07-16,slg,1,1377.16
CUST_03304,purchase,2024-07-19,textile,1,536.01
CUST_01026,purchase,2024-12-03,bags,2,1376.24
CUST_02541,purchase,2024-12-23,bags,3,1309.82
CUST_00260,purchase,2024-07-12,shoes,1,1141.08
CUST_01402,purchase,2024-07-12,textile,2,844.22
CUST_03340,purchase,2024-11-24,textile,2,925.56
CUST_00796,purchase,2024-10-29,rtw,3,1671.05
CUST_00123,purchase,2024-08-27,slg,1,514.61
CUST_03247,purchase,2024-12-11,slg,3,712.75
CUST_00425,purchase,2024-12-24,textile,2,901.54
CUST_03178,purchase,2024-12-25,slg,5,227.37
CUST_00870,purchase,2024-07-13,shoes,2,766.71
CUST_02544,purchase,2024-11-11,slg,2,1528.98
CUST_03169,purchase,2024-10-29,bags,2,976.56
CUST_03051,purchase,2024-07-29,slg,3,843.47
CUST_02284,purchase,2024-12-15,slg,2,582.51
CUST_01587,purchase,2024-08-22,rtw,1,1184.77
CUST_00816,purchase,2024-06-11,bags,2,1295.44
CUST_01856,purchase,2024-07-19,bags,1,1252.19
CUST_02339,purchase,2024-08-30,bags,2,228.24
CUST_02723,purchase,2024-09-04,rtw,2,881.1
CUST_01703,purchase,2024-12-09,bags,2,128.56
CUST_01291,purchase,2024-09-27,bags,1,549.38
CUST_00550,purchase,2024-06-25,textile,3,1507.15
CUST_02133,purchase,2024-10-22,bags,2,755.62
CUST_02429,purchase,2024-07-05,slg,2,976.23
CUST_02025,purchase,2024-12-31,textile,1,1836.3
CUST_02974,purchase,2024-12-12,rtw,2,1414.83
CUST_00491,purchase,2025-01-09,bags,1,1892.66
CUST_03221,purchase,2024-12-31,rtw,1,1362.82
CUST_01008,purchase,2024-08-19,textile,1,1633.77
CUST_03368,purchase,2024-09-17,rtw,4,1855.72
CUST_00160,purchase,2024-06-28,bags,4,1258.15
CUST_01230,purchase,2024-11-18,shoes,1,1421.87
CUST_02851,purchase,2024-08-06,slg,2,1960.54
CUST_00627,purchase,2024-08-11,rtw,5,301.58
CUST_03481,purchase,2024-10-31,bags,5,950.52
CUST_02175,purchase,2024-09-02,bags,3,808.82
CUST_02041,purchase,2024-08-18,rtw,3,1077.67
CUST_01667,purchase,2024-06-06,bags,1,1323.31
CUST_01168,purchase,2024-08-23,shoes,2,354.47
CUST_02916,purchase,2024-06-24,shoes,1,1854.09
CUST_02151,purchase,2024-11-02,textile,3,977.29
CUST_03489,purchase,2024-06-26,rtw,2,824.54
CUST_00465,purchase,2024-10-18,rtw,2,805.44
CUST_03146,purchase,2024-08-25,rtw,1,476.17
CUST_00507,purchase,2024-07-17,textile,1,1612.19
CUST_00870,purchase,2024-10-28,bags,1,758.62
CUST_00949,purchase,2024-06-13,rtw,1,1158.5
CUST_01276,purchase,2024-12-12,textile,4,360.21
CUST_03092,purchase,2024-10-17,bags,1,1941.03
CUST_03325,purchase,2024-11-30,textile,2,359.88
CUST_02365,purchase,2024-11-24,textile,2,1626.95
CUST_01218,purchase,2024-10-20,rtw,2,979.37
CUST_00412,purchase,2024-11-14,bags,1,1219.87
CUST_01278,purchase,2024-09-16,bags,2,1059.39
CUST_02695,purchase,2024-08-25,rtw,2,1135.93
CUST_03036,purchase,2024-06-14,shoes,1,1435.31
CUST_00282,purchase,2024-06-25,textile,1,1373.9
CUST_00017,purchase,2024-06-28,slg,1,223.06
CUST_00175,purchase,2025-01-16,rtw,4,1107.05
CUST_01663,purchase,2024-10-17,bags,2,170.13
CUST_01083,purchase,2024-11-02,textile,1,552.23
CUST_02299,purchase,2024-12-21,shoes,1,1892.58
CUST_00336,purchase,2024-08-25,shoes,4,531.44
CUST_00759,purchase,2025-01-20,textile,3,1060.26
CUST_02871,purchase,2024-06-27,bags,1,898.87
CUST_01927,purchase,2024-10-27,shoes,2,1785.87
CUST_00694,purchase,2024-12-06,textile,1,1947.08
CUST_00978,purchase,2024-09-13,bags,1,1896.63
CUST_02792,purchase,2024-10-12,rtw,3,1343.0
CUST_02363,purchase,2025-04-11,shoes,2,341.46
CUST_02018,purchase,2024-10-19,shoes,1,407.28
CUST_00244,purchase,2024-09-19,shoes,1,1388.81
CUST_02512,purchase,2024-11-18,slg,1,1367.33
CUST_00789,purchase,2024-12-29,textile,3,1189.8
CUST_01199,purchase,2024-08-28,shoes,2,705.21
CUST_01657,purchase,2024-10-30,slg,3,1004.41
CUST_02369,purchase,2024-08-13,rtw,1,1958.08
CUST_01021,purchase,2024-11-05,bags,2,769.01
CUST_02896,purchase,2024-09-16,rtw,2,504.89
CUST_02656,purchase,2024-11-02,slg,2,1342.06
CUST_00006,purchase,2024-06-30,slg,2,1368.82
CUST_02420,purchase,2024-07-19,rtw,2,975.83
CUST_02832,purchase,2024-07-03,textile,1,446.0
CUST_00756,purchase,2024-12-26,textile,1,220.13
CUST_00492,purchase,2024-11-19,shoes,2,277.69
CUST_00543,purchase,2024-11-30,bags,3,570.11
CUST_00946,purchase,2024-08-03,bags,1,970.91
CUST_02996,purchase,2024-06-19,slg,2,1180.45
CUST_00545,purchase,2024-07-26,rtw,3,1461.11
CUST_00462,purchase,2024-10-26,bags,4,1677.06
CUST_02670,purchase,2024-07-24,bags,3,1257.99
CUST_03400,purchase,2024-11-26,bags,3,1493.38
CUST_01694,purchase,2024-06-28,rtw,4,939.87
CUST_00846,purchase,2024-09-23,shoes,3,1200.47
CUST_00603,purchase,2024-12-03,bags,4,1475.38
CUST_01511,purchase,2024-08-23,slg,4,1988.13
CUST_01552,purchase,2024-11-16,textile,5,1171.02
CUST_02787,purchase,2024-08-10,slg,2,576.67
CUST_02717,purchase,2024-07-22,shoes,2,564.6
CUST_00847,purchase,2024-09-08,rtw,3,927.71
CUST_00771,purchase,2024-11-18,shoes,1,1776.56
CUST_02007,purchase,2024-10-04,rtw,1,1320.67
CUST_01792,purchase,2024-06-13,rtw,2,1098.85
CUST_00013,purchase,2025-01-10,slg,1,633.15
CUST_00650,purchase,2024-06-16,bags,3,487.45
CUST_03066,purchase,2024-09-26,textile,1,1359.72
CUST_01185,purchase,2024-07-23,slg,2,1381.49
CUST_00453,purchase,2024-08-13,shoes,1,1067.13
CUST_01161,purchase,2024-08-11,shoes,1,1870.21
CUST_01746,purchase,2024-12-14,bags,1,897.85
CUST_01939,purchase,2024-12-19,textile,2,1324.73
CUST_00268,purchase,2024-10-29,slg,1,310.28
CUST_01425,purchase,2024-08-17,shoes,3,1289.74
CUST_01841,purchase,2024-11-11,rtw,2,1268.3
CUST_03439,purchase,2024-10-01,slg,1,818.27
CUST_01105,purchase,2024-07-12,slg,3,1306.76
CUST_00904,purchase,2024-09-21,shoes,1,579.88
CUST_00071,purchase,2024-12-17,shoes,3,736.69
CUST_02643,purchase,2024-10-03,slg,2,1469.36
CUST_00897,purchase,2024-10-20,textile,4,672.97
CUST_02630,purchase,2024-07-08,bags,1,843.11
CUST_01097,purchase,2024-12-02,rtw,1,1835.67
CUST_02139,purchase,2024-08-05,bags,1,1429.61
CUST_01114,purchase,2024-11-16,textile,3,1478.0
CUST_03275,purchase,2024-08-19,slg,1,1516.61
CUST_00084,purchase,2024-06-17,textile,1,1815.39
CUST_00439,purchase,2024-08-01,rtw,1,699.94
CUST_01033,purchase,2024-12-25,shoes,3,500.36
CUST_03104,purchase,2024-11-19,textile,1,677.54
CUST_02514,purchase,2025-01-31,textile,2,915.36
CUST_00750,purchase,2024-11-08,slg,2,1898.03
CUST_02165,purchase,2024-06-01,shoes,1,1292.01
CUST_00081,purchase,2024-08-23,textile,2,882.21
CUST_01720,purchase,2024-10-24,rtw,1,427.75
CUST_00006,purchase,2024-10-02,shoes,2,438.8
CUST_00768,purchase,2024-06-28,rtw,2,349.59
CUST_02953,purchase,2024-12-13,slg,1,1330.26
CUST_01029,purchase,2024-11-15,rtw,3,323.94
CUST_02402,purchase,2024-07-22,slg,1,1111.23
CUST_02744,purchase,2024-11-02,textile,2,1616.01
CUST_02311,purchase,2024-08-31,bags,3,210.8
CUST_01557,purchase,2024-09-29,textile,1,136.2
CUST_00804,purchase,2024-11-01,rtw,2,1149.62
CUST_00188,purchase,2024-10-12,rtw,1,567.04
CUST_01931,purchase,2024-12-12,shoes,1,708.7
CUST_02182,purchase,2024-08-25,slg,3,1112.15
CUST_00933,purchase,2024-11-27,textile,1,1696.19
CUST_00068,purchase,2024-11-24,bags,1,1821.84
CUST_00423,purchase,2024-10-23,shoes,2,958.24
CUST_00948,purchase,2024-09-14,bags,2,611.97
CUST_00840,purchase,2024-09-28,slg,1,1234.57
CUST_02192,purchase,2024-12-07,bags,1,1555.42
CUST_00421,purchase,2024-11-22,textile,3,1160.7
CUST_01808,purchase,2024-12-01,shoes,1,1186.83
CUST_00905,purchase,2024-12-06,shoes,4,625.44
CUST_00895,purchase,2024-12-27,bags,2,852.48
CUST_00150,purchase,2024-08-05,bags,1,1880.52
CUST_02407,purchase,2024-10-30,bags,2,1490.77
CUST_01149,purchase,2024-11-12,textile,3,1403.53
CUST_01843,purchase,2024-07-24,bags,2,101.55
CUST_01396,purchase,2024-07-31,textile,1,1868.3
CUST_00487,purchase,2024-10-21,rtw,1,932.23
CUST_03241,purchase,2024-11-01,textile,1,363.34
CUST_03058,purchase,2024-11-09,shoes,1,1151.93
CUST_00181,purchase,2024-09-30,rtw,2,714.48
CUST_02217,purchase,2024-07-13,bags,2,1829.79
CUST_03450,purchase,2024-11-17,shoes,2,1113.44
CUST_03260,purchase,2024-09-14,rtw,3,335.58
CUST_00410,purchase,2024-06-23,textile,3,1660.91
CUST_02388,purchase,2024-07-29,textile,2,123.24
CUST_01138,purchase,2024-06-01,slg,2,1483.16
CUST_02853,purchase,2024-08-29,rtw,1,1613.07
CUST_03086,purchase,2024-12-28,textile,1,548.2
CUST_02851,purchase,2024-07-13,bags,1,399.27
CUST_03027,purchase,2024-10-05,textile,2,1987.25
CUST_00088,purchase,2024-11-18,rtw,2,519.65
CUST_00789,purchase,2024-07-15,shoes,2,1548.81
CUST_00960,purchase,2024-12-06,bags,1,1528.74
CUST_03001,purchase,2024-07-16,shoes,2,425.13
CUST_03389,purchase,2024-07-24,shoes,1,1230.17
CUST_00544,purchase,2024-08-15,slg,3,1126.91
CUST_00251,purchase,2024-11-17,slg,2,417.13
CUST_00925,purchase,2024-11-06,shoes,5,1136.79
CUST_00129,purchase,2024-10-30,shoes,4,787.12
CUST_01502,purchase,2024-11-08,rtw,1,788.64
CUST_03420,purchase,2024-11-23,slg,2,1638.95
CUST_00631,purchase,2024-11-24,bags,1,119.12
CUST_03415,purchase,2024-07-11,slg,3,1522.9
CUST_01549,purchase,2024-06-02,shoes,2,272.06
CUST_01535,purchase,2024-06-09,textile,2,1834.27
CUST_00718,purchase,2024-11-23,slg,2,763.08
CUST_00445,purchase,2024-06-22,shoes,1,1228.2
CUST_00868,purchase,2024-06-19,shoes,3,652.5
CUST_01701,purchase,2024-06-28,slg,1,661.15
CUST_00940,purchase,2024-11-27,shoes,3,1587.46
CUST_01091,purchase,2024-11-30,textile,1,374.57
CUST_02924,purchase,2024-10-21,textile,1,587.29
CUST_02424,purchase,2024-10-28,rtw,2,1729.06
CUST_01856,purchase,2024-10-26,textile,2,1439.61
CUST_02183,purchase,2024-11-17,textile,2,1844.22
CUST_00884,purchase,2024-11-15,slg,1,1500.22
CUST_00706,purchase,2024-11-04,slg,1,797.45
CUST_01144,purchase,2024-08-20,rtw,3,203.68
CUST_02484,purchase,2024-07-25,bags,2,1406.44
CUST_00804,purchase,2024-09-12,rtw,5,1878.54
CUST_01539,purchase,2024-12-15,textile,1,1049.74
CUST_01905,purchase,2024-06-24,textile,4,1756.34
CUST_00473,purchase,2024-11-09,shoes,2,148.79
CUST_00221,purchase,2024-07-29,textile,1,1839.97
CUST_00464,purchase,2024-10-22,slg,3,1879.59
CUST_01617,purchase,2024-11-14,textile,2,387.65
CUST_02919,purchase,2024-12-06,shoes,2,404.1
CUST_00217,purchase,2024-10-11,shoes,1,642.58
CUST_02208,purchase,2024-07-30,shoes,3,1852.54
CUST_00986,purchase,2024-06-13,textile,3,1956.49
CUST_02486,purchase,2024-10-18,bags,1,1477.18
CUST_00990,purchase,2024-10-16,textile,2,838.8
CUST_00343,purchase,2024-08-26,textile,1,279.54
CUST_02202,purchase,2024-06-24,rtw,3,1135.99
CUST_01070,purchase,2024-08-25,textile,1,364.52
CUST_00558,purchase,2024-12-29,shoes,4,1131.71
CUST_00181,purchase,2024-09-18,slg,3,1600.61
CUST_03483,purchase,2024-07-23,shoes,1,1892.99
CUST_03289,purchase,2024-12-20,shoes,1,1004.7
CUST_02863,purchase,2024-11-23,bags,3,535.56
CUST_02122,purchase,2024-07-08,textile,2,904.99
CUST_01812,purchase,2024-06-19,slg,1,1648.89
CUST_02953,purchase,2024-11-10,textile,1,1397.32
CUST_00329,purchase,2024-12-06,rtw,2,490.51
CUST_01888,purchase,2024-07-13,rtw,3,1666.25
CUST_03471,purchase,2024-10-20,bags,2,1246.06
CUST_00136,purchase,2024-12-13,bags,2,750.46
CUST_03196,purchase,2024-06-07,bags,4,153.94
CUST_03317,purchase,2024-12-03,bags,1,1472.14
CUST_00343,purchase,2024-08-22,shoes,2,1266.72
CUST_03103,purchase,2024-12-08,textile,3,590.57
CUST_00333,purchase,2024-06-22,shoes,3,1665.7
CUST_01970,purchase,2024-12-24,bags,1,474.0
CUST_01799,purchase,2024-10-30,textile,1,266.67
CUST_02653,purchase,2024-09-04,bags,3,1712.44
CUST_03226,purchase,2024-11-09,textile,2,1323.86
CUST_00106,purchase,2024-12-02,shoes,4,698.66
CUST_01448,purchase,2024-08-20,slg,3,143.74
CUST_02754,purchase,2024-06-30,textile,2,725.98
CUST_02645,purchase,2024-08-14,rtw,1,889.82
CUST_01069,purchase,2024-07-11,bags,2,249.99
CUST_02236,purchase,2024-12-26,shoes,6,194.02
CUST_02460,purchase,2024-11-19,textile,1,715.59
CUST_02212,purchase,2024-10-01,rtw,3,1096.83
CUST_02012,purchase,2024-10-12,bags,2,1872.37
CUST_00617,purchase,2024-07-15,rtw,2,1876.71
CUST_02054,purchase,2024-11-07,bags,2,1202.3
CUST_01287,purchase,2024-09-06,slg,2,1743.18
CUST_00166,purchase,2024-10-08,slg,4,812.14
CUST_01915,purchase,2024-06-07,bags,3,1386.94
CUST_02455,purchase,2024-06-13,bags,2,1612.14
CUST_02712,purchase,2024-08-06,shoes,3,1122.88
CUST_01548,purchase,2024-08-28,rtw,5,1692.17
CUST_00364,purchase,2024-09-01,textile,1,476.4
CUST_01127,purchase,2024-10-14,shoes,1,1729.43
CUST_01660,purchase,2024-09-05,textile,1,362.41
CUST_00504,purchase,2024-07-31,slg,1,1188.06
CUST_00612,purchase,2024-12-22,rtw,3,416.33
CUST_02096,purchase,2024-07-29,rtw,1,354.46
CUST_01514,purchase,2024-11-17,bags,2,639.64
CUST_01500,purchase,2024-08-19,shoes,3,133.93
CUST_03216,purchase,2024-10-26,slg,2,770.98
CUST_02989,purchase,2024-06-11,textile,2,1351.79
CUST_02926,purchase,2024-06-11,slg,1,128.14
CUST_00218,purchase,2024-09-13,shoes,1,704.53
CUST_00985,purchase,2024-12-07,textile,3,815.42
CUST_02516,purchase,2024-10-21,slg,1,117.03
CUST_02532,purchase,2024-08-30,bags,2,646.57
CUST_03164,purchase,2024-12-29,textile,1,1032.03
CUST_00757,purchase,2024-07-03,bags,2,937.7
CUST_00249,purchase,2024-08-08,bags,1,1564.71
CUST_00502,purchase,2024-09-09,rtw,3,1824.5
CUST_03420,purchase,2024-10-14,bags,2,1421.05
CUST_02277,purchase,2025-01-08,bags,2,702.43
CUST_01072,purchase,2024-11-08,rtw,1,921.97
CUST_02637,purchase,2024-07-16,textile,2,1298.12
CUST_01941,purchase,2024-10-06,shoes,2,521.86
CUST_02113,purchase,2024-07-20,slg,3,875.41
CUST_02942,purchase,2025-01-28,shoes,3,1177.56
CUST_02165,purchase,2024-11-13,bags,2,1446.08
CUST_01638,purchase,2024-08-08,shoes,3,567.61
CUST_00635,purchase,2025-01-23,bags,1,1876.24
CUST_00580,purchase,2024-11-26,slg,1,513.11
CUST_02536,purchase,2024-11-21,rtw,2,1295.42
CUST_02974,purchase,2024-07-14,textile,1,234.04
CUST_02341,purchase,2024-11-13,rtw,2,1167.8
CUST_01670,purchase,2024-08-16,shoes,2,566.93
CUST_00085,purchase,2024-08-02,slg,2,476.87
CUST_03099,purchase,2024-12-01,shoes,2,1037.6
CUST_01509,purchase,2024-12-02,textile,1,1063.26
CUST_01765,purchase,2024-07-25,bags,1,1989.0
CUST_01269,purchase,2024-12-17,rtw,1,1291.39
CUST_00337,purchase,2024-09-27,bags,3,1181.54
CUST_03368,purchase,2025-01-02,rtw,3,1781.75
CUST_02588,purchase,2024-09-08,shoes,3,1751.63
CUST_01453,purchase,2024-12-10,rtw,1,1470.31
CUST_03104,purchase,2024-08-14,bags,2,1293.56
CUST_00765,purchase,2024-09-12,shoes,1,1077.77
CUST_02954,purchase,2024-11-20,rtw,1,1164.83
CUST_01393,purchase,2024-10-18,shoes,2,1079.95
CUST_01204,purchase,2024-07-20,bags,2,1910.71
CUST_02739,purchase,2024-06-22,slg,2,304.8
CUST_01546,purchase,2024-08-18,slg,2,465.84
CUST_03245,purchase,2024-08-11,rtw,1,1176.54
CUST_02102,purchase,2024-10-26,textile,2,1243.3
CUST_02070,purchase,2024-06-06,shoes,5,397.23
CUST_02994,purchase,2024-06-28,rtw,2,1716.29
CUST_00989,purchase,2024-10-21,textile,1,1011.33
CUST_02125,purchase,2024-07-16,rtw,2,962.97
CUST_01359,purchase,2024-12-03,shoes,1,1974.66
CUST_01908,purchase,2024-11-04,bags,2,515.26
CUST_02760,purchase,2024-11-24,rtw,2,484.44
CUST_00154,purchase,2024-08-14,bags,1,105.24
CUST_03494,purchase,2024-08-14,shoes,2,1807.51
CUST_00839,purchase,2024-07-26,shoes,1,182.08
CUST_03134,purchase,2024-12-28,rtw,2,104.1
CUST_00796,purchase,2024-12-30,textile,1,1665.36
CUST_01056,purchase,2025-02-14,rtw,2,1369.26
CUST_02904,purchase,2024-07-02,slg,3,1645.04
CUST_02984,purchase,2024-07-27,shoes,1,844.08
CUST_03302,purchase,2024-06-27,bags,1,1434.97
CUST_00388,purchase,2024-11-30,textile,3,1315.17
CUST_01863,purchase,2024-10-13,slg,2,914.93
CUST_02955,purchase,2024-12-19,bags,1,916.23
CUST_02230,purchase,2024-06-13,textile,3,686.66
CUST_00814,purchase,2024-08-01,textile,2,1894.53
CUST_00375,purchase,2024-10-04,shoes,1,1245.73
CUST_02018,purchase,2024-10-23,shoes,3,784.92
CUST_01659,purchase,2024-11-12,rtw,2,1342.46
CUST_00925,purchase,2024-06-11,slg,2,1165.75
CUST_00143,purchase,2024-12-03,bags,2,1038.34
CUST_00344,purchase,2024-12-10,textile,4,300.71
CUST_03119,purchase,2024-10-08,slg,2,383.89
CUST_03107,purchase,2024-08-23,slg,4,476.48
CUST_00391,purchase,2025-01-18,textile,6,690.46
CUST_01668,purchase,2024-12-17,textile,2,737.09
CUST_02951,purchase,2024-10-13,bags,2,1580.85
CUST_00044,purchase,2024-07-18,shoes,1,1046.14
CUST_03361,purchase,2024-06-07,bags,2,1083.7
CUST_02401,purchase,2024-06-28,rtw,1,1800.15
CUST_03190,purchase,2024-09-15,bags,5,674.75
CUST_02252,purchase,2024-07-03,textile,2,1586.15
CUST_02146,purchase,2024-06-04,shoes,1,343.73
CUST_02820,purchase,2024-09-05,rtw,2,1418.1
CUST_01935,purchase,2024-11-11,slg,3,1932.93
CUST_01081,purchase,2024-12-04,rtw,1,718.34
CUST_03372,purchase,2024-10-02,bags,2,258.36
CUST_02969,purchase,2024-09-15,bags,1,1204.87
CUST_02544,purchase,2024-11-22,shoes,3,757.4
CUST_01605,purchase,2024-09-03,textile,1,141.07
CUST_03245,purchase,2024-08-28,shoes,2,1999.6
CUST_00238,purchase,2024-06-20,rtw,1,1381.81
CUST_02473,purchase,2024-06-19,bags,2,1495.42
CUST_02155,purchase,2024-11-11,textile,1,679.39
CUST_01175,purchase,2024-10-12,textile,1,1659.78
CUST_01198,purchase,2024-07-28,shoes,1,638.0
CUST_01627,purchase,2024-10-14,slg,2,903.27
CUST_01405,purchase,2024-06-07,textile,2,795.69
CUST_00571,purchase,2024-12-11,slg,2,544.19
CUST_00798,purchase,2024-07-14,shoes,2,182.16
CUST_00884,purchase,2024-11-03,textile,2,565.15
CUST_02072,purchase,2024-07-08,bags,2,1252.79
CUST_00984,purchase,2024-09-24,rtw,2,606.48
CUST_01373,purchase,2024-09-30,slg,1,207.6
CUST_00315,purchase,2024-06-24,rtw,3,1269.25
CUST_00150,purchase,2024-12-04,rtw,2,1031.7
CUST_00533,purchase,2024-10-12,textile,2,1578.72
CUST_01669,purchase,2024-12-09,bags,2,1662.24
CUST_03398,purchase,2024-09-02,bags,2,1037.07
CUST_03187,purchase,2024-12-06,rtw,1,1091.99
CUST_00974,purchase,2024-10-05,slg,1,1484.36
CUST_01756,purchase,2024-09-20,bags,2,472.76
CUST_02128,purchase,2024-11-25,bags,1,445.55
CUST_00478,purchase,2024-12-09,shoes,2,1271.83
CUST_01748,purchase,2024-12-17,bags,1,1348.27
CUST_00173,purchase,2024-07-20,bags,2,1378.7
CUST_02131,purchase,2024-07-23,rtw,2,1486.24
CUST_01600,purchase,2024-09-10,textile,4,230.05
CUST_00363,purchase,2025-04-11,bags,2,1126.21
CUST_01583,purchase,2024-07-10,slg,3,1390.61
CUST_00298,purchase,2024-08-22,shoes,1,464.25
CUST_00410,purchase,2024-07-15,shoes,2,1549.42
CUST_01041,purchase,2024-08-27,rtw,1,463.89
CUST_00214,purchase,2024-12-27,slg,2,606.15
CUST_02086,purchase,2024-10-19,shoes,2,170.37
CUST_01787,purchase,2024-10-25,bags,1,1195.91
CUST_01989,purchase,2024-11-18,slg,2,164.49
CUST_01739,purchase,2024-12-13,textile,3,832.92
CUST_02639,purchase,2024-07-07,textile,1,302.08
CUST_00864,purchase,2024-10-13,rtw,5,1805.95
CUST_01190,purchase,2024-12-09,bags,1,324.02
CUST_00475,purchase,2024-08-01,rtw,2,703.61
CUST_02272,purchase,2024-06-02,textile,2,1187.86
CUST_01833,purchase,2024-12-17,shoes,1,1589.14
CUST_01404,purchase,2024-12-01,shoes,1,1116.49
CUST_01954,purchase,2024-11-18,textile,1,1604.29
CUST_03018,purchase,2024-10-14,shoes,2,509.21
CUST_01669,purchase,2024-06-12,shoes,1,1195.41
CUST_00958,purchase,2024-11-13,rtw,2,1418.72
CUST_02518,purchase,2024-12-03,bags,2,892.67
CUST_00219,purchase,2024-06-27,rtw,2,137.12
CUST_01850,purchase,2024-11-24,bags,1,217.48
CUST_02481,purchase,2024-12-28,bags,2,403.51
CUST_02079,purchase,2024-09-03,textile,1,726.63
CUST_02380,purchase,2024-11-29,bags,2,1141.8
CUST_03291,purchase,2024-08-14,rtw,4,1663.79
CUST_02352,purchase,2024-07-17,bags,3,182.2
CUST_02928,purchase,2024-09-24,rtw,5,678.71
CUST_02388,purchase,2024-12-24,shoes,3,1898.75
CUST_01651,purchase,2024-12-11,textile,1,175.35
CUST_02893,purchase,2024-10-25,textile,2,1424.9
CUST_02564,purchase,2024-09-16,textile,2,1677.79
CUST_02346,purchase,2024-12-24,slg,1,1609.09
CUST_03198,purchase,2024-11-16,rtw,1,1344.96
CUST_03401,purchase,2024-10-20,textile,2,1405.47
CUST_03111,purchase,2024-11-01,slg,4,1103.75
CUST_00368,purchase,2024-10-12,rtw,1,1972.64
CUST_00595,purchase,2024-10-16,rtw,1,781.38
CUST_02373,purchase,2024-09-07,textile,1,834.37
CUST_01017,purchase,2024-07-08,rtw,2,1842.26
CUST_02316,purchase,2024-06-27,rtw,2,1091.33
CUST_00088,purchase,2024-12-15,textile,1,953.76
CUST_01269,purchase,2024-10-24,textile,2,650.31
CUST_03246,purchase,2024-07-20,shoes,1,738.4
CUST_00780,purchase,2024-06-28,shoes,2,1453.41
CUST_03438,purchase,2024-12-17,shoes,3,411.81
CUST_01206,purchase,2024-12-17,shoes,2,513.07
CUST_03180,purchase,2024-09-19,slg,1,815.11
CUST_02310,purchase,2025-01-04,bags,5,180.85
CUST_01671,purchase,2024-11-07,bags,2,1079.58
CUST_02286,purchase,2024-09-30,shoes,1,337.15
CUST_01631,purchase,2024-11-11,bags,1,1716.63
CUST_01873,purchase,2024-12-13,slg,2,504.93
CUST_00126,purchase,2024-12-24,slg,1,1767.25
CUST_00713,purchase,2024-12-09,shoes,2,676.81
CUST_01268,purchase,2024-10-22,shoes,1,1054.68
CUST_02130,purchase,2024-11-03,shoes,2,1906.9
CUST_01335,purchase,2024-11-19,textile,1,1617.35
CUST_01482,purchase,2024-11-14,shoes,1,817.34
CUST_02131,purchase,2024-07-06,textile,4,1526.48
CUST_03101,purchase,2024-06-05,rtw,1,1538.17
CUST_03392,purchase,2024-06-01,rtw,3,1543.47
CUST_01670,purchase,2024-11-17,bags,2,1622.97
CUST_00584,purchase,2024-11-25,textile,2,1462.21
CUST_02499,purchase,2024-09-20,rtw,1,276.79
CUST_00123,purchase,2024-10-19,shoes,3,1670.35
CUST_01664,purchase,2024-10-30,rtw,3,1763.04
CUST_02231,purchase,2024-11-21,shoes,3,677.32
CUST_01779,purchase,2024-11-17,rtw,1,1510.61
CUST_00383,purchase,2024-12-18,textile,1,446.23
CUST_01567,purchase,2024-10-25,slg,4,858.06
CUST_01412,purchase,2024-10-25,bags,1,118.39
CUST_03397,purchase,2024-07-26,bags,1,821.21
CUST_02302,purchase,2024-10-02,slg,1,1176.33
CUST_00403,purchase,2024-11-20,shoes,2,1437.56
CUST_03140,purchase,2024-07-19,textile,3,1940.45
CUST_01285,purchase,2024-10-25,rtw,3,105.77
CUST_03074,purchase,2024-07-01,rtw,4,1986.43
CUST_03455,purchase,2024-07-20,rtw,3,383.74
CUST_01633,purchase,2024-10-17,shoes,3,1553.01
CUST_00986,purchase,2024-10-12,rtw,2,1053.39
CUST_03481,purchase,2024-10-09,rtw,4,1483.35
CUST_02565,purchase,2024-06-11,bags,3,1328.64
CUST_03411,purchase,2024-07-13,slg,2,867.02
CUST_03082,purchase,2024-07-28,bags,1,1043.64
CUST_00027,purchase,2024-11-18,textile,3,1177.22
CUST_01779,purchase,2024-11-01,slg,2,1380.91
CUST_01595,purchase,2024-06-17,bags,2,412.25
CUST_00479,purchase,2024-12-31,slg,2,606.28
CUST_02064,purchase,2024-07-22,bags,4,1884.94
CUST_00333,purchase,2024-11-19,shoes,3,1022.71
CUST_03336,purchase,2024-11-04,rtw,4,1817.72
CUST_03374,purchase,2024-12-28,bags,3,1654.99
CUST_00197,purchase,2024-06-17,slg,3,264.79
CUST_02162,purchase,2024-06-15,textile,2,1897.63
CUST_02656,purchase,2024-10-04,bags,1,491.4
CUST_01201,purchase,2024-11-09,textile,2,1404.39
CUST_00300,purchase,2024-12-06,rtw,1,1178.91
CUST_00223,purchase,2024-09-25,slg,2,1952.43
CUST_03169,purchase,2024-07-16,textile,1,843.66
CUST_00803,purchase,2024-10-28,slg,2,873.79
CUST_02630,purchase,2024-11-06,shoes,1,1900.12
CUST_00207,purchase,2024-12-04,rtw,2,948.77
CUST_00904,purchase,2024-11-11,rtw,1,290.42
CUST_01107,purchase,2024-06-05,slg,1,416.64
CUST_01805,purchase,2024-09-22,textile,1,897.92
CUST_01154,purchase,2024-09-09,shoes,3,1849.82
CUST_00239,purchase,2024-11-30,slg,3,1363.12
CUST_00573,purchase,2024-12-03,slg,1,1652.36
CUST_03126,purchase,2024-09-14,shoes,1,719.37
CUST_02443,purchase,2024-07-06,rtw,2,1163.3
CUST_00080,purchase,2024-10-21,bags,1,901.18
CUST_03056,purchase,2024-10-04,slg,4,312.18
CUST_01575,purchase,2024-06-13,shoes,1,580.02
CUST_02316,purchase,2024-11-27,textile,2,975.38
CUST_00274,purchase,2024-12-14,rtw,1,934.76
CUST_00094,purchase,2024-09-10,textile,1,1527.18
CUST_02764,purchase,2024-10-15,rtw,1,1016.81
CUST_00276,purchase,2024-07-20,shoes,2,244.46
CUST_00831,purchase,2024-10-25,shoes,2,1216.76
CUST_00366,purchase,2024-07-04,rtw,2,1027.86
CUST_01466,purchase,2024-12-01,shoes,4,1446.97
CUST_00830,purchase,2024-08-28,slg,3,632.39
CUST_00446,purchase,2024-09-28,textile,1,1872.88
CUST_00325,purchase,2024-11-10,bags,3,340.1
CUST_00840,purchase,2024-07-13,bags,1,1234.63
CUST_00322,purchase,2024-11-02,shoes,2,1838.14
CUST_00002,purchase,2024-09-06,bags,1,1417.73
CUST_00897,purchase,2024-12-10,slg,2,151.24
CUST_00975,purchase,2024-12-29,textile,1,185.87
CUST_02743,purchase,2024-08-21,shoes,5,240.46
CUST_01916,purchase,2024-10-05,textile,3,1581.32
CUST_02349,purchase,2024-08-28,slg,2,1610.57
CUST_00497,purchase,2024-07-19,shoes,3,512.33
CUST_01833,purchase,2024-06-20,textile,1,1513.45
CUST_01216,purchase,2024-08-18,rtw,2,1035.02
CUST_02428,purchase,2024-10-07,shoes,2,818.51
CUST_02371,purchase,2024-08-22,bags,1,838.01
CUST_00577,purchase,2024-09-10,rtw,2,847.68
CUST_02091,purchase,2024-06-12,bags,2,1997.14
CUST_01767,purchase,2024-08-10,rtw,1,1321.61
CUST_00217,purchase,2024-07-31,slg,1,1695.1
CUST_00840,purchase,2024-11-22,rtw,2,1664.61
CUST_03408,purchase,2024-06-27,slg,1,366.13
CUST_01927,purchase,2024-10-15,bags,1,749.18
CUST_00581,purchase,2024-09-27,slg,2,881.17
CUST_02734,purchase,2024-10-10,shoes,2,135.29
CUST_00765,purchase,2024-06-20,bags,2,214.12
CUST_03416,purchase,2024-07-12,bags,1,1068.85
CUST_02014,purchase,2024-12-28,textile,1,1767.44
CUST_02197,purchase,2024-12-29,shoes,1,138.23
CUST_00420,purchase,2024-11-08,shoes,3,772.66
CUST_01070,purchase,2024-10-11,slg,1,1021.4
CUST_00703,purchase,2024-10-25,textile,1,1330.73
CUST_01394,purchase,2024-12-06,slg,2,230.88
CUST_03213,purchase,2024-12-05,textile,4,1340.44
CUST_01794,purchase,2024-07-30,slg,1,654.44
CUST_03385,purchase,2024-07-30,textile,3,1617.82
CUST_00996,purchase,2024-10-19,textile,2,1765.15
CUST_00726,purchase,2024-10-18,rtw,2,1041.7
CUST_01673,purchase,2024-06-08,rtw,3,169.6
CUST_00938,purchase,2024-10-25,slg,3,452.36
CUST_03027,purchase,2024-06-06,slg,2,905.13
CUST_03218,purchase,2024-10-07,textile,1,1236.03
CUST_02231,purchase,2024-12-02,slg,1,1295.55
CUST_01650,purchase,2024-11-22,bags,2,432.51
CUST_01858,purchase,2024-10-01,bags,1,695.26
CUST_01650,purchase,2024-10-06,shoes,2,102.38
CUST_01660,purchase,2024-10-11,shoes,3,752.47
CUST_03246,purchase,2024-06-04,rtw,4,1822.98
CUST_03132,purchase,2024-06-01,slg,1,881.79
CUST_02215,purchase,2024-07-07,bags,2,1287.69
CUST_02699,purchase,2024-07-14,shoes,1,1746.26
CUST_00918,purchase,2024-11-09,rtw,3,1296.98
CUST_01344,purchase,2024-11-20,shoes,2,1513.23
CUST_00354,purchase,2024-09-09,rtw,1,489.31
CUST_00061,purchase,2024-12-16,rtw,2,543.91
CUST_02209,purchase,2024-09-23,bags,2,1413.74
CUST_02813,purchase,2024-08-07,slg,1,1214.84
CUST_02333,purchase,2024-07-09,bags,4,750.79
CUST_02142,purchase,2024-11-14,shoes,1,739.99
CUST_00298,purchase,2024-10-25,shoes,1,1625.36
CUST_01341,purchase,2024-10-24,slg,2,593.32
CUST_01871,purchase,2024-12-11,textile,1,1717.35
CUST_00162,purchase,2024-10-21,textile,2,1281.35
CUST_02189,purchase,2024-12-15,rtw,1,527.74
CUST_00964,purchase,2024-09-19,textile,1,1196.6
CUST_02495,purchase,2024-10-17,rtw,1,123.51
CUST_03209,purchase,2024-10-18,bags,1,696.16
CUST_00649,purchase,2024-07-03,bags,2,1786.42
CUST_03486,purchase,2024-08-24,bags,1,729.33
CUST_02479,purchase,2024-11-25,shoes,1,582.23
CUST_02713,purchase,2024-10-17,slg,1,660.06
CUST_02946,purchase,2024-11-01,rtw,4,965.67
CUST_02079,purchase,2024-08-14,shoes,1,1470.31
CUST_01222,purchase,2024-11-03,rtw,3,701.65
CUST_03466,purchase,2024-12-06,textile,1,176.32
CUST_02098,purchase,2024-10-20,bags,1,625.02
CUST_02652,purchase,2024-06-22,rtw,1,860.86
CUST_01421,purchase,2024-09-24,textile,2,368.67
CUST_02079,purchase,2024-09-26,bags,1,1290.52
CUST_02848,purchase,2024-11-15,slg,2,1719.3
CUST_00376,purchase,2024-08-31,shoes,1,797.24
CUST_00964,purchase,2024-10-18,slg,2,1159.16
CUST_01834,purchase,2024-09-08,slg,2,1818.5
CUST_00803,purchase,2024-10-17,shoes,1,1427.13
CUST_00108,purchase,2024-11-05,slg,1,926.92
CUST_01126,purchase,2024-09-06,bags,1,1529.43
CUST_02516,purchase,2024-06-17,slg,2,214.37
CUST_02028,purchase,2024-11-04,textile,4,1643.61
CUST_02018,purchase,2024-09-07,textile,1,1342.03
CUST_00615,purchase,2024-11-07,textile,2,157.2
CUST_01788,purchase,2024-10-08,slg,2,1697.61
CUST_02944,purchase,2024-07-10,shoes,4,361.12
CUST_01312,purchase,2024-10-11,textile,3,1160.05
CUST_00804,purchase,2024-10-05,bags,1,151.29
CUST_03239,purchase,2024-11-12,textile,3,1732.52
CUST_01304,purchase,2024-11-22,textile,1,299.99
CUST_00003,purchase,2024-12-12,shoes,3,1502.5
CUST_02795,purchase,2024-11-08,shoes,4,648.67
CUST_01511,purchase,2024-06-14,rtw,3,1095.91
CUST_00123,purchase,2024-11-17,rtw,2,1344.32
CUST_03095,purchase,2024-09-08,slg,1,677.01
CUST_02981,purchase,2024-11-29,rtw,2,522.18
CUST_02809,purchase,2024-09-25,textile,3,500.7
CUST_00157,purchase,2024-06-08,bags,1,1191.23
CUST_00688,purchase,2024-08-11,textile,1,1015.31
CUST_00721,purchase,2024-12-17,rtw,2,300.57
CUST_03492,purchase,2024-09-04,rtw,1,1931.81
CUST_01029,purchase,2024-07-17,textile,3,1346.0
CUST_01611,purchase,2024-09-26,textile,1,663.69
CUST_01615,purchase,2024-07-21,shoes,1,1231.97
CUST_01446,purchase,2024-12-29,textile,4,1793.33
CUST_01205,purchase,2024-07-18,shoes,2,508.52
CUST_02597,purchase,2024-07-05,textile,3,1711.84
CUST_03029,purchase,2024-10-26,rtw,3,1701.49
CUST_03234,purchase,2024-09-09,shoes,1,345.12
CUST_00797,purchase,2024-10-18,textile,3,1788.82
CUST_00423,purchase,2024-08-27,slg,1,1304.31
CUST_00674,purchase,2024-08-06,bags,2,641.22
CUST_02804,purchase,2024-11-22,rtw,2,429.79
CUST_00765,purchase,2024-10-15,rtw,2,1799.79
CUST_02960,purchase,2024-10-02,shoes,1,1271.46
CUST_01407,purchase,2024-09-08,shoes,1,1628.12
CUST_02358,purchase,2024-07-14,slg,2,1969.36
CUST_02414,purchase,2024-07-27,shoes,1,1197.79
CUST_01407,purchase,2024-10-14,textile,4,140.59
CUST_03202,purchase,2024-11-27,rtw,1,1984.28
CUST_00419,purchase,2024-07-28,textile,2,652.87
CUST_00436,purchase,2025-01-15,slg,1,725.37
CUST_01513,purchase,2024-09-02,bags,2,1745.96
CUST_02646,purchase,2024-10-04,textile,4,1003.92
CUST_01077,purchase,2024-09-07,textile,1,637.28
CUST_01329,purchase,2024-06-05,textile,4,127.04
CUST_01313,purchase,2024-12-11,slg,5,557.02
CUST_03167,purchase,2024-11-22,rtw,1,1156.09
CUST_03379,purchase,2024-11-23,shoes,2,1248.34
CUST_00032,purchase,2024-07-20,rtw,2,321.86
CUST_02573,purchase,2025-02-14,bags,1,620.37
CUST_02767,purchase,2024-10-10,textile,1,477.52
CUST_00306,purchase,2024-12-31,bags,1,1260.62
CUST_01972,purchase,2024-11-01,slg,3,1910.52
CUST_00676,purchase,2024-06-13,shoes,3,1767.79
CUST_02137,purchase,2024-12-31,rtw,2,302.53
CUST_02384,purchase,2024-07-31,rtw,2,658.17
CUST_03250,purchase,2024-06-10,bags,2,1859.83
CUST_03435,purchase,2024-09-02,shoes,3,1405.86
CUST_01616,purchase,2024-08-18,bags,3,989.72
CUST_01333,purchase,2024-11-05,slg,2,1912.03
CUST_00441,purchase,2024-08-23,rtw,1,1002.55
CUST_00829,purchase,2024-06-28,shoes,3,306.9
CUST_02986,purchase,2024-07-15,rtw,2,893.3
CUST_02537,purchase,2024-07-25,slg,1,170.28
CUST_01950,purchase,2025-02-23,textile,5,585.88
CUST_00399,purchase,2024-07-31,slg,2,1443.65
CUST_01833,purchase,2024-08-21,bags,4,1893.41
CUST_00066,purchase,2024-11-06,rtw,1,1607.19
CUST_03468,purchase,2024-07-09,bags,1,1766.2
CUST_01162,purchase,2025-03-03,bags,1,438.61
CUST_00145,purchase,2024-12-16,rtw,2,400.3
CUST_00727,purchase,2024-09-25,slg,3,1698.16
CUST_02522,purchase,2024-10-14,bags,3,176.84
CUST_02852,purchase,2024-10-30,textile,1,600.45
CUST_01937,purchase,2025-01-07,bags,1,840.35
CUST_02479,purchase,2024-12-05,shoes,1,1484.89
CUST_03104,purchase,2024-10-01,bags,3,213.52
CUST_01113,purchase,2024-09-01,shoes,2,1596.67
CUST_00963,purchase,2024-10-10,textile,2,788.74
CUST_02285,purchase,2024-12-14,rtw,2,130.46
CUST_01648,purchase,2024-07-12,shoes,1,1059.59
CUST_01356,purchase,2024-10-21,slg,1,1579.65
CUST_01705,purchase,2024-06-15,rtw,1,286.01
CUST_03166,purchase,2025-01-20,textile,1,778.49
CUST_01702,purchase,2024-12-20,slg,1,369.18
CUST_02208,purchase,2024-11-28,rtw,1,689.91
CUST_01224,purchase,2024-10-02,shoes,3,335.49
CUST_02019,purchase,2025-03-12,rtw,4,885.99
CUST_02090,purchase,2024-08-26,rtw,3,1393.17
CUST_02218,purchase,2024-11-09,rtw,1,241.73
CUST_03002,purchase,2024-10-29,slg,2,1500.31
CUST_01490,purchase,2024-12-21,rtw,3,125.29
CUST_03227,purchase,2024-11-30,textile,1,988.84
CUST_01180,purchase,2024-07-16,textile,2,1118.49
CUST_00528,purchase,2024-08-17,textile,2,1283.79
CUST_00487,purchase,2024-06-22,slg,2,1412.16
CUST_01362,purchase,2024-06-07,shoes,1,1028.64
CUST_03486,purchase,2024-06-02,bags,2,1605.74
CUST_00176,purchase,2024-07-10,rtw,1,1055.86
CUST_01526,purchase,2024-11-11,shoes,3,112.91
CUST_02402,purchase,2024-11-20,shoes,1,1199.46
CUST_00298,purchase,2024-07-31,shoes,2,1854.11
CUST_02633,purchase,2024-12-29,bags,1,1120.59
CUST_03274,purchase,2024-10-08,rtw,2,1007.41
CUST_00284,purchase,2024-07-24,bags,1,1826.65
CUST_01328,purchase,2024-08-27,slg,2,1347.31
CUST_00139,purchase,2024-10-12,shoes,1,1584.45
CUST_02595,purchase,2024-11-10,slg,2,1566.82
CUST_02276,purchase,2025-01-06,shoes,2,1641.72
CUST_02794,purchase,2024-06-26,rtw,1,1354.64
CUST_01243,purchase,2024-08-12,textile,1,138.06
CUST_02150,purchase,2024-11-05,slg,1,706.83
CUST_01581,purchase,2024-10-29,textile,1,1297.93
CUST_02936,purchase,2024-10-04,shoes,1,1499.11
CUST_02047,purchase,2024-11-24,shoes,1,511.73
CUST_01733,purchase,2024-09-23,slg,2,348.9
CUST_02947,purchase,2024-08-14,slg,2,1469.96
CUST_00614,purchase,2024-12-09,bags,1,1767.92
CUST_00532,purchase,2024-09-02,textile,2,749.49
CUST_03026,purchase,2024-11-28,shoes,1,1082.34
CUST_01511,purchase,2024-08-13,shoes,2,546.43
CUST_00286,purchase,2024-10-13,shoes,2,1030.1
CUST_03299,purchase,2024-12-26,shoes,2,171.17
CUST_02899,purchase,2025-02-16,bags,2,603.84
CUST_03019,purchase,2024-07-05,shoes,3,421.65
CUST_03426,purchase,2024-10-08,shoes,2,1284.5
CUST_00820,purchase,2024-11-03,shoes,3,1057.46
CUST_03446,purchase,2024-11-13,bags,2,959.38
CUST_02568,purchase,2024-08-18,textile,2,1988.99
CUST_00380,purchase,2024-06-16,slg,2,1675.14
CUST_03025,purchase,2024-06-03,bags,3,524.84
CUST_02129,purchase,2024-08-02,slg,1,1123.11
CUST_01075,purchase,2024-10-04,shoes,1,379.53
CUST_00836,purchase,2024-12-01,textile,6,1085.49
CUST_01898,purchase,2024-08-28,bags,3,797.03
CUST_02182,purchase,2024-10-13,slg,3,1763.03
CUST_01655,purchase,2024-10-11,bags,2,1465.55
CUST_02725,purchase,2024-09-25,shoes,1,875.48
CUST_03224,purchase,2024-07-17,rtw,4,1524.52
CUST_01967,purchase,2024-09-27,rtw,1,1136.08
CUST_01067,purchase,2024-12-09,rtw,2,357.51
CUST_02303,purchase,2025-03-09,rtw,1,1367.12
CUST_01982,purchase,2024-07-05,slg,2,1070.58
CUST_00634,purchase,2025-01-17,bags,3,768.6
CUST_01333,purchase,2024-07-07,textile,2,675.71
CUST_00370,purchase,2024-10-09,slg,1,524.44
CUST_01567,purchase,2024-11-16,textile,2,425.21
CUST_00988,purchase,2025-02-04,bags,4,208.27
CUST_01608,purchase,2024-06-14,textile,1,624.49
CUST_00745,purchase,2024-12-01,slg,1,1760.57
CUST_00496,purchase,2024-11-13,slg,4,1562.83
CUST_00720,purchase,2024-06-17,slg,3,411.33
CUST_02816,purchase,2024-07-26,shoes,2,1829.47
CUST_01815,purchase,2024-12-19,shoes,3,1047.81
CUST_02313,purchase,2024-11-15,textile,2,827.01
CUST_00763,purchase,2024-06-08,rtw,6,1640.01
CUST_00745,purchase,2024-07-15,shoes,1,968.38
CUST_02362,purchase,2024-10-24,textile,1,1284.4
CUST_00877,purchase,2025-02-06,slg,2,1388.13
CUST_00702,purchase,2024-06-26,slg,2,1690.22
CUST_03275,purchase,2024-08-23,textile,2,1975.42
CUST_00309,purchase,2024-11-11,rtw,1,1103.26
CUST_00968,purchase,2024-10-20,textile,2,773.06
CUST_00590,purchase,2024-07-31,shoes,2,1037.25
CUST_01332,purchase,2024-11-15,rtw,3,1745.36
CUST_02878,purchase,2024-08-02,textile,2,1491.13
CUST_02213,purchase,2024-07-23,rtw,1,1939.5
CUST_02278,purchase,2024-08-18,rtw,2,1382.63
CUST_01712,purchase,2024-07-02,slg,2,1741.11
CUST_02969,purchase,2024-11-13,slg,3,874.9
CUST_03020,purchase,2024-12-08,slg,2,1274.95
CUST_00897,purchase,2024-07-12,slg,1,684.63
CUST_01188,purchase,2024-08-03,bags,2,1512.78
CUST_02339,purchase,2024-08-25,rtw,2,656.52
CUST_01040,purchase,2024-10-26,slg,1,1583.95
CUST_02504,purchase,2024-12-01,bags,1,983.35
CUST_00740,purchase,2024-09-23,textile,6,1542.5
CUST_03379,purchase,2024-10-28,slg,3,891.37
CUST_00012,purchase,2024-07-18,textile,2,1573.35
CUST_00715,purchase,2024-09-21,bags,3,1968.37
CUST_00664,purchase,2024-06-15,rtw,1,521.81
CUST_01010,purchase,2024-11-18,textile,2,858.88
CUST_01920,purchase,2024-12-12,textile,1,420.55
CUST_02039,purchase,2024-12-02,bags,2,978.24
CUST_00878,purchase,2024-10-04,rtw,1,1558.95
CUST_00567,purchase,2024-10-27,textile,1,751.16
CUST_02126,purchase,2024-08-02,shoes,1,925.37
CUST_00612,purchase,2024-06-08,bags,2,1938.38
CUST_00552,purchase,2024-12-21,rtw,3,1263.29
CUST_01627,purchase,2024-12-04,bags,1,1449.65
CUST_02245,purchase,2024-11-08,shoes,2,1890.81
CUST_00155,purchase,2024-06-12,rtw,2,1221.28
CUST_03118,purchase,2024-10-20,slg,1,1861.93
CUST_02485,purchase,2024-12-25,slg,2,1549.19
CUST_02125,purchase,2024-10-07,textile,1,372.71
CUST_02331,purchase,2024-09-21,rtw,3,1347.37
CUST_02801,purchase,2024-07-24,rtw,1,1004.43
CUST_02734,purchase,2024-10-10,rtw,1,1949.4
CUST_00757,purchase,2024-07-31,textile,1,666.76
CUST_01616,purchase,2024-06-16,bags,4,1166.57
CUST_00828,purchase,2024-06-05,rtw,2,204.55
CUST_01238,purchase,2024-07-31,slg,1,1029.47
CUST_02644,purchase,2024-06-21,textile,1,1416.16
CUST_03254,purchase,2024-10-25,rtw,3,1768.94
CUST_00449,purchase,2024-09-26,bags,1,594.64
CUST_01421,purchase,2024-12-31,shoes,2,281.8
CUST_00861,purchase,2024-12-04,textile,3,985.35
CUST_00384,purchase,2024-06-06,shoes,1,438.4
CUST_02634,purchase,2024-10-26,shoes,2,257.65
CUST_03192,purchase,2024-12-04,textile,3,1580.0
CUST_03070,purchase,2024-08-29,bags,3,1845.09
CUST_00379,purchase,2024-08-17,shoes,2,1259.86
CUST_01958,purchase,2024-08-10,textile,2,1000.35
CUST_00790,purchase,2024-06-15,textile,2,1266.08
CUST_03373,purchase,2024-07-21,bags,1,224.21
CUST_02362,purchase,2025-01-01,slg,1,917.47
CUST_00339,purchase,2024-07-24,textile,1,1337.77
CUST_02048,purchase,2024-06-24,textile,1,1437.87
CUST_00472,purchase,2024-07-08,slg,2,1336.53
CUST_00199,purchase,2024-11-10,shoes,2,1827.68
CUST_02998,purchase,2024-07-09,bags,2,198.65
CUST_00849,purchase,2024-07-11,bags,2,1470.23
CUST_02814,purchase,2024-11-27,slg,3,368.99
CUST_01680,purchase,2025-01-23,shoes,1,1747.18
CUST_00220,purchase,2024-06-30,textile,1,830.92
CUST_03160,purchase,2024-12-08,bags,1,1744.37
CUST_00475,purchase,2024-06-29,slg,3,1716.75
CUST_01650,purchase,2024-06-27,shoes,1,580.89
CUST_00741,purchase,2024-06-11,bags,1,980.88
CUST_02530,purchase,2024-12-02,bags,2,347.32
CUST_01829,purchase,2024-07-05,rtw,2,1010.72
CUST_02711,purchase,2024-12-08,textile,1,1393.16
CUST_03113,purchase,2024-09-21,shoes,2,623.27
CUST_00811,purchase,2024-11-07,shoes,1,1622.59
CUST_00152,purchase,2024-08-15,textile,3,278.68
CUST_00789,purchase,2024-11-13,slg,4,420.41
CUST_01382,purchase,2024-07-24,textile,3,129.06
CUST_00055,purchase,2024-11-17,shoes,2,1757.81
CUST_01866,purchase,2025-01-29,rtw,1,1340.25
CUST_03182,purchase,2024-10-12,bags,2,1806.69
CUST_00613,purchase,2024-12-13,rtw,2,639.89
CUST_00722,purchase,2024-06-26,bags,4,533.06
CUST_01166,purchase,2024-06-06,textile,3,1072.02
CUST_02798,purchase,2024-09-10,textile,3,1726.87
CUST_00576,purchase,2024-08-26,bags,2,1723.69
CUST_02362,purchase,2024-11-18,rtw,1,943.64
CUST_00552,purchase,2024-07-09,textile,3,503.89
CUST_01175,purchase,2024-09-05,shoes,1,720.56
CUST_00071,purchase,2024-12-28,textile,1,1221.26
CUST_00794,purchase,2025-01-04,rtw,3,1741.13
CUST_01434,purchase,2024-12-02,slg,2,787.17
CUST_03440,purchase,2024-12-20,bags,3,375.06
CUST_03320,purchase,2024-09-30,bags,2,1566.04
CUST_03299,purchase,2024-07-25,textile,2,503.5
CUST_02443,purchase,2024-08-28,shoes,1,559.7
CUST_03192,purchase,2024-11-25,textile,1,1272.4
CUST_02034,purchase,2024-12-28,bags,2,1319.59
CUST_03180,purchase,2024-06-25,shoes,3,1216.77
CUST_01859,purchase,2024-07-01,shoes,1,328.27
CUST_01129,purchase,2024-07-19,slg,2,1540.83
CUST_01471,purchase,2024-10-19,rtw,2,1756.9
CUST_02211,purchase,2024-09-02,slg,1,459.03
CUST_01258,purchase,2024-12-13,shoes,1,1991.03
CUST_00869,purchase,2024-06-07,rtw,2,1562.42
CUST_00307,purchase,2024-12-08,shoes,3,1947.14
CUST_00106,purchase,2024-07-07,slg,2,824.42
CUST_00221,purchase,2024-09-17,bags,4,1165.58
CUST_01483,purchase,2024-10-20,shoes,1,706.51
CUST_01964,purchase,2024-07-30,textile,2,930.97
CUST_02027,purchase,2024-08-11,bags,2,222.66
CUST_00682,purchase,2024-11-01,textile,3,1631.98
CUST_00252,purchase,2024-09-22,bags,2,814.77
CUST_01767,purchase,2024-09-18,textile,1,1686.99
CUST_00092,purchase,2024-09-14,shoes,2,1778.63
CUST_00533,purchase,2024-07-03,rtw,1,227.15
CUST_02176,purchase,2024-11-14,bags,1,157.07
CUST_01403,purchase,2024-08-21,rtw,3,383.87
CUST_00650,purchase,2024-12-29,bags,1,1911.16
CUST_00909,purchase,2024-11-27,rtw,3,922.78
CUST_00133,purchase,2024-08-03,bags,1,1996.49
CUST_00511,purchase,2024-06-05,textile,3,1058.2
CUST_01488,purchase,2024-09-12,slg,1,530.14
CUST_02312,purchase,2024-12-14,slg,2,241.49
CUST_01510,purchase,2024-09-17,rtw,4,304.05
CUST_02552,purchase,2024-06-17,rtw,5,481.0
CUST_01814,purchase,2024-10-30,rtw,1,190.28
CUST_01524,purchase,2024-08-12,slg,2,1504.56
CUST_03455,purchase,2024-07-15,shoes,2,1822.58
CUST_01030,purchase,2024-10-01,bags,4,823.1
CUST_00561,purchase,2024-12-25,rtw,1,1572.46
CUST_01892,purchase,2024-09-20,bags,3,1407.9
CUST_00453,purchase,2024-06-12,textile,3,1218.01
CUST_00244,purchase,2024-12-14,bags,1,157.96
CUST_03266,purchase,2024-12-18,textile,1,605.6
CUST_00503,purchase,2024-06-10,shoes,2,1492.62
CUST_00110,purchase,2024-12-24,slg,1,128.14
CUST_02269,purchase,2024-07-29,bags,1,516.78
CUST_01841,purchase,2024-09-11,rtw,2,1973.24
CUST_03128,purchase,2024-06-24,slg,1,205.75
CUST_00664,purchase,2024-09-17,textile,1,1805.92
CUST_00175,purchase,2024-10-18,bags,3,356.48
CUST_02118,purchase,2024-06-25,rtw,1,1728.62
CUST_01835,purchase,2024-06-28,shoes,1,1321.99
CUST_02428,purchase,2024-06-08,bags,2,471.33
CUST_01404,purchase,2024-11-28,bags,2,1987.6
CUST_01899,purchase,2024-06-22,shoes,1,195.3
CUST_02083,purchase,2024-06-11,slg,1,1680.09
CUST_01856,purchase,2024-06-27,shoes,1,996.68
CUST_00221,purchase,2024-09-27,shoes,1,249.87
CUST_01361,purchase,2024-06-21,bags,2,1419.08
CUST_03331,purchase,2024-08-13,rtw,3,965.47
CUST_02174,purchase,2024-10-01,slg,3,1054.75
CUST_01230,purchase,2024-07-22,slg,3,1042.1
CUST_00717,purchase,2024-06-30,shoes,1,380.92
CUST_00102,purchase,2024-06-05,textile,1,471.1
CUST_01783,purchase,2024-07-17,rtw,4,834.42
CUST_02178,purchase,2024-10-14,rtw,1,1858.67
CUST_01831,purchase,2024-09-18,slg,2,1992.6
CUST_02442,purchase,2024-08-04,slg,2,1738.45
CUST_00122,purchase,2024-07-23,bags,1,280.2
CUST_02299,purchase,2024-06-02,rtw,3,1048.13
CUST_00815,purchase,2024-11-19,shoes,6,1452.37
CUST_02487,purchase,2024-11-18,shoes,1,456.35
CUST_03370,purchase,2024-12-25,slg,2,1841.54
CUST_01042,purchase,2024-09-20,slg,1,1624.14
CUST_01790,purchase,2025-04-24,shoes,1,435.5
CUST_00324,purchase,2024-08-30,textile,2,1023.73
CUST_00263,purchase,2024-10-13,shoes,3,428.53
CUST_03403,purchase,2024-07-06,slg,2,1242.46
CUST_00078,purchase,2024-06-09,bags,1,1558.27
CUST_01090,purchase,2024-09-12,slg,1,1164.86
CUST_01744,purchase,2024-06-26,rtw,2,1669.42
CUST_01354,purchase,2024-11-08,textile,3,1828.23
CUST_00103,purchase,2024-12-11,bags,2,553.35
CUST_03257,purchase,2024-06-30,bags,1,414.19
CUST_01831,purchase,2024-10-29,slg,3,424.08
CUST_02731,purchase,2024-09-28,bags,3,1228.57
CUST_01034,purchase,2024-06-10,bags,6,1488.29
CUST_03068,purchase,2024-11-15,rtw,3,1189.6
CUST_02399,purchase,2024-10-31,textile,2,1466.46
CUST_03147,purchase,2024-10-20,bags,2,681.38
CUST_03361,purchase,2024-12-01,textile,1,1284.55
CUST_03102,purchase,2024-11-27,rtw,2,662.2
CUST_02352,purchase,2024-06-01,rtw,1,1030.78
CUST_01022,purchase,2024-11-18,bags,4,1099.63
CUST_01298,purchase,2024-12-18,shoes,1,1469.99
CUST_00174,purchase,2024-08-05,textile,2,877.21
CUST_02494,purchase,2024-10-07,bags,1,428.8
CUST_03309,purchase,2024-12-19,rtw,2,602.27
CUST_02649,purchase,2024-12-30,textile,3,372.81
CUST_03366,purchase,2024-10-06,slg,1,1228.59
CUST_03209,purchase,2024-11-03,textile,2,1754.22
CUST_02019,purchase,2024-11-11,shoes,1,494.44
CUST_02655,purchase,2024-06-17,shoes,2,1787.41
CUST_01898,purchase,2024-10-30,slg,2,1019.04
CUST_02807,purchase,2024-07-01,slg,3,948.85
CUST_01566,purchase,2024-11-02,textile,1,1314.43
CUST_03072,purchase,2024-08-14,bags,1,247.31
CUST_01683,purchase,2024-09-06,bags,2,368.0
CUST_00609,purchase,2024-10-08,slg,3,300.25
CUST_01175,purchase,2024-06-13,slg,1,189.22
CUST_01966,purchase,2024-10-25,rtw,3,1060.77
CUST_01017,purchase,2024-11-06,shoes,4,1602.25
CUST_03122,purchase,2024-08-22,slg,2,1713.08
CUST_00750,purchase,2024-10-29,textile,1,1173.34
CUST_02744,purchase,2024-10-30,textile,3,951.32
CUST_01185,purchase,2024-10-28,textile,1,1827.91
CUST_00467,purchase,2024-11-04,slg,2,160.16
CUST_03306,purchase,2024-06-04,bags,1,756.61
CUST_02915,purchase,2024-12-28,rtw,2,178.59
CUST_00677,purchase,2024-09-19,shoes,1,592.41
CUST_00108,purchase,2024-07-25,slg,1,487.08
CUST_00209,purchase,2024-12-24,slg,2,869.84
CUST_03358,purchase,2024-10-17,shoes,4,861.19
CUST_00433,purchase,2024-06-23,slg,2,1210.07
CUST_00225,purchase,2024-07-11,bags,1,1607.81
CUST_02584,purchase,2025-03-25,rtw,2,1223.55
CUST_00390,purchase,2024-10-18,bags,2,171.95
CUST_00964,purchase,2024-09-03,textile,3,1882.27
CUST_02342,purchase,2024-10-10,textile,1,1888.74
CUST_02067,purchase,2025-04-02,textile,4,224.34
CUST_01838,purchase,2024-07-08,bags,2,975.97
CUST_00343,purchase,2024-09-22,bags,2,1028.93
CUST_02994,purchase,2024-10-16,textile,2,468.31
CUST_02564,purchase,2024-10-29,rtw,1,1731.66
CUST_02710,purchase,2025-01-11,bags,4,1484.89
CUST_03340,purchase,2024-12-28,bags,2,847.41
CUST_02239,purchase,2024-09-11,rtw,1,842.62
CUST_01246,purchase,2024-10-15,shoes,1,1238.41
CUST_00659,purchase,2024-12-12,bags,1,1440.62
CUST_01849,purchase,2024-08-31,textile,3,1406.65
CUST_02102,purchase,2025-02-24,shoes,3,680.33
CUST_02340,purchase,2025-01-17,textile,1,604.05
CUST_01532,purchase,2024-09-21,bags,3,399.71
CUST_02209,purchase,2024-07-15,bags,1,291.76
CUST_03326,purchase,2024-06-07,rtw,3,569.28
CUST_02213,purchase,2024-06-12,slg,2,1241.1
CUST_01943,purchase,2024-08-21,slg,3,515.86
CUST_02731,purchase,2024-06-24,shoes,2,850.08
CUST_03450,purchase,2024-07-19,slg,3,541.72
CUST_02308,purchase,2024-06-22,rtw,2,585.0
CUST_02440,purchase,2024-09-12,bags,2,110.49
CUST_03132,purchase,2024-11-13,bags,1,1032.85
CUST_00647,purchase,2024-10-09,slg,3,1290.37
CUST_02763,purchase,2024-12-27,textile,2,826.49
CUST_01108,purchase,2024-12-20,shoes,2,661.12
CUST_02458,purchase,2024-11-19,slg,2,1024.32
CUST_02293,purchase,2024-10-10,shoes,2,1817.85
CUST_01898,purchase,2024-12-03,slg,2,106.1
CUST_02370,purchase,2024-11-19,slg,1,1746.49
CUST_02723,purchase,2025-01-03,bags,1,581.05
CUST_01095,purchase,2024-06-12,textile,2,1110.05
CUST_01453,purchase,2024-07-29,bags,1,827.9
CUST_01060,purchase,2024-12-20,bags,3,1197.28
CUST_03237,purchase,2024-10-27,slg,3,671.75
CUST_00461,purchase,2024-08-30,slg,1,456.33
CUST_00181,purchase,2024-10-05,textile,1,430.54
CUST_02631,purchase,2024-08-03,shoes,3,1255.85
CUST_01997,purchase,2024-10-07,textile,2,985.54
CUST_02287,purchase,2024-07-28,rtw,1,1234.47
CUST_02961,purchase,2024-09-05,rtw,1,923.69
CUST_00439,purchase,2024-12-17,slg,2,1187.68
CUST_02380,purchase,2024-12-22,slg,2,1279.83
CUST_00745,purchase,2024-11-13,bags,4,522.79
CUST_02478,purchase,2024-09-16,rtw,2,165.64
CUST_03421,purchase,2024-11-02,slg,2,601.15
CUST_01572,purchase,2024-10-18,shoes,2,345.92
CUST_02951,purchase,2024-08-07,textile,1,1632.02
CUST_01759,purchase,2024-06-07,rtw,2,517.53
CUST_01856,purchase,2024-10-09,rtw,2,1964.93
CUST_00622,purchase,2024-10-05,slg,2,1731.74
CUST_00048,purchase,2024-07-10,textile,1,648.73
CUST_01385,purchase,2024-06-27,slg,1,1559.57
CUST_00584,purchase,2024-07-11,rtw,1,825.39
CUST_02376,purchase,2024-12-12,shoes,1,1670.59
CUST_03382,purchase,2024-11-09,slg,1,571.53
CUST_01128,purchase,2024-10-17,textile,3,760.79
CUST_00513,purchase,2024-06-01,textile,3,1707.98
CUST_02351,purchase,2024-12-20,shoes,2,1881.23
CUST_01090,purchase,2024-10-15,slg,2,1754.17
CUST_02182,purchase,2024-11-26,textile,1,1053.36
CUST_00934,purchase,2024-11-05,bags,1,664.27
CUST_01786,purchase,2024-07-06,rtw,2,1291.55
CUST_01619,purchase,2025-01-17,shoes,2,1179.85
CUST_03084,purchase,2024-10-13,slg,3,828.43
CUST_02466,purchase,2024-10-10,bags,2,762.81
CUST_01741,purchase,2024-06-06,textile,2,1938.16
CUST_03413,purchase,2024-06-17,bags,2,180.84
CUST_01229,purchase,2024-06-19,shoes,4,257.18
CUST_03399,purchase,2024-06-29,textile,2,1470.91
CUST_03100,purchase,2024-12-03,shoes,1,1545.11
CUST_01466,purchase,2024-11-17,textile,1,1421.61
CUST_02622,purchase,2025-03-04,shoes,3,654.89
CUST_03362,purchase,2024-07-23,slg,1,1770.48
CUST_00443,purchase,2024-07-30,shoes,2,349.77
CUST_01947,purchase,2024-12-02,slg,2,699.93
CUST_00002,purchase,2024-08-27,shoes,2,1328.7
CUST_01019,purchase,2024-06-12,rtw,4,1240.96
CUST_01316,purchase,2024-10-21,textile,1,322.42
CUST_00387,purchase,2024-09-11,rtw,3,301.41
CUST_03194,purchase,2024-12-30,bags,2,1262.45
CUST_00679,purchase,2024-09-01,rtw,1,321.32
CUST_03074,purchase,2024-08-17,slg,3,1655.58
CUST_00593,purchase,2024-10-23,bags,1,1783.36
CUST_02525,purchase,2024-06-25,slg,2,995.23
CUST_01303,purchase,2024-11-14,bags,1,594.49
CUST_00792,purchase,2024-11-26,rtw,2,1867.11
CUST_01121,purchase,2024-10-02,textile,1,737.69
CUST_01706,purchase,2024-10-19,bags,1,105.72
CUST_01926,purchase,2024-12-11,slg,3,177.92
CUST_03062,purchase,2024-06-17,textile,2,1834.83
CUST_00520,purchase,2024-11-27,rtw,1,1513.45
CUST_02436,purchase,2024-10-16,textile,2,250.37
CUST_03085,purchase,2024-10-18,bags,2,1052.44
CUST_02240,purchase,2024-10-17,bags,4,712.54
CUST_01642,purchase,2024-12-14,textile,1,1490.01
CUST_00596,purchase,2024-10-03,rtw,6,1901.81
CUST_00327,purchase,2024-09-22,rtw,2,186.38
CUST_01695,purchase,2024-10-11,bags,1,1579.63
CUST_03225,purchase,2024-07-28,rtw,2,1509.65
CUST_02550,purchase,2024-07-18,slg,1,1661.5
CUST_02567,purchase,2024-09-05,rtw,3,1822.56
CUST_02237,purchase,2024-09-17,textile,1,890.51
CUST_02717,purchase,2024-10-16,textile,2,1990.05
CUST_03297,purchase,2024-08-03,textile,3,856.98
CUST_01622,purchase,2024-11-26,textile,2,1956.05
CUST_02251,purchase,2024-09-21,rtw,2,1527.48
CUST_02076,purchase,2024-09-06,textile,2,1132.07
CUST_01280,purchase,2024-11-24,bags,3,1072.98
CUST_01341,purchase,2024-08-27,textile,1,383.09
CUST_01070,purchase,2024-08-20,bags,2,1523.43
CUST_00454,purchase,2024-07-02,textile,2,1038.2
CUST_00553,purchase,2025-03-08,textile,1,1739.21
CUST_02784,purchase,2024-07-17,bags,1,113.32
CUST_03461,purchase,2024-11-23,slg,4,473.67
CUST_01480,purchase,2024-08-03,slg,3,921.47
CUST_02846,purchase,2024-06-12,rtw,1,390.37
CUST_00465,purchase,2024-06-19,slg,2,483.89
CUST_00322,purchase,2024-09-17,bags,1,943.46
CUST_00931,purchase,2025-01-25,textile,1,1049.56
